ISO-10303-21;
HEADER;
FILE_DESCRIPTION (( 'STEP AP214' ),
    '1' );
FILE_NAME ('CUI_DEVICES_MPB04-2C33-S-D.step',
    '2021-06-16T20:24:40',
    ( '' ),
    ( '' ),
    'SwSTEP 2.0',
    'SolidWorks 2021',
    '' );
FILE_SCHEMA (( 'AUTOMOTIVE_DESIGN' ));
ENDSEC;

DATA;
#1 = VECTOR ( 'NONE', #11432, 39.37007874015748143 ) ;
#2 = ORIENTED_EDGE ( 'NONE', *, *, #8077, .F. ) ;
#3 = AXIS2_PLACEMENT_3D ( 'NONE', #11869, #505, #1709 ) ;
#4 = CARTESIAN_POINT ( 'NONE',  ( 0.2916959289890401763, 0.1083149054286360186, 0.4893567566887362386 ) ) ;
#5 = PRESENTATION_STYLE_ASSIGNMENT (( #6225 ) ) ;
#6 = DIRECTION ( 'NONE',  ( 0.0000000000000000000, 8.220413448604739958E-18, -1.000000000000000000 ) ) ;
#7 = EDGE_CURVE ( 'NONE', #7271, #1156, #9070, .T. ) ;
#8 = DIRECTION ( 'NONE',  ( -2.359223927328455183E-16, 3.885780586188049864E-16, 1.000000000000000000 ) ) ;
#9 = ORIENTED_EDGE ( 'NONE', *, *, #12670, .T. ) ;
#10 = ADVANCED_FACE ( 'NONE', ( #1035 ), #5062, .F. ) ;
#11 = ORIENTED_EDGE ( 'NONE', *, *, #3768, .F. ) ;
#12 = DIRECTION ( 'NONE',  ( -1.000000000000000000, 0.0000000000000000000, 0.0000000000000000000 ) ) ;
#13 = VECTOR ( 'NONE', #12245, 39.37007874015748854 ) ;
#14 = SURFACE_SIDE_STYLE ('',( #5996 ) ) ;
#15 = COLOUR_RGB ( '',0.7529411764705882248, 0.7529411764705882248, 0.0000000000000000000 ) ;
#16 = ORIENTED_EDGE ( 'NONE', *, *, #4275, .T. ) ;
#17 = DIRECTION ( 'NONE',  ( -2.359223927328455183E-16, 3.885780586188049864E-16, 1.000000000000000000 ) ) ;
#18 = DIRECTION ( 'NONE',  ( 0.0000000000000000000, 1.000000000000000000, 0.0000000000000000000 ) ) ;
#19 = EDGE_LOOP ( 'NONE', ( #10016, #5157, #3553, #7352 ) ) ;
#20 = ORIENTED_EDGE ( 'NONE', *, *, #2172, .T. ) ;
#21 = EDGE_CURVE ( 'NONE', #4266, #1002, #1989, .T. ) ;
#22 = DIRECTION ( 'NONE',  ( 8.833616147085620181E-14, -8.220413448606448643E-18, 1.000000000000000000 ) ) ;
#23 = VECTOR ( 'NONE', #13170, 39.37007874015748143 ) ;
#24 = CARTESIAN_POINT ( 'NONE',  ( 0.2326408108788039775, 0.5295747479483133846, 0.3456559692871649658 ) ) ;
#25 = LINE ( 'NONE', #11066, #3736 ) ;
#26 = DIRECTION ( 'NONE',  ( 0.0000000000000000000, 0.0000000000000000000, 1.000000000000000000 ) ) ;
#27 = DIRECTION ( 'NONE',  ( 0.0000000000000000000, 0.0000000000000000000, -1.000000000000000000 ) ) ;
#28 = VERTEX_POINT ( 'NONE', #4007 ) ;
#29 = DIRECTION ( 'NONE',  ( -1.937287448275559661E-17, -1.000000000000000000, -8.220413448604739958E-18 ) ) ;
#30 = ORIENTED_EDGE ( 'NONE', *, *, #623, .F. ) ;
#31 = AXIS2_PLACEMENT_3D ( 'NONE', #1409, #12145, #10149 ) ;
#32 = FACE_OUTER_BOUND ( 'NONE', #6668, .T. ) ;
#33 = CARTESIAN_POINT ( 'NONE',  ( 0.3901211258394338688, 0.05713380306642400902, 0.2039236858226015914 ) ) ;
#34 = DIRECTION ( 'NONE',  ( 1.133085894446545629E-16, -0.7071067811865469066, 0.7071067811865479058 ) ) ;
#35 = ORIENTED_EDGE ( 'NONE', *, *, #6186, .T. ) ;
#36 = EDGE_CURVE ( 'NONE', #1962, #3517, #10086, .T. ) ;
#37 = CARTESIAN_POINT ( 'NONE',  ( 0.1027195510362848424, 0.1555589999168269788, 0.2732150244052708454 ) ) ;
#38 = VECTOR ( 'NONE', #2316, 39.37007874015748143 ) ;
#39 = DIRECTION ( 'NONE',  ( 1.000000000000000000, 0.0000000000000000000, 0.0000000000000000000 ) ) ;
#40 = EDGE_CURVE ( 'NONE', #10130, #8870, #902, .T. ) ;
#41 = VECTOR ( 'NONE', #3966, 39.37007874015748143 ) ;
#42 = LINE ( 'NONE', #4077, #11046 ) ;
#43 = EDGE_LOOP ( 'NONE', ( #1170, #10103, #1798, #12461, #2965 ) ) ;
#44 = DIRECTION ( 'NONE',  ( 1.608386623408229791E-17, 1.526556658859589750E-16, 1.000000000000000000 ) ) ;
#45 = ORIENTED_EDGE ( 'NONE', *, *, #7777, .T. ) ;
#46 = CARTESIAN_POINT ( 'NONE',  ( 0.07712899985517106261, 0.3760314408617059234, 0.1940811661375445030 ) ) ;
#47 = ORIENTED_EDGE ( 'NONE', *, *, #6653, .T. ) ;
#48 = EDGE_LOOP ( 'NONE', ( #3338, #13157, #11574, #5272 ) ) ;
#49 = LINE ( 'NONE', #12476, #12134 ) ;
#50 = VECTOR ( 'NONE', #2560, 39.37007874015748143 ) ;
#51 = CARTESIAN_POINT ( 'NONE',  ( 0.1208297872567765802, 0.05713380306641543255, 0.4515614810981850025 ) ) ;
#52 = VERTEX_POINT ( 'NONE', #967 ) ;
#53 = EDGE_CURVE ( 'NONE', #5787, #10313, #13148, .T. ) ;
#54 = VECTOR ( 'NONE', #12337, 39.37007874015748143 ) ;
#55 = CARTESIAN_POINT ( 'NONE',  ( 0.3586250628473003355, 0.7897218048774075072, 0.2905378590509409831 ) ) ;
#56 = PLANE ( 'NONE',  #6735 ) ;
#57 = ADVANCED_FACE ( 'NONE', ( #3561 ), #8324, .F. ) ;
#58 = FILL_AREA_STYLE_COLOUR ( '', #12784 ) ;
#59 =( NAMED_UNIT ( * ) SI_UNIT ( $, .STERADIAN. ) SOLID_ANGLE_UNIT ( ) );
#60 = ORIENTED_EDGE ( 'NONE', *, *, #1929, .T. ) ;
#61 = UNCERTAINTY_MEASURE_WITH_UNIT (LENGTH_MEASURE( 1.000000000000000082E-05 ), #2652, 'distance_accuracy_value', 'NONE');
#62 = VECTOR ( 'NONE', #1772, 39.37007874015748143 ) ;
#63 = CARTESIAN_POINT ( 'NONE',  ( 0.2405148266268504198, 0.1555589999168269788, 0.2062858905469921178 ) ) ;
#64 = LINE ( 'NONE', #6097, #38 ) ;
#65 = ORIENTED_EDGE ( 'NONE', *, *, #7749, .F. ) ;
#66 = LINE ( 'NONE', #5344, #13 ) ;
#67 = DIRECTION ( 'NONE',  ( 3.518308117683324880E-16, -1.000000000000000000, 4.163336342344335054E-16 ) ) ;
#68 = PLANE ( 'NONE',  #7160 ) ;
#69 = VECTOR ( 'NONE', #11041, 39.37007874015748143 ) ;
#70 = ORIENTED_EDGE ( 'NONE', *, *, #704, .T. ) ;
#71 = EDGE_CURVE ( 'NONE', #4704, #4015, #7605, .T. ) ;
#72 = VECTOR ( 'NONE', #5611, 39.37007874015748143 ) ;
#73 = DIRECTION ( 'NONE',  ( 1.937287448275559661E-17, 1.000000000000000000, 8.220413448604588965E-18 ) ) ;
#74 = LINE ( 'NONE', #1959, #12624 ) ;
#75 = ORIENTED_EDGE ( 'NONE', *, *, #12015, .T. ) ;
#76 = UNCERTAINTY_MEASURE_WITH_UNIT (LENGTH_MEASURE( 1.000000000000000082E-05 ), #1688, 'distance_accuracy_value', 'NONE');
#77 = VECTOR ( 'NONE', #712, 39.37007874015748143 ) ;
#78 = ORIENTED_EDGE ( 'NONE', *, *, #204, .F. ) ;
#79 = CARTESIAN_POINT ( 'NONE',  ( 0.1558691573355118209, 0.2264251416490909441, 0.2515614810981878224 ) ) ;
#80 = DIRECTION ( 'NONE',  ( 1.937287448275559661E-17, 1.000000000000000000, 8.220413448604588965E-18 ) ) ;
#81 = CARTESIAN_POINT ( 'NONE',  ( 0.1558691573354860360, 0.7897218048774075072, 0.3456559692871649658 ) ) ;
#82 = ORIENTED_EDGE ( 'NONE', *, *, #2274, .T. ) ;
#83 = LINE ( 'NONE', #200, #11787 ) ;
#84 = LINE ( 'NONE', #4300, #8385 ) ;
#85 = EDGE_CURVE ( 'NONE', #3104, #737, #536, .T. ) ;
#86 = EDGE_CURVE ( 'NONE', #11208, #255, #9411, .T. ) ;
#87 = EDGE_LOOP ( 'NONE', ( #7984, #4665, #4914, #4925 ) ) ;
#88 = AXIS2_PLACEMENT_3D ( 'NONE', #5521, #1559, #4523 ) ;
#89 = AXIS2_PLACEMENT_3D ( 'NONE', #6246, #11380, #7369 ) ;
#90 = PLANE ( 'NONE',  #9639 ) ;
#91 = CARTESIAN_POINT ( 'NONE',  ( 0.3468140392252720416, 0.1555589999168269788, 0.2732150244052708454 ) ) ;
#92 = CARTESIAN_POINT ( 'NONE',  ( 0.1027195510362848424, 0.1555589999168269788, 0.2515614810981767757 ) ) ;
#93 = DIRECTION ( 'NONE',  ( 1.000000000000000000, 0.0000000000000000000, 0.0000000000000000000 ) ) ;
#94 = DIRECTION ( 'NONE',  ( -1.608386623408229791E-17, -1.526556658859589750E-16, -1.000000000000000000 ) ) ;
#95 = AXIS2_PLACEMENT_3D ( 'NONE', #5965, #4879, #10034 ) ;
#96 = VERTEX_POINT ( 'NONE', #4562 ) ;
#97 = LINE ( 'NONE', #4004, #12623 ) ;
#98 = LINE ( 'NONE', #12331, #12894 ) ;
#99 = ORIENTED_EDGE ( 'NONE', *, *, #1436, .T. ) ;
#100 = EDGE_CURVE ( 'NONE', #10024, #9984, #4489, .T. ) ;
#101 = SURFACE_STYLE_FILL_AREA ( #12216 ) ;
#102 = CARTESIAN_POINT ( 'NONE',  ( 0.2326408108788039775, 0.3760314408617052018, 0.1901441582635393646 ) ) ;
#103 = VECTOR ( 'NONE', #7798, 39.37007874015748143 ) ;
#104 = DIRECTION ( 'NONE',  ( 1.038660023975395207E-16, -0.7071067811865470176, 0.7071067811865480168 ) ) ;
#105 = EDGE_CURVE ( 'NONE', #9314, #5622, #6620, .T. ) ;
#106 = DIRECTION ( 'NONE',  ( -1.000000000000000000, -1.316334802367149914E-16, 1.608386623408234722E-17 ) ) ;
#107 = VERTEX_POINT ( 'NONE', #6419 ) ;
#108 = ADVANCED_FACE ( 'NONE', ( #10694 ), #12561, .F. ) ;
#109 = VERTEX_POINT ( 'NONE', #1394 ) ;
#110 = EDGE_CURVE ( 'NONE', #2694, #2137, #9481, .T. ) ;
#111 = CARTESIAN_POINT ( 'NONE',  ( 0.1401211258394373937, 0.1988660865309976600, 0.3751835283422830791 ) ) ;
#112 = ORIENTED_EDGE ( 'NONE', *, *, #12742, .F. ) ;
#113 = VERTEX_POINT ( 'NONE', #387 ) ;
#114 =( LENGTH_UNIT ( ) NAMED_UNIT ( * ) SI_UNIT ( $, .METRE. ) );
#115 = AXIS2_PLACEMENT_3D ( 'NONE', #6631, #11500, #474 ) ;
#116 = CARTESIAN_POINT ( 'NONE',  ( 0.3625620707213386140, 0.1555589999168271731, 0.4456559692871464584 ) ) ;
#117 = ADVANCED_FACE ( 'NONE', ( #3292 ), #6489, .F. ) ;
#118 = PLANE ( 'NONE',  #8787 ) ;
#119 = DIRECTION ( 'NONE',  ( -0.4472135955002294883, 0.8944271909997799641, -4.898503433089608835E-16 ) ) ;
#120 = CARTESIAN_POINT ( 'NONE',  ( 0.1558691573355118209, 0.1791810471609003863, 0.4515614810981850025 ) ) ;
#121 = VECTOR ( 'NONE', #6928, 39.37007874015748143 ) ;
#122 = EDGE_CURVE ( 'NONE', #9510, #3323, #2449, .T. ) ;
#123 = DIRECTION ( 'NONE',  ( -2.359223927328455183E-16, 3.885780586188049864E-16, 1.000000000000000000 ) ) ;
#124 = VERTEX_POINT ( 'NONE', #6553 ) ;
#125 = FACE_OUTER_BOUND ( 'NONE', #9646, .T. ) ;
#126 = EDGE_CURVE ( 'NONE', #757, #4898, #10627, .T. ) ;
#127 = DIRECTION ( 'NONE',  ( -2.359223927328455183E-16, 3.885780586188049864E-16, 1.000000000000000000 ) ) ;
#128 = ORIENTED_EDGE ( 'NONE', *, *, #2794, .F. ) ;
#129 = CARTESIAN_POINT ( 'NONE',  ( 0.3625620707213386140, 0.08862986605856654210, 0.4397504574761377794 ) ) ;
#130 = VECTOR ( 'NONE', #4276, 39.37007874015748143 ) ;
#131 = FACE_OUTER_BOUND ( 'NONE', #267, .T. ) ;
#132 = ORIENTED_EDGE ( 'NONE', *, *, #10537, .F. ) ;
#133 =( NAMED_UNIT ( * ) SI_UNIT ( $, .STERADIAN. ) SOLID_ANGLE_UNIT ( ) );
#134 = STYLED_ITEM ( 'NONE', ( #4553 ), #8985 ) ;
#135 = LINE ( 'NONE', #9487, #4536 ) ;
#136 = ORIENTED_EDGE ( 'NONE', *, *, #12093, .T. ) ;
#137 = ORIENTED_EDGE ( 'NONE', *, *, #7153, .F. ) ;
#138 = EDGE_CURVE ( 'NONE', #11461, #12610, #1094, .T. ) ;
#139 = EDGE_LOOP ( 'NONE', ( #9204, #8184, #6484, #9281 ) ) ;
#140 = LINE ( 'NONE', #12506, #11685 ) ;
#141 = CARTESIAN_POINT ( 'NONE',  ( 0.1755541967055905817, 0.1555589999168269788, 0.4515614810981850025 ) ) ;
#142 = ORIENTED_EDGE ( 'NONE', *, *, #8060, .F. ) ;
#143 = VECTOR ( 'NONE', #8407, 39.37007874015748143 ) ;
#144 = CARTESIAN_POINT ( 'NONE',  ( 0.1893337242646342400, 0.7897218048774075072, 0.4972307724367677761 ) ) ;
#145 = VERTEX_POINT ( 'NONE', #4380 ) ;
#146 = VERTEX_POINT ( 'NONE', #8422 ) ;
#147 = DIRECTION ( 'NONE',  ( 3.518308117683324880E-16, -1.000000000000000000, 4.163336342344335054E-16 ) ) ;
#148 = LENGTH_MEASURE_WITH_UNIT ( LENGTH_MEASURE( 0.02539999999999999897 ), #1208 );
#149 = PRESENTATION_LAYER_ASSIGNMENT (  '', '', ( #10565 ) ) ;
#150 =( CONVERSION_BASED_UNIT ( 'INCH', #4123 ) LENGTH_UNIT ( ) NAMED_UNIT ( #1771 ) );
#151 = ADVANCED_FACE ( 'NONE', ( #12398 ), #9253, .F. ) ;
#152 = EDGE_CURVE ( 'NONE', #6833, #109, #7309, .T. ) ;
#153 = DIRECTION ( 'NONE',  ( 1.000000000000000000, 1.316334802367149914E-16, -1.608386623408234722E-17 ) ) ;
#154 = VERTEX_POINT ( 'NONE', #10263 ) ;
#155 = FACE_OUTER_BOUND ( 'NONE', #6910, .T. ) ;
#156 = CARTESIAN_POINT ( 'NONE',  ( 0.2221780689370909390, -0.07318115756351298296, 0.2905378590509531400 ) ) ;
#157 = ORIENTED_EDGE ( 'NONE', *, *, #11445, .F. ) ;
#158 = DIRECTION ( 'NONE',  ( 0.0000000000000000000, 1.000000000000000000, 0.0000000000000000000 ) ) ;
#159 = VECTOR ( 'NONE', #3618, 39.37007874015748143 ) ;
#160 = FILL_AREA_STYLE ('',( #4323 ) ) ;
#161 = EDGE_CURVE ( 'NONE', #3137, #5569, #2348, .T. ) ;
#162 = VERTEX_POINT ( 'NONE', #2285 ) ;
#163 = PLANE ( 'NONE',  #419 ) ;
#164 = EDGE_CURVE ( 'NONE', #6573, #773, #6317, .T. ) ;
#165 = VERTEX_POINT ( 'NONE', #10390 ) ;
#166 =( GEOMETRIC_REPRESENTATION_CONTEXT ( 3 ) GLOBAL_UNCERTAINTY_ASSIGNED_CONTEXT ( ( #4978 ) ) GLOBAL_UNIT_ASSIGNED_CONTEXT ( ( #12820, #6807, #1515 ) ) REPRESENTATION_CONTEXT ( 'NONE', 'WORKASPACE' ) );
#167 = CARTESIAN_POINT ( 'NONE',  ( 0.2326408108788039775, 0.5610708109404448640, 0.3614040007832315382 ) ) ;
#168 = EDGE_LOOP ( 'NONE', ( #12283, #5536, #2696, #10241 ) ) ;
#169 = EDGE_LOOP ( 'NONE', ( #4796, #2337, #829, #2910, #4026, #8936, #9581 ) ) ;
#170 = CARTESIAN_POINT ( 'NONE',  ( 0.3267352990678007996, -0.07278745677610237719, 0.4515614810981850025 ) ) ;
#171 = SURFACE_STYLE_USAGE ( .BOTH. , #12415 ) ;
#172 = ORIENTED_EDGE ( 'NONE', *, *, #5995, .F. ) ;
#173 = PLANE ( 'NONE',  #4972 ) ;
#174 = CARTESIAN_POINT ( 'NONE',  ( 0.2326408108788039775, 0.6949290786569842782, 0.3456559692871649658 ) ) ;
#175 = CARTESIAN_POINT ( 'NONE',  ( 0.3625620707213386140, 0.1555589999168269788, 0.4810890401532991745 ) ) ;
#176 = EDGE_LOOP ( 'NONE', ( #8482, #7996, #362, #7869 ) ) ;
#177 = EDGE_CURVE ( 'NONE', #4946, #8103, #9191, .T. ) ;
#178 = CARTESIAN_POINT ( 'NONE',  ( 0.2916959289890401763, 0.1279999447987147654, 0.4893567566887362386 ) ) ;
#179 = VERTEX_POINT ( 'NONE', #9379 ) ;
#180 = EDGE_CURVE ( 'NONE', #10058, #12630, #7446, .T. ) ;
#181 = DIRECTION ( 'NONE',  ( 0.4472135955000935970, -0.8944271909998480208, 4.898503433089539809E-16 ) ) ;
#182 = DIRECTION ( 'NONE',  ( 1.000000000000000000, 1.408738150179759833E-16, -6.014894242100889598E-18 ) ) ;
#183 = VERTEX_POINT ( 'NONE', #5386 ) ;
#184 = AXIS2_PLACEMENT_3D ( 'NONE', #5836, #8746, #3707 ) ;
#185 = FILL_AREA_STYLE_COLOUR ( '', #6200 ) ;
#186 = CARTESIAN_POINT ( 'NONE',  ( 0.3385463226898373645, -0.07278745677610257148, 0.2515614810981878224 ) ) ;
#187 = ORIENTED_EDGE ( 'NONE', *, *, #10505, .T. ) ;
#188 = EDGE_CURVE ( 'NONE', #9510, #621, #8225, .T. ) ;
#189 = PLANE ( 'NONE',  #625 ) ;
#190 = COLOUR_RGB ( '',0.7529411764705882248, 0.7529411764705882248, 0.0000000000000000000 ) ;
#191 = CARTESIAN_POINT ( 'NONE',  ( 0.1361841179654072753, 0.3760314408617059234, 0.3161284102320469080 ) ) ;
#192 = ORIENTED_EDGE ( 'NONE', *, *, #4086, .F. ) ;
#193 = EDGE_CURVE ( 'NONE', #2812, #4408, #98, .T. ) ;
#194 = ORIENTED_EDGE ( 'NONE', *, *, #2134, .T. ) ;
#195 = EDGE_LOOP ( 'NONE', ( #12426, #12735, #13019, #11967, #9128, #4878, #1438 ) ) ;
#196 = PRESENTATION_STYLE_ASSIGNMENT (( #10506 ) ) ;
#197 = ORIENTED_EDGE ( 'NONE', *, *, #12689, .F. ) ;
#198 = VECTOR ( 'NONE', #12866, 39.37007874015748854 ) ;
#199 = VECTOR ( 'NONE', #1295, 39.37007874015748143 ) ;
#200 = CARTESIAN_POINT ( 'NONE',  ( 0.1893337242646342400, 0.7897218048774075072, 0.2236087251926807129 ) ) ;
#201 = LINE ( 'NONE', #5294, #7139 ) ;
#202 = EDGE_CURVE ( 'NONE', #5599, #5193, #11523, .T. ) ;
#203 = VERTEX_POINT ( 'NONE', #4317 ) ;
#204 = EDGE_CURVE ( 'NONE', #3302, #805, #8172, .T. ) ;
#205 = DIRECTION ( 'NONE',  ( 1.316334802367149914E-16, -1.000000000000000000, 1.526556658859589750E-16 ) ) ;
#206 = CARTESIAN_POINT ( 'NONE',  ( 0.4098061652095126295, 0.1988660865309964665, 0.3614040007832315382 ) ) ;
#207 = FILL_AREA_STYLE ('',( #8281 ) ) ;
#208 = AXIS2_PLACEMENT_3D ( 'NONE', #3174, #7221, #10433 ) ;
#209 = AXIS2_PLACEMENT_3D ( 'NONE', #3465, #4586, #7566 ) ;
#210 = CARTESIAN_POINT ( 'NONE',  ( 0.2405148266268504198, 0.2756377400743055262, 0.1255772291296712584 ) ) ;
#211 = DIRECTION ( 'NONE',  ( 0.0000000000000000000, 1.000000000000000000, 0.0000000000000000000 ) ) ;
#212 = CARTESIAN_POINT ( 'NONE',  ( 0.2916959289890523888, 0.2448335284032795434, 0.3633589907665711882 ) ) ;
#213 = ORIENTED_EDGE ( 'NONE', *, *, #9605, .T. ) ;
#214 = CARTESIAN_POINT ( 'NONE',  ( 0.4255541967055787023, 0.1988660865309964665, 0.3456559692871649658 ) ) ;
#215 = CIRCLE ( 'NONE', #2153, 0.08267716535433068670 ) ;
#216 = DIRECTION ( 'NONE',  ( -1.608386623408229791E-17, -1.526556658859589750E-16, -1.000000000000000000 ) ) ;
#217 = EDGE_LOOP ( 'NONE', ( #10567, #5795, #1166, #4759 ) ) ;
#218 = AXIS2_PLACEMENT_3D ( 'NONE', #3238, #6360, #1262 ) ;
#219 = EDGE_CURVE ( 'NONE', #6476, #8207, #10324, .T. ) ;
#220 = FILL_AREA_STYLE_COLOUR ( '', #7450 ) ;
#221 = DIRECTION ( 'NONE',  ( 3.007447121050439791E-18, 2.498001805406600244E-16, 1.000000000000000000 ) ) ;
#222 = VERTEX_POINT ( 'NONE', #352 ) ;
#223 = CARTESIAN_POINT ( 'NONE',  ( 0.2916959289890523888, 0.1555589999168269788, 0.3456559692871527534 ) ) ;
#224 = VERTEX_POINT ( 'NONE', #7377 ) ;
#225 = CARTESIAN_POINT ( 'NONE',  ( 0.2562628581229027813, 0.08075585031050630525, 0.4515614810981850025 ) ) ;
#226 = ORIENTED_EDGE ( 'NONE', *, *, #4195, .F. ) ;
#227 = ORIENTED_EDGE ( 'NONE', *, *, #9537, .T. ) ;
#228 = CARTESIAN_POINT ( 'NONE',  ( 0.2326408108788161622, 0.08862986605855749378, 0.5011677803107859042 ) ) ;
#229 = FILL_AREA_STYLE ('',( #7078 ) ) ;
#230 = DIRECTION ( 'NONE',  ( 3.518308117683324880E-16, -1.000000000000000000, 4.163336342344335054E-16 ) ) ;
#231 = VECTOR ( 'NONE', #12984, 39.37007874015748143 ) ;
#232 = EDGE_CURVE ( 'NONE', #12811, #8042, #12524, .T. ) ;
#233 = EDGE_CURVE ( 'NONE', #124, #5827, #7177, .T. ) ;
#234 = VECTOR ( 'NONE', #466, 39.37007874015748143 ) ;
#235 = DIRECTION ( 'NONE',  ( 1.000000000000000000, 1.174096724532128111E-16, -4.283287147278279229E-17 ) ) ;
#236 = CARTESIAN_POINT ( 'NONE',  ( 0.2194338707725894677, 0.5467386531770596081, 0.2669158118068456487 ) ) ;
#237 = DIRECTION ( 'NONE',  ( -1.000000000000000000, 1.937287448275559661E-17, 2.565854121688507820E-49 ) ) ;
#238 = ORIENTED_EDGE ( 'NONE', *, *, #1025, .F. ) ;
#239 = LINE ( 'NONE', #4270, #7211 ) ;
#240 = CARTESIAN_POINT ( 'NONE',  ( 0.4098061652095126295, 0.2972912833813901590, 0.3456559692871649658 ) ) ;
#241 = VECTOR ( 'NONE', #10766, 39.37007874015748143 ) ;
#242 = ORIENTED_EDGE ( 'NONE', *, *, #3181, .T. ) ;
#243 = DIRECTION ( 'NONE',  ( 0.0000000000000000000, 1.000000000000000000, 0.0000000000000000000 ) ) ;
#244 = ADVANCED_FACE ( 'NONE', ( #9312 ), #4591, .T. ) ;
#245 = PRESENTATION_STYLE_ASSIGNMENT (( #12246 ) ) ;
#246 = DIRECTION ( 'NONE',  ( -0.9363291775693507457, 0.3511234415875753578, -3.854118954062719097E-17 ) ) ;
#247 = EDGE_LOOP ( 'NONE', ( #3232, #10342, #2117, #472 ) ) ;
#248 = EDGE_CURVE ( 'NONE', #729, #10024, #4450, .T. ) ;
#249 = CARTESIAN_POINT ( 'NONE',  ( 0.2405148266268504198, 0.3563464014916267741, 0.2850260480273070773 ) ) ;
#250 = AXIS2_PLACEMENT_3D ( 'NONE', #6965, #9099, #744 ) ;
#251 = DIRECTION ( 'NONE',  ( -1.000000000000000000, -3.518308117683325866E-16, -2.626713979715460250E-16 ) ) ;
#252 = VECTOR ( 'NONE', #11821, 39.37007874015748143 ) ;
#253 = CARTESIAN_POINT ( 'NONE',  ( 0.2326408108788039775, 0.2185511259010751717, 0.3614040007832315382 ) ) ;
#254 = ORIENTED_EDGE ( 'NONE', *, *, #12349, .T. ) ;
#255 = VERTEX_POINT ( 'NONE', #12733 ) ;
#256 = CARTESIAN_POINT ( 'NONE',  ( 0.1558691573354938908, 0.2421731731451575165, 0.2515614810981878224 ) ) ;
#257 = ORIENTED_EDGE ( 'NONE', *, *, #1223, .T. ) ;
#258 = LINE ( 'NONE', #10504, #2550 ) ;
#259 = LINE ( 'NONE', #12507, #1988 ) ;
#260 = ADVANCED_FACE ( 'NONE', ( #10657, #5720, #3594, #11592, #1560, #3469, #2417, #9585, #8704 ), #422, .F. ) ;
#261 = CARTESIAN_POINT ( 'NONE',  ( 0.1145305746583313022, 0.3957164802317834629, 0.4440811661375591024 ) ) ;
#262 = ORIENTED_EDGE ( 'NONE', *, *, #11989, .F. ) ;
#263 = CIRCLE ( 'NONE', #2000, 0.05610236220472441387 ) ;
#264 = CARTESIAN_POINT ( 'NONE',  ( 0.1342156140284145593, 0.5295747479483133846, 0.4243961267674756233 ) ) ;
#265 = DIRECTION ( 'NONE',  ( 1.608386623408229791E-17, 1.526556658859589750E-16, 1.000000000000000000 ) ) ;
#266 = EDGE_CURVE ( 'NONE', #10974, #7037, #3666, .T. ) ;
#267 = EDGE_LOOP ( 'NONE', ( #11070, #976, #4091, #12005, #5585 ) ) ;
#268 = DIRECTION ( 'NONE',  ( 0.3511234415875753578, 0.9363291775693505237, -2.975952440747968747E-16 ) ) ;
#269 = DIRECTION ( 'NONE',  ( 0.0000000000000000000, -1.000000000000000000, 0.0000000000000000000 ) ) ;
#270 =( GEOMETRIC_REPRESENTATION_CONTEXT ( 3 ) GLOBAL_UNCERTAINTY_ASSIGNED_CONTEXT ( ( #7202 ) ) GLOBAL_UNIT_ASSIGNED_CONTEXT ( ( #3757, #7802, #3024 ) ) REPRESENTATION_CONTEXT ( 'NONE', 'WORKASPACE' ) );
#271 = SURFACE_STYLE_USAGE ( .BOTH. , #9436 ) ;
#272 = LINE ( 'NONE', #4307, #8363 ) ;
#273 = CARTESIAN_POINT ( 'NONE',  ( 0.3920896297764417393, 0.3861465226303464338, 0.4462616628062850421 ) ) ;
#274 = ADVANCED_FACE ( 'NONE', ( #697 ), #8775, .F. ) ;
#275 = PLANE ( 'NONE',  #12977 ) ;
#276 = EDGE_CURVE ( 'NONE', #5637, #10886, #7640, .T. ) ;
#277 = ORIENTED_EDGE ( 'NONE', *, *, #3641, .T. ) ;
#278 = EDGE_CURVE ( 'NONE', #9949, #9962, #1427, .T. ) ;
#279 = LINE ( 'NONE', #6316, #10477 ) ;
#280 = CARTESIAN_POINT ( 'NONE',  ( 0.2405148266268504198, 0.1555589999168269788, 0.4062858905469889370 ) ) ;
#281 = VECTOR ( 'NONE', #3801, 39.37007874015748143 ) ;
#282 = LINE ( 'NONE', #3198, #5169 ) ;
#283 = VERTEX_POINT ( 'NONE', #12870 ) ;
#284 = CARTESIAN_POINT ( 'NONE',  ( 0.2326408108788039775, 0.3760314408617052018, 0.1901441582635393646 ) ) ;
#285 = LINE ( 'NONE', #5392, #7482 ) ;
#286 = CARTESIAN_POINT ( 'NONE',  ( 0.3468140392252720416, 0.3130393148774570644, 0.2062465204682519537 ) ) ;
#287 = AXIS2_PLACEMENT_3D ( 'NONE', #8343, #3706, #12510 ) ;
#288 = FACE_OUTER_BOUND ( 'NONE', #6800, .T. ) ;
#289 = EDGE_LOOP ( 'NONE', ( #453, #10542, #4229, #7641 ) ) ;
#290 = AXIS2_PLACEMENT_3D ( 'NONE', #1761, #10851, #8558 ) ;
#291 = ORIENTED_EDGE ( 'NONE', *, *, #71, .T. ) ;
#292 = EDGE_CURVE ( 'NONE', #4946, #4137, #6520, .T. ) ;
#293 = CARTESIAN_POINT ( 'NONE',  ( 0.2483888423748523422, 0.7897218048774075072, 0.4243961267674803417 ) ) ;
#294 = ORIENTED_EDGE ( 'NONE', *, *, #7628, .F. ) ;
#295 = ORIENTED_EDGE ( 'NONE', *, *, #694, .F. ) ;
#296 = DIRECTION ( 'NONE',  ( 0.0000000000000000000, 8.220413448604739958E-18, -1.000000000000000000 ) ) ;
#297 = FILL_AREA_STYLE_COLOUR ( '', #12396 ) ;
#298 = ORIENTED_EDGE ( 'NONE', *, *, #2354, .F. ) ;
#299 = CARTESIAN_POINT ( 'NONE',  ( 0.1164990785953285424, 0.7897218048774075072, 0.2236087251926807129 ) ) ;
#300 = DIRECTION ( 'NONE',  ( 2.359223927328455183E-16, -3.885780586188049864E-16, -1.000000000000000000 ) ) ;
#301 = AXIS2_PLACEMENT_3D ( 'NONE', #9068, #9950, #835 ) ;
#302 =( GEOMETRIC_REPRESENTATION_CONTEXT ( 3 ) GLOBAL_UNCERTAINTY_ASSIGNED_CONTEXT ( ( #12982 ) ) GLOBAL_UNIT_ASSIGNED_CONTEXT ( ( #3840, #13167, #4767 ) ) REPRESENTATION_CONTEXT ( 'NONE', 'WORKASPACE' ) );
#303 = CARTESIAN_POINT ( 'NONE',  ( 0.1893337242646342400, 0.3760314408617059234, 0.3456559692871649658 ) ) ;
#304 = ORIENTED_EDGE ( 'NONE', *, *, #2244, .F. ) ;
#305 = DIRECTION ( 'NONE',  ( -2.626713979715460250E-16, 4.163336342344334068E-16, 1.000000000000000000 ) ) ;
#306 = DIRECTION ( 'NONE',  ( 0.0000000000000000000, 0.0000000000000000000, -1.000000000000000000 ) ) ;
#307 = LINE ( 'NONE', #8382, #1859 ) ;
#308 = ORIENTED_EDGE ( 'NONE', *, *, #10279, .F. ) ;
#309 = VECTOR ( 'NONE', #11746, 39.37007874015748143 ) ;
#310 = FACE_OUTER_BOUND ( 'NONE', #12818, .T. ) ;
#311 = EDGE_CURVE ( 'NONE', #1304, #1259, #7780, .T. ) ;
#312 =( LENGTH_UNIT ( ) NAMED_UNIT ( * ) SI_UNIT ( $, .METRE. ) );
#313 = ADVANCED_FACE ( 'NONE', ( #12598 ), #6453, .F. ) ;
#314 = ORIENTED_EDGE ( 'NONE', *, *, #9317, .F. ) ;
#315 = CARTESIAN_POINT ( 'NONE',  ( 0.3940581337134496653, 0.3957164802317834629, 0.1842386464525193057 ) ) ;
#316 = CARTESIAN_POINT ( 'NONE',  ( 0.3468140392252720416, 0.1555589999168269788, 0.2850260480273070773 ) ) ;
#317 = DIRECTION ( 'NONE',  ( 3.518308117683324880E-16, -1.000000000000000000, 4.163336342344335054E-16 ) ) ;
#318 =( NAMED_UNIT ( * ) PLANE_ANGLE_UNIT ( ) SI_UNIT ( $, .RADIAN. ) );
#319 = CARTESIAN_POINT ( 'NONE',  ( 0.2956329368630822851, 0.08862986605855749378, 0.2058921897596043549 ) ) ;
#320 = ORIENTED_EDGE ( 'NONE', *, *, #3344, .F. ) ;
#321 = CARTESIAN_POINT ( 'NONE',  ( 0.2405148266268504198, 0.2264251416490909441, 0.2397504574761405716 ) ) ;
#322 = AXIS2_PLACEMENT_3D ( 'NONE', #8425, #12462, #4526 ) ;
#323 = DIRECTION ( 'NONE',  ( 1.000000000000000000, 0.0000000000000000000, 0.0000000000000000000 ) ) ;
#324 = ORIENTED_EDGE ( 'NONE', *, *, #12792, .T. ) ;
#325 = VERTEX_POINT ( 'NONE', #5522 ) ;
#326 = CARTESIAN_POINT ( 'NONE',  ( 0.3444518345008468208, -0.05703942528003590889, 0.2397504574761405716 ) ) ;
#327 = ADVANCED_FACE ( 'NONE', ( #8564 ), #563, .T. ) ;
#328 = ORIENTED_EDGE ( 'NONE', *, *, #1257, .T. ) ;
#329 = CARTESIAN_POINT ( 'NONE',  ( 0.1208297872567765802, 0.05713380306641543255, 0.2515614810981878224 ) ) ;
#330 = AXIS2_PLACEMENT_3D ( 'NONE', #414, #4442, #12589 ) ;
#331 = CARTESIAN_POINT ( 'NONE',  ( 0.05547545654809511728, 0.3957164802317834629, 0.5070732921218070732 ) ) ;
#332 = LINE ( 'NONE', #1030, #2163 ) ;
#333 = ORIENTED_EDGE ( 'NONE', *, *, #6525, .T. ) ;
#334 = LINE ( 'NONE', #264, #8331 ) ;
#335 = LINE ( 'NONE', #5171, #12465 ) ;
#336 = ORIENTED_EDGE ( 'NONE', *, *, #6455, .F. ) ;
#337 = EDGE_LOOP ( 'NONE', ( #2132, #12491, #11694, #4083, #7014, #10078, #10606, #3094 ) ) ;
#338 = VECTOR ( 'NONE', #12635, 39.37007874015748143 ) ;
#339 = VECTOR ( 'NONE', #6611, 39.37007874015748143 ) ;
#340 = PLANE ( 'NONE',  #11745 ) ;
#341 = EDGE_CURVE ( 'NONE', #607, #665, #3528, .T. ) ;
#342 = PRODUCT_RELATED_PRODUCT_CATEGORY ( 'part', '', ( #4548 ) ) ;
#343 = LINE ( 'NONE', #4372, #8770 ) ;
#344 =( NAMED_UNIT ( * ) PLANE_ANGLE_UNIT ( ) SI_UNIT ( $, .RADIAN. ) );
#345 = CARTESIAN_POINT ( 'NONE',  ( 0.1558691573354938908, 0.3681574251136630060, 0.2397504574761405716 ) ) ;
#346 = DIRECTION ( 'NONE',  ( 1.000000000000000000, 1.408738150179707817E-16, -2.099402731964120217E-14 ) ) ;
#347 = EDGE_CURVE ( 'NONE', #7846, #12052, #1633, .T. ) ;
#348 = LINE ( 'NONE', #3191, #1066 ) ;
#349 = AXIS2_PLACEMENT_3D ( 'NONE', #2540, #690, #10720 ) ;
#350 = ORIENTED_EDGE ( 'NONE', *, *, #9631, .T. ) ;
#351 = CARTESIAN_POINT ( 'NONE',  ( 0.2405148266268504198, 0.3760314408617055348, 0.4259709299170676977 ) ) ;
#352 = CARTESIAN_POINT ( 'NONE',  ( 0.07319199198116595195, 0.1476849841687954967, 0.2358134496021149773 ) ) ;
#353 = ORIENTED_EDGE ( 'NONE', *, *, #1393, .T. ) ;
#354 = LINE ( 'NONE', #3398, #7099 ) ;
#355 = ORIENTED_EDGE ( 'NONE', *, *, #4055, .F. ) ;
#356 = DIRECTION ( 'NONE',  ( 0.0000000000000000000, 0.0000000000000000000, -1.000000000000000000 ) ) ;
#357 = VECTOR ( 'NONE', #7698, 39.37007874015748143 ) ;
#358 = ADVANCED_FACE ( 'NONE', ( #9727 ), #4655, .F. ) ;
#359 = DIRECTION ( 'NONE',  ( -1.000000000000000000, 1.937287448275559661E-17, 2.565854121688507820E-49 ) ) ;
#360 = LINE ( 'NONE', #5528, #7951 ) ;
#361 = CARTESIAN_POINT ( 'NONE',  ( 0.2483888423748767671, 0.7897218048774075072, 0.1940811661375716479 ) ) ;
#362 = ORIENTED_EDGE ( 'NONE', *, *, #5855, .F. ) ;
#363 = CARTESIAN_POINT ( 'NONE',  ( 0.3940581337134496653, 0.3957164802317834629, 0.5070732921218070732 ) ) ;
#364 = ORIENTED_EDGE ( 'NONE', *, *, #105, .F. ) ;
#365 = DIRECTION ( 'NONE',  ( 0.0000000000000000000, 0.0000000000000000000, 1.000000000000000000 ) ) ;
#366 = ORIENTED_EDGE ( 'NONE', *, *, #9669, .F. ) ;
#367 = EDGE_LOOP ( 'NONE', ( #9457, #2508, #1729, #11141, #12215, #596, #3015, #2704, #132, #3126 ) ) ;
#368 =( LENGTH_UNIT ( ) NAMED_UNIT ( * ) SI_UNIT ( $, .METRE. ) );
#369 = VERTEX_POINT ( 'NONE', #818 ) ;
#370 = FACE_OUTER_BOUND ( 'NONE', #1370, .T. ) ;
#371 = FACE_OUTER_BOUND ( 'NONE', #2173, .T. ) ;
#372 = DIRECTION ( 'NONE',  ( -2.359223927328455183E-16, 3.885780586188049864E-16, 1.000000000000000000 ) ) ;
#373 = EDGE_CURVE ( 'NONE', #6838, #2664, #759, .T. ) ;
#374 = DIRECTION ( 'NONE',  ( 3.518308117683324880E-16, -1.000000000000000000, 4.163336342344335054E-16 ) ) ;
#375 = ORIENTED_EDGE ( 'NONE', *, *, #4815, .F. ) ;
#376 = EDGE_CURVE ( 'NONE', #12630, #2275, #11123, .T. ) ;
#377 = DIRECTION ( 'NONE',  ( -1.937287448275559661E-17, -1.000000000000000000, -8.220413448604739958E-18 ) ) ;
#378 = LINE ( 'NONE', #2311, #5749 ) ;
#379 = FACE_OUTER_BOUND ( 'NONE', #10739, .T. ) ;
#380 = ORIENTED_EDGE ( 'NONE', *, *, #8491, .F. ) ;
#381 = ORIENTED_EDGE ( 'NONE', *, *, #4324, .T. ) ;
#382 = DIRECTION ( 'NONE',  ( 0.0000000000000000000, 0.0000000000000000000, 1.000000000000000000 ) ) ;
#383 = CARTESIAN_POINT ( 'NONE',  ( 0.3267352990678007996, -0.07278745677610237719, 0.4397504574761377794 ) ) ;
#384 = VERTEX_POINT ( 'NONE', #8980 ) ;
#385 = CARTESIAN_POINT ( 'NONE',  ( 0.3920896297764417393, 0.3760314408617052018, 0.3810890401533106320 ) ) ;
#386 = CARTESIAN_POINT ( 'NONE',  ( 0.2267352990677846403, -0.07278745677610237719, 0.4515614810981850025 ) ) ;
#387 = CARTESIAN_POINT ( 'NONE',  ( 0.2074316603377434065, 0.5295747479483138287, 0.2669158118068457042 ) ) ;
#388 = VECTOR ( 'NONE', #6842, 39.37007874015748143 ) ;
#389 = LINE ( 'NONE', #6554, #807 ) ;
#390 = EDGE_LOOP ( 'NONE', ( #7164, #9047, #10730, #7062, #142, #13018 ) ) ;
#391 = CARTESIAN_POINT ( 'NONE',  ( 0.2405148266268504198, 0.2756377400743059147, 0.5657347094446252278 ) ) ;
#392 = EDGE_CURVE ( 'NONE', #3497, #12057, #4785, .T. ) ;
#393 = DIRECTION ( 'NONE',  ( 0.4472135955002290997, 0.8944271909997801862, -2.549099026651079982E-16 ) ) ;
#394 = ORIENTED_EDGE ( 'NONE', *, *, #6789, .T. ) ;
#395 = VECTOR ( 'NONE', #6664, 39.37007874015748143 ) ;
#396 = ORIENTED_EDGE ( 'NONE', *, *, #11445, .T. ) ;
#397 = CARTESIAN_POINT ( 'NONE',  ( 0.2483888423748523422, 0.3760314408617059234, 0.4243961267674803417 ) ) ;
#398 = FACE_OUTER_BOUND ( 'NONE', #10233, .T. ) ;
#399 = EDGE_LOOP ( 'NONE', ( #8181, #2680, #8158, #5861 ) ) ;
#400 = PLANE ( 'NONE',  #8034 ) ;
#401 = DIRECTION ( 'NONE',  ( 3.376070039848298640E-16, -1.000000000000000000, 4.302114220422480608E-16 ) ) ;
#402 = DIRECTION ( 'NONE',  ( 1.000000000000000000, 0.0000000000000000000, 0.0000000000000000000 ) ) ;
#403 = ORIENTED_EDGE ( 'NONE', *, *, #10643, .T. ) ;
#404 = CARTESIAN_POINT ( 'NONE',  ( 0.3305208835620728758, 0.4079514893171787282, 0.5011677803107913443 ) ) ;
#405 = DIRECTION ( 'NONE',  ( 1.000000000000000000, 0.0000000000000000000, 0.0000000000000000000 ) ) ;
#406 = ORIENTED_EDGE ( 'NONE', *, *, #9053, .T. ) ;
#407 = ORIENTED_EDGE ( 'NONE', *, *, #985, .T. ) ;
#408 = AXIS2_PLACEMENT_3D ( 'NONE', #5092, #5354, #9351 ) ;
#409 = EDGE_CURVE ( 'NONE', #843, #2575, #10993, .T. ) ;
#410 = LINE ( 'NONE', #1551, #2735 ) ;
#411 = EDGE_CURVE ( 'NONE', #109, #4607, #13003, .T. ) ;
#412 = LINE ( 'NONE', #488, #6204 ) ;
#413 = CARTESIAN_POINT ( 'NONE',  ( 0.3310660077292019721, 0.5295747479483133846, 0.2669158118068457042 ) ) ;
#414 = CARTESIAN_POINT ( 'NONE',  ( 0.1385463226898582811, -0.07278745677611142550, 0.4515614810981850025 ) ) ;
#415 = LINE ( 'NONE', #7234, #12454 ) ;
#416 = FACE_OUTER_BOUND ( 'NONE', #247, .T. ) ;
#417 = VECTOR ( 'NONE', #1090, 39.37007874015748143 ) ;
#418 = CARTESIAN_POINT ( 'NONE',  ( 0.1755541967055905817, 0.1437479762947635742, 0.2515614810981878224 ) ) ;
#419 = AXIS2_PLACEMENT_3D ( 'NONE', #11396, #11150, #5249 ) ;
#420 = EDGE_CURVE ( 'NONE', #6433, #4015, #13073, .T. ) ;
#421 = LINE ( 'NONE', #9378, #4522 ) ;
#422 = PLANE ( 'NONE',  #8599 ) ;
#423 = ORIENTED_EDGE ( 'NONE', *, *, #6024, .T. ) ;
#424 = DIRECTION ( 'NONE',  ( 0.3511234415877496073, 0.9363291775692852426, -2.975952440747245953E-16 ) ) ;
#425 = ORIENTED_EDGE ( 'NONE', *, *, #11922, .F. ) ;
#426 = VECTOR ( 'NONE', #80, 39.37007874015748143 ) ;
#427 = LINE ( 'NONE', #4455, #2813 ) ;
#428 = PRESENTATION_LAYER_ASSIGNMENT (  '', '', ( #11055 ) ) ;
#429 = DIRECTION ( 'NONE',  ( 0.3511234415877496073, 0.9363291775692852426, -1.485833765564396243E-16 ) ) ;
#430 = PLANE ( 'NONE',  #11814 ) ;
#431 = DIRECTION ( 'NONE',  ( 0.0000000000000000000, 8.220413448604739958E-18, -1.000000000000000000 ) ) ;
#432 = CARTESIAN_POINT ( 'NONE',  ( 0.2483888423748476515, 0.1988660865309976600, 0.4007740795233795117 ) ) ;
#433 = VERTEX_POINT ( 'NONE', #7973 ) ;
#434 = DIRECTION ( 'NONE',  ( 0.0000000000000000000, 1.000000000000000000, 0.0000000000000000000 ) ) ;
#435 = ORIENTED_EDGE ( 'NONE', *, *, #7298, .F. ) ;
#436 = VERTEX_POINT ( 'NONE', #5794 ) ;
#437 = VECTOR ( 'NONE', #3240, 39.37007874015748143 ) ;
#438 = LINE ( 'NONE', #5537, #5089 ) ;
#439 = DIRECTION ( 'NONE',  ( 2.626713979715460250E-16, -3.747002708109905789E-16, -1.000000000000000000 ) ) ;
#440 = EDGE_CURVE ( 'NONE', #10398, #12902, #9930, .T. ) ;
#441 = ORIENTED_EDGE ( 'NONE', *, *, #12556, .F. ) ;
#442 = CARTESIAN_POINT ( 'NONE',  ( 0.1444518345008675153, 0.05713380306640645362, 0.2515614810981878224 ) ) ;
#443 = DIRECTION ( 'NONE',  ( -1.937287448275559661E-17, -1.000000000000000000, -8.220413448604739958E-18 ) ) ;
#444 = EDGE_CURVE ( 'NONE', #9064, #776, #12936, .T. ) ;
#445 = PLANE ( 'NONE',  #7883 ) ;
#446 = VERTEX_POINT ( 'NONE', #3000 ) ;
#447 = DIRECTION ( 'NONE',  ( 3.007447121050439791E-18, 2.498001805406600244E-16, 1.000000000000000000 ) ) ;
#448 = AXIS2_PLACEMENT_3D ( 'NONE', #789, #4819, #1934 ) ;
#449 = VECTOR ( 'NONE', #3077, 39.37007874015748143 ) ;
#450 = CARTESIAN_POINT ( 'NONE',  ( 0.3562628581229011493, 0.08075585031051535356, 0.4515614810981850025 ) ) ;
#451 = CARTESIAN_POINT ( 'NONE',  ( 0.2326408108788039775, 0.08862986605855728561, 0.5011677803107913443 ) ) ;
#452 = EDGE_LOOP ( 'NONE', ( #12143, #1737, #8939, #4592 ) ) ;
#453 = ORIENTED_EDGE ( 'NONE', *, *, #3913, .F. ) ;
#454 = PLANE ( 'NONE',  #4038 ) ;
#455 = EDGE_CURVE ( 'NONE', #6422, #5960, #11057, .T. ) ;
#456 = ORIENTED_EDGE ( 'NONE', *, *, #955, .T. ) ;
#457 = LINE ( 'NONE', #1460, #11269 ) ;
#458 = DIRECTION ( 'NONE',  ( 0.0000000000000000000, 1.000000000000000000, 0.0000000000000000000 ) ) ;
#459 = ADVANCED_FACE ( 'NONE', ( #10065 ), #10862, .F. ) ;
#460 = DIRECTION ( 'NONE',  ( -3.376070039848299626E-16, 1.000000000000000000, -4.302114220422480115E-16 ) ) ;
#461 = EDGE_CURVE ( 'NONE', #7914, #5424, #951, .T. ) ;
#462 = COLOUR_RGB ( '',0.7529411764705882248, 0.7529411764705882248, 0.0000000000000000000 ) ;
#463 = DIRECTION ( 'NONE',  ( 3.518308117683324880E-16, -1.000000000000000000, 4.163336342344335054E-16 ) ) ;
#464 = CARTESIAN_POINT ( 'NONE',  ( 0.3310660077292019721, 0.5295747479483133846, 0.2669158118068457042 ) ) ;
#465 = ORIENTED_EDGE ( 'NONE', *, *, #4808, .T. ) ;
#466 = DIRECTION ( 'NONE',  ( -0.1240347345890696062, -0.9922778767136850586, 0.0000000000000000000 ) ) ;
#467 = STYLED_ITEM ( 'NONE', ( #10907 ), #9443 ) ;
#468 = LINE ( 'NONE', #3568, #3260 ) ;
#469 = EDGE_LOOP ( 'NONE', ( #6262, #1041, #7019, #11310, #7588, #9743, #5252 ) ) ;
#470 = UNCERTAINTY_MEASURE_WITH_UNIT (LENGTH_MEASURE( 1.000000000000000082E-05 ), #5777, 'distance_accuracy_value', 'NONE');
#471 = VECTOR ( 'NONE', #10546, 39.37007874015748143 ) ;
#472 = ORIENTED_EDGE ( 'NONE', *, *, #4868, .T. ) ;
#473 =( NAMED_UNIT ( * ) PLANE_ANGLE_UNIT ( ) SI_UNIT ( $, .RADIAN. ) );
#474 = DIRECTION ( 'NONE',  ( 0.0000000000000000000, 0.0000000000000000000, -1.000000000000000000 ) ) ;
#475 = ORIENTED_EDGE ( 'NONE', *, *, #1830, .T. ) ;
#476 = DIRECTION ( 'NONE',  ( 1.000000000000000000, 3.376070039848305050E-16, 2.359223927328455183E-16 ) ) ;
#477 = DIMENSIONAL_EXPONENTS ( 1.000000000000000000, 0.0000000000000000000, 0.0000000000000000000, 0.0000000000000000000, 0.0000000000000000000, 0.0000000000000000000, 0.0000000000000000000 ) ;
#478 = PRESENTATION_STYLE_ASSIGNMENT (( #9567 ) ) ;
#479 = EDGE_CURVE ( 'NONE', #3954, #7974, #1903, .T. ) ;
#480 = CARTESIAN_POINT ( 'NONE',  ( 0.2483888423748613905, 0.4547715983420212993, 0.3456559692871649658 ) ) ;
#481 = VECTOR ( 'NONE', #7583, 39.37007874015748143 ) ;
#482 = LINE ( 'NONE', #6303, #6227 ) ;
#483 = CARTESIAN_POINT ( 'NONE',  ( 0.1342156140284145593, 0.5295747479483133846, 0.2669158118068457042 ) ) ;
#484 = ORIENTED_EDGE ( 'NONE', *, *, #7558, .T. ) ;
#485 = VECTOR ( 'NONE', #5244, 39.37007874015748143 ) ;
#486 = ORIENTED_EDGE ( 'NONE', *, *, #11643, .T. ) ;
#487 = CARTESIAN_POINT ( 'NONE',  ( 0.3267352990678007996, -0.07278745677610237719, 0.4515614810981850025 ) ) ;
#488 = CARTESIAN_POINT ( 'NONE',  ( 0.2090187636347251854, 0.08862986605855749378, 0.4854197488147189432 ) ) ;
#489 = CARTESIAN_POINT ( 'NONE',  ( 0.3586250628473003355, 0.3760314408617059234, 0.3456559692871649658 ) ) ;
#490 = DIRECTION ( 'NONE',  ( 0.0000000000000000000, -0.9922778767136850586, -0.1240347345890696062 ) ) ;
#491 = VECTOR ( 'NONE', #8760, 39.37007874015748143 ) ;
#492 = CARTESIAN_POINT ( 'NONE',  ( 0.3704360864693701516, 0.1555589999168269788, 0.3456559692871708500 ) ) ;
#493 = VECTOR ( 'NONE', #5374, 39.37007874015748143 ) ;
#494 = LINE ( 'NONE', #3663, #1719 ) ;
#495 = EDGE_CURVE ( 'NONE', #8409, #11185, #84, .T. ) ;
#496 = ADVANCED_FACE ( 'NONE', ( #2093 ), #10439, .T. ) ;
#497 = DIRECTION ( 'NONE',  ( -1.937287448275559661E-17, -1.000000000000000000, -8.220413448604588965E-18 ) ) ;
#498 = CARTESIAN_POINT ( 'NONE',  ( 0.1401211258394373937, 0.7897218048774075072, 0.3751835283422830791 ) ) ;
#499 =( NAMED_UNIT ( * ) SI_UNIT ( $, .STERADIAN. ) SOLID_ANGLE_UNIT ( ) );
#500 = MECHANICAL_DESIGN_GEOMETRIC_PRESENTATION_REPRESENTATION (  '', ( #711 ), #9612 ) ;
#501 = AXIS2_PLACEMENT_3D ( 'NONE', #12860, #1691, #3725 ) ;
#502 = LINE ( 'NONE', #9800, #6845 ) ;
#503 = CARTESIAN_POINT ( 'NONE',  ( 0.1263415982803830773, 0.3760314408617059234, 0.3751835283422830791 ) ) ;
#504 = LINE ( 'NONE', #12468, #4992 ) ;
#505 = DIRECTION ( 'NONE',  ( 6.014894242100854160E-18, 2.498001805406600244E-16, 1.000000000000000000 ) ) ;
#506 = DIRECTION ( 'NONE',  ( 1.174096724532128111E-16, -1.000000000000000000, 1.665334536937734811E-16 ) ) ;
#507 = VECTOR ( 'NONE', #7326, 39.37007874015748143 ) ;
#508 = ORIENTED_EDGE ( 'NONE', *, *, #11698, .F. ) ;
#509 = CARTESIAN_POINT ( 'NONE',  ( 0.3208297872567559272, 0.05713380306642441148, 0.2515614810981878224 ) ) ;
#510 = ORIENTED_EDGE ( 'NONE', *, *, #5366, .T. ) ;
#511 = PRESENTATION_LAYER_ASSIGNMENT (  '', '', ( #723 ) ) ;
#512 = ORIENTED_EDGE ( 'NONE', *, *, #1861, .T. ) ;
#513 = DIRECTION ( 'NONE',  ( 0.0000000000000000000, -8.220413448604739958E-18, 1.000000000000000000 ) ) ;
#514 = LENGTH_MEASURE_WITH_UNIT ( LENGTH_MEASURE( 0.02539999999999999897 ), #1578 );
#515 = EDGE_LOOP ( 'NONE', ( #2077, #7809, #1402, #8975 ) ) ;
#516 = CARTESIAN_POINT ( 'NONE',  ( 0.2326408108788039775, 0.2185511259010751717, 0.3614040007832315382 ) ) ;
#517 = FILL_AREA_STYLE_COLOUR ( '', #3774 ) ;
#518 = DIRECTION ( 'NONE',  ( -0.7071067811865469066, 0.7071067811865479058, 0.0000000000000000000 ) ) ;
#519 = VERTEX_POINT ( 'NONE', #12451 ) ;
#520 = ADVANCED_FACE ( 'NONE', ( #7166 ), #9178, .F. ) ;
#521 = AXIS2_PLACEMENT_3D ( 'NONE', #2761, #5944, #3946 ) ;
#522 = LINE ( 'NONE', #10410, #1787 ) ;
#523 = VECTOR ( 'NONE', #393, 39.37007874015748854 ) ;
#524 = EDGE_CURVE ( 'NONE', #2849, #8215, #7362, .T. ) ;
#525 = CARTESIAN_POINT ( 'NONE',  ( 0.3743730943433673519, 0.05713380306642416862, 0.1901441582635393646 ) ) ;
#526 = CARTESIAN_POINT ( 'NONE',  ( 0.07319199198116595195, 0.1476849841687903619, 0.5011677803107913443 ) ) ;
#527 = VERTEX_POINT ( 'NONE', #8213 ) ;
#528 = ORIENTED_EDGE ( 'NONE', *, *, #5016, .F. ) ;
#529 = DIRECTION ( 'NONE',  ( -0.4472135955000930974, -0.8944271909998482428, 1.437323020766760131E-16 ) ) ;
#530 = ORIENTED_EDGE ( 'NONE', *, *, #7331, .T. ) ;
#531 = EDGE_CURVE ( 'NONE', #2559, #10222, #7296, .T. ) ;
#532 = ORIENTED_EDGE ( 'NONE', *, *, #3624, .F. ) ;
#533 = SURFACE_STYLE_FILL_AREA ( #1527 ) ;
#534 = VECTOR ( 'NONE', #1805, 39.37007874015748143 ) ;
#535 = FILL_AREA_STYLE ('',( #6418 ) ) ;
#536 = LINE ( 'NONE', #5625, #130 ) ;
#537 = VECTOR ( 'NONE', #6699, 39.37007874015748143 ) ;
#538 = DIRECTION ( 'NONE',  ( 0.0000000000000000000, 0.0000000000000000000, 1.000000000000000000 ) ) ;
#539 = ORIENTED_EDGE ( 'NONE', *, *, #1919, .F. ) ;
#540 = CARTESIAN_POINT ( 'NONE',  ( 0.1027195510362846342, 0.1476849841687954967, 0.4554984889722086816 ) ) ;
#541 = EDGE_CURVE ( 'NONE', #5599, #11544, #3065, .T. ) ;
#542 = EDGE_CURVE ( 'NONE', #4998, #369, #982, .T. ) ;
#543 = CYLINDRICAL_SURFACE ( 'NONE', #4315, 0.05610236220472444857 ) ;
#544 = VERTEX_POINT ( 'NONE', #4235 ) ;
#545 = CARTESIAN_POINT ( 'NONE',  ( 0.2444518345008484528, 0.05713380306641543255, 0.2515614810981878224 ) ) ;
#546 = DIRECTION ( 'NONE',  ( -1.608386623408229791E-17, -1.526556658859589750E-16, -1.000000000000000000 ) ) ;
#547 = VERTEX_POINT ( 'NONE', #1144 ) ;
#548 = DIRECTION ( 'NONE',  ( -1.937287448275559661E-17, -1.000000000000000000, -8.220413448604588965E-18 ) ) ;
#549 = LINE ( 'NONE', #6635, #4247 ) ;
#550 = VECTOR ( 'NONE', #7382, 39.37007874015748143 ) ;
#551 = CARTESIAN_POINT ( 'NONE',  ( 0.2326408108788039775, 0.3760314408617052018, 0.5011677803107913443 ) ) ;
#552 = ORIENTED_EDGE ( 'NONE', *, *, #687, .T. ) ;
#553 = ORIENTED_EDGE ( 'NONE', *, *, #8540, .T. ) ;
#554 = DIRECTION ( 'NONE',  ( -1.000000000000000000, -3.518308117683325866E-16, -2.626713979715460250E-16 ) ) ;
#555 = FACE_OUTER_BOUND ( 'NONE', #5357, .T. ) ;
#556 = EDGE_CURVE ( 'NONE', #9366, #659, #1078, .T. ) ;
#557 = DIRECTION ( 'NONE',  ( 2.626713979715460250E-16, -3.747002708109905789E-16, -1.000000000000000000 ) ) ;
#558 = CARTESIAN_POINT ( 'NONE',  ( 0.1558691573354860360, 0.3583149054286425272, 0.2669158118068500340 ) ) ;
#559 = AXIS2_PLACEMENT_3D ( 'NONE', #6794, #3741, #2947 ) ;
#560 = LINE ( 'NONE', #6579, #7841 ) ;
#561 = EDGE_LOOP ( 'NONE', ( #304, #9357, #5483, #7874 ) ) ;
#562 = CARTESIAN_POINT ( 'NONE',  ( 0.09090852741424035321, 0.05713380306642409229, 0.1921126622005507878 ) ) ;
#563 = PLANE ( 'NONE',  #4154 ) ;
#564 = ORIENTED_EDGE ( 'NONE', *, *, #10299, .T. ) ;
#565 = AXIS2_PLACEMENT_3D ( 'NONE', #10143, #12204, #3073 ) ;
#566 = LINE ( 'NONE', #11524, #11358 ) ;
#567 = DIMENSIONAL_EXPONENTS ( 1.000000000000000000, 0.0000000000000000000, 0.0000000000000000000, 0.0000000000000000000, 0.0000000000000000000, 0.0000000000000000000, 0.0000000000000000000 ) ;
#568 = LINE ( 'NONE', #9734, #8957 ) ;
#569 = ADVANCED_FACE ( 'NONE', ( #12263 ), #3125, .F. ) ;
#570 = DIRECTION ( 'NONE',  ( -1.000000000000000000, -1.408738150179707817E-16, 2.099402731964120217E-14 ) ) ;
#571 = LINE ( 'NONE', #3475, #550 ) ;
#572 = CARTESIAN_POINT ( 'NONE',  ( 0.1558691573354936966, 0.3681574251136630060, 0.4515614810981850025 ) ) ;
#573 = LINE ( 'NONE', #1367, #2524 ) ;
#574 = ORIENTED_EDGE ( 'NONE', *, *, #8607, .F. ) ;
#575 = CARTESIAN_POINT ( 'NONE',  ( 0.2326408108788039775, 0.5295747479483133846, 0.3456559692871649658 ) ) ;
#576 = ORIENTED_EDGE ( 'NONE', *, *, #12730, .F. ) ;
#577 = VERTEX_POINT ( 'NONE', #2336 ) ;
#578 = LINE ( 'NONE', #9675, #6802 ) ;
#579 = DIRECTION ( 'NONE',  ( 1.000000000000000000, 3.376070039848299626E-16, 2.359223927328455183E-16 ) ) ;
#580 = ORIENTED_EDGE ( 'NONE', *, *, #5444, .F. ) ;
#581 = LINE ( 'NONE', #4470, #12427 ) ;
#582 = FILL_AREA_STYLE ('',( #10676 ) ) ;
#583 = MECHANICAL_DESIGN_GEOMETRIC_PRESENTATION_REPRESENTATION (  '', ( #7776 ), #6088 ) ;
#584 = CARTESIAN_POINT ( 'NONE',  ( 0.1361841179654072753, 0.3760314408617059234, 0.4224276228305008374 ) ) ;
#585 = VERTEX_POINT ( 'NONE', #12319 ) ;
#586 = EDGE_CURVE ( 'NONE', #8642, #9152, #335, .T. ) ;
#587 = LINE ( 'NONE', #840, #5352 ) ;
#588 = PRESENTATION_STYLE_ASSIGNMENT (( #9686 ) ) ;
#589 = EDGE_CURVE ( 'NONE', #6010, #2233, #201, .T. ) ;
#590 = PLANE ( 'NONE',  #10387 ) ;
#591 = CARTESIAN_POINT ( 'NONE',  ( 0.1090187636347222516, 0.08075585031049743734, 0.4515614810981850025 ) ) ;
#592 = EDGE_LOOP ( 'NONE', ( #6044, #9108, #6742, #7742, #9001, #8267 ) ) ;
#593 = ORIENTED_EDGE ( 'NONE', *, *, #311, .F. ) ;
#594 = VECTOR ( 'NONE', #12368, 39.37007874015748143 ) ;
#595 = SURFACE_STYLE_FILL_AREA ( #5485 ) ;
#596 = ORIENTED_EDGE ( 'NONE', *, *, #12093, .F. ) ;
#597 = ORIENTED_EDGE ( 'NONE', *, *, #3326, .F. ) ;
#598 = CARTESIAN_POINT ( 'NONE',  ( 0.2326408108788039775, 0.3957164802317834629, 0.1684906149564565081 ) ) ;
#599 = DIRECTION ( 'NONE',  ( -1.000000000000000000, -1.316334802367149914E-16, 1.608386623408234722E-17 ) ) ;
#600 = CARTESIAN_POINT ( 'NONE',  ( 0.1558691573354936966, 0.3091023070034267795, 0.4397504574761377794 ) ) ;
#601 = EDGE_CURVE ( 'NONE', #8310, #6508, #9241, .T. ) ;
#602 = LINE ( 'NONE', #8463, #8192 ) ;
#603 = ORIENTED_EDGE ( 'NONE', *, *, #12641, .T. ) ;
#604 = DIRECTION ( 'NONE',  ( 4.283287147278279229E-17, 1.665334536937734811E-16, 1.000000000000000000 ) ) ;
#605 = EDGE_CURVE ( 'NONE', #12478, #6385, #11309, .T. ) ;
#606 = PLANE ( 'NONE',  #9213 ) ;
#607 = VERTEX_POINT ( 'NONE', #9299 ) ;
#608 = UNCERTAINTY_MEASURE_WITH_UNIT (LENGTH_MEASURE( 1.000000000000000082E-05 ), #9136, 'distance_accuracy_value', 'NONE');
#609 = PLANE ( 'NONE',  #4444 ) ;
#610 = CARTESIAN_POINT ( 'NONE',  ( 0.1208297872567765802, -0.05703942528004480456, 0.4515614810981850025 ) ) ;
#611 = ORIENTED_EDGE ( 'NONE', *, *, #2603, .T. ) ;
#612 = PLANE ( 'NONE',  #11730 ) ;
#613 = DIRECTION ( 'NONE',  ( -3.518308117683323894E-16, 1.000000000000000000, -4.163336342344335547E-16 ) ) ;
#614 = DIRECTION ( 'NONE',  ( 1.937287448275559661E-17, 1.000000000000000000, 8.220413448604588965E-18 ) ) ;
#615 = EDGE_CURVE ( 'NONE', #2403, #3495, #12384, .T. ) ;
#616 = EDGE_CURVE ( 'NONE', #7201, #2789, #9365, .T. ) ;
#617 = CARTESIAN_POINT ( 'NONE',  ( 0.2326408108788039775, 0.2776062440113113983, 0.3456559692871649658 ) ) ;
#618 = CIRCLE ( 'NONE', #2943, 0.02952755905511810289 ) ;
#619 = CARTESIAN_POINT ( 'NONE',  ( 0.1361841179654072753, 0.3760314408617059234, 0.2688843157438653431 ) ) ;
#620 = ORIENTED_EDGE ( 'NONE', *, *, #11624, .F. ) ;
#621 = VERTEX_POINT ( 'NONE', #8619 ) ;
#622 = FACE_OUTER_BOUND ( 'NONE', #2451, .T. ) ;
#623 = EDGE_CURVE ( 'NONE', #12193, #9788, #4368, .T. ) ;
#624 = ORIENTED_EDGE ( 'NONE', *, *, #2122, .T. ) ;
#625 = AXIS2_PLACEMENT_3D ( 'NONE', #4223, #8147, #12251 ) ;
#626 = CARTESIAN_POINT ( 'NONE',  ( 0.4098061652095126295, 0.1988660865309964665, 0.4007740795233897257 ) ) ;
#627 = DIRECTION ( 'NONE',  ( 1.000000000000000000, 0.0000000000000000000, 0.0000000000000000000 ) ) ;
#628 = EDGE_CURVE ( 'NONE', #7070, #6422, #1651, .T. ) ;
#629 = LINE ( 'NONE', #7717, #6684 ) ;
#630 = ORIENTED_EDGE ( 'NONE', *, *, #4249, .F. ) ;
#631 = CARTESIAN_POINT ( 'NONE',  ( 0.3625620707213386140, 0.08862986605856654210, 0.2397504574761405716 ) ) ;
#632 = CARTESIAN_POINT ( 'NONE',  ( 0.09090852741424035321, 0.05713380306642416862, 0.1901441582635393646 ) ) ;
#633 = CARTESIAN_POINT ( 'NONE',  ( 0.3704360864693701516, 0.1555589999168269788, 0.3456559692871708500 ) ) ;
#634 = VECTOR ( 'NONE', #886, 39.37007874015748143 ) ;
#635 = DIRECTION ( 'NONE',  ( 2.865203769218833733E-48, -8.220413448604588965E-18, 1.000000000000000000 ) ) ;
#636 = PLANE ( 'NONE',  #11875 ) ;
#637 = ORIENTED_EDGE ( 'NONE', *, *, #3224, .T. ) ;
#638 = CARTESIAN_POINT ( 'NONE',  ( 0.03972742505202851021, 0.2776062440113113983, 0.3771520322792893953 ) ) ;
#639 = VERTEX_POINT ( 'NONE', #1413 ) ;
#640 = VERTEX_POINT ( 'NONE', #5439 ) ;
#641 = FACE_OUTER_BOUND ( 'NONE', #1618, .T. ) ;
#642 = FACE_OUTER_BOUND ( 'NONE', #8565, .T. ) ;
#643 = ORIENTED_EDGE ( 'NONE', *, *, #8108, .F. ) ;
#644 = EDGE_CURVE ( 'NONE', #10536, #5687, #7556, .T. ) ;
#645 = AXIS2_PLACEMENT_3D ( 'NONE', #329, #1141, #8474 ) ;
#646 = FILL_AREA_STYLE ('',( #6472 ) ) ;
#647 = DIRECTION ( 'NONE',  ( 0.0000000000000000000, 0.0000000000000000000, -1.000000000000000000 ) ) ;
#648 = VECTOR ( 'NONE', #9804, 39.37007874015748854 ) ;
#649 = LINE ( 'NONE', #8929, #9069 ) ;
#650 = PRODUCT_DEFINITION_SHAPE ( 'NONE', 'NONE',  #9349 ) ;
#651 = FILL_AREA_STYLE_COLOUR ( '', #3646 ) ;
#652 = ORIENTED_EDGE ( 'NONE', *, *, #9381, .F. ) ;
#653 = DIRECTION ( 'NONE',  ( 3.518308117683324880E-16, -1.000000000000000000, 4.163336342344335054E-16 ) ) ;
#654 = DIMENSIONAL_EXPONENTS ( 1.000000000000000000, 0.0000000000000000000, 0.0000000000000000000, 0.0000000000000000000, 0.0000000000000000000, 0.0000000000000000000, 0.0000000000000000000 ) ;
#655 = DIRECTION ( 'NONE',  ( 1.000000000000000000, 3.518308117683324880E-16, 2.626713979715460250E-16 ) ) ;
#656 = ORIENTED_EDGE ( 'NONE', *, *, #9238, .T. ) ;
#657 = PRESENTATION_LAYER_ASSIGNMENT (  '', '', ( #869 ) ) ;
#658 = VECTOR ( 'NONE', #7692, 39.37007874015748143 ) ;
#659 = VERTEX_POINT ( 'NONE', #4435 ) ;
#660 = CARTESIAN_POINT ( 'NONE',  ( 0.3208297872567559272, -0.05703942528003581869, 0.2515614810981878224 ) ) ;
#661 = VERTEX_POINT ( 'NONE', #12781 ) ;
#662 = ORIENTED_EDGE ( 'NONE', *, *, #541, .F. ) ;
#663 = CARTESIAN_POINT ( 'NONE',  ( 0.3625620707213386140, 0.1555589999168269788, 0.4062858905469889370 ) ) ;
#664 = CARTESIAN_POINT ( 'NONE',  ( 0.2405148266268504198, 0.2421731731451665648, 0.4397504574761377794 ) ) ;
#665 = VERTEX_POINT ( 'NONE', #6709 ) ;
#666 = EDGE_CURVE ( 'NONE', #2899, #8316, #10640, .T. ) ;
#667 = EDGE_CURVE ( 'NONE', #7691, #8418, #11708, .T. ) ;
#668 = SURFACE_STYLE_USAGE ( .BOTH. , #9838 ) ;
#669 = EDGE_LOOP ( 'NONE', ( #597, #6442, #9148, #8237, #5175, #3627, #2112, #465, #10169, #8209 ) ) ;
#670 = AXIS2_PLACEMENT_3D ( 'NONE', #3558, #7602, #10761 ) ;
#671 = LINE ( 'NONE', #8749, #5979 ) ;
#672 = VECTOR ( 'NONE', #9940, 39.37007874015748143 ) ;
#673 = PLANE ( 'NONE',  #12418 ) ;
#674 = EDGE_LOOP ( 'NONE', ( #12039, #213, #7997, #9301 ) ) ;
#675 = ADVANCED_FACE ( 'NONE', ( #11579 ), #12654, .T. ) ;
#676 = DIRECTION ( 'NONE',  ( -1.000000000000000000, -1.408738150179759833E-16, 6.014894242100889598E-18 ) ) ;
#677 = LINE ( 'NONE', #10502, #7516 ) ;
#678 = VECTOR ( 'NONE', #1240, 39.37007874015748143 ) ;
#679 = ORIENTED_EDGE ( 'NONE', *, *, #8439, .F. ) ;
#680 =( NAMED_UNIT ( * ) SI_UNIT ( $, .STERADIAN. ) SOLID_ANGLE_UNIT ( ) );
#681 = ADVANCED_FACE ( 'NONE', ( #11644 ), #9500, .F. ) ;
#682 = PRESENTATION_STYLE_ASSIGNMENT (( #11107 ) ) ;
#683 = ORIENTED_EDGE ( 'NONE', *, *, #3181, .F. ) ;
#684 = AXIS2_PLACEMENT_3D ( 'NONE', #2076, #10293, #13171 ) ;
#685 = CARTESIAN_POINT ( 'NONE',  ( 0.2405148266268504198, 0.1555589999168269788, 0.4062858905469889370 ) ) ;
#686 = DIRECTION ( 'NONE',  ( 1.000000000000000000, 1.408738150179759833E-16, -6.014894242100889598E-18 ) ) ;
#687 = EDGE_CURVE ( 'NONE', #12035, #8372, #2465, .T. ) ;
#688 = DIRECTION ( 'NONE',  ( 0.0000000000000000000, 0.0000000000000000000, -1.000000000000000000 ) ) ;
#689 = ORIENTED_EDGE ( 'NONE', *, *, #4309, .F. ) ;
#690 = DIRECTION ( 'NONE',  ( -2.626713979715460250E-16, 4.163336342344334068E-16, 1.000000000000000000 ) ) ;
#691 = EDGE_CURVE ( 'NONE', #8949, #10289, #3380, .T. ) ;
#692 = CARTESIAN_POINT ( 'NONE',  ( 0.07319199198118012117, 0.1476849841687954967, 0.2554984889721937380 ) ) ;
#693 = AXIS2_PLACEMENT_3D ( 'NONE', #293, #1507, #8507 ) ;
#694 = EDGE_CURVE ( 'NONE', #8272, #4755, #3652, .T. ) ;
#695 = AXIS2_PLACEMENT_3D ( 'NONE', #102, #8930, #7991 ) ;
#696 = CARTESIAN_POINT ( 'NONE',  ( 0.3389400234772327325, 0.3760314408617059234, 0.4007740795233873943 ) ) ;
#697 = FACE_OUTER_BOUND ( 'NONE', #3366, .T. ) ;
#698 = DIRECTION ( 'NONE',  ( -1.000000000000000000, 1.937287448275559661E-17, 0.0000000000000000000 ) ) ;
#699 = DIRECTION ( 'NONE',  ( 0.0000000000000000000, -8.220413448604739958E-18, 1.000000000000000000 ) ) ;
#700 = COLOUR_RGB ( '',0.7529411764705882248, 0.7529411764705882248, 0.0000000000000000000 ) ;
#701 = EDGE_CURVE ( 'NONE', #838, #8779, #5507, .T. ) ;
#702 = AXIS2_PLACEMENT_3D ( 'NONE', #7976, #9115, #2944 ) ;
#703 = LINE ( 'NONE', #4728, #11254 ) ;
#704 = EDGE_CURVE ( 'NONE', #10820, #3808, #6571, .T. ) ;
#705 = FACE_OUTER_BOUND ( 'NONE', #10594, .T. ) ;
#706 = DIRECTION ( 'NONE',  ( 1.000000000000000000, -1.937287448275559661E-17, 0.0000000000000000000 ) ) ;
#707 = LINE ( 'NONE', #5809, #889 ) ;
#708 = VERTEX_POINT ( 'NONE', #483 ) ;
#709 = ORIENTED_EDGE ( 'NONE', *, *, #3003, .F. ) ;
#710 = DIRECTION ( 'NONE',  ( 0.0000000000000000000, 1.000000000000000000, 0.0000000000000000000 ) ) ;
#711 = STYLED_ITEM ( 'NONE', ( #245 ), #10632 ) ;
#712 = DIRECTION ( 'NONE',  ( 0.0000000000000000000, 0.0000000000000000000, 1.000000000000000000 ) ) ;
#713 = ORIENTED_EDGE ( 'NONE', *, *, #9846, .T. ) ;
#714 = PRESENTATION_STYLE_ASSIGNMENT (( #9002 ) ) ;
#715 = LINE ( 'NONE', #10745, #1671 ) ;
#716 = CARTESIAN_POINT ( 'NONE',  ( 0.1164990785953285424, 0.1988660865309976600, 0.2236087251926807129 ) ) ;
#717 = FACE_OUTER_BOUND ( 'NONE', #813, .T. ) ;
#718 = ORIENTED_EDGE ( 'NONE', *, *, #1676, .F. ) ;
#719 = DIRECTION ( 'NONE',  ( 0.0000000000000000000, 0.6000000000001458611, -0.7999999999998906874 ) ) ;
#720 = MECHANICAL_DESIGN_GEOMETRIC_PRESENTATION_REPRESENTATION (  '', ( #6421 ), #2008 ) ;
#721 = EDGE_CURVE ( 'NONE', #1664, #2482, #7623, .T. ) ;
#722 = ORIENTED_EDGE ( 'NONE', *, *, #7417, .T. ) ;
#723 = STYLED_ITEM ( 'NONE', ( #12155 ), #7647 ) ;
#724 = EDGE_LOOP ( 'NONE', ( #11811, #10547, #2432, #9994, #510, #683, #5082 ) ) ;
#725 = CARTESIAN_POINT ( 'NONE',  ( 0.1164990785953285424, 0.2165826219640791250, 0.2669158118068500340 ) ) ;
#726 = EDGE_LOOP ( 'NONE', ( #10905, #11023, #3246, #5021 ) ) ;
#727 = ORIENTED_EDGE ( 'NONE', *, *, #10863, .F. ) ;
#728 = DIRECTION ( 'NONE',  ( 0.0000000000000000000, 0.0000000000000000000, -1.000000000000000000 ) ) ;
#729 = VERTEX_POINT ( 'NONE', #2601 ) ;
#730 = VECTOR ( 'NONE', #8421, 39.37007874015748143 ) ;
#731 = FILL_AREA_STYLE_COLOUR ( '', #6513 ) ;
#732 = ORIENTED_EDGE ( 'NONE', *, *, #4232, .T. ) ;
#733 =( GEOMETRIC_REPRESENTATION_CONTEXT ( 3 ) GLOBAL_UNCERTAINTY_ASSIGNED_CONTEXT ( ( #2592 ) ) GLOBAL_UNIT_ASSIGNED_CONTEXT ( ( #10198, #11193, #1021 ) ) REPRESENTATION_CONTEXT ( 'NONE', 'WORKASPACE' ) );
#734 = LINE ( 'NONE', #7608, #5989 ) ;
#735 = ADVANCED_FACE ( 'NONE', ( #6439 ), #6637, .F. ) ;
#736 = CARTESIAN_POINT ( 'NONE',  ( 0.2326408108788126095, -0.1446865674942328650, 0.4397504574761377794 ) ) ;
#737 = VERTEX_POINT ( 'NONE', #4641 ) ;
#738 = ADVANCED_FACE ( 'NONE', ( #11784 ), #5705, .F. ) ;
#739 = LINE ( 'NONE', #7025, #2155 ) ;
#740 =( NAMED_UNIT ( * ) PLANE_ANGLE_UNIT ( ) SI_UNIT ( $, .RADIAN. ) );
#741 = AXIS2_PLACEMENT_3D ( 'NONE', #1133, #10240, #9353 ) ;
#742 = ORIENTED_EDGE ( 'NONE', *, *, #12305, .T. ) ;
#743 = DIMENSIONAL_EXPONENTS ( 1.000000000000000000, 0.0000000000000000000, 0.0000000000000000000, 0.0000000000000000000, 0.0000000000000000000, 0.0000000000000000000, 0.0000000000000000000 ) ;
#744 = DIRECTION ( 'NONE',  ( 0.0000000000000000000, -0.9922778767136850586, -0.1240347345890695785 ) ) ;
#745 = FACE_OUTER_BOUND ( 'NONE', #1960, .T. ) ;
#746 = AXIS2_PLACEMENT_3D ( 'NONE', #9816, #6997, #4804 ) ;
#747 = PLANE ( 'NONE',  #1249 ) ;
#748 = DIRECTION ( 'NONE',  ( 0.9363291775689350782, 0.3511234415886835269, 9.976239553206163980E-17 ) ) ;
#749 = SURFACE_STYLE_FILL_AREA ( #2803 ) ;
#750 = EDGE_CURVE ( 'NONE', #2482, #843, #3294, .T. ) ;
#751 = CARTESIAN_POINT ( 'NONE',  ( 0.2444518345008484528, -0.05703942528004480456, 0.4515614810981850025 ) ) ;
#752 = DIRECTION ( 'NONE',  ( 0.0000000000000000000, 0.0000000000000000000, 1.000000000000000000 ) ) ;
#753 = SURFACE_SIDE_STYLE ('',( #10650 ) ) ;
#754 = DIRECTION ( 'NONE',  ( 1.000000000000000000, 1.174096724532128111E-16, -4.283287147278279229E-17 ) ) ;
#755 = CARTESIAN_POINT ( 'NONE',  ( 0.2405148266268504198, 0.2933542755073783592, 0.4456559692871464584 ) ) ;
#756 = VECTOR ( 'NONE', #10152, 39.37007874015748854 ) ;
#757 = VERTEX_POINT ( 'NONE', #2136 ) ;
#758 = LINE ( 'NONE', #6856, #9198 ) ;
#759 = LINE ( 'NONE', #7044, #11840 ) ;
#760 = EDGE_LOOP ( 'NONE', ( #6359, #8234, #8423, #7212 ) ) ;
#761 = LINE ( 'NONE', #2686, #7741 ) ;
#762 = ADVANCED_FACE ( 'NONE', ( #9163 ), #12182, .F. ) ;
#763 = CARTESIAN_POINT ( 'NONE',  ( 0.3444518345008468208, 0.05713380306641550888, 0.4397504574761377794 ) ) ;
#764 =( GEOMETRIC_REPRESENTATION_CONTEXT ( 3 ) GLOBAL_UNCERTAINTY_ASSIGNED_CONTEXT ( ( #9774 ) ) GLOBAL_UNIT_ASSIGNED_CONTEXT ( ( #2410, #344, #12518 ) ) REPRESENTATION_CONTEXT ( 'NONE', 'WORKASPACE' ) );
#765 = LINE ( 'NONE', #2620, #933 ) ;
#766 = EDGE_CURVE ( 'NONE', #7524, #146, #8392, .T. ) ;
#767 = DIRECTION ( 'NONE',  ( 0.0000000000000000000, 1.000000000000000000, 0.0000000000000000000 ) ) ;
#768 = CARTESIAN_POINT ( 'NONE',  ( 0.2090187636347251854, 0.08862986605855749378, 0.3456559692871708500 ) ) ;
#769 = DIRECTION ( 'NONE',  ( 0.3511234415877496073, 0.9363291775692852426, -2.975952440747245953E-16 ) ) ;
#770 = ORIENTED_EDGE ( 'NONE', *, *, #2988, .T. ) ;
#771 = CARTESIAN_POINT ( 'NONE',  ( 0.2444518345008484528, 0.05713380306641543255, 0.2515614810981878224 ) ) ;
#772 = ORIENTED_EDGE ( 'NONE', *, *, #9208, .F. ) ;
#773 = VERTEX_POINT ( 'NONE', #10698 ) ;
#774 = DIRECTION ( 'NONE',  ( 1.316334802367149914E-16, -1.000000000000000000, 1.526556658859589750E-16 ) ) ;
#775 = PLANE ( 'NONE',  #6021 ) ;
#776 = VERTEX_POINT ( 'NONE', #12495 ) ;
#777 = DIRECTION ( 'NONE',  ( 1.000000000000000000, 3.518308117683325866E-16, 2.626713979715460250E-16 ) ) ;
#778 = SURFACE_STYLE_USAGE ( .BOTH. , #1789 ) ;
#779 = CARTESIAN_POINT ( 'NONE',  ( 0.3330345116662205007, 0.1555589999168271731, 0.4062465204682488285 ) ) ;
#780 = EDGE_CURVE ( 'NONE', #5819, #10771, #11693, .T. ) ;
#781 = CARTESIAN_POINT ( 'NONE',  ( 0.1090187636347222516, 0.08862986605856634781, 0.2397504574761405716 ) ) ;
#782 = ORIENTED_EDGE ( 'NONE', *, *, #5016, .T. ) ;
#783 = VECTOR ( 'NONE', #12357, 39.37007874015748143 ) ;
#784 = ORIENTED_EDGE ( 'NONE', *, *, #9060, .F. ) ;
#785 = EDGE_LOOP ( 'NONE', ( #8577, #6692, #11570, #4657 ) ) ;
#786 = CARTESIAN_POINT ( 'NONE',  ( 0.2956329368630822851, 0.08862986605855749378, 0.3456559692871708500 ) ) ;
#787 = VERTEX_POINT ( 'NONE', #9415 ) ;
#788 = ORIENTED_EDGE ( 'NONE', *, *, #11017, .T. ) ;
#789 = CARTESIAN_POINT ( 'NONE',  ( 0.1342156140284145593, 0.3839054566097366283, 0.3456559692871649658 ) ) ;
#790 = VECTOR ( 'NONE', #4720, 39.37007874015748143 ) ;
#791 = CARTESIAN_POINT ( 'NONE',  ( 0.2641368738709188868, 0.2972912833813901590, 0.1527425834603897692 ) ) ;
#792 = EDGE_LOOP ( 'NONE', ( #7023, #4823, #4602, #8025 ) ) ;
#793 = ADVANCED_FACE ( 'NONE', ( #5626 ), #8603, .F. ) ;
#794 = FILL_AREA_STYLE ('',( #2067 ) ) ;
#795 = CARTESIAN_POINT ( 'NONE',  ( 0.09287703135124647513, 0.5354802597593409930, 0.4440811661375591024 ) ) ;
#796 = LINE ( 'NONE', #8948, #4596 ) ;
#797 = ORIENTED_EDGE ( 'NONE', *, *, #1042, .T. ) ;
#798 = EDGE_CURVE ( 'NONE', #7524, #7928, #12564, .T. ) ;
#799 = DIRECTION ( 'NONE',  ( 0.0000000000000000000, -1.000000000000000000, 0.0000000000000000000 ) ) ;
#800 = VECTOR ( 'NONE', #2815, 39.37007874015748143 ) ;
#801 = CARTESIAN_POINT ( 'NONE',  ( 0.2562628581229027813, 0.08075585031050630525, 0.4397504574761377794 ) ) ;
#802 = ORIENTED_EDGE ( 'NONE', *, *, #11732, .F. ) ;
#803 = CARTESIAN_POINT ( 'NONE',  ( 0.3468140392252720416, 0.1555589999168269788, 0.2850260480273070773 ) ) ;
#804 = DIRECTION ( 'NONE',  ( -1.316334802367149914E-16, 1.000000000000000000, -1.526556658859589750E-16 ) ) ;
#805 = VERTEX_POINT ( 'NONE', #319 ) ;
#806 = LINE ( 'NONE', #4833, #5681 ) ;
#807 = VECTOR ( 'NONE', #538, 39.37007874015748143 ) ;
#808 = ADVANCED_FACE ( 'NONE', ( #3361 ), #12701, .T. ) ;
#809 = ORIENTED_EDGE ( 'NONE', *, *, #4298, .F. ) ;
#810 =( CONVERSION_BASED_UNIT ( 'INCH', #9041 ) LENGTH_UNIT ( ) NAMED_UNIT ( #8684 ) );
#811 = FACE_OUTER_BOUND ( 'NONE', #11284, .T. ) ;
#812 = CARTESIAN_POINT ( 'NONE',  ( 0.2326408108788161622, 0.1555589999168269788, 0.2810890401533023275 ) ) ;
#813 = EDGE_LOOP ( 'NONE', ( #8054, #7557, #11050, #11051 ) ) ;
#814 = VECTOR ( 'NONE', #8515, 39.37007874015748854 ) ;
#815 = CARTESIAN_POINT ( 'NONE',  ( 0.1027195510362848424, 0.1476849841687954967, 0.2554984889721937380 ) ) ;
#816 = DIRECTION ( 'NONE',  ( -1.000000000000000000, 1.937287448275559661E-17, 0.0000000000000000000 ) ) ;
#817 = CARTESIAN_POINT ( 'NONE',  ( 0.3468140392252720416, 0.1555589999168271731, 0.4732150244052676924 ) ) ;
#818 = CARTESIAN_POINT ( 'NONE',  ( 0.2074316406699111548, 0.5295747119667452152, 0.4243961267674756233 ) ) ;
#819 = EDGE_LOOP ( 'NONE', ( #3990, #3290, #8823, #2757, #7486, #1905, #1864 ) ) ;
#820 = EDGE_CURVE ( 'NONE', #1365, #8931, #4352, .T. ) ;
#821 = EDGE_CURVE ( 'NONE', #11458, #7746, #5561, .T. ) ;
#822 = ORIENTED_EDGE ( 'NONE', *, *, #12320, .T. ) ;
#823 = DIMENSIONAL_EXPONENTS ( 1.000000000000000000, 0.0000000000000000000, 0.0000000000000000000, 0.0000000000000000000, 0.0000000000000000000, 0.0000000000000000000, 0.0000000000000000000 ) ;
#824 = COLOUR_RGB ( '',0.7529411764705882248, 0.7529411764705882248, 0.0000000000000000000 ) ;
#825 = CARTESIAN_POINT ( 'NONE',  ( 0.1558691573354860360, 0.3760314408617059234, 0.3456559692871649658 ) ) ;
#826 = DIRECTION ( 'NONE',  ( 5.273376169246154594E-17, -0.7071067811865474617, -0.7071067811865474617 ) ) ;
#827 = CARTESIAN_POINT ( 'NONE',  ( 0.1027195510362846342, 0.1555589999168269788, 0.4397504574761377794 ) ) ;
#828 = EDGE_CURVE ( 'NONE', #5360, #11582, #389, .T. ) ;
#829 = ORIENTED_EDGE ( 'NONE', *, *, #10185, .T. ) ;
#830 = DIRECTION ( 'NONE',  ( -1.316334802367149914E-16, 1.000000000000000000, -1.526556658859589750E-16 ) ) ;
#831 = ORIENTED_EDGE ( 'NONE', *, *, #12279, .T. ) ;
#832 = ORIENTED_EDGE ( 'NONE', *, *, #6140, .T. ) ;
#833 = SURFACE_SIDE_STYLE ('',( #11073 ) ) ;
#834 = CARTESIAN_POINT ( 'NONE',  ( 0.3113809683591188815, 0.5610708109404448640, 0.4440811661375591024 ) ) ;
#835 = DIRECTION ( 'NONE',  ( -1.937287448275559661E-17, -1.000000000000000000, -8.220413448604588965E-18 ) ) ;
#836 = DIRECTION ( 'NONE',  ( -1.000000000000000000, 1.937287448275559661E-17, 0.0000000000000000000 ) ) ;
#837 = PLANE ( 'NONE',  #695 ) ;
#838 = VERTEX_POINT ( 'NONE', #3636 ) ;
#839 = PRESENTATION_LAYER_ASSIGNMENT (  '', '', ( #11031 ) ) ;
#840 = CARTESIAN_POINT ( 'NONE',  ( 0.2405148266268504198, 0.1555589999168271731, 0.4397504574761377794 ) ) ;
#841 = PLANE ( 'NONE',  #12738 ) ;
#842 = VERTEX_POINT ( 'NONE', #10628 ) ;
#843 = VERTEX_POINT ( 'NONE', #6492 ) ;
#844 = ADVANCED_FACE ( 'NONE', ( #7606 ), #4415, .T. ) ;
#845 = DIRECTION ( 'NONE',  ( -1.000000000000000000, -1.408738150179759833E-16, 3.007447121050474843E-18 ) ) ;
#846 = ORIENTED_EDGE ( 'NONE', *, *, #1765, .T. ) ;
#847 = ORIENTED_EDGE ( 'NONE', *, *, #8947, .T. ) ;
#848 = VECTOR ( 'NONE', #816, 39.37007874015748143 ) ;
#849 = CARTESIAN_POINT ( 'NONE',  ( 0.2562628581229027813, 0.08862986605856634781, 0.2397504574761405716 ) ) ;
#850 = AXIS2_PLACEMENT_3D ( 'NONE', #6322, #5320, #2487 ) ;
#851 = SURFACE_SIDE_STYLE ('',( #12971 ) ) ;
#852 = ORIENTED_EDGE ( 'NONE', *, *, #5066, .F. ) ;
#853 = EDGE_CURVE ( 'NONE', #6535, #11083, #602, .T. ) ;
#854 = DIRECTION ( 'NONE',  ( 0.0000000000000000000, 0.0000000000000000000, 1.000000000000000000 ) ) ;
#855 = CARTESIAN_POINT ( 'NONE',  ( 0.3208297872567559272, -0.05703942528003581869, 0.4515614810981850025 ) ) ;
#856 = DIRECTION ( 'NONE',  ( -3.376070039848299626E-16, 1.000000000000000000, -4.302114220422480115E-16 ) ) ;
#857 = DIRECTION ( 'NONE',  ( 1.000000000000000000, 3.376070039848299626E-16, 2.359223927328455183E-16 ) ) ;
#858 = PRESENTATION_LAYER_ASSIGNMENT (  '', '', ( #5078 ) ) ;
#859 = VECTOR ( 'NONE', #7980, 39.37007874015748143 ) ;
#860 = EDGE_CURVE ( 'NONE', #5980, #7363, #4628, .T. ) ;
#861 = LINE ( 'NONE', #2011, #6445 ) ;
#862 = ORIENTED_EDGE ( 'NONE', *, *, #7056, .T. ) ;
#863 = CARTESIAN_POINT ( 'NONE',  ( 0.4098061652095126295, 0.05713380306642400902, 0.4873882527517283680 ) ) ;
#864 = EDGE_CURVE ( 'NONE', #5960, #6098, #10340, .T. ) ;
#865 = CARTESIAN_POINT ( 'NONE',  ( 0.3208297872567559272, 0.05713380306642448780, 0.4515614810981850025 ) ) ;
#866 = VERTEX_POINT ( 'NONE', #12768 ) ;
#867 = CARTESIAN_POINT ( 'NONE',  ( 0.2326408108788126095, -0.1446865674942330871, 0.2397504574761405716 ) ) ;
#868 = DIRECTION ( 'NONE',  ( 2.626713979715460250E-16, -3.747002708109905789E-16, -1.000000000000000000 ) ) ;
#869 = STYLED_ITEM ( 'NONE', ( #6502 ), #4854 ) ;
#870 = SURFACE_STYLE_FILL_AREA ( #4896 ) ;
#871 = AXIS2_PLACEMENT_3D ( 'NONE', #1405, #11572, #6564 ) ;
#872 = ORIENTED_EDGE ( 'NONE', *, *, #820, .T. ) ;
#873 = SURFACE_STYLE_FILL_AREA ( #1758 ) ;
#874 = LINE ( 'NONE', #8081, #4102 ) ;
#875 = VECTOR ( 'NONE', #11761, 39.37007874015748143 ) ;
#876 = VERTEX_POINT ( 'NONE', #2518 ) ;
#877 = DIRECTION ( 'NONE',  ( 1.000000000000000000, 0.0000000000000000000, 0.0000000000000000000 ) ) ;
#878 = EDGE_CURVE ( 'NONE', #5693, #4018, #10562, .T. ) ;
#879 = FACE_OUTER_BOUND ( 'NONE', #2877, .T. ) ;
#880 = VERTEX_POINT ( 'NONE', #464 ) ;
#881 = CIRCLE ( 'NONE', #10870, 0.01771653543307086243 ) ;
#882 = DIRECTION ( 'NONE',  ( 0.0000000000000000000, 0.0000000000000000000, -1.000000000000000000 ) ) ;
#883 = CARTESIAN_POINT ( 'NONE',  ( 0.2326408108788039775, -0.07318115756351298296, 0.2895536070824404895 ) ) ;
#884 = ORIENTED_EDGE ( 'NONE', *, *, #605, .T. ) ;
#885 = LINE ( 'NONE', #6002, #5329 ) ;
#886 = DIRECTION ( 'NONE',  ( 0.0000000000000000000, -8.220413448604739958E-18, 1.000000000000000000 ) ) ;
#887 = DIRECTION ( 'NONE',  ( 1.000000000000000000, 0.0000000000000000000, 0.0000000000000000000 ) ) ;
#888 = CARTESIAN_POINT ( 'NONE',  ( 0.2326408108788039775, 0.3839054566097366283, 0.4243961267674756233 ) ) ;
#889 = VECTOR ( 'NONE', #2894, 39.37007874015748143 ) ;
#890 = CARTESIAN_POINT ( 'NONE',  ( 0.2090187636347027589, 0.08075585031051535356, 0.2515614810981878224 ) ) ;
#891 = FACE_OUTER_BOUND ( 'NONE', #5276, .T. ) ;
#892 = EDGE_CURVE ( 'NONE', #9671, #11121, #8534, .T. ) ;
#893 = EDGE_CURVE ( 'NONE', #899, #3846, #5900, .T. ) ;
#894 = VECTOR ( 'NONE', #3711, 39.37007874015748143 ) ;
#895 = CARTESIAN_POINT ( 'NONE',  ( 0.3290975037921822777, 0.4547715983420212993, 0.3850260480273224872 ) ) ;
#896 = VERTEX_POINT ( 'NONE', #9766 ) ;
#897 = DIRECTION ( 'NONE',  ( 0.0000000000000000000, -1.000000000000000000, 0.0000000000000000000 ) ) ;
#898 = ORIENTED_EDGE ( 'NONE', *, *, #4951, .F. ) ;
#899 = VERTEX_POINT ( 'NONE', #10969 ) ;
#900 = CARTESIAN_POINT ( 'NONE',  ( 0.2405148266268504198, 0.1555589999168271731, 0.4397504574761377794 ) ) ;
#901 = DIRECTION ( 'NONE',  ( -1.937287448275559661E-17, -1.000000000000000000, -8.220413448604588965E-18 ) ) ;
#902 = LINE ( 'NONE', #10154, #10127 ) ;
#903 = VECTOR ( 'NONE', #3489, 39.37007874015748143 ) ;
#904 = EDGE_LOOP ( 'NONE', ( #11552, #7390 ) ) ;
#905 = LINE ( 'NONE', #11019, #3364 ) ;
#906 = VERTEX_POINT ( 'NONE', #11837 ) ;
#907 = ADVANCED_FACE ( 'NONE', ( #7886 ), #9968, .F. ) ;
#908 = AXIS2_PLACEMENT_3D ( 'NONE', #1885, #4895, #932 ) ;
#909 = ORIENTED_EDGE ( 'NONE', *, *, #691, .T. ) ;
#910 = CARTESIAN_POINT ( 'NONE',  ( 0.3389400234772338982, 0.3760314408617055348, 0.4259709299170676977 ) ) ;
#911 = ORIENTED_EDGE ( 'NONE', *, *, #6490, .T. ) ;
#912 = CIRCLE ( 'NONE', #3022, 0.01574803149606296415 ) ;
#913 = ORIENTED_EDGE ( 'NONE', *, *, #10795, .T. ) ;
#914 = CARTESIAN_POINT ( 'NONE',  ( 0.1027195510362948899, 0.3583149054286425272, 0.4007740795234071007 ) ) ;
#915 = DIRECTION ( 'NONE',  ( -1.316334802367149914E-16, 1.000000000000000000, -1.526556658859589750E-16 ) ) ;
#916 = FACE_OUTER_BOUND ( 'NONE', #1195, .T. ) ;
#917 =( LENGTH_UNIT ( ) NAMED_UNIT ( * ) SI_UNIT ( $, .METRE. ) );
#918 = LINE ( 'NONE', #6827, #2279 ) ;
#919 = ORIENTED_EDGE ( 'NONE', *, *, #12091, .F. ) ;
#920 = DIRECTION ( 'NONE',  ( -1.000000000000000000, 0.0000000000000000000, 0.0000000000000000000 ) ) ;
#921 = EDGE_CURVE ( 'NONE', #943, #4946, #11032, .T. ) ;
#922 = EDGE_CURVE ( 'NONE', #12057, #6327, #8882, .T. ) ;
#923 = VECTOR ( 'NONE', #7962, 39.37007874015748143 ) ;
#924 = DIRECTION ( 'NONE',  ( 3.518308117683324880E-16, -1.000000000000000000, 4.163336342344335054E-16 ) ) ;
#925 = ORIENTED_EDGE ( 'NONE', *, *, #1516, .F. ) ;
#926 = ADVANCED_FACE ( 'NONE', ( #12974 ), #1740, .T. ) ;
#927 = LINE ( 'NONE', #4962, #7427 ) ;
#928 =( CONVERSION_BASED_UNIT ( 'INCH', #6043 ) LENGTH_UNIT ( ) NAMED_UNIT ( #6839 ) );
#929 = EDGE_LOOP ( 'NONE', ( #6812, #2989, #7825, #12111 ) ) ;
#930 = CARTESIAN_POINT ( 'NONE',  ( 0.1562628581229039137, 0.08862986605856634781, 0.2397504574761405716 ) ) ;
#931 = STYLED_ITEM ( 'NONE', ( #6823 ), #10832 ) ;
#932 = DIRECTION ( 'NONE',  ( 0.0000000000000000000, 0.0000000000000000000, -1.000000000000000000 ) ) ;
#933 = VECTOR ( 'NONE', #12875, 39.37007874015748143 ) ;
#934 = FILL_AREA_STYLE_COLOUR ( '', #9732 ) ;
#935 = ORIENTED_EDGE ( 'NONE', *, *, #11563, .F. ) ;
#936 = ORIENTED_EDGE ( 'NONE', *, *, #11407, .F. ) ;
#937 = FACE_BOUND ( 'NONE', #904, .T. ) ;
#938 = EDGE_CURVE ( 'NONE', #7974, #2012, #7816, .T. ) ;
#939 = CARTESIAN_POINT ( 'NONE',  ( 0.3625620707213386140, 0.1555589999168269788, 0.2850260480273070773 ) ) ;
#940 = CARTESIAN_POINT ( 'NONE',  ( 0.2458477509850344467, 0.5467386531770949132, 0.4243961267674757343 ) ) ;
#941 = VECTOR ( 'NONE', #1985, 39.37007874015748143 ) ;
#942 = PLANE ( 'NONE',  #9201 ) ;
#943 = VERTEX_POINT ( 'NONE', #4881 ) ;
#944 = AXIS2_PLACEMENT_3D ( 'NONE', #24, #3008, #11128 ) ;
#945 = CARTESIAN_POINT ( 'NONE',  ( 0.0000000000000000000, 0.0000000000000000000, 0.0000000000000000000 ) ) ;
#946 = EDGE_LOOP ( 'NONE', ( #3123, #2831, #10029, #7750, #2196, #8107, #1573 ) ) ;
#947 = CARTESIAN_POINT ( 'NONE',  ( 0.07122348804415806756, 0.05713380306642409229, 0.1842386464525193057 ) ) ;
#948 = ORIENTED_EDGE ( 'NONE', *, *, #10425, .F. ) ;
#949 = VECTOR ( 'NONE', #2781, 39.37007874015748143 ) ;
#950 = DIRECTION ( 'NONE',  ( 0.0000000000000000000, -8.220413448604739958E-18, 1.000000000000000000 ) ) ;
#951 = LINE ( 'NONE', #8908, #2478 ) ;
#952 = ORIENTED_EDGE ( 'NONE', *, *, #6924, .F. ) ;
#953 = MECHANICAL_DESIGN_GEOMETRIC_PRESENTATION_REPRESENTATION (  '', ( #7502 ), #302 ) ;
#954 = VERTEX_POINT ( 'NONE', #10036 ) ;
#955 = EDGE_CURVE ( 'NONE', #4574, #6395, #918, .T. ) ;
#956 = LINE ( 'NONE', #825, #3662 ) ;
#957 = DIRECTION ( 'NONE',  ( 0.0000000000000000000, 0.0000000000000000000, 1.000000000000000000 ) ) ;
#958 = CARTESIAN_POINT ( 'NONE',  ( 0.4098061652095126295, 0.1988660865309964665, 0.3614040007832315382 ) ) ;
#959 =( GEOMETRIC_REPRESENTATION_CONTEXT ( 3 ) GLOBAL_UNCERTAINTY_ASSIGNED_CONTEXT ( ( #13115 ) ) GLOBAL_UNIT_ASSIGNED_CONTEXT ( ( #11338, #6208, #10406 ) ) REPRESENTATION_CONTEXT ( 'NONE', 'WORKASPACE' ) );
#960 = LINE ( 'NONE', #2159, #9771 ) ;
#961 = CARTESIAN_POINT ( 'NONE',  ( 0.3330345116662205007, 0.1555589999168271731, 0.4062465204682488285 ) ) ;
#962 = VERTEX_POINT ( 'NONE', #10899 ) ;
#963 = VERTEX_POINT ( 'NONE', #7754 ) ;
#964 = PLANE ( 'NONE',  #9401 ) ;
#965 = DIRECTION ( 'NONE',  ( -0.9363291775692853536, 0.3511234415877496629, -3.854118954065481959E-17 ) ) ;
#966 = AXIS2_PLACEMENT_3D ( 'NONE', #5657, #11726, #9663 ) ;
#967 = CARTESIAN_POINT ( 'NONE',  ( 0.1562628581229041358, 0.08075585031049743734, 0.2515614810981878224 ) ) ;
#968 = EDGE_CURVE ( 'NONE', #8701, #3949, #796, .T. ) ;
#969 = CARTESIAN_POINT ( 'NONE',  ( 0.2916959289890401763, 0.1279999447987147654, 0.2019551818855940817 ) ) ;
#970 = SURFACE_STYLE_FILL_AREA ( #11266 ) ;
#971 = CARTESIAN_POINT ( 'NONE',  ( 0.07319199198116595195, 0.05713380306642400902, 0.2039236858226015914 ) ) ;
#972 = ORIENTED_EDGE ( 'NONE', *, *, #10040, .T. ) ;
#973 = PRESENTATION_LAYER_ASSIGNMENT (  '', '', ( #9236 ) ) ;
#974 = VERTEX_POINT ( 'NONE', #1668 ) ;
#975 = PLANE ( 'NONE',  #13023 ) ;
#976 = ORIENTED_EDGE ( 'NONE', *, *, #12333, .F. ) ;
#977 = EDGE_LOOP ( 'NONE', ( #6547, #7644, #11136, #8399 ) ) ;
#978 = DIRECTION ( 'NONE',  ( 0.0000000000000000000, 0.0000000000000000000, 1.000000000000000000 ) ) ;
#979 = DIRECTION ( 'NONE',  ( 1.000000000000000000, -1.937287448275559661E-17, 0.0000000000000000000 ) ) ;
#980 = ORIENTED_EDGE ( 'NONE', *, *, #3267, .T. ) ;
#981 = PRESENTATION_STYLE_ASSIGNMENT (( #11029 ) ) ;
#982 = B_SPLINE_CURVE_WITH_KNOTS ( 'NONE', 3,
 ( #6114, #10194, #5370, #8157, #2271, #8344, #10250, #1270 ),
 .UNSPECIFIED., .F., .F.,
 ( 4, 2, 2, 4 ),
 ( 5.903796921905580903E-17, 0.0002285047424016649440, 0.0004570094848032708532, 0.0009140189696064804489 ),
 .UNSPECIFIED. ) ;
#983 = VECTOR ( 'NONE', #3396, 39.37007874015748143 ) ;
#984 = VERTEX_POINT ( 'NONE', #5692 ) ;
#985 = EDGE_CURVE ( 'NONE', #3764, #3356, #12840, .T. ) ;
#986 = VECTOR ( 'NONE', #9373, 39.37007874015748143 ) ;
#987 = ADVANCED_FACE ( 'NONE', ( #2719 ), #9271, .T. ) ;
#988 =( NAMED_UNIT ( * ) PLANE_ANGLE_UNIT ( ) SI_UNIT ( $, .RADIAN. ) );
#989 = ORIENTED_EDGE ( 'NONE', *, *, #3014, .T. ) ;
#990 = CARTESIAN_POINT ( 'NONE',  ( 0.2090187636347251854, 0.08862986605855749378, 0.3456559692871708500 ) ) ;
#991 = EDGE_LOOP ( 'NONE', ( #8001, #1490, #10427, #12515 ) ) ;
#992 = UNCERTAINTY_MEASURE_WITH_UNIT (LENGTH_MEASURE( 1.000000000000000082E-05 ), #2739, 'distance_accuracy_value', 'NONE');
#993 = DIRECTION ( 'NONE',  ( 0.0000000000000000000, -1.000000000000000000, 0.0000000000000000000 ) ) ;
#994 = CARTESIAN_POINT ( 'NONE',  ( 0.2444518345008484528, -0.05703942528004488088, 0.2515614810981878224 ) ) ;
#995 = ORIENTED_EDGE ( 'NONE', *, *, #411, .F. ) ;
#996 = DIRECTION ( 'NONE',  ( 0.0000000000000000000, 0.0000000000000000000, -1.000000000000000000 ) ) ;
#997 = EDGE_CURVE ( 'NONE', #12304, #7936, #6035, .T. ) ;
#998 = FACE_OUTER_BOUND ( 'NONE', #10468, .T. ) ;
#999 = CARTESIAN_POINT ( 'NONE',  ( 0.07319199198116595195, 0.08862986605855728561, 0.2078606936966137797 ) ) ;
#1000 = VERTEX_POINT ( 'NONE', #10107 ) ;
#1001 = EDGE_CURVE ( 'NONE', #203, #3776, #7018, .T. ) ;
#1002 = VERTEX_POINT ( 'NONE', #4089 ) ;
#1003 = DIRECTION ( 'NONE',  ( -1.408738150179759833E-16, 1.000000000000000000, -3.469446951953615175E-16 ) ) ;
#1004 = VECTOR ( 'NONE', #5642, 39.37007874015748143 ) ;
#1005 = CARTESIAN_POINT ( 'NONE',  ( 0.2129557715087252168, 0.1279999447987147654, 0.2019551818855940817 ) ) ;
#1006 = CARTESIAN_POINT ( 'NONE',  ( 0.3468140392252720416, 0.1555589999168271731, 0.4062465204682488285 ) ) ;
#1007 = ORIENTED_EDGE ( 'NONE', *, *, #6589, .T. ) ;
#1008 = VERTEX_POINT ( 'NONE', #12170 ) ;
#1009 = FACE_OUTER_BOUND ( 'NONE', #4464, .T. ) ;
#1010 = CARTESIAN_POINT ( 'NONE',  ( 0.1208297872567765802, 0.05713380306641543255, 0.4397504574761377794 ) ) ;
#1011 = AXIS2_PLACEMENT_3D ( 'NONE', #2450, #7480, #11564 ) ;
#1012 = ADVANCED_FACE ( 'NONE', ( #11281, #8375 ), #11470, .F. ) ;
#1013 = FACE_OUTER_BOUND ( 'NONE', #1525, .T. ) ;
#1014 = DIRECTION ( 'NONE',  ( -1.000000000000000000, 0.0000000000000000000, 0.0000000000000000000 ) ) ;
#1015 = EDGE_LOOP ( 'NONE', ( #7658, #10503, #2177, #12001 ) ) ;
#1016 = EDGE_CURVE ( 'NONE', #4691, #3626, #5407, .T. ) ;
#1017 = ORIENTED_EDGE ( 'NONE', *, *, #7835, .F. ) ;
#1018 = DIRECTION ( 'NONE',  ( 1.000000000000000000, 0.0000000000000000000, 0.0000000000000000000 ) ) ;
#1019 = CARTESIAN_POINT ( 'NONE',  ( 0.3586250628473003355, 0.1988660865309976600, 0.3062858905470074999 ) ) ;
#1020 = PRESENTATION_LAYER_ASSIGNMENT (  '', '', ( #1451 ) ) ;
#1021 =( NAMED_UNIT ( * ) SI_UNIT ( $, .STERADIAN. ) SOLID_ANGLE_UNIT ( ) );
#1022 = CARTESIAN_POINT ( 'NONE',  ( 0.2385463226898389966, -0.07278745677610257148, 0.2397504574761405716 ) ) ;
#1023 = CARTESIAN_POINT ( 'NONE',  ( 0.2208297872567575038, -0.05703942528004488088, 0.2515614810981878224 ) ) ;
#1024 = CARTESIAN_POINT ( 'NONE',  ( 0.2578499614198898615, 0.5295747479483167153, 0.4243961267674756233 ) ) ;
#1025 = EDGE_CURVE ( 'NONE', #11816, #8446, #6474, .T. ) ;
#1026 = CARTESIAN_POINT ( 'NONE',  ( 0.05547545654809511728, 0.08862986605855728561, 0.5228213236178701484 ) ) ;
#1027 = EDGE_CURVE ( 'NONE', #96, #9977, #1447, .T. ) ;
#1028 = ORIENTED_EDGE ( 'NONE', *, *, #9471, .F. ) ;
#1029 = ORIENTED_EDGE ( 'NONE', *, *, #7327, .F. ) ;
#1030 = CARTESIAN_POINT ( 'NONE',  ( 0.1027195510362948899, 0.3583149054286425272, 0.2905378590509232195 ) ) ;
#1031 = AXIS2_PLACEMENT_3D ( 'NONE', #3360, #1251, #2195 ) ;
#1032 = DIRECTION ( 'NONE',  ( 3.007447121050439791E-18, 2.498001805406600244E-16, 1.000000000000000000 ) ) ;
#1033 = ORIENTED_EDGE ( 'NONE', *, *, #828, .T. ) ;
#1034 = DIRECTION ( 'NONE',  ( 0.8320502943379406435, 0.0000000000000000000, -0.5547001962250837082 ) ) ;
#1035 = FACE_OUTER_BOUND ( 'NONE', #6595, .T. ) ;
#1036 = CARTESIAN_POINT ( 'NONE',  ( 0.09484553528825255542, 0.08862986605855728561, 0.1921126622005507878 ) ) ;
#1037 = PLANE ( 'NONE',  #7063 ) ;
#1038 = DIRECTION ( 'NONE',  ( 0.5773502691896277295, -0.5773502691896217343, 0.5773502691896277295 ) ) ;
#1039 = ORIENTED_EDGE ( 'NONE', *, *, #6913, .F. ) ;
#1040 =( NAMED_UNIT ( * ) SI_UNIT ( $, .STERADIAN. ) SOLID_ANGLE_UNIT ( ) );
#1041 = ORIENTED_EDGE ( 'NONE', *, *, #615, .F. ) ;
#1042 = EDGE_CURVE ( 'NONE', #8998, #974, #12751, .T. ) ;
#1043 = CARTESIAN_POINT ( 'NONE',  ( 0.2444518345008480364, 0.05713380306641550888, 0.4515614810981850025 ) ) ;
#1044 = ORIENTED_EDGE ( 'NONE', *, *, #3851, .T. ) ;
#1045 = ORIENTED_EDGE ( 'NONE', *, *, #5419, .T. ) ;
#1046 = DIRECTION ( 'NONE',  ( -1.000000000000000000, -3.376070039848299626E-16, -2.359223927328455183E-16 ) ) ;
#1047 = CARTESIAN_POINT ( 'NONE',  ( 0.2326408108788039775, 0.5729212046412323067, 0.3456559692871649658 ) ) ;
#1048 =( CONVERSION_BASED_UNIT ( 'INCH', #10224 ) LENGTH_UNIT ( ) NAMED_UNIT ( #12896 ) );
#1049 = VECTOR ( 'NONE', #11048, 39.37007874015748143 ) ;
#1050 = CARTESIAN_POINT ( 'NONE',  ( 0.2562628581229027813, 0.08075585031050630525, 0.2397504574761405716 ) ) ;
#1051 = ORIENTED_EDGE ( 'NONE', *, *, #10984, .F. ) ;
#1052 =( LENGTH_UNIT ( ) NAMED_UNIT ( * ) SI_UNIT ( $, .METRE. ) );
#1053 = VERTEX_POINT ( 'NONE', #11748 ) ;
#1054 = VECTOR ( 'NONE', #11068, 39.37007874015748143 ) ;
#1055 = VECTOR ( 'NONE', #5677, 39.37007874015748143 ) ;
#1056 = PLANE ( 'NONE',  #3802 ) ;
#1057 = EDGE_CURVE ( 'NONE', #11894, #5712, #649, .T. ) ;
#1058 = CARTESIAN_POINT ( 'NONE',  ( 0.1027195510362846342, 0.1555589999168269788, 0.4515614810981740113 ) ) ;
#1059 = EDGE_CURVE ( 'NONE', #5576, #7149, #8862, .T. ) ;
#1060 = EDGE_LOOP ( 'NONE', ( #291, #5968, #8492, #12614, #11330, #7004 ) ) ;
#1061 = SURFACE_STYLE_USAGE ( .BOTH. , #8073 ) ;
#1062 = LINE ( 'NONE', #9162, #13047 ) ;
#1063 = LINE ( 'NONE', #9226, #6307 ) ;
#1064 =( LENGTH_UNIT ( ) NAMED_UNIT ( * ) SI_UNIT ( $, .METRE. ) );
#1065 = ORIENTED_EDGE ( 'NONE', *, *, #10267, .F. ) ;
#1066 = VECTOR ( 'NONE', #3318, 39.37007874015748143 ) ;
#1067 = VECTOR ( 'NONE', #1211, 39.37007874015748143 ) ;
#1068 = PLANE ( 'NONE',  #408 ) ;
#1069 = LINE ( 'NONE', #6915, #9413 ) ;
#1070 = EDGE_LOOP ( 'NONE', ( #7523, #3046, #1715, #8384, #718, #3506, #3911, #4799 ) ) ;
#1071 = ORIENTED_EDGE ( 'NONE', *, *, #11415, .T. ) ;
#1072 = DIRECTION ( 'NONE',  ( 1.608386623408229791E-17, 1.526556658859589750E-16, 1.000000000000000000 ) ) ;
#1073 = COLOUR_RGB ( '',0.7529411764705882248, 0.7529411764705882248, 0.0000000000000000000 ) ;
#1074 = LINE ( 'NONE', #4841, #2543 ) ;
#1075 = VECTOR ( 'NONE', #2457, 39.37007874015748143 ) ;
#1076 = ORIENTED_EDGE ( 'NONE', *, *, #4309, .T. ) ;
#1077 =( NAMED_UNIT ( * ) SI_UNIT ( $, .STERADIAN. ) SOLID_ANGLE_UNIT ( ) );
#1078 = LINE ( 'NONE', #5104, #5206 ) ;
#1079 = ORIENTED_EDGE ( 'NONE', *, *, #10106, .T. ) ;
#1080 = EDGE_CURVE ( 'NONE', #7821, #2654, #5817, .T. ) ;
#1081 = VECTOR ( 'NONE', #1869, 39.37007874015748143 ) ;
#1082 = CARTESIAN_POINT ( 'NONE',  ( 0.07122348804415806756, 0.05713380306642409229, 0.5070732921218070732 ) ) ;
#1083 = EDGE_CURVE ( 'NONE', #2633, #10738, #10018, .T. ) ;
#1084 = VECTOR ( 'NONE', #4731, 39.37007874015748854 ) ;
#1085 = CARTESIAN_POINT ( 'NONE',  ( 0.2019548713746129875, 0.5295747479483133846, 0.2688843157438653431 ) ) ;
#1086 =( NAMED_UNIT ( * ) SI_UNIT ( $, .STERADIAN. ) SOLID_ANGLE_UNIT ( ) );
#1087 = CARTESIAN_POINT ( 'NONE',  ( 0.3562628581229011493, 0.08862986605856654210, 0.2397504574761405716 ) ) ;
#1088 = DIRECTION ( 'NONE',  ( 0.0000000000000000000, 1.000000000000000000, 0.0000000000000000000 ) ) ;
#1089 = EDGE_CURVE ( 'NONE', #11446, #3104, #6941, .T. ) ;
#1090 = DIRECTION ( 'NONE',  ( 1.000000000000000000, 1.316334802367149914E-16, -1.608386623408234722E-17 ) ) ;
#1091 = ORIENTED_EDGE ( 'NONE', *, *, #3441, .F. ) ;
#1092 = AXIS2_PLACEMENT_3D ( 'NONE', #3350, #4405, #3639 ) ;
#1093 = CARTESIAN_POINT ( 'NONE',  ( 0.07319199198116595195, 0.1476849841687813136, 0.4358134496021299209 ) ) ;
#1094 = LINE ( 'NONE', #5184, #8361 ) ;
#1095 = CARTESIAN_POINT ( 'NONE',  ( 0.09484553528826220048, 0.1555589999168269788, 0.2358134496021149773 ) ) ;
#1096 = EDGE_CURVE ( 'NONE', #3119, #943, #9885, .T. ) ;
#1097 = CARTESIAN_POINT ( 'NONE',  ( 0.2326408108788039775, 0.3760314408617052018, 0.2590417960588141666 ) ) ;
#1098 = VECTOR ( 'NONE', #11892, 39.37007874015748143 ) ;
#1099 = EDGE_CURVE ( 'NONE', #3356, #224, #10881, .T. ) ;
#1100 = CARTESIAN_POINT ( 'NONE',  ( 0.3625620707213386140, 0.1555589999168269788, 0.2062858905469921178 ) ) ;
#1101 = VECTOR ( 'NONE', #1603, 39.37007874015748143 ) ;
#1102 = CARTESIAN_POINT ( 'NONE',  ( 0.03972742505202851021, 0.2185511259010751717, 0.3456559692871649658 ) ) ;
#1103 = ORIENTED_EDGE ( 'NONE', *, *, #7803, .T. ) ;
#1104 = ORIENTED_EDGE ( 'NONE', *, *, #5044, .F. ) ;
#1105 = CARTESIAN_POINT ( 'NONE',  ( 0.2956329368630822851, 0.08862986605855749378, 0.5011677803107859042 ) ) ;
#1106 = ORIENTED_EDGE ( 'NONE', *, *, #12192, .F. ) ;
#1107 = ORIENTED_EDGE ( 'NONE', *, *, #9412, .F. ) ;
#1108 = AXIS2_PLACEMENT_3D ( 'NONE', #2911, #3891, #3826 ) ;
#1109 = CARTESIAN_POINT ( 'NONE',  ( 0.2326408108788039775, 0.2185511259010751717, 0.5385693551139408841 ) ) ;
#1110 = EDGE_LOOP ( 'NONE', ( #1076, #3749, #10945, #6612 ) ) ;
#1111 = AXIS2_PLACEMENT_3D ( 'NONE', #2228, #4193, #2350 ) ;
#1112 = FILL_AREA_STYLE ('',( #10223 ) ) ;
#1113 = DIRECTION ( 'NONE',  ( -1.000000000000000000, -3.376070039848299626E-16, -2.359223927328455183E-16 ) ) ;
#1114 = LINE ( 'NONE', #5143, #1759 ) ;
#1115 = ORIENTED_EDGE ( 'NONE', *, *, #667, .T. ) ;
#1116 = EDGE_CURVE ( 'NONE', #10634, #9324, #6879, .T. ) ;
#1117 = VECTOR ( 'NONE', #12713, 39.37007874015748143 ) ;
#1118 = FACE_OUTER_BOUND ( 'NONE', #9310, .T. ) ;
#1119 = ORIENTED_EDGE ( 'NONE', *, *, #9637, .F. ) ;
#1120 = VECTOR ( 'NONE', #268, 39.37007874015748854 ) ;
#1121 = CARTESIAN_POINT ( 'NONE',  ( 0.07122348804415806756, 0.05713380306642409229, 0.5228213236178701484 ) ) ;
#1122 = LINE ( 'NONE', #5150, #13011 ) ;
#1123 = ORIENTED_EDGE ( 'NONE', *, *, #5825, .T. ) ;
#1124 =( CONVERSION_BASED_UNIT ( 'INCH', #7341 ) LENGTH_UNIT ( ) NAMED_UNIT ( #11680 ) );
#1125 = LINE ( 'NONE', #12301, #7252 ) ;
#1126 = CARTESIAN_POINT ( 'NONE',  ( 0.3920896297764417393, 0.3760314408617052018, 0.1901441582635393646 ) ) ;
#1127 =( GEOMETRIC_REPRESENTATION_CONTEXT ( 3 ) GLOBAL_UNCERTAINTY_ASSIGNED_CONTEXT ( ( #61 ) ) GLOBAL_UNIT_ASSIGNED_CONTEXT ( ( #2652, #3499, #11559 ) ) REPRESENTATION_CONTEXT ( 'NONE', 'WORKASPACE' ) );
#1128 = SURFACE_STYLE_USAGE ( .BOTH. , #8327 ) ;
#1129 = ORIENTED_EDGE ( 'NONE', *, *, #704, .F. ) ;
#1130 = COLOUR_RGB ( '',0.7529411764705882248, 0.7529411764705882248, 0.0000000000000000000 ) ;
#1131 = EDGE_CURVE ( 'NONE', #3295, #10619, #5674, .T. ) ;
#1132 = EDGE_CURVE ( 'NONE', #6584, #3104, #4807, .T. ) ;
#1133 = CARTESIAN_POINT ( 'NONE',  ( 0.2326408108788039775, 0.7028030944050177586, 0.3456559692871649658 ) ) ;
#1134 = EDGE_LOOP ( 'NONE', ( #9424, #12107, #1595, #10679, #4031, #9848, #366, #5077 ) ) ;
#1135 = UNCERTAINTY_MEASURE_WITH_UNIT (LENGTH_MEASURE( 1.000000000000000082E-05 ), #2897, 'distance_accuracy_value', 'NONE');
#1136 = VECTOR ( 'NONE', #5558, 39.37007874015748143 ) ;
#1137 = EDGE_LOOP ( 'NONE', ( #12572, #12236, #2576, #6947, #9844, #9728, #6493, #1352, #7548, #2853, #12430, #12459 ) ) ;
#1138 = LINE ( 'NONE', #11240, #12540 ) ;
#1139 = VECTOR ( 'NONE', #1840, 39.37007874015748143 ) ;
#1140 = ORIENTED_EDGE ( 'NONE', *, *, #11190, .T. ) ;
#1141 = DIRECTION ( 'NONE',  ( 1.000000000000000000, 1.316334802367149914E-16, -1.608386623408234722E-17 ) ) ;
#1142 = ORIENTED_EDGE ( 'NONE', *, *, #278, .T. ) ;
#1143 = FILL_AREA_STYLE_COLOUR ( '', #4746 ) ;
#1144 = CARTESIAN_POINT ( 'NONE',  ( 0.1893337242646342400, 0.3760314408617059234, 0.4972307724367677761 ) ) ;
#1145 = VERTEX_POINT ( 'NONE', #1923 ) ;
#1146 = VECTOR ( 'NONE', #1032, 39.37007874015748143 ) ;
#1147 = EDGE_CURVE ( 'NONE', #4648, #7680, #6677, .T. ) ;
#1148 = EDGE_CURVE ( 'NONE', #10760, #3616, #10746, .T. ) ;
#1149 = VECTOR ( 'NONE', #2027, 39.37007874015748143 ) ;
#1150 = LINE ( 'NONE', #8348, #2029 ) ;
#1151 = PRESENTATION_STYLE_ASSIGNMENT (( #3996 ) ) ;
#1152 = PLANE ( 'NONE',  #5635 ) ;
#1153 = PRESENTATION_STYLE_ASSIGNMENT (( #6311 ) ) ;
#1154 = LINE ( 'NONE', #8993, #12998 ) ;
#1155 = VECTOR ( 'NONE', #6980, 39.37007874015748143 ) ;
#1156 = VERTEX_POINT ( 'NONE', #1652 ) ;
#1157 = VECTOR ( 'NONE', #5497, 39.37007874015748854 ) ;
#1158 = EDGE_CURVE ( 'NONE', #2925, #11571, #7735, .T. ) ;
#1159 = LINE ( 'NONE', #11140, #2214 ) ;
#1160 = CARTESIAN_POINT ( 'NONE',  ( 0.2916959289890401763, 0.1279999447987147654, 0.2019551818855940817 ) ) ;
#1161 = PRESENTATION_STYLE_ASSIGNMENT (( #10209 ) ) ;
#1162 = EDGE_CURVE ( 'NONE', #8807, #8861, #2702, .T. ) ;
#1163 = AXIS2_PLACEMENT_3D ( 'NONE', #5784, #752, #10922 ) ;
#1164 = VECTOR ( 'NONE', #2634, 39.37007874015748854 ) ;
#1165 =( REPRESENTATION_RELATIONSHIP ('NONE','NONE', #8881, #7017 ) REPRESENTATION_RELATIONSHIP_WITH_TRANSFORMATION ( #3985 )SHAPE_REPRESENTATION_RELATIONSHIP( ) );
#1166 = ORIENTED_EDGE ( 'NONE', *, *, #6420, .F. ) ;
#1167 = VERTEX_POINT ( 'NONE', #10809 ) ;
#1168 = CARTESIAN_POINT ( 'NONE',  ( 0.3743730943433673519, 0.05713380306642409229, 0.5228213236178701484 ) ) ;
#1169 = VERTEX_POINT ( 'NONE', #1723 ) ;
#1170 = ORIENTED_EDGE ( 'NONE', *, *, #531, .F. ) ;
#1171 = LINE ( 'NONE', #5326, #5955 ) ;
#1172 = VECTOR ( 'NONE', #9386, 39.37007874015748143 ) ;
#1173 = FILL_AREA_STYLE ('',( #3150 ) ) ;
#1174 = EDGE_CURVE ( 'NONE', #11356, #3426, #11953, .T. ) ;
#1175 = ORIENTED_EDGE ( 'NONE', *, *, #10185, .F. ) ;
#1176 = CARTESIAN_POINT ( 'NONE',  ( 0.2956329368630822851, 0.1279999447987059114, 0.3456559692871708500 ) ) ;
#1177 = DIRECTION ( 'NONE',  ( -0.4472135955003643804, 0.8944271909997126846, -1.293464547804779505E-16 ) ) ;
#1178 = ORIENTED_EDGE ( 'NONE', *, *, #1293, .T. ) ;
#1179 = AXIS2_PLACEMENT_3D ( 'NONE', #10939, #8914, #13010 ) ;
#1180 = FILL_AREA_STYLE ('',( #2127 ) ) ;
#1181 = VERTEX_POINT ( 'NONE', #716 ) ;
#1182 = LINE ( 'NONE', #12360, #9141 ) ;
#1183 = EDGE_CURVE ( 'NONE', #11112, #4015, #4742, .T. ) ;
#1184 = DIRECTION ( 'NONE',  ( 2.865203769218833733E-48, -8.220413448604588965E-18, 1.000000000000000000 ) ) ;
#1185 = ORIENTED_EDGE ( 'NONE', *, *, #2681, .T. ) ;
#1186 = DIRECTION ( 'NONE',  ( -1.000000000000000000, -3.518308117683324880E-16, -2.626713979715460250E-16 ) ) ;
#1187 = DIRECTION ( 'NONE',  ( -1.000000000000000000, -3.376070039848299626E-16, -2.359223927328455183E-16 ) ) ;
#1188 = EDGE_CURVE ( 'NONE', #880, #7159, #12890, .T. ) ;
#1189 = VECTOR ( 'NONE', #3625, 39.37007874015748143 ) ;
#1190 = PLANE ( 'NONE',  #184 ) ;
#1191 = EDGE_LOOP ( 'NONE', ( #2048, #9054, #12178, #4622 ) ) ;
#1192 =( NAMED_UNIT ( * ) PLANE_ANGLE_UNIT ( ) SI_UNIT ( $, .RADIAN. ) );
#1193 = CARTESIAN_POINT ( 'NONE',  ( 0.2326408108788161622, 0.1476849841687954967, 0.4732150244052676924 ) ) ;
#1194 = ORIENTED_EDGE ( 'NONE', *, *, #6024, .F. ) ;
#1195 = EDGE_LOOP ( 'NONE', ( #2447, #5939, #7143, #7683 ) ) ;
#1196 = FACE_OUTER_BOUND ( 'NONE', #10673, .T. ) ;
#1197 = ORIENTED_EDGE ( 'NONE', *, *, #8285, .F. ) ;
#1198 = DIRECTION ( 'NONE',  ( 3.376070039848299626E-16, -1.000000000000000000, 4.302114220422480115E-16 ) ) ;
#1199 = CARTESIAN_POINT ( 'NONE',  ( 0.1027195510362948899, 0.3583149054286425272, 0.1940811661375484443 ) ) ;
#1200 = EDGE_CURVE ( 'NONE', #5827, #8579, #2767, .T. ) ;
#1201 = VERTEX_POINT ( 'NONE', #5075 ) ;
#1202 = CARTESIAN_POINT ( 'NONE',  ( 0.2326408108788039775, 0.5295747479483235987, 0.4017583314918893866 ) ) ;
#1203 = VECTOR ( 'NONE', #9645, 39.37007874015748143 ) ;
#1204 = DIRECTION ( 'NONE',  ( 1.316334802367149914E-16, -1.000000000000000000, 1.526556658859589750E-16 ) ) ;
#1205 = ORIENTED_EDGE ( 'NONE', *, *, #5333, .T. ) ;
#1206 = LINE ( 'NONE', #5232, #10891 ) ;
#1207 = DIRECTION ( 'NONE',  ( 0.0000000000000000000, 0.0000000000000000000, 1.000000000000000000 ) ) ;
#1208 =( LENGTH_UNIT ( ) NAMED_UNIT ( * ) SI_UNIT ( $, .METRE. ) );
#1209 = VECTOR ( 'NONE', #11901, 39.37007874015748143 ) ;
#1210 = LINE ( 'NONE', #492, #3942 ) ;
#1211 = DIRECTION ( 'NONE',  ( -1.000000000000000000, -1.408738150179759833E-16, 6.014894242100889598E-18 ) ) ;
#1212 = DIRECTION ( 'NONE',  ( -1.000000000000000000, 0.0000000000000000000, 0.0000000000000000000 ) ) ;
#1213 = EDGE_CURVE ( 'NONE', #6683, #1931, #11030, .T. ) ;
#1214 = VERTEX_POINT ( 'NONE', #2856 ) ;
#1215 = ADVANCED_FACE ( 'NONE', ( #4088 ), #8128, .F. ) ;
#1216 = DIRECTION ( 'NONE',  ( 1.000000000000000000, 3.376070039848299626E-16, 2.359223927328455183E-16 ) ) ;
#1217 = CARTESIAN_POINT ( 'NONE',  ( 0.3625620707213386140, 0.1555589999168269788, 0.2515614810981767757 ) ) ;
#1218 = SURFACE_STYLE_FILL_AREA ( #5312 ) ;
#1219 = ORIENTED_EDGE ( 'NONE', *, *, #4195, .T. ) ;
#1220 = TOROIDAL_SURFACE ( 'NONE', #9947, 0.04724409448818897572, 0.007874015748031495954 ) ;
#1221 = CARTESIAN_POINT ( 'NONE',  ( 0.2221780689372488127, 0.4272125432239181064, 0.2905378590509232195 ) ) ;
#1222 = LINE ( 'NONE', #12338, #8761 ) ;
#1223 = EDGE_CURVE ( 'NONE', #640, #5770, #11160, .T. ) ;
#1224 = SURFACE_STYLE_USAGE ( .BOTH. , #10396 ) ;
#1225 = ORIENTED_EDGE ( 'NONE', *, *, #10355, .T. ) ;
#1226 = DIRECTION ( 'NONE',  ( 1.316334802367149914E-16, -1.000000000000000000, 1.526556658859589750E-16 ) ) ;
#1227 = VERTEX_POINT ( 'NONE', #13161 ) ;
#1228 = AXIS2_PLACEMENT_3D ( 'NONE', #3849, #2731, #8831 ) ;
#1229 = LINE ( 'NONE', #10098, #12359 ) ;
#1230 = EDGE_LOOP ( 'NONE', ( #2738, #8795, #4623, #5258 ) ) ;
#1231 = ORIENTED_EDGE ( 'NONE', *, *, #8951, .T. ) ;
#1232 = FACE_OUTER_BOUND ( 'NONE', #2028, .T. ) ;
#1233 =( CONVERSION_BASED_UNIT ( 'INCH', #6268 ) LENGTH_UNIT ( ) NAMED_UNIT ( #11597 ) );
#1234 = LINE ( 'NONE', #11468, #10929 ) ;
#1235 = CARTESIAN_POINT ( 'NONE',  ( 0.1164990785953285424, 0.3583149054286425272, 0.3456559692871649658 ) ) ;
#1236 = LINE ( 'NONE', #12620, #903 ) ;
#1237 = ORIENTED_EDGE ( 'NONE', *, *, #5741, .T. ) ;
#1238 = STYLED_ITEM ( 'NONE', ( #11872 ), #2026 ) ;
#1239 = FACE_OUTER_BOUND ( 'NONE', #669, .T. ) ;
#1241 = ADVANCED_FACE ( 'NONE', ( #10035 ), #6895, .F. ) ;
#1240 = DIRECTION ( 'NONE',  ( -3.518308117683324880E-16, 1.000000000000000000, -4.163336342344339985E-16 ) ) ;
#1242 = LINE ( 'NONE', #5265, #6488 ) ;
#1243 = EDGE_LOOP ( 'NONE', ( #3664, #8663, #4614, #5144 ) ) ;
#1244 = CARTESIAN_POINT ( 'NONE',  ( 0.2877589211150279325, 0.1988660865309964665, 0.1684906149564565081 ) ) ;
#1245 = CARTESIAN_POINT ( 'NONE',  ( 0.3625620707213386140, 0.1555589999168269788, 0.4102228984210118390 ) ) ;
#1246 = ADVANCED_FACE ( 'NONE', ( #6149 ), #56, .F. ) ;
#1247 = ORIENTED_EDGE ( 'NONE', *, *, #5520, .T. ) ;
#1248 = DIMENSIONAL_EXPONENTS ( 1.000000000000000000, 0.0000000000000000000, 0.0000000000000000000, 0.0000000000000000000, 0.0000000000000000000, 0.0000000000000000000, 0.0000000000000000000 ) ;
#1249 = AXIS2_PLACEMENT_3D ( 'NONE', #11991, #3723, #7769 ) ;
#1250 = LENGTH_MEASURE_WITH_UNIT ( LENGTH_MEASURE( 0.02539999999999999897 ), #4100 );
#1251 = DIRECTION ( 'NONE',  ( 1.608386623408229791E-17, 1.526556658859589750E-16, 1.000000000000000000 ) ) ;
#1252 = ORIENTED_EDGE ( 'NONE', *, *, #5461, .T. ) ;
#1253 = CARTESIAN_POINT ( 'NONE',  ( 0.3625620707213386140, 0.1476849841687954967, 0.4732150244052676924 ) ) ;
#1254 = EDGE_CURVE ( 'NONE', #4137, #11743, #10968, .T. ) ;
#1255 = FILL_AREA_STYLE ('',( #3234 ) ) ;
#1256 = PRESENTATION_LAYER_ASSIGNMENT (  '', '', ( #11246 ) ) ;
#1257 = EDGE_CURVE ( 'NONE', #12024, #6542, #12041, .T. ) ;
#1258 = LINE ( 'NONE', #5161, #3057 ) ;
#1259 = VERTEX_POINT ( 'NONE', #3833 ) ;
#1260 = EDGE_CURVE ( 'NONE', #6923, #4870, #1875, .T. ) ;
#1261 = ORIENTED_EDGE ( 'NONE', *, *, #3982, .T. ) ;
#1262 = DIRECTION ( 'NONE',  ( -1.000000000000000000, 0.0000000000000000000, 0.0000000000000000000 ) ) ;
#1263 = ORIENTED_EDGE ( 'NONE', *, *, #7013, .T. ) ;
#1264 = CARTESIAN_POINT ( 'NONE',  ( 0.1444518345008675153, 0.05713380306640645362, 0.4515614810981850025 ) ) ;
#1265 = CARTESIAN_POINT ( 'NONE',  ( 0.07712899985517106261, 0.7897218048774075072, 0.3161284102320469080 ) ) ;
#1266 = ORIENTED_EDGE ( 'NONE', *, *, #12727, .F. ) ;
#1267 = VECTOR ( 'NONE', #11320, 39.37007874015748143 ) ;
#1268 = VECTOR ( 'NONE', #2754, 39.37007874015748143 ) ;
#1269 = CARTESIAN_POINT ( 'NONE',  ( 0.03972742505202851021, 0.2185511259010751717, 0.3614040007832315382 ) ) ;
#1270 = CARTESIAN_POINT ( 'NONE',  ( 0.2074316406699111548, 0.5295747119667452152, 0.4243961267674756233 ) ) ;
#1271 = ORIENTED_EDGE ( 'NONE', *, *, #40, .F. ) ;
#1272 = ORIENTED_EDGE ( 'NONE', *, *, #5532, .T. ) ;
#1273 = LINE ( 'NONE', #10316, #6403 ) ;
#1274 = ADVANCED_FACE ( 'NONE', ( #5018 ), #7016, .F. ) ;
#1275 = CARTESIAN_POINT ( 'NONE',  ( 0.2483888423748476515, 0.7897218048774075072, 0.4007740795233795117 ) ) ;
#1276 = CARTESIAN_POINT ( 'NONE',  ( 0.3625620707213386140, 0.1555589999168269788, 0.4102228984210118390 ) ) ;
#1277 = MECHANICAL_DESIGN_GEOMETRIC_PRESENTATION_REPRESENTATION (  '', ( #869 ), #1510 ) ;
#1278 = VECTOR ( 'NONE', #26, 39.37007874015748143 ) ;
#1279 = CARTESIAN_POINT ( 'NONE',  ( 0.2405148266268504198, 0.3760314408617055348, 0.4322701425155078825 ) ) ;
#1280 = LINE ( 'NONE', #6185, #10621 ) ;
#1281 = DIRECTION ( 'NONE',  ( 1.356991020290373981E-16, -1.000000000000000000, 3.469446951953615175E-16 ) ) ;
#1282 = VERTEX_POINT ( 'NONE', #7079 ) ;
#1283 = LINE ( 'NONE', #12523, #1585 ) ;
#1284 = CARTESIAN_POINT ( 'NONE',  ( 0.3625620707213386140, 0.3130393148774570644, 0.2850260480273070773 ) ) ;
#1285 = ORIENTED_EDGE ( 'NONE', *, *, #3735, .T. ) ;
#1286 = AXIS2_PLACEMENT_3D ( 'NONE', #598, #4487, #7681 ) ;
#1287 = FACE_OUTER_BOUND ( 'NONE', #3485, .T. ) ;
#1288 = EDGE_LOOP ( 'NONE', ( #4141, #2180, #1812, #12565, #1836, #5891, #7340, #6251 ) ) ;
#1289 =( GEOMETRIC_REPRESENTATION_CONTEXT ( 3 ) GLOBAL_UNCERTAINTY_ASSIGNED_CONTEXT ( ( #13126 ) ) GLOBAL_UNIT_ASSIGNED_CONTEXT ( ( #6232, #9293, #8268 ) ) REPRESENTATION_CONTEXT ( 'NONE', 'WORKASPACE' ) );
#1290 = CARTESIAN_POINT ( 'NONE',  ( 0.3940581337134496653, 0.05713380306642409229, 0.1684906149564565081 ) ) ;
#1291 = EDGE_CURVE ( 'NONE', #2368, #1469, #7884, .T. ) ;
#1292 = DIRECTION ( 'NONE',  ( 1.000000000000000000, -1.937287448275559661E-17, 0.0000000000000000000 ) ) ;
#1293 = EDGE_CURVE ( 'NONE', #12369, #9931, #10281, .T. ) ;
#1294 = LINE ( 'NONE', #1503, #1172 ) ;
#1295 = DIRECTION ( 'NONE',  ( 1.316334802367149914E-16, -1.000000000000000000, 1.526556658859589750E-16 ) ) ;
#1296 = ORIENTED_EDGE ( 'NONE', *, *, #7196, .T. ) ;
#1297 = VECTOR ( 'NONE', #7468, 39.37007874015748143 ) ;
#1298 = ORIENTED_EDGE ( 'NONE', *, *, #100, .T. ) ;
#1299 = LINE ( 'NONE', #5323, #8079 ) ;
#1300 = ORIENTED_EDGE ( 'NONE', *, *, #9619, .F. ) ;
#1301 = EDGE_LOOP ( 'NONE', ( #709, #12678, #4579, #10047 ) ) ;
#1302 = DIRECTION ( 'NONE',  ( -3.518308117683323894E-16, 1.000000000000000000, -4.163336342344335547E-16 ) ) ;
#1303 = FACE_OUTER_BOUND ( 'NONE', #1243, .T. ) ;
#1304 = VERTEX_POINT ( 'NONE', #9464 ) ;
#1305 = DIRECTION ( 'NONE',  ( 1.174096724532128111E-16, -1.000000000000000000, 1.665334536937734811E-16 ) ) ;
#1306 = CARTESIAN_POINT ( 'NONE',  ( 0.1558691573354936966, 0.3091023070034267795, 0.4515614810981850025 ) ) ;
#1307 = VECTOR ( 'NONE', #2647, 39.37007874015748143 ) ;
#1308 = VECTOR ( 'NONE', #11839, 39.37007874015748143 ) ;
#1309 = CARTESIAN_POINT ( 'NONE',  ( 0.3625620707213386140, 0.3760314408617052018, 0.4259709299170676977 ) ) ;
#1310 = ORIENTED_EDGE ( 'NONE', *, *, #5976, .T. ) ;
#1311 = DIRECTION ( 'NONE',  ( 0.0000000000000000000, -8.220413448604739958E-18, 1.000000000000000000 ) ) ;
#1312 = ORIENTED_EDGE ( 'NONE', *, *, #12320, .F. ) ;
#1313 = VECTOR ( 'NONE', #1439, 39.37007874015748143 ) ;
#1314 = DIRECTION ( 'NONE',  ( 0.0000000000000000000, 8.220413448604739958E-18, -1.000000000000000000 ) ) ;
#1315 = LINE ( 'NONE', #4345, #12351 ) ;
#1316 =( GEOMETRIC_REPRESENTATION_CONTEXT ( 3 ) GLOBAL_UNCERTAINTY_ASSIGNED_CONTEXT ( ( #11497 ) ) GLOBAL_UNIT_ASSIGNED_CONTEXT ( ( #2108, #11144, #10210 ) ) REPRESENTATION_CONTEXT ( 'NONE', 'WORKASPACE' ) );
#1317 = EDGE_LOOP ( 'NONE', ( #10116, #10877, #11286, #4897 ) ) ;
#1318 = DIRECTION ( 'NONE',  ( -1.937287448275559661E-17, -1.000000000000000000, -8.220413448604588965E-18 ) ) ;
#1319 = DIRECTION ( 'NONE',  ( 3.518308117683324880E-16, -1.000000000000000000, 4.163336342344335054E-16 ) ) ;
#1320 = SURFACE_STYLE_FILL_AREA ( #9345 ) ;
#1321 = ADVANCED_FACE ( 'NONE', ( #1376 ), #1220, .T. ) ;
#1322 = DIRECTION ( 'NONE',  ( 3.518308117683324880E-16, -1.000000000000000000, 4.163336342344335054E-16 ) ) ;
#1323 = ORIENTED_EDGE ( 'NONE', *, *, #11567, .F. ) ;
#1324 = PLANE ( 'NONE',  #11080 ) ;
#1325 = LENGTH_MEASURE_WITH_UNIT ( LENGTH_MEASURE( 0.02539999999999999897 ), #11360 );
#1326 = ADVANCED_FACE ( 'NONE', ( #371 ), #2241, .F. ) ;
#1327 = AXIS2_PLACEMENT_3D ( 'NONE', #5592, #2551, #10660 ) ;
#1328 = CARTESIAN_POINT ( 'NONE',  ( 0.2326408108788039775, 0.5728818345624920871, 0.2895536070824404895 ) ) ;
#1329 = EDGE_LOOP ( 'NONE', ( #1612, #12444, #1741, #8809 ) ) ;
#1330 = ORIENTED_EDGE ( 'NONE', *, *, #8301, .F. ) ;
#1331 = PLANE ( 'NONE',  #7852 ) ;
#1332 = ORIENTED_EDGE ( 'NONE', *, *, #2942, .T. ) ;
#1333 = CARTESIAN_POINT ( 'NONE',  ( 0.1090187636347222516, 0.08862986605856654210, 0.4397504574761377794 ) ) ;
#1334 = STYLED_ITEM ( 'NONE', ( #1392 ), #10769 ) ;
#1335 = DIRECTION ( 'NONE',  ( 0.0000000000000000000, 0.0000000000000000000, -1.000000000000000000 ) ) ;
#1336 = EDGE_LOOP ( 'NONE', ( #9187, #2565, #8745, #8057 ) ) ;
#1337 = PRESENTATION_LAYER_ASSIGNMENT (  '', '', ( #11109 ) ) ;
#1338 = DIRECTION ( 'NONE',  ( 1.316334802367149914E-16, -1.000000000000000000, 1.526556658859589750E-16 ) ) ;
#1339 = DIRECTION ( 'NONE',  ( -2.359223927328455183E-16, 3.885780586188049864E-16, 1.000000000000000000 ) ) ;
#1340 = ORIENTED_EDGE ( 'NONE', *, *, #4113, .F. ) ;
#1341 = EDGE_CURVE ( 'NONE', #954, #5819, #10472, .T. ) ;
#1342 = ORIENTED_EDGE ( 'NONE', *, *, #1131, .F. ) ;
#1343 = CARTESIAN_POINT ( 'NONE',  ( 0.2208297872567575038, 0.05713380306641543255, 0.2515614810981878224 ) ) ;
#1344 = AXIS2_PLACEMENT_3D ( 'NONE', #1109, #5135, #10278 ) ;
#1345 = CARTESIAN_POINT ( 'NONE',  ( 0.08454874546390196699, 0.2776062440113113983, 0.4443840128970992231 ) ) ;
#1346 = AXIS2_PLACEMENT_3D ( 'NONE', #2485, #8232, #4321 ) ;
#1347 = FILL_AREA_STYLE_COLOUR ( '', #2885 ) ;
#1348 = DIRECTION ( 'NONE',  ( -1.000000000000000000, -1.174096724532128111E-16, 4.283287147278279229E-17 ) ) ;
#1349 = DIRECTION ( 'NONE',  ( 1.000000000000000000, 1.174096724532128111E-16, -4.283287147278279229E-17 ) ) ;
#1350 = LINE ( 'NONE', #12327, #12119 ) ;
#1351 = EDGE_CURVE ( 'NONE', #3917, #3634, #7329, .T. ) ;
#1352 = ORIENTED_EDGE ( 'NONE', *, *, #8854, .T. ) ;
#1353 = VECTOR ( 'NONE', #3135, 39.37007874015748143 ) ;
#1354 = DIRECTION ( 'NONE',  ( 0.7071067811865510144, -0.7071067811865440200, 0.0000000000000000000 ) ) ;
#1355 = DIRECTION ( 'NONE',  ( -0.0000000000000000000, -1.000000000000000000, -0.0000000000000000000 ) ) ;
#1356 = EDGE_CURVE ( 'NONE', #12554, #2490, #11469, .T. ) ;
#1357 = AXIS2_PLACEMENT_3D ( 'NONE', #12387, #3250, #1207 ) ;
#1358 = DIRECTION ( 'NONE',  ( 0.0000000000000000000, 0.0000000000000000000, 1.000000000000000000 ) ) ;
#1359 = ORIENTED_EDGE ( 'NONE', *, *, #12051, .F. ) ;
#1360 = DIRECTION ( 'NONE',  ( 0.0000000000000000000, -8.220413448604739958E-18, 1.000000000000000000 ) ) ;
#1361 = SURFACE_STYLE_USAGE ( .BOTH. , #5527 ) ;
#1362 = CARTESIAN_POINT ( 'NONE',  ( 0.3385463226898373645, -0.07278745677610237719, 0.4397504574761377794 ) ) ;
#1363 = COLOUR_RGB ( '',0.7529411764705882248, 0.7529411764705882248, 0.0000000000000000000 ) ;
#1364 = DIRECTION ( 'NONE',  ( 1.000000000000000000, 1.174096724532128111E-16, -4.283287147278279229E-17 ) ) ;
#1365 = VERTEX_POINT ( 'NONE', #7197 ) ;
#1366 = VECTOR ( 'NONE', #147, 39.37007874015748143 ) ;
#1367 = CARTESIAN_POINT ( 'NONE',  ( 0.2221780689370913553, -0.07318115756351298296, 0.4007740795233771802 ) ) ;
#1368 = VERTEX_POINT ( 'NONE', #8442 ) ;
#1369 = FACE_OUTER_BOUND ( 'NONE', #3164, .T. ) ;
#1370 = EDGE_LOOP ( 'NONE', ( #12963, #9767, #6203, #9493 ) ) ;
#1371 = ORIENTED_EDGE ( 'NONE', *, *, #6224, .T. ) ;
#1372 = CARTESIAN_POINT ( 'NONE',  ( 0.1558691573354936966, 0.3091023070034267795, 0.4515614810981850025 ) ) ;
#1373 = ORIENTED_EDGE ( 'NONE', *, *, #7636, .T. ) ;
#1374 = EDGE_CURVE ( 'NONE', #4018, #974, #11542, .T. ) ;
#1375 = DIRECTION ( 'NONE',  ( 1.000000000000000000, 0.0000000000000000000, 0.0000000000000000000 ) ) ;
#1376 = FACE_OUTER_BOUND ( 'NONE', #6536, .T. ) ;
#1377 = DIRECTION ( 'NONE',  ( 0.0000000000000000000, 8.220413448604739958E-18, -1.000000000000000000 ) ) ;
#1378 = PRODUCT_DEFINITION_SHAPE ( 'NONE', 'NONE',  #6586 ) ;
#1379 =( GEOMETRIC_REPRESENTATION_CONTEXT ( 3 ) GLOBAL_UNCERTAINTY_ASSIGNED_CONTEXT ( ( #9217 ) ) GLOBAL_UNIT_ASSIGNED_CONTEXT ( ( #12239, #12294, #59 ) ) REPRESENTATION_CONTEXT ( 'NONE', 'WORKASPACE' ) );
#1380 = CARTESIAN_POINT ( 'NONE',  ( 0.3468140392252720416, 0.3130393148774570644, 0.4062858905469889370 ) ) ;
#1381 = EDGE_LOOP ( 'NONE', ( #6294, #8983, #1330, #564 ) ) ;
#1382 = DIRECTION ( 'NONE',  ( -1.316334802367149914E-16, 1.000000000000000000, -1.526556658859589750E-16 ) ) ;
#1383 = CARTESIAN_POINT ( 'NONE',  ( 0.07122348804415806756, 0.3957164802317834629, 0.5228213236178701484 ) ) ;
#1384 = CARTESIAN_POINT ( 'NONE',  ( 0.2444518345008484528, 0.05713380306641543255, 0.2397504574761405716 ) ) ;
#1385 = ORIENTED_EDGE ( 'NONE', *, *, #10896, .T. ) ;
#1386 = VECTOR ( 'NONE', #1473, 39.37007874015748143 ) ;
#1387 = ORIENTED_EDGE ( 'NONE', *, *, #13140, .F. ) ;
#1388 = CARTESIAN_POINT ( 'NONE',  ( 0.3330345116662205007, 0.1555589999168271731, 0.4397504574761377794 ) ) ;
#1389 =( CONVERSION_BASED_UNIT ( 'INCH', #10486 ) LENGTH_UNIT ( ) NAMED_UNIT ( #4617 ) );
#1390 = ORIENTED_EDGE ( 'NONE', *, *, #4236, .F. ) ;
#1391 = DIRECTION ( 'NONE',  ( -4.283287147278279229E-17, -1.665334536937734811E-16, -1.000000000000000000 ) ) ;
#1392 = PRESENTATION_STYLE_ASSIGNMENT (( #6486 ) ) ;
#1393 = EDGE_CURVE ( 'NONE', #9703, #7949, #2434, .T. ) ;
#1394 = CARTESIAN_POINT ( 'NONE',  ( 0.2221780689370909390, 0.1988660865309976600, 0.2905378590509531400 ) ) ;
#1395 = EDGE_CURVE ( 'NONE', #5901, #9380, #9331, .T. ) ;
#1396 =( CONVERSION_BASED_UNIT ( 'INCH', #10421 ) LENGTH_UNIT ( ) NAMED_UNIT ( #10659 ) );
#1397 = DIRECTION ( 'NONE',  ( -2.865203769218833733E-48, 8.220413448604588965E-18, -1.000000000000000000 ) ) ;
#1398 = EDGE_LOOP ( 'NONE', ( #8201, #5732, #11385, #12903, #2324 ) ) ;
#1399 = DIRECTION ( 'NONE',  ( 3.518308117683324880E-16, -1.000000000000000000, 4.163336342344335054E-16 ) ) ;
#1400 = COLOUR_RGB ( '',0.7529411764705882248, 0.7529411764705882248, 0.0000000000000000000 ) ;
#1401 = LINE ( 'NONE', #2200, #10093 ) ;
#1402 = ORIENTED_EDGE ( 'NONE', *, *, #3851, .F. ) ;
#1403 = EDGE_CURVE ( 'NONE', #1523, #842, #8308, .T. ) ;
#1404 = ORIENTED_EDGE ( 'NONE', *, *, #10456, .F. ) ;
#1405 = CARTESIAN_POINT ( 'NONE',  ( 0.2405148266268504198, 0.1555589999168269788, 0.2456559692871496114 ) ) ;
#1406 = CARTESIAN_POINT ( 'NONE',  ( 0.2326408108788039775, 0.08862986605855728561, 0.5228213236178701484 ) ) ;
#1407 = VERTEX_POINT ( 'NONE', #3343 ) ;
#1408 = DIRECTION ( 'NONE',  ( 0.0000000000000000000, -1.000000000000000000, 0.0000000000000000000 ) ) ;
#1409 = CARTESIAN_POINT ( 'NONE',  ( 0.2090187636347251854, 0.08862986605855749378, 0.3456559692871708500 ) ) ;
#1410 = ORIENTED_EDGE ( 'NONE', *, *, #1919, .T. ) ;
#1411 = EDGE_CURVE ( 'NONE', #8021, #5401, #7396, .T. ) ;
#1412 = CARTESIAN_POINT ( 'NONE',  ( 0.1558691573354860360, 0.7897218048774075072, 0.3456559692871649658 ) ) ;
#1413 = CARTESIAN_POINT ( 'NONE',  ( 0.3389400234772338982, 0.3760314408617052018, 0.2905378590509433145 ) ) ;
#1414 = VERTEX_POINT ( 'NONE', #3752 ) ;
#1415 = ORIENTED_EDGE ( 'NONE', *, *, #5844, .T. ) ;
#1416 = VECTOR ( 'NONE', #2101, 39.37007874015748143 ) ;
#1417 = SURFACE_SIDE_STYLE ('',( #8412 ) ) ;
#1418 = LINE ( 'NONE', #3315, #5811 ) ;
#1419 = CARTESIAN_POINT ( 'NONE',  ( 0.3468140392252720416, 0.1555589999168269788, 0.2102228984210153528 ) ) ;
#1420 = LINE ( 'NONE', #11442, #6785 ) ;
#1421 = EDGE_CURVE ( 'NONE', #7360, #805, #1446, .T. ) ;
#1422 = CYLINDRICAL_SURFACE ( 'NONE', #3814, 0.02952755905511810289 ) ;
#1423 = COLOUR_RGB ( '',0.7529411764705882248, 0.7529411764705882248, 0.0000000000000000000 ) ;
#1424 = ORIENTED_EDGE ( 'NONE', *, *, #8607, .T. ) ;
#1425 = EDGE_CURVE ( 'NONE', #4130, #8861, #9720, .T. ) ;
#1426 = DIRECTION ( 'NONE',  ( 1.000000000000000000, 0.0000000000000000000, 0.0000000000000000000 ) ) ;
#1427 = LINE ( 'NONE', #498, #7539 ) ;
#1428 = CARTESIAN_POINT ( 'NONE',  ( 0.2916959289890523888, 0.1437479762947814765, 0.3456559692871527534 ) ) ;
#1429 = ORIENTED_EDGE ( 'NONE', *, *, #9421, .T. ) ;
#1430 = FACE_OUTER_BOUND ( 'NONE', #8278, .T. ) ;
#1431 = EDGE_CURVE ( 'NONE', #145, #3428, #9534, .T. ) ;
#1432 =( NAMED_UNIT ( * ) PLANE_ANGLE_UNIT ( ) SI_UNIT ( $, .RADIAN. ) );
#1433 = LINE ( 'NONE', #1362, #8569 ) ;
#1434 = PLANE ( 'NONE',  #6135 ) ;
#1435 = EDGE_CURVE ( 'NONE', #4714, #1227, #9817, .T. ) ;
#1436 = EDGE_CURVE ( 'NONE', #3271, #4266, #11747, .T. ) ;
#1437 = DIRECTION ( 'NONE',  ( -1.592530379361727744E-34, -8.220413448604588965E-18, 1.000000000000000000 ) ) ;
#1438 = ORIENTED_EDGE ( 'NONE', *, *, #798, .T. ) ;
#1439 = DIRECTION ( 'NONE',  ( 0.0000000000000000000, 0.0000000000000000000, -1.000000000000000000 ) ) ;
#1440 = ORIENTED_EDGE ( 'NONE', *, *, #6285, .T. ) ;
#1441 = ORIENTED_EDGE ( 'NONE', *, *, #2876, .F. ) ;
#1442 = DIRECTION ( 'NONE',  ( -1.000000000000000000, 0.0000000000000000000, 0.0000000000000000000 ) ) ;
#1443 = COLOUR_RGB ( '',0.7529411764705882248, 0.7529411764705882248, 0.0000000000000000000 ) ;
#1444 = ORIENTED_EDGE ( 'NONE', *, *, #8288, .F. ) ;
#1445 = CARTESIAN_POINT ( 'NONE',  ( 0.07319199198116595195, 0.1476849841687968568, 0.1901441582635393646 ) ) ;
#1446 = LINE ( 'NONE', #5474, #2288 ) ;
#1447 = LINE ( 'NONE', #1790, #3967 ) ;
#1448 = DIRECTION ( 'NONE',  ( -0.7071067811865440200, -0.7071067811865510144, 0.0000000000000000000 ) ) ;
#1449 = ORIENTED_EDGE ( 'NONE', *, *, #2801, .T. ) ;
#1450 =( LENGTH_UNIT ( ) NAMED_UNIT ( * ) SI_UNIT ( $, .METRE. ) );
#1451 = STYLED_ITEM ( 'NONE', ( #12350 ), #1326 ) ;
#1452 = CARTESIAN_POINT ( 'NONE',  ( 0.2726091976981878107, -0.07318115756351298296, 0.3062858905470074999 ) ) ;
#1453 = EDGE_CURVE ( 'NONE', #9300, #9359, #5670, .T. ) ;
#1454 = FACE_OUTER_BOUND ( 'NONE', #11214, .T. ) ;
#1455 = ORIENTED_EDGE ( 'NONE', *, *, #7217, .F. ) ;
#1456 = EDGE_LOOP ( 'NONE', ( #9125, #2081, #10947, #12401, #12898, #7105, #12500, #7943, #1252, #8697 ) ) ;
#1457 = CARTESIAN_POINT ( 'NONE',  ( 0.2385463226898389966, -0.07278745677610237719, 0.4515614810981850025 ) ) ;
#1458 = LINE ( 'NONE', #2577, #10642 ) ;
#1459 = EDGE_LOOP ( 'NONE', ( #656, #6214, #6904, #10913 ) ) ;
#1460 = CARTESIAN_POINT ( 'NONE',  ( 0.1164990785953285424, 0.7897218048774075072, 0.4677032133816496073 ) ) ;
#1461 = PLANE ( 'NONE',  #10254 ) ;
#1462 = CARTESIAN_POINT ( 'NONE',  ( 0.3807328762937055022, 0.1988660865309964665, 0.4443840128970992231 ) ) ;
#1463 = VECTOR ( 'NONE', #463, 39.37007874015748143 ) ;
#1464 = CARTESIAN_POINT ( 'NONE',  ( 0.2483888423748523422, 0.3583149054286425272, 0.4677032133816496073 ) ) ;
#1465 = ORIENTED_EDGE ( 'NONE', *, *, #12932, .F. ) ;
#1466 = DIRECTION ( 'NONE',  ( 1.000000000000000000, -1.937287448275559661E-17, 0.0000000000000000000 ) ) ;
#1467 = EDGE_CURVE ( 'NONE', #7952, #3323, #715, .T. ) ;
#1468 = DIRECTION ( 'NONE',  ( 3.376070039848298640E-16, -1.000000000000000000, 4.302114220422480608E-16 ) ) ;
#1469 = VERTEX_POINT ( 'NONE', #6739 ) ;
#1470 = EDGE_CURVE ( 'NONE', #2625, #9063, #10785, .T. ) ;
#1471 = AXIS2_PLACEMENT_3D ( 'NONE', #7560, #10716, #9503 ) ;
#1472 = DIRECTION ( 'NONE',  ( 1.000000000000000000, 0.0000000000000000000, 0.0000000000000000000 ) ) ;
#1473 = DIRECTION ( 'NONE',  ( 4.283287147278279229E-17, 1.665334536937734811E-16, 1.000000000000000000 ) ) ;
#1474 = CARTESIAN_POINT ( 'NONE',  ( 0.3212234880441705021, 0.1437479762947814765, 0.3456559692871527534 ) ) ;
#1475 = LINE ( 'NONE', #11705, #5119 ) ;
#1476 = DIRECTION ( 'NONE',  ( 0.0000000000000000000, 0.0000000000000000000, 1.000000000000000000 ) ) ;
#1477 = DIRECTION ( 'NONE',  ( -0.5547001962250837082, 0.0000000000000000000, 0.8320502943379406435 ) ) ;
#1478 = DIRECTION ( 'NONE',  ( 1.000000000000000000, -1.937287448275559661E-17, 0.0000000000000000000 ) ) ;
#1479 = ORIENTED_EDGE ( 'NONE', *, *, #2528, .T. ) ;
#1480 = VECTOR ( 'NONE', #5987, 39.37007874015748143 ) ;
#1481 = FILL_AREA_STYLE_COLOUR ( '', #10600 ) ;
#1482 = DIRECTION ( 'NONE',  ( 0.0000000000000000000, 0.0000000000000000000, -1.000000000000000000 ) ) ;
#1483 = DIRECTION ( 'NONE',  ( 1.000000000000000000, 0.0000000000000000000, 0.0000000000000000000 ) ) ;
#1484 = CARTESIAN_POINT ( 'NONE',  ( 0.3920896297764417393, 0.4297564560040102455, 0.2505015174397472455 ) ) ;
#1485 = DIRECTION ( 'NONE',  ( 1.000000000000000000, 0.0000000000000000000, 0.0000000000000000000 ) ) ;
#1486 = FACE_OUTER_BOUND ( 'NONE', #11082, .T. ) ;
#1487 = AXIS2_PLACEMENT_3D ( 'NONE', #13085, #1912, #10259 ) ;
#1488 = LINE ( 'NONE', #6648, #2967 ) ;
#1489 = PRESENTATION_LAYER_ASSIGNMENT (  '', '', ( #5269 ) ) ;
#1490 = ORIENTED_EDGE ( 'NONE', *, *, #5173, .F. ) ;
#1491 = CARTESIAN_POINT ( 'NONE',  ( 0.07712899985517106261, 0.7897218048774075072, 0.3751835283422830791 ) ) ;
#1492 = CARTESIAN_POINT ( 'NONE',  ( 0.08106600772921163101, 0.1555589999168269788, 0.5011677803107859042 ) ) ;
#1493 = ORIENTED_EDGE ( 'NONE', *, *, #2818, .F. ) ;
#1494 = DIRECTION ( 'NONE',  ( 1.937287448275559661E-17, 1.000000000000000000, 8.220413448604588965E-18 ) ) ;
#1495 = ORIENTED_EDGE ( 'NONE', *, *, #461, .F. ) ;
#1497 = EDGE_CURVE ( 'NONE', #1851, #7759, #3487, .T. ) ;
#1496 = DIMENSIONAL_EXPONENTS ( 1.000000000000000000, 0.0000000000000000000, 0.0000000000000000000, 0.0000000000000000000, 0.0000000000000000000, 0.0000000000000000000, 0.0000000000000000000 ) ;
#1498 = VECTOR ( 'NONE', #4587, 39.37007874015748143 ) ;
#1499 = CARTESIAN_POINT ( 'NONE',  ( 0.3586250628473003355, 0.3760314408617052018, 0.3850260480273224872 ) ) ;
#1500 = VECTOR ( 'NONE', #12140, 39.37007874015748143 ) ;
#1501 = CARTESIAN_POINT ( 'NONE',  ( 0.1027195510362938907, 0.1476849841687954967, 0.3456559692871708500 ) ) ;
#1502 = ADVANCED_FACE ( 'NONE', ( #9679 ), #11819, .F. ) ;
#1503 = CARTESIAN_POINT ( 'NONE',  ( 0.2405148266268504198, 0.3091023070034267795, 0.4456559692871464584 ) ) ;
#1504 = DIRECTION ( 'NONE',  ( -1.000000000000000000, 0.0000000000000000000, 0.0000000000000000000 ) ) ;
#1505 = CARTESIAN_POINT ( 'NONE',  ( 0.1385463226898582811, -0.07278745677611142550, 0.2515614810981878224 ) ) ;
#1506 = ORIENTED_EDGE ( 'NONE', *, *, #821, .F. ) ;
#1507 = DIRECTION ( 'NONE',  ( 2.865203769218833733E-48, -8.220413448604588965E-18, 1.000000000000000000 ) ) ;
#1508 = ORIENTED_EDGE ( 'NONE', *, *, #11098, .T. ) ;
#1509 = ORIENTED_EDGE ( 'NONE', *, *, #8032, .T. ) ;
#1510 =( GEOMETRIC_REPRESENTATION_CONTEXT ( 3 ) GLOBAL_UNCERTAINTY_ASSIGNED_CONTEXT ( ( #8150 ) ) GLOBAL_UNIT_ASSIGNED_CONTEXT ( ( #9778, #4502, #680 ) ) REPRESENTATION_CONTEXT ( 'NONE', 'WORKASPACE' ) );
#1511 = CARTESIAN_POINT ( 'NONE',  ( 0.3468140392252720416, 0.3130393148774570644, 0.4515614810981740113 ) ) ;
#1512 = VECTOR ( 'NONE', #4518, 39.37007874015748143 ) ;
#1513 = ORIENTED_EDGE ( 'NONE', *, *, #2072, .F. ) ;
#1514 = ADVANCED_FACE ( 'NONE', ( #5743 ), #6602, .F. ) ;
#1515 =( NAMED_UNIT ( * ) SI_UNIT ( $, .STERADIAN. ) SOLID_ANGLE_UNIT ( ) );
#1516 = EDGE_CURVE ( 'NONE', #124, #5287, #8895, .T. ) ;
#1517 = CARTESIAN_POINT ( 'NONE',  ( 0.2405148266268504198, 0.2264251416491177282, 0.4515614810981740113 ) ) ;
#1518 = EDGE_LOOP ( 'NONE', ( #10067, #9, #4220, #12647, #6189, #1285, #12766, #7942, #7058, #6029 ) ) ;
#1519 = COLOUR_RGB ( '',0.7529411764705882248, 0.7529411764705882248, 0.0000000000000000000 ) ;
#1520 = AXIS2_PLACEMENT_3D ( 'NONE', #11004, #6188, #7982 ) ;
#1521 = LINE ( 'NONE', #1452, #9798 ) ;
#1522 = ORIENTED_EDGE ( 'NONE', *, *, #3422, .F. ) ;
#1523 = VERTEX_POINT ( 'NONE', #11783 ) ;
#1524 = DIRECTION ( 'NONE',  ( 3.007447121050439791E-18, 2.498001805406600244E-16, 1.000000000000000000 ) ) ;
#1525 = EDGE_LOOP ( 'NONE', ( #2845, #9961, #4054, #3939, #10484, #2320, #9368, #4259 ) ) ;
#1526 = EDGE_LOOP ( 'NONE', ( #6174, #8594, #2983, #6427 ) ) ;
#1527 = FILL_AREA_STYLE ('',( #3498 ) ) ;
#1528 = PLANE ( 'NONE',  #1784 ) ;
#1529 = CARTESIAN_POINT ( 'NONE',  ( 0.3330345116662205007, 0.1555589999168271731, 0.4062465204682488285 ) ) ;
#1530 = AXIS2_PLACEMENT_3D ( 'NONE', #2953, #6013, #9813 ) ;
#1531 = DIRECTION ( 'NONE',  ( 1.000000000000000000, 0.0000000000000000000, 0.0000000000000000000 ) ) ;
#1532 = ORIENTED_EDGE ( 'NONE', *, *, #2213, .F. ) ;
#1533 = EDGE_CURVE ( 'NONE', #8223, #3302, #5850, .T. ) ;
#1534 = DIRECTION ( 'NONE',  ( 3.007447121050439791E-18, 2.498001805406600244E-16, 1.000000000000000000 ) ) ;
#1535 = VECTOR ( 'NONE', #3045, 39.37007874015748143 ) ;
#1536 = CARTESIAN_POINT ( 'NONE',  ( 0.3645305746583386020, 0.4575997454093465033, 0.3456559692871649658 ) ) ;
#1537 = VERTEX_POINT ( 'NONE', #8687 ) ;
#1538 = UNCERTAINTY_MEASURE_WITH_UNIT (LENGTH_MEASURE( 1.000000000000000082E-05 ), #5159, 'distance_accuracy_value', 'NONE');
#1539 = CIRCLE ( 'NONE', #4253, 0.05511811023622047861 ) ;
#1540 = CARTESIAN_POINT ( 'NONE',  ( 0.09090852741424035321, 0.05713380306642416862, 0.5011677803107913443 ) ) ;
#1541 = VERTEX_POINT ( 'NONE', #7768 ) ;
#1542 = FILL_AREA_STYLE_COLOUR ( '', #1073 ) ;
#1543 = LINE ( 'NONE', #6634, #12802 ) ;
#1544 = FACE_OUTER_BOUND ( 'NONE', #1336, .T. ) ;
#1545 = AXIS2_PLACEMENT_3D ( 'NONE', #13035, #8302, #7254 ) ;
#1546 = DIRECTION ( 'NONE',  ( 1.000000000000000000, 0.0000000000000000000, 0.0000000000000000000 ) ) ;
#1547 = EDGE_CURVE ( 'NONE', #4233, #4290, #806, .T. ) ;
#1548 = ADVANCED_FACE ( 'NONE', ( #2668 ), #1821, .F. ) ;
#1549 = AXIS2_PLACEMENT_3D ( 'NONE', #6195, #12402, #10327 ) ;
#1550 = EDGE_LOOP ( 'NONE', ( #3811, #11244, #643, #6916, #2956, #11170, #3156 ) ) ;
#1551 = CARTESIAN_POINT ( 'NONE',  ( 0.1361841179654072753, 0.1988660865309976600, 0.4224276228305008374 ) ) ;
#1552 = PLANE ( 'NONE',  #2189 ) ;
#1553 = FACE_OUTER_BOUND ( 'NONE', #4297, .T. ) ;
#1554 = DIRECTION ( 'NONE',  ( -1.174096724532128111E-16, 1.000000000000000000, -1.665334536937734811E-16 ) ) ;
#1555 =( GEOMETRIC_REPRESENTATION_CONTEXT ( 3 ) GLOBAL_UNCERTAINTY_ASSIGNED_CONTEXT ( ( #7760 ) ) GLOBAL_UNIT_ASSIGNED_CONTEXT ( ( #10776, #5571, #8963 ) ) REPRESENTATION_CONTEXT ( 'NONE', 'WORKASPACE' ) );
#1556 = CARTESIAN_POINT ( 'NONE',  ( 0.2956329368630822851, 0.1279999447987149597, 0.2058921897596043549 ) ) ;
#1557 = STYLED_ITEM ( 'NONE', ( #4371 ), #7157 ) ;
#1558 = PLANE ( 'NONE',  #6783 ) ;
#1559 = DIRECTION ( 'NONE',  ( 1.174096724532128111E-16, -1.000000000000000000, 1.665334536937734811E-16 ) ) ;
#1560 = FACE_BOUND ( 'NONE', #13172, .T. ) ;
#1561 = ADVANCED_FACE ( 'NONE', ( #10777 ), #2868, .F. ) ;
#1562 = EDGE_CURVE ( 'NONE', #9681, #10900, #1684, .T. ) ;
#1563 = DIRECTION ( 'NONE',  ( 0.0000000000000000000, -1.000000000000000000, 0.0000000000000000000 ) ) ;
#1564 = AXIS2_PLACEMENT_3D ( 'NONE', #11419, #9409, #9343 ) ;
#1565 =( GEOMETRIC_REPRESENTATION_CONTEXT ( 3 ) GLOBAL_UNCERTAINTY_ASSIGNED_CONTEXT ( ( #12309 ) ) GLOBAL_UNIT_ASSIGNED_CONTEXT ( ( #1958, #9042, #3787 ) ) REPRESENTATION_CONTEXT ( 'NONE', 'WORKASPACE' ) );
#1566 = DIRECTION ( 'NONE',  ( 1.316334802367149914E-16, -1.000000000000000000, 1.526556658859589750E-16 ) ) ;
#1567 =( NAMED_UNIT ( * ) SI_UNIT ( $, .STERADIAN. ) SOLID_ANGLE_UNIT ( ) );
#1568 = FACE_OUTER_BOUND ( 'NONE', #2595, .T. ) ;
#1569 = CARTESIAN_POINT ( 'NONE',  ( 0.09484553528826220048, 0.1555589999168269788, 0.2102228984210153528 ) ) ;
#1570 = LINE ( 'NONE', #12533, #395 ) ;
#1571 = EDGE_CURVE ( 'NONE', #12965, #3028, #9781, .T. ) ;
#1572 = STYLED_ITEM ( 'NONE', ( #2119 ), #10936 ) ;
#1573 = ORIENTED_EDGE ( 'NONE', *, *, #12181, .F. ) ;
#1574 = CARTESIAN_POINT ( 'NONE',  ( 0.1164990785953285424, 0.1988660865309976600, 0.3456559692871649658 ) ) ;
#1575 = ORIENTED_EDGE ( 'NONE', *, *, #4298, .T. ) ;
#1576 = VECTOR ( 'NONE', #6081, 39.37007874015747433 ) ;
#1577 = ORIENTED_EDGE ( 'NONE', *, *, #40, .T. ) ;
#1578 =( LENGTH_UNIT ( ) NAMED_UNIT ( * ) SI_UNIT ( $, .METRE. ) );
#1579 = ORIENTED_EDGE ( 'NONE', *, *, #2058, .F. ) ;
#1580 = EDGE_CURVE ( 'NONE', #6597, #8567, #7581, .T. ) ;
#1581 = LINE ( 'NONE', #8584, #9016 ) ;
#1582 = CARTESIAN_POINT ( 'NONE',  ( 0.2326408108788039775, 0.4272125432239181064, 0.3456559692871649658 ) ) ;
#1583 = DIRECTION ( 'NONE',  ( 1.937287448275559661E-17, 1.000000000000000000, 8.220413448604588965E-18 ) ) ;
#1584 = ORIENTED_EDGE ( 'NONE', *, *, #2084, .T. ) ;
#1585 = VECTOR ( 'NONE', #10451, 39.37007874015748143 ) ;
#1586 = PLANE ( 'NONE',  #5133 ) ;
#1587 = PLANE ( 'NONE',  #2753 ) ;
#1588 = CARTESIAN_POINT ( 'NONE',  ( 0.2861956974003468379, 0.4081643727746306904, 0.1901441582635393646 ) ) ;
#1589 = ORIENTED_EDGE ( 'NONE', *, *, #6155, .F. ) ;
#1590 = ORIENTED_EDGE ( 'NONE', *, *, #10138, .F. ) ;
#1591 = ADVANCED_FACE ( 'NONE', ( #745 ), #10178, .F. ) ;
#1592 = CARTESIAN_POINT ( 'NONE',  ( 0.07712899985517106261, 0.3760314408617059234, 0.3456559692871649658 ) ) ;
#1593 = ORIENTED_EDGE ( 'NONE', *, *, #10753, .T. ) ;
#1594 = VECTOR ( 'NONE', #4906, 39.37007874015748143 ) ;
#1595 = ORIENTED_EDGE ( 'NONE', *, *, #10522, .T. ) ;
#1596 = DIRECTION ( 'NONE',  ( -1.408738150179759833E-16, 1.000000000000000000, -3.469446951953615175E-16 ) ) ;
#1597 = AXIS2_PLACEMENT_3D ( 'NONE', #8088, #5045, #11186 ) ;
#1598 = LINE ( 'NONE', #2514, #1136 ) ;
#1599 = EDGE_CURVE ( 'NONE', #11435, #8124, #8013, .T. ) ;
#1600 = VECTOR ( 'NONE', #5218, 39.37007874015748143 ) ;
#1601 = LINE ( 'NONE', #9696, #4404 ) ;
#1602 = ORIENTED_EDGE ( 'NONE', *, *, #3606, .T. ) ;
#1603 = DIRECTION ( 'NONE',  ( 4.283287147278279229E-17, 1.665334536937734811E-16, 1.000000000000000000 ) ) ;
#1604 = AXIS2_PLACEMENT_3D ( 'NONE', #10391, #6133, #5186 ) ;
#1605 = APPLICATION_CONTEXT ( 'automotive_design' ) ;
#1606 = EDGE_CURVE ( 'NONE', #5519, #9380, #10050, .T. ) ;
#1607 = CARTESIAN_POINT ( 'NONE',  ( 0.3310660077292019721, 0.5295747479483133846, 0.4243961267674756233 ) ) ;
#1608 = ORIENTED_EDGE ( 'NONE', *, *, #2273, .T. ) ;
#1609 = CARTESIAN_POINT ( 'NONE',  ( 0.1027195510362846342, 0.1555589999168269788, 0.4180969141690433211 ) ) ;
#1610 = EDGE_CURVE ( 'NONE', #7198, #6521, #1063, .T. ) ;
#1611 = CARTESIAN_POINT ( 'NONE',  ( 0.3330345116662205007, 0.3130393148774570644, 0.2850260480273070773 ) ) ;
#1612 = ORIENTED_EDGE ( 'NONE', *, *, #7553, .F. ) ;
#1613 = DIRECTION ( 'NONE',  ( -1.937287448275559661E-17, -1.000000000000000000, -8.220413448604588965E-18 ) ) ;
#1614 = CARTESIAN_POINT ( 'NONE',  ( 0.1558691573354860360, 0.7897218048774075072, 0.4243961267674803417 ) ) ;
#1615 = DIRECTION ( 'NONE',  ( 1.316334802367149914E-16, -1.000000000000000000, 1.526556658859589750E-16 ) ) ;
#1616 = VECTOR ( 'NONE', #4656, 39.37007874015748143 ) ;
#1617 = DIRECTION ( 'NONE',  ( -1.000000000000000000, 1.937287448275559661E-17, 2.565854121688507820E-49 ) ) ;
#1618 = EDGE_LOOP ( 'NONE', ( #11856, #1271, #197, #484 ) ) ;
#1619 = ORIENTED_EDGE ( 'NONE', *, *, #3865, .T. ) ;
#1620 = DIRECTION ( 'NONE',  ( -1.937287448275559661E-17, -1.000000000000000000, -8.220413448604739958E-18 ) ) ;
#1621 = CARTESIAN_POINT ( 'NONE',  ( 0.2326408108788126095, -0.1446865674942330871, 0.2515614810981878224 ) ) ;
#1622 = CARTESIAN_POINT ( 'NONE',  ( 0.3586250628473003355, 0.7897218048774075072, 0.4007740795233890041 ) ) ;
#1623 = SURFACE_SIDE_STYLE ('',( #10784 ) ) ;
#1624 = AXIS2_PLACEMENT_3D ( 'NONE', #7438, #9652, #5514 ) ;
#1625 = FILL_AREA_STYLE ('',( #6578 ) ) ;
#1626 = EDGE_LOOP ( 'NONE', ( #3368, #9079, #9488, #13135, #12332, #4346, #3861, #1698 ) ) ;
#1627 =( LENGTH_UNIT ( ) NAMED_UNIT ( * ) SI_UNIT ( $, .METRE. ) );
#1628 = ADVANCED_FACE ( 'NONE', ( #131 ), #68, .F. ) ;
#1629 = CARTESIAN_POINT ( 'NONE',  ( 0.2405148266268504198, 0.1555589999168271731, 0.4515614810981740113 ) ) ;
#1630 = EDGE_LOOP ( 'NONE', ( #11464, #7715, #8792, #9273 ) ) ;
#1631 = DIRECTION ( 'NONE',  ( 0.0000000000000000000, -1.000000000000000000, 0.0000000000000000000 ) ) ;
#1632 = VECTOR ( 'NONE', #11324, 39.37007874015748143 ) ;
#1633 = LINE ( 'NONE', #6581, #8175 ) ;
#1634 = EDGE_LOOP ( 'NONE', ( #10609, #4052, #8056, #12232, #13034 ) ) ;
#1635 = VECTOR ( 'NONE', #3317, 39.37007874015748143 ) ;
#1636 = LINE ( 'NONE', #8709, #6627 ) ;
#1637 = CARTESIAN_POINT ( 'NONE',  ( 0.3625620707213386140, 0.08862986605856654210, 0.2515614810981767757 ) ) ;
#1638 = CARTESIAN_POINT ( 'NONE',  ( 0.2405148266268504198, 0.3760314408617052018, 0.2456559692871496114 ) ) ;
#1639 = CARTESIAN_POINT ( 'NONE',  ( 0.3468140392252720416, 0.1555589999168271731, 0.4850260480273039243 ) ) ;
#1640 = EDGE_CURVE ( 'NONE', #1145, #2625, #4103, .T. ) ;
#1641 = ADVANCED_FACE ( 'NONE', ( #5913 ), #12247, .T. ) ;
#1642 = ORIENTED_EDGE ( 'NONE', *, *, #4150, .T. ) ;
#1643 = DIRECTION ( 'NONE',  ( 1.937287448275559661E-17, 1.000000000000000000, 8.220413448604588965E-18 ) ) ;
#1644 = ORIENTED_EDGE ( 'NONE', *, *, #6959, .F. ) ;
#1645 = ORIENTED_EDGE ( 'NONE', *, *, #10442, .F. ) ;
#1646 = SURFACE_STYLE_FILL_AREA ( #5669 ) ;
#1647 = CARTESIAN_POINT ( 'NONE',  ( 0.07516049591817382247, 0.08862986605855728561, 0.2078606936966137797 ) ) ;
#1648 = ORIENTED_EDGE ( 'NONE', *, *, #7466, .T. ) ;
#1649 = CARTESIAN_POINT ( 'NONE',  ( 0.1164990785953285424, 0.1988660865309976600, 0.3456559692871649658 ) ) ;
#1650 = FILL_AREA_STYLE ('',( #517 ) ) ;
#1651 = CIRCLE ( 'NONE', #9475, 0.05610236220472441387 ) ;
#1652 = CARTESIAN_POINT ( 'NONE',  ( 0.3330345116662205007, 0.1555589999168271731, 0.4180969141690433211 ) ) ;
#1653 = CARTESIAN_POINT ( 'NONE',  ( 0.3468140392252720416, 0.3130393148774570644, 0.2062858905469921178 ) ) ;
#1654 = ORIENTED_EDGE ( 'NONE', *, *, #3645, .T. ) ;
#1655 = ADVANCED_FACE ( 'NONE', ( #3051 ), #10119, .F. ) ;
#1656 = DIRECTION ( 'NONE',  ( 1.000000000000000000, 1.174096724532128111E-16, -4.283287147278279229E-17 ) ) ;
#1657 = CARTESIAN_POINT ( 'NONE',  ( 0.1263415982803830773, 0.3760314408617052018, 0.2669158118068500340 ) ) ;
#1658 = LINE ( 'NONE', #9756, #8899 ) ;
#1659 = ORIENTED_EDGE ( 'NONE', *, *, #10677, .T. ) ;
#1660 = ORIENTED_EDGE ( 'NONE', *, *, #12253, .T. ) ;
#1661 = VECTOR ( 'NONE', #9085, 39.37007874015748143 ) ;
#1662 = DIRECTION ( 'NONE',  ( 1.000000000000000000, 1.408738150179759833E-16, -6.014894242100889598E-18 ) ) ;
#1663 = VERTEX_POINT ( 'NONE', #7097 ) ;
#1664 = VERTEX_POINT ( 'NONE', #999 ) ;
#1665 = PLANE ( 'NONE',  #11061 ) ;
#1666 = FILL_AREA_STYLE_COLOUR ( '', #10261 ) ;
#1667 = ORIENTED_EDGE ( 'NONE', *, *, #7331, .F. ) ;
#1668 = CARTESIAN_POINT ( 'NONE',  ( 0.1164990785953285424, 0.3583149054286425272, 0.4243961267674803417 ) ) ;
#1669 = VERTEX_POINT ( 'NONE', #9100 ) ;
#1670 = LINE ( 'NONE', #1744, #1101 ) ;
#1671 = VECTOR ( 'NONE', #2635, 39.37007874015748143 ) ;
#1672 = ADVANCED_FACE ( 'NONE', ( #10234 ), #6907, .F. ) ;
#1673 = FACE_OUTER_BOUND ( 'NONE', #7391, .T. ) ;
#1674 = VERTEX_POINT ( 'NONE', #8462 ) ;
#1675 = UNCERTAINTY_MEASURE_WITH_UNIT (LENGTH_MEASURE( 1.000000000000000082E-05 ), #13106, 'distance_accuracy_value', 'NONE');
#1676 = EDGE_CURVE ( 'NONE', #9297, #2610, #6491, .T. ) ;
#1677 = DIRECTION ( 'NONE',  ( 0.9363291775690008034, 0.3511234415885084448, 9.976239553215196437E-17 ) ) ;
#1678 = LINE ( 'NONE', #11777, #9884 ) ;
#1679 = ORIENTED_EDGE ( 'NONE', *, *, #8139, .T. ) ;
#1680 = PLANE ( 'NONE',  #11917 ) ;
#1681 = DIMENSIONAL_EXPONENTS ( 1.000000000000000000, 0.0000000000000000000, 0.0000000000000000000, 0.0000000000000000000, 0.0000000000000000000, 0.0000000000000000000, 0.0000000000000000000 ) ;
#1682 = VECTOR ( 'NONE', #12493, 39.37007874015748143 ) ;
#1683 = LINE ( 'NONE', #12651, #1117 ) ;
#1684 = LINE ( 'NONE', #7897, #6533 ) ;
#1685 = CARTESIAN_POINT ( 'NONE',  ( 0.1164990785953285424, 0.7897218048774075072, 0.3456559692871649658 ) ) ;
#1686 = ORIENTED_EDGE ( 'NONE', *, *, #687, .F. ) ;
#1687 = EDGE_CURVE ( 'NONE', #12035, #5295, #4278, .T. ) ;
#1688 =( CONVERSION_BASED_UNIT ( 'INCH', #11853 ) LENGTH_UNIT ( ) NAMED_UNIT ( #7574 ) );
#1689 = EDGE_CURVE ( 'NONE', #10605, #8779, #10492, .T. ) ;
#1690 =( NAMED_UNIT ( * ) PLANE_ANGLE_UNIT ( ) SI_UNIT ( $, .RADIAN. ) );
#1691 = DIRECTION ( 'NONE',  ( 0.0000000000000000000, 0.0000000000000000000, -1.000000000000000000 ) ) ;
#1692 =( GEOMETRIC_REPRESENTATION_CONTEXT ( 3 ) GLOBAL_UNCERTAINTY_ASSIGNED_CONTEXT ( ( #3367 ) ) GLOBAL_UNIT_ASSIGNED_CONTEXT ( ( #10644, #1690, #2604 ) ) REPRESENTATION_CONTEXT ( 'NONE', 'WORKASPACE' ) );
#1693 = DIRECTION ( 'NONE',  ( -1.000000000000000000, 1.937287448275484781E-17, 8.833616147085620181E-14 ) ) ;
#1694 = CARTESIAN_POINT ( 'NONE',  ( 0.2916959289890523888, 0.2618582125152519868, 0.3456559692871527534 ) ) ;
#1695 = FACE_OUTER_BOUND ( 'NONE', #6481, .T. ) ;
#1696 = CARTESIAN_POINT ( 'NONE',  ( 0.2483888423748523422, 0.7897218048774075072, 0.3062858905470074999 ) ) ;
#1697 = CARTESIAN_POINT ( 'NONE',  ( 0.3625620707213386140, 0.1555589999168271731, 0.4850260480273039243 ) ) ;
#1698 = ORIENTED_EDGE ( 'NONE', *, *, #12394, .T. ) ;
#1699 = AXIS2_PLACEMENT_3D ( 'NONE', #10237, #251, #11426 ) ;
#1700 = CARTESIAN_POINT ( 'NONE',  ( 0.1562628581229041358, 0.08075585031049743734, 0.2515614810981878224 ) ) ;
#1701 = CARTESIAN_POINT ( 'NONE',  ( 0.1027195510362848424, 0.1555589999168269788, 0.2397504574761405716 ) ) ;
#1702 = ORIENTED_EDGE ( 'NONE', *, *, #8844, .T. ) ;
#1703 = LINE ( 'NONE', #11801, #9026 ) ;
#1704 = EDGE_CURVE ( 'NONE', #4381, #11467, #11354, .T. ) ;
#1705 = DIRECTION ( 'NONE',  ( -2.359223927328455183E-16, 3.885780586188049864E-16, 1.000000000000000000 ) ) ;
#1706 = DIRECTION ( 'NONE',  ( -2.359223927328455183E-16, 3.885780586188049864E-16, 1.000000000000000000 ) ) ;
#1707 = LINE ( 'NONE', #2690, #4772 ) ;
#1708 = VECTOR ( 'NONE', #8050, 39.37007874015748143 ) ;
#1709 = DIRECTION ( 'NONE',  ( 1.000000000000000000, 1.408738150179759833E-16, -6.014894242100889598E-18 ) ) ;
#1710 = PLANE ( 'NONE',  #12721 ) ;
#1711 = CARTESIAN_POINT ( 'NONE',  ( 0.2090187636347027589, 0.08075585031051535356, 0.2397504574761405716 ) ) ;
#1712 = ORIENTED_EDGE ( 'NONE', *, *, #3267, .F. ) ;
#1713 = DIRECTION ( 'NONE',  ( -1.000000000000000000, 0.0000000000000000000, 0.0000000000000000000 ) ) ;
#1714 = ORIENTED_EDGE ( 'NONE', *, *, #3431, .T. ) ;
#1715 = ORIENTED_EDGE ( 'NONE', *, *, #13107, .F. ) ;
#1716 = CARTESIAN_POINT ( 'NONE',  ( 0.2090187636347027589, 0.08075585031051535356, 0.2397504574761405716 ) ) ;
#1717 = CARTESIAN_POINT ( 'NONE',  ( 0.07319199198116595195, 0.3861465226303464338, 0.4462616628062850421 ) ) ;
#1718 = ORIENTED_EDGE ( 'NONE', *, *, #628, .T. ) ;
#1719 = VECTOR ( 'NONE', #11721, 39.37007874015748143 ) ;
#1720 =( CONVERSION_BASED_UNIT ( 'INCH', #12089 ) LENGTH_UNIT ( ) NAMED_UNIT ( #13078 ) );
#1721 = CARTESIAN_POINT ( 'NONE',  ( 0.2326408108788039775, 0.5531967951924180449, 0.3456559692871649658 ) ) ;
#1722 = VECTOR ( 'NONE', #767, 39.37007874015748143 ) ;
#1723 = CARTESIAN_POINT ( 'NONE',  ( 0.3625620707213386140, 0.3563464014916267741, 0.4850260480273039243 ) ) ;
#1724 = EDGE_CURVE ( 'NONE', #6380, #3846, #5213, .T. ) ;
#1725 = EDGE_CURVE ( 'NONE', #2847, #10820, #9553, .T. ) ;
#1726 = DIRECTION ( 'NONE',  ( 0.0000000000000000000, 0.9922778767136850586, -0.1240347345890696062 ) ) ;
#1727 = ORIENTED_EDGE ( 'NONE', *, *, #5938, .T. ) ;
#1728 = CARTESIAN_POINT ( 'NONE',  ( 0.1164990785953285424, 0.7897218048774075072, 0.3456559692871649658 ) ) ;
#1729 = ORIENTED_EDGE ( 'NONE', *, *, #586, .F. ) ;
#1730 = VECTOR ( 'NONE', #11117, 39.37007874015748143 ) ;
#1731 = ORIENTED_EDGE ( 'NONE', *, *, #3127, .T. ) ;
#1732 = PLANE ( 'NONE',  #1974 ) ;
#1733 = ORIENTED_EDGE ( 'NONE', *, *, #12670, .F. ) ;
#1734 = ORIENTED_EDGE ( 'NONE', *, *, #4495, .F. ) ;
#1735 =( NAMED_UNIT ( * ) PLANE_ANGLE_UNIT ( ) SI_UNIT ( $, .RADIAN. ) );
#1736 =( NAMED_UNIT ( * ) SI_UNIT ( $, .STERADIAN. ) SOLID_ANGLE_UNIT ( ) );
#1737 = ORIENTED_EDGE ( 'NONE', *, *, #6844, .F. ) ;
#1738 = DIRECTION ( 'NONE',  ( -0.1240347345890696062, 0.9922778767136850586, 0.0000000000000000000 ) ) ;
#1739 = CARTESIAN_POINT ( 'NONE',  ( 0.05547545654809511728, 0.4297564560040102455, 0.2505015174397472455 ) ) ;
#1740 = CYLINDRICAL_SURFACE ( 'NONE', #7555, 0.05511811023622047861 ) ;
#1741 = ORIENTED_EDGE ( 'NONE', *, *, #6589, .F. ) ;
#1742 = ADVANCED_FACE ( 'NONE', ( #8533 ), #3163, .T. ) ;
#1743 = AXIS2_PLACEMENT_3D ( 'NONE', #2318, #6346, #6218 ) ;
#1744 = CARTESIAN_POINT ( 'NONE',  ( 0.3468140392252720416, 0.1555589999168269788, 0.2062465204682519537 ) ) ;
#1745 = VECTOR ( 'NONE', #7953, 39.37007874015748143 ) ;
#1746 = DIRECTION ( 'NONE',  ( 0.0000000000000000000, -1.000000000000000000, 0.0000000000000000000 ) ) ;
#1747 = EDGE_LOOP ( 'NONE', ( #6263, #6607, #10844, #11371 ) ) ;
#1748 = LINE ( 'NONE', #2923, #6773 ) ;
#1749 = SURFACE_STYLE_FILL_AREA ( #9029 ) ;
#1750 = AXIS2_PLACEMENT_3D ( 'NONE', #8616, #8549, #12652 ) ;
#1751 = LINE ( 'NONE', #8614, #3599 ) ;
#1752 = ADVANCED_FACE ( 'NONE', ( #6222 ), #1190, .F. ) ;
#1753 = LINE ( 'NONE', #8074, #8510 ) ;
#1754 = EDGE_CURVE ( 'NONE', #10690, #10313, #2516, .T. ) ;
#1755 = DIRECTION ( 'NONE',  ( 1.937287448275559661E-17, 1.000000000000000000, 8.220413448604588965E-18 ) ) ;
#1756 = LENGTH_MEASURE_WITH_UNIT ( LENGTH_MEASURE( 0.02539999999999999897 ), #1888 );
#1757 = VECTOR ( 'NONE', #13052, 39.37007874015748143 ) ;
#1758 = FILL_AREA_STYLE ('',( #12924 ) ) ;
#1759 = VECTOR ( 'NONE', #9466, 39.37007874015748143 ) ;
#1760 = LINE ( 'NONE', #9650, #6004 ) ;
#1761 = CARTESIAN_POINT ( 'NONE',  ( 0.1558691573354936966, 0.2933542755073602626, 0.4515614810981850025 ) ) ;
#1762 =( LENGTH_UNIT ( ) NAMED_UNIT ( * ) SI_UNIT ( $, .METRE. ) );
#1763 = DIRECTION ( 'NONE',  ( -0.5773502691896277295, -0.5773502691896217343, -0.5773502691896277295 ) ) ;
#1764 = VECTOR ( 'NONE', #4327, 39.37007874015748143 ) ;
#1765 = EDGE_CURVE ( 'NONE', #776, #544, #7684, .T. ) ;
#1766 = PRESENTATION_LAYER_ASSIGNMENT (  '', '', ( #11298 ) ) ;
#1767 = CARTESIAN_POINT ( 'NONE',  ( 0.2267352990677846403, -0.07278745677610257148, 0.2515614810981878224 ) ) ;
#1768 = CARTESIAN_POINT ( 'NONE',  ( 0.3208297872567559272, -0.05703942528003581869, 0.2515614810981878224 ) ) ;
#1769 = DIRECTION ( 'NONE',  ( 0.0000000000000000000, 1.000000000000000000, 0.0000000000000000000 ) ) ;
#1770 = ORIENTED_EDGE ( 'NONE', *, *, #2876, .T. ) ;
#1771 = DIMENSIONAL_EXPONENTS ( 1.000000000000000000, 0.0000000000000000000, 0.0000000000000000000, 0.0000000000000000000, 0.0000000000000000000, 0.0000000000000000000, 0.0000000000000000000 ) ;
#1772 = DIRECTION ( 'NONE',  ( -1.000000000000000000, 1.937287448275559661E-17, 0.0000000000000000000 ) ) ;
#1773 = DIRECTION ( 'NONE',  ( 1.608386623408229791E-17, 1.526556658859589750E-16, 1.000000000000000000 ) ) ;
#1774 = VECTOR ( 'NONE', #11729, 39.37007874015748854 ) ;
#1775 = LENGTH_MEASURE_WITH_UNIT ( LENGTH_MEASURE( 0.02539999999999999897 ), #2751 );
#1776 = CARTESIAN_POINT ( 'NONE',  ( 0.03972742505202851021, 0.2185511259010751717, 0.3771520322792893953 ) ) ;
#1777 = FACE_OUTER_BOUND ( 'NONE', #4423, .T. ) ;
#1778 = LINE ( 'NONE', #8527, #4672 ) ;
#1779 = VERTEX_POINT ( 'NONE', #10898 ) ;
#1780 = EDGE_CURVE ( 'NONE', #8366, #5307, #10696, .T. ) ;
#1781 = CARTESIAN_POINT ( 'NONE',  ( 0.3330345116662205007, 0.1555589999168269788, 0.2810890401533023275 ) ) ;
#1782 = ORIENTED_EDGE ( 'NONE', *, *, #4535, .F. ) ;
#1783 = ORIENTED_EDGE ( 'NONE', *, *, #10239, .T. ) ;
#1784 = AXIS2_PLACEMENT_3D ( 'NONE', #9764, #599, #3559 ) ;
#1785 = DIRECTION ( 'NONE',  ( 1.937287448275559661E-17, 1.000000000000000000, 8.220413448604588965E-18 ) ) ;
#1786 = ORIENTED_EDGE ( 'NONE', *, *, #6971, .F. ) ;
#1787 = VECTOR ( 'NONE', #11547, 39.37007874015748143 ) ;
#1788 = PLANE ( 'NONE',  #301 ) ;
#1789 = SURFACE_SIDE_STYLE ('',( #4609 ) ) ;
#1790 = CARTESIAN_POINT ( 'NONE',  ( 0.4098061652095126295, 0.05713380306642409229, 0.1921126622005507878 ) ) ;
#1791 = LINE ( 'NONE', #781, #252 ) ;
#1792 = ORIENTED_EDGE ( 'NONE', *, *, #11190, .F. ) ;
#1793 = DIRECTION ( 'NONE',  ( -1.174096724532128111E-16, 1.000000000000000000, -1.665334536937734811E-16 ) ) ;
#1794 = AXIS2_PLACEMENT_3D ( 'NONE', #11950, #9745, #6736 ) ;
#1795 = CARTESIAN_POINT ( 'NONE',  ( 0.3468140392252720416, 0.1555589999168269788, 0.2062465204682519537 ) ) ;
#1796 = VERTEX_POINT ( 'NONE', #6756 ) ;
#1797 = VECTOR ( 'NONE', #11804, 39.37007874015748143 ) ;
#1798 = ORIENTED_EDGE ( 'NONE', *, *, #9004, .T. ) ;
#1799 = EDGE_CURVE ( 'NONE', #4170, #10552, #1601, .T. ) ;
#1800 = FACE_OUTER_BOUND ( 'NONE', #11431, .T. ) ;
#1801 = ORIENTED_EDGE ( 'NONE', *, *, #615, .T. ) ;
#1802 = ORIENTED_EDGE ( 'NONE', *, *, #7911, .T. ) ;
#1803 = DIRECTION ( 'NONE',  ( -1.937287448275559661E-17, -1.000000000000000000, -8.220413448604588965E-18 ) ) ;
#1804 = EDGE_LOOP ( 'NONE', ( #5328, #7699, #10513, #6644 ) ) ;
#1805 = DIRECTION ( 'NONE',  ( 1.000000000000000000, 0.0000000000000000000, 0.0000000000000000000 ) ) ;
#1806 = VECTOR ( 'NONE', #4654, 39.37007874015748143 ) ;
#1807 = DIRECTION ( 'NONE',  ( -1.000000000000000000, 0.0000000000000000000, 0.0000000000000000000 ) ) ;
#1808 = VERTEX_POINT ( 'NONE', #600 ) ;
#1809 = AXIS2_PLACEMENT_3D ( 'NONE', #8625, #11714, #12722 ) ;
#1810 = DIRECTION ( 'NONE',  ( -2.359223927328456662E-16, 3.885780586188049864E-16, 1.000000000000000000 ) ) ;
#1811 = CARTESIAN_POINT ( 'NONE',  ( 0.07516049591817382247, 0.05713380306642400902, 0.4873882527517283680 ) ) ;
#1812 = ORIENTED_EDGE ( 'NONE', *, *, #8623, .T. ) ;
#1813 = VECTOR ( 'NONE', #6032, 39.37007874015748143 ) ;
#1814 = LINE ( 'NONE', #3970, #8926 ) ;
#1815 = ADVANCED_FACE ( 'NONE', ( #4626 ), #8670, .F. ) ;
#1816 = EDGE_CURVE ( 'NONE', #11894, #11988, #2656, .T. ) ;
#1817 = VECTOR ( 'NONE', #7158, 39.37007874015748143 ) ;
#1818 = ORIENTED_EDGE ( 'NONE', *, *, #4340, .T. ) ;
#1819 = CARTESIAN_POINT ( 'NONE',  ( 0.2326408108788039775, 0.5531967951924180449, 0.3456559692871649658 ) ) ;
#1820 = FACE_OUTER_BOUND ( 'NONE', #139, .T. ) ;
#1821 = PLANE ( 'NONE',  #8413 ) ;
#1822 = VERTEX_POINT ( 'NONE', #9837 ) ;
#1823 = VECTOR ( 'NONE', #158, 39.37007874015748143 ) ;
#1824 = ADVANCED_FACE ( 'NONE', ( #4761 ), #9140, .T. ) ;
#1825 = DIRECTION ( 'NONE',  ( -1.356991020290373981E-16, 1.000000000000000000, -3.469446951953615175E-16 ) ) ;
#1826 = ORIENTED_EDGE ( 'NONE', *, *, #12367, .T. ) ;
#1827 = DIRECTION ( 'NONE',  ( 0.0000000000000000000, 0.0000000000000000000, 1.000000000000000000 ) ) ;
#1828 = ORIENTED_EDGE ( 'NONE', *, *, #11098, .F. ) ;
#1829 = LINE ( 'NONE', #12128, #5956 ) ;
#1830 = EDGE_CURVE ( 'NONE', #10931, #2192, #5251, .T. ) ;
#1831 = DIRECTION ( 'NONE',  ( 0.0000000000000000000, 1.000000000000000000, 0.0000000000000000000 ) ) ;
#1832 = VECTOR ( 'NONE', #9492, 39.37007874015748143 ) ;
#1833 = ORIENTED_EDGE ( 'NONE', *, *, #9571, .T. ) ;
#1834 = CARTESIAN_POINT ( 'NONE',  ( 0.2326408108788039775, 0.5295747479483133846, 0.3456559692871649658 ) ) ;
#1835 =( LENGTH_UNIT ( ) NAMED_UNIT ( * ) SI_UNIT ( $, .METRE. ) );
#1836 = ORIENTED_EDGE ( 'NONE', *, *, #8217, .F. ) ;
#1837 = CARTESIAN_POINT ( 'NONE',  ( 0.3090187636347015987, 0.08075585031051535356, 0.2515614810981878224 ) ) ;
#1838 = LINE ( 'NONE', #8911, #10448 ) ;
#1839 = EDGE_CURVE ( 'NONE', #8722, #3426, #6323, .T. ) ;
#1840 = DIRECTION ( 'NONE',  ( 0.0000000000000000000, -8.220413448604739958E-18, 1.000000000000000000 ) ) ;
#1841 = LINE ( 'NONE', #451, #3100 ) ;
#1842 = LINE ( 'NONE', #3011, #1500 ) ;
#1843 = EDGE_CURVE ( 'NONE', #9610, #519, #618, .T. ) ;
#1844 = DIRECTION ( 'NONE',  ( -2.359223927328455183E-16, 3.885780586188049864E-16, 1.000000000000000000 ) ) ;
#1845 = VERTEX_POINT ( 'NONE', #7520 ) ;
#1846 = CARTESIAN_POINT ( 'NONE',  ( 0.2326408108788039775, 0.1791810471609177058, 0.3456559692871649658 ) ) ;
#1847 = ORIENTED_EDGE ( 'NONE', *, *, #13075, .T. ) ;
#1848 = ORIENTED_EDGE ( 'NONE', *, *, #6344, .F. ) ;
#1849 = DIRECTION ( 'NONE',  ( -0.8320502943378443872, 0.0000000000000000000, 0.5547001962252282592 ) ) ;
#1850 = LINE ( 'NONE', #7796, #5145 ) ;
#1851 = VERTEX_POINT ( 'NONE', #6463 ) ;
#1852 = CARTESIAN_POINT ( 'NONE',  ( 0.3625620707213386140, 0.1555589999168271731, 0.4397504574761377794 ) ) ;
#1853 = DIRECTION ( 'NONE',  ( 0.5773502691896260641, -0.5773502691896260641, 0.5773502691896250649 ) ) ;
#1854 = ADVANCED_FACE ( 'NONE', ( #7455 ), #9740, .T. ) ;
#1855 = CARTESIAN_POINT ( 'NONE',  ( 0.1444518345008675153, -0.05703942528005377655, 0.4515614810981850025 ) ) ;
#1856 = ORIENTED_EDGE ( 'NONE', *, *, #9975, .T. ) ;
#1857 = VECTOR ( 'NONE', #4524, 39.37007874015748143 ) ;
#1858 = EDGE_CURVE ( 'NONE', #4946, #7551, #10535, .T. ) ;
#1859 = VECTOR ( 'NONE', #123, 39.37007874015748143 ) ;
#1860 = LINE ( 'NONE', #4681, #4932 ) ;
#1861 = EDGE_CURVE ( 'NONE', #10362, #12684, #7386, .T. ) ;
#1862 = DIMENSIONAL_EXPONENTS ( 1.000000000000000000, 0.0000000000000000000, 0.0000000000000000000, 0.0000000000000000000, 0.0000000000000000000, 0.0000000000000000000, 0.0000000000000000000 ) ;
#1863 = FACE_OUTER_BOUND ( 'NONE', #12764, .T. ) ;
#1864 = ORIENTED_EDGE ( 'NONE', *, *, #12786, .F. ) ;
#1865 = ORIENTED_EDGE ( 'NONE', *, *, #8411, .F. ) ;
#1866 = LINE ( 'NONE', #5893, #6603 ) ;
#1867 = EDGE_LOOP ( 'NONE', ( #11751, #2934 ) ) ;
#1868 = ORIENTED_EDGE ( 'NONE', *, *, #9751, .T. ) ;
#1869 = DIRECTION ( 'NONE',  ( 1.000000000000000000, -1.937287448275559661E-17, 0.0000000000000000000 ) ) ;
#1870 = AXIS2_PLACEMENT_3D ( 'NONE', #12797, #11797, #6719 ) ;
#1871 = LINE ( 'NONE', #11089, #7263 ) ;
#1872 = APPLICATION_CONTEXT ( 'automotive_design' ) ;
#1873 = ORIENTED_EDGE ( 'NONE', *, *, #5222, .T. ) ;
#1874 = CARTESIAN_POINT ( 'NONE',  ( 0.1208297872567765802, -0.05703942528004480456, 0.4515614810981850025 ) ) ;
#1875 = LINE ( 'NONE', #2974, #10998 ) ;
#1876 = ORIENTED_EDGE ( 'NONE', *, *, #2294, .F. ) ;
#1877 = PLANE ( 'NONE',  #6381 ) ;
#1878 = EDGE_CURVE ( 'NONE', #2610, #7680, #9738, .T. ) ;
#1879 = PRESENTATION_LAYER_ASSIGNMENT (  '', '', ( #6290 ) ) ;
#1880 = ORIENTED_EDGE ( 'NONE', *, *, #12000, .T. ) ;
#1881 = LINE ( 'NONE', #5907, #7830 ) ;
#1882 = PLANE ( 'NONE',  #7024 ) ;
#1883 = ORIENTED_EDGE ( 'NONE', *, *, #12994, .T. ) ;
#1884 = FACE_OUTER_BOUND ( 'NONE', #11033, .T. ) ;
#1885 = CARTESIAN_POINT ( 'NONE',  ( 0.2326408108788039775, 0.2579212046412326376, 0.3456559692871649658 ) ) ;
#1886 = CARTESIAN_POINT ( 'NONE',  ( 0.2326408108788039775, 0.5729212046412323067, 0.4017583314918893866 ) ) ;
#1887 = VECTOR ( 'NONE', #5966, 39.37007874015748854 ) ;
#1888 =( LENGTH_UNIT ( ) NAMED_UNIT ( * ) SI_UNIT ( $, .METRE. ) );
#1889 = ORIENTED_EDGE ( 'NONE', *, *, #11749, .T. ) ;
#1890 = VERTEX_POINT ( 'NONE', #2425 ) ;
#1891 = DIRECTION ( 'NONE',  ( -0.1240347345890695785, -0.9922778767136850586, 0.0000000000000000000 ) ) ;
#1892 = ADVANCED_FACE ( 'NONE', ( #12677 ), #6543, .T. ) ;
#1893 = CARTESIAN_POINT ( 'NONE',  ( 0.3562628581229011493, 0.08075585031051535356, 0.2515614810981878224 ) ) ;
#1894 = ADVANCED_FACE ( 'NONE', ( #6531 ), #636, .T. ) ;
#1895 = SURFACE_STYLE_USAGE ( .BOTH. , #10983 ) ;
#1896 = LINE ( 'NONE', #812, #11137 ) ;
#1897 =( CONVERSION_BASED_UNIT ( 'INCH', #9923 ) LENGTH_UNIT ( ) NAMED_UNIT ( #4118 ) );
#1898 = VECTOR ( 'NONE', #5983, 39.37007874015748143 ) ;
#1899 = ORIENTED_EDGE ( 'NONE', *, *, #11954, .T. ) ;
#1900 = LINE ( 'NONE', #5994, #5289 ) ;
#1901 = DIRECTION ( 'NONE',  ( 3.518308117683324880E-16, -1.000000000000000000, 4.163336342344335054E-16 ) ) ;
#1902 = PLANE ( 'NONE',  #9856 ) ;
#1903 = LINE ( 'NONE', #5927, #8839 ) ;
#1904 = ORIENTED_EDGE ( 'NONE', *, *, #8060, .T. ) ;
#1905 = ORIENTED_EDGE ( 'NONE', *, *, #12622, .F. ) ;
#1906 = VECTOR ( 'NONE', #10799, 39.37007874015748143 ) ;
#1907 = EDGE_CURVE ( 'NONE', #8843, #7860, #573, .T. ) ;
#1908 = PLANE ( 'NONE',  #702 ) ;
#1909 = DIRECTION ( 'NONE',  ( 0.0000000000000000000, 0.0000000000000000000, 1.000000000000000000 ) ) ;
#1910 = PLANE ( 'NONE',  #565 ) ;
#1911 = CARTESIAN_POINT ( 'NONE',  ( 0.3507510470992764029, 0.3957164802317834629, 0.4440811661375591024 ) ) ;
#1912 = DIRECTION ( 'NONE',  ( 0.0000000000000000000, 0.0000000000000000000, 1.000000000000000000 ) ) ;
#1913 = ORIENTED_EDGE ( 'NONE', *, *, #6064, .F. ) ;
#1914 = VECTOR ( 'NONE', #506, 39.37007874015748143 ) ;
#1915 = DIRECTION ( 'NONE',  ( 0.5773502691896340577, -0.5773502691896210681, 0.5773502691896220673 ) ) ;
#1916 = ORIENTED_EDGE ( 'NONE', *, *, #721, .T. ) ;
#1917 = ORIENTED_EDGE ( 'NONE', *, *, #12381, .F. ) ;
#1918 = PLANE ( 'NONE',  #7436 ) ;
#1919 = EDGE_CURVE ( 'NONE', #5878, #3399, #5465, .T. ) ;
#1920 = LINE ( 'NONE', #1717, #11766 ) ;
#1921 = ORIENTED_EDGE ( 'NONE', *, *, #6281, .F. ) ;
#1922 = DIRECTION ( 'NONE',  ( 1.000000000000000000, 0.0000000000000000000, 0.0000000000000000000 ) ) ;
#1923 = CARTESIAN_POINT ( 'NONE',  ( 0.2326408108788039775, 0.5728818345624920871, 0.4017583314918893866 ) ) ;
#1924 = LINE ( 'NONE', #1036, #8080 ) ;
#1925 = ORIENTED_EDGE ( 'NONE', *, *, #938, .F. ) ;
#1926 = FACE_OUTER_BOUND ( 'NONE', #7238, .T. ) ;
#1927 = EDGE_LOOP ( 'NONE', ( #5428, #4965, #1194, #770 ) ) ;
#1928 = VERTEX_POINT ( 'NONE', #4664 ) ;
#1929 = EDGE_CURVE ( 'NONE', #2001, #7242, #12740, .T. ) ;
#1930 = PLANE ( 'NONE',  #1108 ) ;
#1931 = VERTEX_POINT ( 'NONE', #3332 ) ;
#1932 = ORIENTED_EDGE ( 'NONE', *, *, #8845, .F. ) ;
#1933 = AXIS2_PLACEMENT_3D ( 'NONE', #10590, #12458, #10523 ) ;
#1934 = DIRECTION ( 'NONE',  ( 0.0000000000000000000, 0.0000000000000000000, -1.000000000000000000 ) ) ;
#1935 = MECHANICAL_DESIGN_GEOMETRIC_PRESENTATION_REPRESENTATION (  '', ( #5269 ), #6558 ) ;
#1936 = DIRECTION ( 'NONE',  ( 1.000000000000000000, 3.518308117683324880E-16, 2.626713979715460250E-16 ) ) ;
#1937 = EDGE_CURVE ( 'NONE', #954, #8215, #11460, .T. ) ;
#1938 = LENGTH_MEASURE_WITH_UNIT ( LENGTH_MEASURE( 0.02539999999999999897 ), #4022 );
#1939 = DIRECTION ( 'NONE',  ( -1.608386623408229791E-17, -1.526556658859589750E-16, -1.000000000000000000 ) ) ;
#1940 = ORIENTED_EDGE ( 'NONE', *, *, #2679, .F. ) ;
#1941 = DIRECTION ( 'NONE',  ( 0.8944271909997126846, 0.4472135955003643804, -8.265553651052737698E-17 ) ) ;
#1942 = VECTOR ( 'NONE', #6123, 39.37007874015748143 ) ;
#1943 = DIRECTION ( 'NONE',  ( 0.0000000000000000000, 0.0000000000000000000, -1.000000000000000000 ) ) ;
#1944 = ORIENTED_EDGE ( 'NONE', *, *, #3806, .F. ) ;
#1945 = UNCERTAINTY_MEASURE_WITH_UNIT (LENGTH_MEASURE( 1.000000000000000082E-05 ), #1720, 'distance_accuracy_value', 'NONE');
#1946 = CARTESIAN_POINT ( 'NONE',  ( 0.2326408108788039775, 0.6219124963820453766, 0.2905378590509444803 ) ) ;
#1947 = CARTESIAN_POINT ( 'NONE',  ( 0.2326408108788039775, 0.3957164802317834629, 0.4440811661375591024 ) ) ;
#1948 = ORIENTED_EDGE ( 'NONE', *, *, #10138, .T. ) ;
#1949 = PLANE ( 'NONE',  #8247 ) ;
#1950 = EDGE_CURVE ( 'NONE', #7860, #6103, #9524, .T. ) ;
#1951 = STYLED_ITEM ( 'NONE', ( #3614 ), #5511 ) ;
#1952 =( CONVERSION_BASED_UNIT ( 'INCH', #12118 ) LENGTH_UNIT ( ) NAMED_UNIT ( #6567 ) );
#1953 = COLOUR_RGB ( '',0.7529411764705882248, 0.7529411764705882248, 0.0000000000000000000 ) ;
#1954 = ORIENTED_EDGE ( 'NONE', *, *, #4983, .T. ) ;
#1955 = ORIENTED_EDGE ( 'NONE', *, *, #248, .F. ) ;
#1956 = CARTESIAN_POINT ( 'NONE',  ( 0.1027195510362846342, 0.1555589999168269788, 0.4732150244052676924 ) ) ;
#1957 = DIRECTION ( 'NONE',  ( -1.000000000000000000, -1.316334802367149914E-16, 1.608386623408234722E-17 ) ) ;
#1958 =( CONVERSION_BASED_UNIT ( 'INCH', #8900 ) LENGTH_UNIT ( ) NAMED_UNIT ( #6657 ) );
#1959 = CARTESIAN_POINT ( 'NONE',  ( 0.3389400234772338982, 0.3760314408617052018, 0.3810890401533106320 ) ) ;
#1960 = EDGE_LOOP ( 'NONE', ( #9622, #4813, #7186, #4369, #5492, #727, #6640, #6978, #10888, #5452, #8028, #4138 ) ) ;
#1961 = PRESENTATION_LAYER_ASSIGNMENT (  '', '', ( #12562 ) ) ;
#1962 = VERTEX_POINT ( 'NONE', #7579 ) ;
#1963 = DIRECTION ( 'NONE',  ( -1.937287448275559661E-17, -1.000000000000000000, -8.220413448604739958E-18 ) ) ;
#1964 = SURFACE_STYLE_USAGE ( .BOTH. , #14 ) ;
#1965 = ADVANCED_FACE ( 'NONE', ( #11667 ), #9456, .T. ) ;
#1966 = VERTEX_POINT ( 'NONE', #10602 ) ;
#1967 = AXIS2_PLACEMENT_3D ( 'NONE', #7824, #11039, #11103 ) ;
#1968 = CARTESIAN_POINT ( 'NONE',  ( 0.1361841179654072753, 0.3760314408617059234, 0.2688843157438653431 ) ) ;
#1969 = CARTESIAN_POINT ( 'NONE',  ( 0.2326408108788161622, 0.1476849841687954967, 0.2732150244052708454 ) ) ;
#1970 = ORIENTED_EDGE ( 'NONE', *, *, #9062, .F. ) ;
#1971 = AXIS2_PLACEMENT_3D ( 'NONE', #5076, #13046, #7082 ) ;
#1972 = CARTESIAN_POINT ( 'NONE',  ( 0.3330345116662205007, 0.1555589999168271731, 0.4850260480273039243 ) ) ;
#1973 = CARTESIAN_POINT ( 'NONE',  ( 0.1164990785953285424, 0.2165826219640791250, 0.4243961267674803417 ) ) ;
#1974 = AXIS2_PLACEMENT_3D ( 'NONE', #11964, #7744, #6749 ) ;
#1975 = LINE ( 'NONE', #3935, #2470 ) ;
#1976 = CARTESIAN_POINT ( 'NONE',  ( 0.1090187636347220435, 0.08862986605856654210, 0.4515614810981740113 ) ) ;
#1977 = VECTOR ( 'NONE', #6678, 39.37007874015748143 ) ;
#1978 = DIRECTION ( 'NONE',  ( -1.316334802367149914E-16, 1.000000000000000000, -1.526556658859589750E-16 ) ) ;
#1979 = EDGE_LOOP ( 'NONE', ( #10159, #3490, #12795, #3612 ) ) ;
#1980 = EDGE_CURVE ( 'NONE', #6314, #5325, #6594, .T. ) ;
#1981 = ORIENTED_EDGE ( 'NONE', *, *, #8890, .T. ) ;
#1982 = EDGE_CURVE ( 'NONE', #5466, #7551, #1570, .T. ) ;
#1983 = ORIENTED_EDGE ( 'NONE', *, *, #11567, .T. ) ;
#1984 = FILL_AREA_STYLE ('',( #4999 ) ) ;
#1985 = DIRECTION ( 'NONE',  ( 1.000000000000000000, 0.0000000000000000000, 0.0000000000000000000 ) ) ;
#1986 = ORIENTED_EDGE ( 'NONE', *, *, #10687, .F. ) ;
#1987 = LINE ( 'NONE', #1852, #3488 ) ;
#1988 = VECTOR ( 'NONE', #12447, 39.37007874015748143 ) ;
#1989 = LINE ( 'NONE', #8111, #3733 ) ;
#1990 = STYLED_ITEM ( 'NONE', ( #1991 ), #6624 ) ;
#1991 = PRESENTATION_STYLE_ASSIGNMENT (( #11204 ) ) ;
#1992 = LINE ( 'NONE', #6020, #2409 ) ;
#1993 = ADVANCED_FACE ( 'NONE', ( #4460 ), #10735, .F. ) ;
#1994 = DIRECTION ( 'NONE',  ( 8.833616147085620181E-14, -8.220413448606448643E-18, 1.000000000000000000 ) ) ;
#1995 = ORIENTED_EDGE ( 'NONE', *, *, #3138, .T. ) ;
#1996 = EDGE_LOOP ( 'NONE', ( #3371, #9742, #3580, #11580 ) ) ;
#1997 = CARTESIAN_POINT ( 'NONE',  ( 0.2405148266268504198, 0.1555589999168269788, 0.4810890401532991745 ) ) ;
#1998 = ORIENTED_EDGE ( 'NONE', *, *, #347, .F. ) ;
#1999 = EDGE_CURVE ( 'NONE', #9366, #7846, #3478, .T. ) ;
#2000 = AXIS2_PLACEMENT_3D ( 'NONE', #3460, #11583, #2734 ) ;
#2001 = VERTEX_POINT ( 'NONE', #8718 ) ;
#2002 =( NAMED_UNIT ( * ) PLANE_ANGLE_UNIT ( ) SI_UNIT ( $, .RADIAN. ) );
#2003 = ORIENTED_EDGE ( 'NONE', *, *, #12328, .F. ) ;
#2004 = CARTESIAN_POINT ( 'NONE',  ( 0.1342156140284145593, 0.3839054566097366283, 0.3456559692871649658 ) ) ;
#2005 = DIRECTION ( 'NONE',  ( 0.0000000000000000000, 0.0000000000000000000, 1.000000000000000000 ) ) ;
#2006 = ORIENTED_EDGE ( 'NONE', *, *, #5857, .T. ) ;
#2007 = PLANE ( 'NONE',  #2366 ) ;
#2008 =( GEOMETRIC_REPRESENTATION_CONTEXT ( 3 ) GLOBAL_UNCERTAINTY_ASSIGNED_CONTEXT ( ( #9091 ) ) GLOBAL_UNIT_ASSIGNED_CONTEXT ( ( #6401, #11539, #2631 ) ) REPRESENTATION_CONTEXT ( 'NONE', 'WORKASPACE' ) );
#2009 = COLOUR_RGB ( '',0.7529411764705882248, 0.7529411764705882248, 0.0000000000000000000 ) ;
#2010 = EDGE_CURVE ( 'NONE', #5295, #12699, #9806, .T. ) ;
#2011 = CARTESIAN_POINT ( 'NONE',  ( 0.2326408108788039775, 0.2579212046412326376, 0.1901441582635393646 ) ) ;
#2012 = VERTEX_POINT ( 'NONE', #2755 ) ;
#2013 = LINE ( 'NONE', #1946, #2129 ) ;
#2014 = DIRECTION ( 'NONE',  ( 0.0000000000000000000, -1.000000000000000000, 0.0000000000000000000 ) ) ;
#2015 = ADVANCED_FACE ( 'NONE', ( #705 ), #1710, .F. ) ;
#2016 = ORIENTED_EDGE ( 'NONE', *, *, #4765, .T. ) ;
#2017 = LINE ( 'NONE', #4035, #9557 ) ;
#2018 = VECTOR ( 'NONE', #7125, 39.37007874015748143 ) ;
#2019 = MECHANICAL_DESIGN_GEOMETRIC_PRESENTATION_REPRESENTATION (  '', ( #3889 ), #733 ) ;
#2020 = ORIENTED_EDGE ( 'NONE', *, *, #8630, .T. ) ;
#2021 = ORIENTED_EDGE ( 'NONE', *, *, #5494, .F. ) ;
#2022 = ADVANCED_FACE ( 'NONE', ( #1777 ), #3675, .F. ) ;
#2023 = DIRECTION ( 'NONE',  ( 0.0000000000000000000, 1.000000000000000000, 0.0000000000000000000 ) ) ;
#2024 = PRESENTATION_STYLE_ASSIGNMENT (( #12925 ) ) ;
#2025 = MECHANICAL_DESIGN_GEOMETRIC_PRESENTATION_REPRESENTATION (  '', ( #4961 ), #10489 ) ;
#2026 = ADVANCED_FACE ( 'NONE', ( #3743 ), #4794, .F. ) ;
#2027 = DIRECTION ( 'NONE',  ( -1.937287448275559661E-17, -1.000000000000000000, -8.220413448604588965E-18 ) ) ;
#2028 = EDGE_LOOP ( 'NONE', ( #2807, #11211, #4039, #4358 ) ) ;
#2029 = VECTOR ( 'NONE', #5176, 39.37007874015748854 ) ;
#2030 = APPLICATION_PROTOCOL_DEFINITION ( 'draft international standard', 'automotive_design', 1998, #1872 ) ;
#2031 = ORIENTED_EDGE ( 'NONE', *, *, #2509, .F. ) ;
#2032 = CARTESIAN_POINT ( 'NONE',  ( 0.3290975037921822777, 0.4547715983420212993, 0.3062858905470074999 ) ) ;
#2033 = LINE ( 'NONE', #12191, #4432 ) ;
#2034 = ORIENTED_EDGE ( 'NONE', *, *, #10123, .F. ) ;
#2035 = AXIS2_PLACEMENT_3D ( 'NONE', #7866, #11012, #1922 ) ;
#2036 = CYLINDRICAL_SURFACE ( 'NONE', #1597, 0.05610236220472444857 ) ;
#2037 = DIRECTION ( 'NONE',  ( -1.000000000000000000, 1.937287448275484781E-17, 8.833616147085620181E-14 ) ) ;
#2038 = ORIENTED_EDGE ( 'NONE', *, *, #11272, .F. ) ;
#2039 = VECTOR ( 'NONE', #1943, 39.37007874015748143 ) ;
#2040 = FACE_OUTER_BOUND ( 'NONE', #1518, .T. ) ;
#2041 = EDGE_CURVE ( 'NONE', #1008, #6939, #9648, .T. ) ;
#2042 = SURFACE_SIDE_STYLE ('',( #12077 ) ) ;
#2043 = CARTESIAN_POINT ( 'NONE',  ( 0.2326408108788039775, 0.4272125432239181064, 0.3456559692871649658 ) ) ;
#2044 = VECTOR ( 'NONE', #12599, 39.37007874015748143 ) ;
#2045 = DIRECTION ( 'NONE',  ( 4.055465256288976506E-16, -0.7071067811865474617, -0.7071067811865474617 ) ) ;
#2046 = DIRECTION ( 'NONE',  ( 4.283287147278279229E-17, 1.665334536937734811E-16, 1.000000000000000000 ) ) ;
#2047 = CARTESIAN_POINT ( 'NONE',  ( 0.2405148266268504198, 0.2264251416491177282, 0.4456559692871464584 ) ) ;
#2048 = ORIENTED_EDGE ( 'NONE', *, *, #9750, .F. ) ;
#2049 = ORIENTED_EDGE ( 'NONE', *, *, #7743, .T. ) ;
#2050 = FACE_OUTER_BOUND ( 'NONE', #7678, .T. ) ;
#2051 = DIRECTION ( 'NONE',  ( 0.0000000000000000000, 0.0000000000000000000, 1.000000000000000000 ) ) ;
#2052 = ORIENTED_EDGE ( 'NONE', *, *, #2121, .F. ) ;
#2053 = VECTOR ( 'NONE', #12669, 39.37007874015748143 ) ;
#2054 = ORIENTED_EDGE ( 'NONE', *, *, #666, .F. ) ;
#2055 = DIRECTION ( 'NONE',  ( -0.7071067811865475727, 0.7071067811865475727, -1.745088153485698425E-16 ) ) ;
#2056 = ADVANCED_FACE ( 'NONE', ( #2672 ), #11647, .F. ) ;
#2057 = FACE_OUTER_BOUND ( 'NONE', #5166, .T. ) ;
#2058 = EDGE_CURVE ( 'NONE', #3609, #577, #9573, .T. ) ;
#2059 = DIRECTION ( 'NONE',  ( -1.000000000000000000, 1.937287448275484781E-17, 8.833616147085620181E-14 ) ) ;
#2060 = VERTEX_POINT ( 'NONE', #9785 ) ;
#2061 = ORIENTED_EDGE ( 'NONE', *, *, #4937, .F. ) ;
#2062 = DIRECTION ( 'NONE',  ( 1.000000000000000000, 3.376070039848299626E-16, 2.359223927328455183E-16 ) ) ;
#2063 = ORIENTED_EDGE ( 'NONE', *, *, #12916, .T. ) ;
#2064 = ORIENTED_EDGE ( 'NONE', *, *, #3775, .T. ) ;
#2065 = CARTESIAN_POINT ( 'NONE',  ( 0.1444518345008675153, 0.05713380306640645362, 0.2397504574761405716 ) ) ;
#2066 = DIRECTION ( 'NONE',  ( 0.8944271909998481318, 0.4472135955000935414, 4.875037915009133369E-17 ) ) ;
#2067 = FILL_AREA_STYLE_COLOUR ( '', #1363 ) ;
#2068 = VECTOR ( 'NONE', #6254, 39.37007874015748143 ) ;
#2069 = DIRECTION ( 'NONE',  ( 1.000000000000000000, 3.376070039848300612E-16, 2.359223927328455183E-16 ) ) ;
#2070 = VECTOR ( 'NONE', #5615, 39.37007874015748143 ) ;
#2071 = VERTEX_POINT ( 'NONE', #487 ) ;
#2072 = EDGE_CURVE ( 'NONE', #665, #757, #8622, .T. ) ;
#2073 = SURFACE_STYLE_USAGE ( .BOTH. , #7690 ) ;
#2074 = ORIENTED_EDGE ( 'NONE', *, *, #8885, .T. ) ;
#2075 = DIRECTION ( 'NONE',  ( -1.937287448275559661E-17, -1.000000000000000000, -8.220413448604588965E-18 ) ) ;
#2076 = CARTESIAN_POINT ( 'NONE',  ( 0.3468140392252720416, 0.1555589999168271731, 0.4062465204682488285 ) ) ;
#2077 = ORIENTED_EDGE ( 'NONE', *, *, #7298, .T. ) ;
#2078 = SURFACE_STYLE_FILL_AREA ( #10359 ) ;
#2079 = EDGE_CURVE ( 'NONE', #10377, #9018, #12857, .T. ) ;
#2080 = LENGTH_MEASURE_WITH_UNIT ( LENGTH_MEASURE( 0.02539999999999999897 ), #1064 );
#2081 = ORIENTED_EDGE ( 'NONE', *, *, #9280, .T. ) ;
#2082 = AXIS2_PLACEMENT_3D ( 'NONE', #4178, #12195, #9432 ) ;
#2083 = DIRECTION ( 'NONE',  ( -6.014894242100854160E-18, -2.498001805406600244E-16, -1.000000000000000000 ) ) ;
#2084 = EDGE_CURVE ( 'NONE', #906, #6584, #410, .T. ) ;
#2085 = CARTESIAN_POINT ( 'NONE',  ( 0.2326408108788039775, 0.05713380306642409229, 0.5011677803107913443 ) ) ;
#2086 = ORIENTED_EDGE ( 'NONE', *, *, #4041, .T. ) ;
#2087 = CARTESIAN_POINT ( 'NONE',  ( 0.4098061652095126295, 0.08862986605855728561, 0.4834512448777165128 ) ) ;
#2088 = DIRECTION ( 'NONE',  ( 0.0000000000000000000, -8.220413448604739958E-18, 1.000000000000000000 ) ) ;
#2089 = VECTOR ( 'NONE', #7948, 39.37007874015748143 ) ;
#2090 = EDGE_CURVE ( 'NONE', #6967, #3517, #6509, .T. ) ;
#2091 = EDGE_LOOP ( 'NONE', ( #5858, #9176, #8151, #3574 ) ) ;
#2092 = DIRECTION ( 'NONE',  ( -1.937287448275559661E-17, -1.000000000000000000, -8.220413448604588965E-18 ) ) ;
#2093 = FACE_OUTER_BOUND ( 'NONE', #9073, .T. ) ;
#2094 = ORIENTED_EDGE ( 'NONE', *, *, #2957, .F. ) ;
#2095 = ADVANCED_FACE ( 'NONE', ( #11511 ), #5442, .F. ) ;
#2096 = EDGE_CURVE ( 'NONE', #10552, #11632, #7592, .T. ) ;
#2097 = FACE_OUTER_BOUND ( 'NONE', #5011, .T. ) ;
#2098 = VECTOR ( 'NONE', #12619, 39.37007874015748143 ) ;
#2099 = CARTESIAN_POINT ( 'NONE',  ( 0.1027195510362938907, 0.1476849841687954967, 0.2180969141690468349 ) ) ;
#2100 = DIRECTION ( 'NONE',  ( 0.0000000000000000000, -1.000000000000000000, 0.0000000000000000000 ) ) ;
#2101 = DIRECTION ( 'NONE',  ( 0.0000000000000000000, 8.220413448604739958E-18, -1.000000000000000000 ) ) ;
#2102 = CARTESIAN_POINT ( 'NONE',  ( 0.2405148266268504198, 0.3760314408617052018, 0.2259709299170708785 ) ) ;
#2103 = CARTESIAN_POINT ( 'NONE',  ( 0.1267352990678039526, -0.07278745677611142550, 0.2397504574761405716 ) ) ;
#2104 = ORIENTED_EDGE ( 'NONE', *, *, #9631, .F. ) ;
#2105 = DIRECTION ( 'NONE',  ( -2.359223927328456662E-16, 3.885780586188049864E-16, 1.000000000000000000 ) ) ;
#2106 = ADVANCED_FACE ( 'NONE', ( #4439 ), #5510, .F. ) ;
#2107 = FACE_OUTER_BOUND ( 'NONE', #10174, .T. ) ;
#2108 =( CONVERSION_BASED_UNIT ( 'INCH', #12153 ) LENGTH_UNIT ( ) NAMED_UNIT ( #12625 ) );
#2109 = DIRECTION ( 'NONE',  ( 2.626713979715460250E-16, -3.747002708109905789E-16, -1.000000000000000000 ) ) ;
#2110 = VECTOR ( 'NONE', #10827, 39.37007874015748143 ) ;
#2111 = CARTESIAN_POINT ( 'NONE',  ( 0.2483888423748523422, 0.3760314408617059234, 0.4243961267674803417 ) ) ;
#2112 = ORIENTED_EDGE ( 'NONE', *, *, #12381, .T. ) ;
#2113 = SURFACE_SIDE_STYLE ('',( #4199 ) ) ;
#2114 = ORIENTED_EDGE ( 'NONE', *, *, #8077, .T. ) ;
#2115 = DIRECTION ( 'NONE',  ( -2.359223927328456662E-16, 3.885780586188049864E-16, 1.000000000000000000 ) ) ;
#2116 = ORIENTED_EDGE ( 'NONE', *, *, #6563, .T. ) ;
#2117 = ORIENTED_EDGE ( 'NONE', *, *, #5978, .T. ) ;
#2118 = SURFACE_STYLE_USAGE ( .BOTH. , #8370 ) ;
#2119 = PRESENTATION_STYLE_ASSIGNMENT (( #171 ) ) ;
#2120 = ORIENTED_EDGE ( 'NONE', *, *, #12076, .T. ) ;
#2121 = EDGE_CURVE ( 'NONE', #6327, #5843, #2872, .T. ) ;
#2122 = EDGE_CURVE ( 'NONE', #12841, #8771, #2733, .T. ) ;
#2123 = SURFACE_SIDE_STYLE ('',( #6090 ) ) ;
#2124 = DIRECTION ( 'NONE',  ( -3.007447121050439791E-18, -2.498001805406600244E-16, -1.000000000000000000 ) ) ;
#2125 = AXIS2_PLACEMENT_3D ( 'NONE', #1893, #1957, #5917 ) ;
#2126 = ORIENTED_EDGE ( 'NONE', *, *, #2646, .T. ) ;
#2127 = FILL_AREA_STYLE_COLOUR ( '', #7286 ) ;
#2128 = EDGE_LOOP ( 'NONE', ( #12299, #1667, #12209, #12189 ) ) ;
#2129 = VECTOR ( 'NONE', #8825, 39.37007874015748143 ) ;
#2130 = PLANE ( 'NONE',  #8053 ) ;
#2131 = CARTESIAN_POINT ( 'NONE',  ( 0.3212234880441705021, 0.1555589999168269788, 0.3456559692871527534 ) ) ;
#2132 = ORIENTED_EDGE ( 'NONE', *, *, #10343, .T. ) ;
#2133 = SURFACE_SIDE_STYLE ('',( #7150 ) ) ;
#2134 = EDGE_CURVE ( 'NONE', #876, #11337, #5780, .T. ) ;
#2135 = DIRECTION ( 'NONE',  ( 1.000000000000000000, 3.518308117683325866E-16, 2.626713979715460250E-16 ) ) ;
#2136 = CARTESIAN_POINT ( 'NONE',  ( 0.3330345116662205007, 0.1555589999168269788, 0.4062858905469889370 ) ) ;
#2137 = VERTEX_POINT ( 'NONE', #1005 ) ;
#2138 = VECTOR ( 'NONE', #9247, 39.37007874015748143 ) ;
#2139 = COLOUR_RGB ( '',0.7529411764705882248, 0.7529411764705882248, 0.0000000000000000000 ) ;
#2140 = FACE_OUTER_BOUND ( 'NONE', #176, .T. ) ;
#2141 = CARTESIAN_POINT ( 'NONE',  ( 0.3389400234772338982, 0.3760314408617052018, 0.2669158118068457042 ) ) ;
#2142 = ORIENTED_EDGE ( 'NONE', *, *, #12948, .T. ) ;
#2143 = ADVANCED_FACE ( 'NONE', ( #10915 ), #8834, .F. ) ;
#2144 = ORIENTED_EDGE ( 'NONE', *, *, #4040, .F. ) ;
#2145 = DIRECTION ( 'NONE',  ( -1.937287448275559661E-17, -1.000000000000000000, -8.220413448604588965E-18 ) ) ;
#2146 = AXIS2_PLACEMENT_3D ( 'NONE', #5501, #3718, #8829 ) ;
#2147 = VECTOR ( 'NONE', #11101, 39.37007874015748143 ) ;
#2148 = CARTESIAN_POINT ( 'NONE',  ( 0.1027195510362846342, 0.1555589999168269788, 0.4456559692871464584 ) ) ;
#2149 = EDGE_LOOP ( 'NONE', ( #9615, #2534, #4740, #1686 ) ) ;
#2150 = FACE_OUTER_BOUND ( 'NONE', #12914, .T. ) ;
#2151 = CARTESIAN_POINT ( 'NONE',  ( 0.3468140392252720416, 0.1555589999168271731, 0.4062465204682488285 ) ) ;
#2152 = ORIENTED_EDGE ( 'NONE', *, *, #5792, .T. ) ;
#2153 = AXIS2_PLACEMENT_3D ( 'NONE', #10030, #8002, #5012 ) ;
#2154 = CARTESIAN_POINT ( 'NONE',  ( 0.3920896297764417393, 0.08862986605855728561, 0.4834512448777165128 ) ) ;
#2155 = VECTOR ( 'NONE', #4769, 39.37007874015748143 ) ;
#2156 = ADVANCED_FACE ( 'NONE', ( #10125 ), #9987, .F. ) ;
#2157 =( LENGTH_UNIT ( ) NAMED_UNIT ( * ) SI_UNIT ( $, .METRE. ) );
#2158 = SURFACE_STYLE_USAGE ( .BOTH. , #7979 ) ;
#2159 = CARTESIAN_POINT ( 'NONE',  ( 0.2405148266268504198, 0.3760314408617055348, 0.4653410086572252191 ) ) ;
#2160 = EDGE_CURVE ( 'NONE', #3630, #4752, #13060, .T. ) ;
#2161 = LINE ( 'NONE', #895, #449 ) ;
#2162 = EDGE_LOOP ( 'NONE', ( #10966, #11389, #65, #9880 ) ) ;
#2163 = VECTOR ( 'NONE', #4296, 39.37007874015748143 ) ;
#2164 = DIRECTION ( 'NONE',  ( 0.0000000000000000000, 0.0000000000000000000, -1.000000000000000000 ) ) ;
#2165 = DIRECTION ( 'NONE',  ( 0.5773502691896260641, 0.5773502691896260641, -0.5773502691896250649 ) ) ;
#2166 = LINE ( 'NONE', #1095, #756 ) ;
#2167 = PLANE ( 'NONE',  #1549 ) ;
#2168 =( GEOMETRIC_REPRESENTATION_CONTEXT ( 3 ) GLOBAL_UNCERTAINTY_ASSIGNED_CONTEXT ( ( #12296 ) ) GLOBAL_UNIT_ASSIGNED_CONTEXT ( ( #928, #740, #5846 ) ) REPRESENTATION_CONTEXT ( 'NONE', 'WORKASPACE' ) );
#2169 = EDGE_CURVE ( 'NONE', #1931, #4325, #2990, .T. ) ;
#2170 = VECTOR ( 'NONE', #2385, 39.37007874015748143 ) ;
#2171 = PLANE ( 'NONE',  #12521 ) ;
#2172 = EDGE_CURVE ( 'NONE', #8883, #11826, #5216, .T. ) ;
#2173 = EDGE_LOOP ( 'NONE', ( #3311, #4203, #12100, #11945 ) ) ;
#2174 = EDGE_LOOP ( 'NONE', ( #12694, #10235, #10218, #1712 ) ) ;
#2175 = CARTESIAN_POINT ( 'NONE',  ( 0.3920896297764417393, 0.1476849841687903619, 0.5011677803107913443 ) ) ;
#2176 = ORIENTED_EDGE ( 'NONE', *, *, #122, .F. ) ;
#2177 = ORIENTED_EDGE ( 'NONE', *, *, #7000, .F. ) ;
#2178 = CARTESIAN_POINT ( 'NONE',  ( 0.1558691573355118209, 0.1791810471609003863, 0.4515614810981850025 ) ) ;
#2179 = VECTOR ( 'NONE', #2695, 39.37007874015748143 ) ;
#2180 = ORIENTED_EDGE ( 'NONE', *, *, #3422, .T. ) ;
#2181 = VECTOR ( 'NONE', #6587, 39.37007874015748143 ) ;
#2182 = CARTESIAN_POINT ( 'NONE',  ( 0.2483888423748476515, 0.7897218048774075072, 0.2905378590509508085 ) ) ;
#2183 = ORIENTED_EDGE ( 'NONE', *, *, #8029, .T. ) ;
#2184 = STYLED_ITEM ( 'NONE', ( #196 ), #10369 ) ;
#2185 = ADVANCED_FACE ( 'NONE', ( #10364 ), #8330, .T. ) ;
#2186 = CARTESIAN_POINT ( 'NONE',  ( 0.2326408108788039775, 0.5531967951924180449, 0.3456559692871649658 ) ) ;
#2187 = ORIENTED_EDGE ( 'NONE', *, *, #6809, .F. ) ;
#2188 = UNCERTAINTY_MEASURE_WITH_UNIT (LENGTH_MEASURE( 1.000000000000000082E-05 ), #5257, 'distance_accuracy_value', 'NONE');
#2189 = AXIS2_PLACEMENT_3D ( 'NONE', #617, #11854, #7627 ) ;
#2190 = CARTESIAN_POINT ( 'NONE',  ( 0.3645305746583386020, 0.2776062440113113983, 0.5011677803107913443 ) ) ;
#2191 = FACE_OUTER_BOUND ( 'NONE', #2249, .T. ) ;
#2192 = VERTEX_POINT ( 'NONE', #4105 ) ;
#2193 = DIRECTION ( 'NONE',  ( -3.518308117683323894E-16, 1.000000000000000000, -4.163336342344335547E-16 ) ) ;
#2194 = CARTESIAN_POINT ( 'NONE',  ( 0.1558691573354936966, 0.2933542755073602626, 0.4515614810981850025 ) ) ;
#2195 = DIRECTION ( 'NONE',  ( 1.316334802367149914E-16, -1.000000000000000000, 1.526556658859589750E-16 ) ) ;
#2196 = ORIENTED_EDGE ( 'NONE', *, *, #5803, .F. ) ;
#2197 = COLOUR_RGB ( '',0.7529411764705882248, 0.7529411764705882248, 0.0000000000000000000 ) ;
#2198 = CARTESIAN_POINT ( 'NONE',  ( 0.2726091976981878107, -0.07318115756351298296, 0.3850260480273224872 ) ) ;
#2199 = ADVANCED_FACE ( 'NONE', ( #7102 ), #8261, .T. ) ;
#2200 = CARTESIAN_POINT ( 'NONE',  ( 0.3625620707213386140, 0.08862986605856654210, 0.4515614810981740113 ) ) ;
#2201 = ORIENTED_EDGE ( 'NONE', *, *, #4027, .T. ) ;
#2202 = ADVANCED_FACE ( 'NONE', ( #6166 ), #189, .F. ) ;
#2203 = PRESENTATION_LAYER_ASSIGNMENT (  '', '', ( #931 ) ) ;
#2204 = FACE_BOUND ( 'NONE', #10786, .T. ) ;
#2205 = COLOUR_RGB ( '',0.7529411764705882248, 0.7529411764705882248, 0.0000000000000000000 ) ;
#2206 = EDGE_LOOP ( 'NONE', ( #7073, #5335, #8251, #1071, #10779 ) ) ;
#2207 = LINE ( 'NONE', #4362, #10833 ) ;
#2208 = VERTEX_POINT ( 'NONE', #11297 ) ;
#2209 =( CONVERSION_BASED_UNIT ( 'INCH', #3124 ) LENGTH_UNIT ( ) NAMED_UNIT ( #9731 ) );
#2210 = CARTESIAN_POINT ( 'NONE',  ( 0.2326408108788161622, 0.1555589999168269788, 0.4810890401532991745 ) ) ;
#2211 = ORIENTED_EDGE ( 'NONE', *, *, #644, .F. ) ;
#2212 = ORIENTED_EDGE ( 'NONE', *, *, #5898, .F. ) ;
#2213 = EDGE_CURVE ( 'NONE', #6433, #5343, #7156, .T. ) ;
#2214 = VECTOR ( 'NONE', #10207, 39.37007874015748143 ) ;
#2215 = VECTOR ( 'NONE', #13009, 39.37007874015748143 ) ;
#2216 = LINE ( 'NONE', #413, #11778 ) ;
#2217 = ADVANCED_FACE ( 'NONE', ( #12371 ), #1068, .F. ) ;
#2218 = CARTESIAN_POINT ( 'NONE',  ( 0.1562628581229041358, 0.08075585031049743734, 0.2397504574761405716 ) ) ;
#2219 = DIRECTION ( 'NONE',  ( -1.608386623408229791E-17, -1.526556658859589750E-16, -1.000000000000000000 ) ) ;
#2220 = CARTESIAN_POINT ( 'NONE',  ( 0.2326408108788161622, 0.1555589999168269788, 0.4810890401532991745 ) ) ;
#2221 = CARTESIAN_POINT ( 'NONE',  ( 0.2916959289890523888, 0.2448335284032795434, 0.3456559692871527534 ) ) ;
#2222 = AXIS2_PLACEMENT_3D ( 'NONE', #7328, #1305, #9330 ) ;
#2223 = EDGE_LOOP ( 'NONE', ( #8117, #12639, #9082, #9527 ) ) ;
#2224 = CARTESIAN_POINT ( 'NONE',  ( 0.1444518345008675153, 0.05713380306640645362, 0.4515614810981850025 ) ) ;
#2225 = CARTESIAN_POINT ( 'NONE',  ( 0.2956329368630822851, 0.08862986605855749378, 0.2058921897596043549 ) ) ;
#2226 = ORIENTED_EDGE ( 'NONE', *, *, #9024, .T. ) ;
#2227 = EDGE_CURVE ( 'NONE', #4866, #11158, #3115, .T. ) ;
#2228 = CARTESIAN_POINT ( 'NONE',  ( 0.2326408108788126095, -0.1446865674942328650, 0.4397504574761377794 ) ) ;
#2229 = DIRECTION ( 'NONE',  ( 3.518308117683324880E-16, -1.000000000000000000, 4.163336342344335054E-16 ) ) ;
#2230 = ADVANCED_FACE ( 'NONE', ( #2140 ), #7349, .F. ) ;
#2231 = ORIENTED_EDGE ( 'NONE', *, *, #3358, .T. ) ;
#2232 = FACE_OUTER_BOUND ( 'NONE', #8076, .T. ) ;
#2233 = VERTEX_POINT ( 'NONE', #12186 ) ;
#2234 = CARTESIAN_POINT ( 'NONE',  ( 0.1347607381955348571, 0.4079514893171787282, 0.1901441582635393646 ) ) ;
#2235 = VERTEX_POINT ( 'NONE', #8203 ) ;
#2236 = ORIENTED_EDGE ( 'NONE', *, *, #122, .T. ) ;
#2237 = CARTESIAN_POINT ( 'NONE',  ( 0.2267352990677846403, -0.07278745677610237719, 0.4515614810981850025 ) ) ;
#2238 = VECTOR ( 'NONE', #7518, 39.37007874015748143 ) ;
#2239 = EDGE_CURVE ( 'NONE', #12374, #12369, #3053, .T. ) ;
#2240 = CARTESIAN_POINT ( 'NONE',  ( 0.2326408108788126095, -0.1446865674942328650, 0.4515614810981850025 ) ) ;
#2241 = PLANE ( 'NONE',  #4182 ) ;
#2242 = CARTESIAN_POINT ( 'NONE',  ( 0.3330345116662205007, 0.1555589999168271731, 0.4062465204682488285 ) ) ;
#2243 = ADVANCED_FACE ( 'NONE', ( #8606 ), #747, .F. ) ;
#2244 = EDGE_CURVE ( 'NONE', #9896, #11703, #6911, .T. ) ;
#2245 = CARTESIAN_POINT ( 'NONE',  ( 0.2483888423748523422, 0.1988660865309976600, 0.3456559692871649658 ) ) ;
#2246 = ORIENTED_EDGE ( 'NONE', *, *, #10165, .T. ) ;
#2247 = CARTESIAN_POINT ( 'NONE',  ( 0.3290975037921822777, 0.5295747479483235987, 0.2688843157438653431 ) ) ;
#2248 = DIRECTION ( 'NONE',  ( 1.000000000000000000, 0.0000000000000000000, 0.0000000000000000000 ) ) ;
#2249 = EDGE_LOOP ( 'NONE', ( #9392, #12225, #5668, #9268, #2074, #4544 ) ) ;
#2250 = CARTESIAN_POINT ( 'NONE',  ( 0.2405148266268504198, 0.1555589999168269788, 0.2850260480273070773 ) ) ;
#2251 = CARTESIAN_POINT ( 'NONE',  ( 0.2483888423748523422, 0.2165826219640791250, 0.2905378590509232195 ) ) ;
#2252 = ORIENTED_EDGE ( 'NONE', *, *, #1470, .F. ) ;
#2253 = FACE_OUTER_BOUND ( 'NONE', #2562, .T. ) ;
#2254 = VECTOR ( 'NONE', #11692, 39.37007874015748143 ) ;
#2255 = FACE_OUTER_BOUND ( 'NONE', #12649, .T. ) ;
#2256 = DIRECTION ( 'NONE',  ( -0.5547001962252281482, 0.0000000000000000000, 0.8320502943378442762 ) ) ;
#2257 = ORIENTED_EDGE ( 'NONE', *, *, #7, .F. ) ;
#2258 = ADVANCED_FACE ( 'NONE', ( #5854 ), #3655, .F. ) ;
#2259 = CARTESIAN_POINT ( 'NONE',  ( 0.2326408108788126095, -0.1446865674942328650, 0.4397504574761377794 ) ) ;
#2260 = CARTESIAN_POINT ( 'NONE',  ( 0.1401211258394373937, 0.7897218048774075072, 0.3456559692871649658 ) ) ;
#2261 = PLANE ( 'NONE',  #12636 ) ;
#2262 = ORIENTED_EDGE ( 'NONE', *, *, #1421, .F. ) ;
#2263 = EDGE_LOOP ( 'NONE', ( #5951, #722, #12120, #5001 ) ) ;
#2264 = DIRECTION ( 'NONE',  ( -1.174096724532128111E-16, 1.000000000000000000, -1.665334536937734811E-16 ) ) ;
#2265 = ORIENTED_EDGE ( 'NONE', *, *, #3530, .T. ) ;
#2266 = LINE ( 'NONE', #6297, #9326 ) ;
#2267 = FACE_OUTER_BOUND ( 'NONE', #11076, .T. ) ;
#2268 = DIRECTION ( 'NONE',  ( 0.7071067811865475727, 0.7071067811865475727, -1.787619878552792927E-16 ) ) ;
#2269 = VERTEX_POINT ( 'NONE', #3919 ) ;
#2270 = DIRECTION ( 'NONE',  ( -1.937287448275559661E-17, -1.000000000000000000, -8.220413448604588965E-18 ) ) ;
#2271 = CARTESIAN_POINT ( 'NONE',  ( 0.2194332693203828732, 0.5467381050729622771, 0.4243961267674756788 ) ) ;
#2272 = ORIENTED_EDGE ( 'NONE', *, *, #3530, .F. ) ;
#2273 = EDGE_CURVE ( 'NONE', #9826, #3917, #5707, .T. ) ;
#2274 = EDGE_CURVE ( 'NONE', #6991, #4648, #4774, .T. ) ;
#2275 = VERTEX_POINT ( 'NONE', #12923 ) ;
#2276 = LINE ( 'NONE', #6446, #1120 ) ;
#2277 = CARTESIAN_POINT ( 'NONE',  ( 0.2208297872567575038, 0.05713380306641550888, 0.4397504574761377794 ) ) ;
#2278 = SURFACE_STYLE_FILL_AREA ( #9371 ) ;
#2279 = VECTOR ( 'NONE', #856, 39.37007874015748143 ) ;
#2280 = LINE ( 'NONE', #10383, #986 ) ;
#2281 = DIRECTION ( 'NONE',  ( 1.000000000000000000, 3.376070039848299626E-16, 2.359223927328455183E-16 ) ) ;
#2282 = LINE ( 'NONE', #5238, #7192 ) ;
#2283 = ORIENTED_EDGE ( 'NONE', *, *, #9024, .F. ) ;
#2284 = DIRECTION ( 'NONE',  ( -1.000000000000000000, 0.0000000000000000000, 0.0000000000000000000 ) ) ;
#2285 = CARTESIAN_POINT ( 'NONE',  ( 0.2208297872567575038, -0.05703942528004488088, 0.2397504574761405716 ) ) ;
#2286 =( NAMED_UNIT ( * ) PLANE_ANGLE_UNIT ( ) SI_UNIT ( $, .RADIAN. ) );
#2287 = VERTEX_POINT ( 'NONE', #11047 ) ;
#2288 = VECTOR ( 'NONE', #6675, 39.37007874015748143 ) ;
#2289 = CARTESIAN_POINT ( 'NONE',  ( 0.2562628581229027813, 0.08075585031050630525, 0.2515614810981878224 ) ) ;
#2290 = DIRECTION ( 'NONE',  ( 0.0000000000000000000, 0.9922778767136850586, 0.1240347345890696062 ) ) ;
#2291 = PLANE ( 'NONE',  #850 ) ;
#2292 = ORIENTED_EDGE ( 'NONE', *, *, #12305, .F. ) ;
#2293 = FILL_AREA_STYLE ('',( #5128 ) ) ;
#2294 = EDGE_CURVE ( 'NONE', #7837, #11759, #4900, .T. ) ;
#2295 = ORIENTED_EDGE ( 'NONE', *, *, #9004, .F. ) ;
#2296 =( GEOMETRIC_REPRESENTATION_CONTEXT ( 3 ) GLOBAL_UNCERTAINTY_ASSIGNED_CONTEXT ( ( #11113 ) ) GLOBAL_UNIT_ASSIGNED_CONTEXT ( ( #10297, #318, #9414 ) ) REPRESENTATION_CONTEXT ( 'NONE', 'WORKASPACE' ) );
#2297 = EDGE_CURVE ( 'NONE', #10158, #2233, #7833, .T. ) ;
#2298 = CARTESIAN_POINT ( 'NONE',  ( 0.4098061652095126295, 0.3957164802317834629, 0.5228213236178701484 ) ) ;
#2299 = ORIENTED_EDGE ( 'NONE', *, *, #821, .T. ) ;
#2300 = ORIENTED_EDGE ( 'NONE', *, *, #9605, .F. ) ;
#2301 = LINE ( 'NONE', #6328, #7424 ) ;
#2302 = CARTESIAN_POINT ( 'NONE',  ( 0.2444518345008484528, -0.05703942528004480456, 0.4515614810981850025 ) ) ;
#2303 = ORIENTED_EDGE ( 'NONE', *, *, #6887, .F. ) ;
#2304 = ADVANCED_FACE ( 'NONE', ( #937, #4973 ), #6050, .T. ) ;
#2305 =( LENGTH_UNIT ( ) NAMED_UNIT ( * ) SI_UNIT ( $, .METRE. ) );
#2306 = SURFACE_STYLE_USAGE ( .BOTH. , #12544 ) ;
#2307 = DIRECTION ( 'NONE',  ( 0.0000000000000000000, 8.220413448604739958E-18, -1.000000000000000000 ) ) ;
#2308 = ORIENTED_EDGE ( 'NONE', *, *, #1765, .F. ) ;
#2309 = VECTOR ( 'NONE', #11736, 39.37007874015748143 ) ;
#2310 =( CONVERSION_BASED_UNIT ( 'INCH', #9402 ) LENGTH_UNIT ( ) NAMED_UNIT ( #12711 ) );
#2311 = CARTESIAN_POINT ( 'NONE',  ( 0.2405148266268504198, 0.1555589999168269788, 0.2456559692871496114 ) ) ;
#2312 = PRESENTATION_STYLE_ASSIGNMENT (( #12425 ) ) ;
#2313 = ORIENTED_EDGE ( 'NONE', *, *, #12208, .T. ) ;
#2314 = CARTESIAN_POINT ( 'NONE',  ( 0.3704360864693551636, 0.08862986605855728561, 0.1684906149564565081 ) ) ;
#2315 = EDGE_CURVE ( 'NONE', #9815, #4233, #9102, .T. ) ;
#2316 = DIRECTION ( 'NONE',  ( 0.0000000000000000000, -1.000000000000000000, 0.0000000000000000000 ) ) ;
#2317 = EDGE_LOOP ( 'NONE', ( #580, #12021, #3984, #689, #6896, #262 ) ) ;
#2318 = CARTESIAN_POINT ( 'NONE',  ( 0.07122348804415806756, 0.3957164802317834629, 0.5070732921218070732 ) ) ;
#2319 = DIRECTION ( 'NONE',  ( 1.000000000000000000, 0.0000000000000000000, 0.0000000000000000000 ) ) ;
#2320 = ORIENTED_EDGE ( 'NONE', *, *, #1907, .T. ) ;
#2321 = CARTESIAN_POINT ( 'NONE',  ( 0.1558691573354936966, 0.3681574251136630060, 0.4397504574761377794 ) ) ;
#2322 = DIRECTION ( 'NONE',  ( -1.000000000000000000, 1.937287448275559661E-17, 0.0000000000000000000 ) ) ;
#2323 = CARTESIAN_POINT ( 'NONE',  ( 0.3090187636347015987, 0.08075585031051535356, 0.2397504574761405716 ) ) ;
#2324 = ORIENTED_EDGE ( 'NONE', *, *, #11102, .T. ) ;
#2325 = ORIENTED_EDGE ( 'NONE', *, *, #1131, .T. ) ;
#2326 = CARTESIAN_POINT ( 'NONE',  ( 0.1558691573354938908, 0.2421731731451575165, 0.2515614810981878224 ) ) ;
#2327 = ADVANCED_FACE ( 'NONE', ( #10903 ), #12421, .F. ) ;
#2328 = ORIENTED_EDGE ( 'NONE', *, *, #8091, .F. ) ;
#2329 = LINE ( 'NONE', #9295, #10842 ) ;
#2330 = CARTESIAN_POINT ( 'NONE',  ( 0.07319199198116595195, 0.05713380306642409229, 0.4991992763737755912 ) ) ;
#2331 = FACE_OUTER_BOUND ( 'NONE', #195, .T. ) ;
#2332 = EDGE_LOOP ( 'NONE', ( #8000, #7595, #8401, #13087 ) ) ;
#2333 = VECTOR ( 'NONE', #5167, 39.37007874015748143 ) ;
#2334 = VECTOR ( 'NONE', #6006, 39.37007874015748143 ) ;
#2335 = CARTESIAN_POINT ( 'NONE',  ( 0.03972742505202851021, 0.2776062440113113983, 0.3614040007832315382 ) ) ;
#2336 = CARTESIAN_POINT ( 'NONE',  ( 0.3562628581229011493, 0.08862986605856654210, 0.4397504574761377794 ) ) ;
#2337 = ORIENTED_EDGE ( 'NONE', *, *, #9317, .T. ) ;
#2338 = PLANE ( 'NONE',  #2612 ) ;
#2339 = LINE ( 'NONE', #5234, #11549 ) ;
#2340 = DIRECTION ( 'NONE',  ( -0.5773502691896257311, -0.5773502691896257311, 0.5773502691896257311 ) ) ;
#2341 = VECTOR ( 'NONE', #4840, 39.37007874015748143 ) ;
#2342 = DIRECTION ( 'NONE',  ( -5.273376169246158292E-17, 0.7071067811865469066, 0.7071067811865479058 ) ) ;
#2343 = LINE ( 'NONE', #2220, #1067 ) ;
#2344 = ADVANCED_FACE ( 'NONE', ( #3282 ), #2502, .F. ) ;
#2345 = LINE ( 'NONE', #418, #2138 ) ;
#2346 = EDGE_LOOP ( 'NONE', ( #12020, #5284, #11042, #1733 ) ) ;
#2347 = CARTESIAN_POINT ( 'NONE',  ( 0.2326408108788039775, 0.3957164802317834629, 0.2472307724367716342 ) ) ;
#2348 = LINE ( 'NONE', #6383, #7122 ) ;
#2349 = VECTOR ( 'NONE', #2075, 39.37007874015748143 ) ;
#2350 = DIRECTION ( 'NONE',  ( 3.518308117683324880E-16, -1.000000000000000000, 4.163336342344335054E-16 ) ) ;
#2351 = LINE ( 'NONE', #9666, #6257 ) ;
#2352 = ADVANCED_FACE ( 'NONE', ( #3347 ), #4476, .F. ) ;
#2353 = VERTEX_POINT ( 'NONE', #4680 ) ;
#2354 = EDGE_CURVE ( 'NONE', #11556, #11099, #8031, .T. ) ;
#2355 = VECTOR ( 'NONE', #8249, 39.37007874015748854 ) ;
#2356 = DIRECTION ( 'NONE',  ( 0.0000000000000000000, -1.000000000000000000, 0.0000000000000000000 ) ) ;
#2357 = ORIENTED_EDGE ( 'NONE', *, *, #5930, .T. ) ;
#2358 = DIRECTION ( 'NONE',  ( -0.7071067811865474617, 0.7071067811865474617, -2.410737741626302641E-16 ) ) ;
#2359 = ORIENTED_EDGE ( 'NONE', *, *, #3991, .T. ) ;
#2360 = VERTEX_POINT ( 'NONE', #8732 ) ;
#2361 = DIRECTION ( 'NONE',  ( 0.0000000000000000000, 1.000000000000000000, 0.0000000000000000000 ) ) ;
#2362 = ORIENTED_EDGE ( 'NONE', *, *, #495, .F. ) ;
#2363 = CARTESIAN_POINT ( 'NONE',  ( 0.2326408108788039775, 0.1988660865309964665, 0.3614040007832315382 ) ) ;
#2364 = VECTOR ( 'NONE', #8387, 39.37007874015748143 ) ;
#2365 = CARTESIAN_POINT ( 'NONE',  ( 0.2483888423748523422, 0.5295747479483235987, 0.2688843157438653431 ) ) ;
#2366 = AXIS2_PLACEMENT_3D ( 'NONE', #6150, #1941, #1177 ) ;
#2367 = PLANE ( 'NONE',  #10872 ) ;
#2368 = VERTEX_POINT ( 'NONE', #12136 ) ;
#2369 = EDGE_CURVE ( 'NONE', #13053, #11638, #2641, .T. ) ;
#2370 =( NAMED_UNIT ( * ) SI_UNIT ( $, .STERADIAN. ) SOLID_ANGLE_UNIT ( ) );
#2371 = CARTESIAN_POINT ( 'NONE',  ( 0.07319199198116595195, 0.05713380306642409229, 0.5011677803107913443 ) ) ;
#2372 = PLANE ( 'NONE',  #12254 ) ;
#2373 = ORIENTED_EDGE ( 'NONE', *, *, #8477, .F. ) ;
#2374 = AXIS2_PLACEMENT_3D ( 'NONE', #10009, #5733, #6731 ) ;
#2375 = ORIENTED_EDGE ( 'NONE', *, *, #4801, .T. ) ;
#2376 = DIRECTION ( 'NONE',  ( 1.000000000000000000, 0.0000000000000000000, 0.0000000000000000000 ) ) ;
#2377 = LINE ( 'NONE', #6687, #2364 ) ;
#2378 = VECTOR ( 'NONE', #8174, 39.37007874015748143 ) ;
#2379 = ORIENTED_EDGE ( 'NONE', *, *, #6211, .T. ) ;
#2380 = FILL_AREA_STYLE_COLOUR ( '', #8910 ) ;
#2381 = CARTESIAN_POINT ( 'NONE',  ( 0.3330345116662205007, 0.1555589999168269788, 0.2180969141690468349 ) ) ;
#2382 = CARTESIAN_POINT ( 'NONE',  ( 0.2208297872567571152, 0.05713380306641550888, 0.4515614810981850025 ) ) ;
#2383 = SURFACE_STYLE_USAGE ( .BOTH. , #11422 ) ;
#2384 = VERTEX_POINT ( 'NONE', #3007 ) ;
#2385 = DIRECTION ( 'NONE',  ( -1.316334802367149914E-16, 1.000000000000000000, -1.526556658859589750E-16 ) ) ;
#2386 = VECTOR ( 'NONE', #8154, 39.37007874015748143 ) ;
#2387 = EDGE_CURVE ( 'NONE', #1368, #5569, #2705, .T. ) ;
#2388 = CIRCLE ( 'NONE', #4269, 0.01574803149606299885 ) ;
#2389 = CARTESIAN_POINT ( 'NONE',  ( 0.3920896297764522864, 0.1476849841687954967, 0.5011677803107859042 ) ) ;
#2390 = ORIENTED_EDGE ( 'NONE', *, *, #9572, .F. ) ;
#2391 = EDGE_CURVE ( 'NONE', #2575, #8366, #4916, .T. ) ;
#2392 = EDGE_LOOP ( 'NONE', ( #5127, #1731, #12542, #1300 ) ) ;
#2393 = PLANE ( 'NONE',  #12989 ) ;
#2394 = DIRECTION ( 'NONE',  ( 1.000000000000000000, 1.408738150179759833E-16, -6.014894242100889598E-18 ) ) ;
#2395 = ORIENTED_EDGE ( 'NONE', *, *, #12513, .T. ) ;
#2396 = VECTOR ( 'NONE', #1319, 39.37007874015748143 ) ;
#2397 = DIRECTION ( 'NONE',  ( 1.000000000000000000, 1.316334802367149914E-16, -1.608386623408234722E-17 ) ) ;
#2398 = CARTESIAN_POINT ( 'NONE',  ( 0.3330345116662205007, 0.3130393148774570644, 0.2397504574761405716 ) ) ;
#2399 = ORIENTED_EDGE ( 'NONE', *, *, #8439, .T. ) ;
#2400 = PRESENTATION_LAYER_ASSIGNMENT (  '', '', ( #8525 ) ) ;
#2401 = DIRECTION ( 'NONE',  ( 2.359223927328455183E-16, -3.885780586188049864E-16, -1.000000000000000000 ) ) ;
#2402 = CARTESIAN_POINT ( 'NONE',  ( 0.1558691573355118209, 0.1791810471609003863, 0.4397504574761377794 ) ) ;
#2403 = VERTEX_POINT ( 'NONE', #1019 ) ;
#2404 = EDGE_CURVE ( 'NONE', #4898, #1156, #10001, .T. ) ;
#2405 = ORIENTED_EDGE ( 'NONE', *, *, #6091, .T. ) ;
#2406 = EDGE_CURVE ( 'NONE', #5693, #446, #5050, .T. ) ;
#2407 = DIRECTION ( 'NONE',  ( 0.0000000000000000000, 0.6000000000001463052, 0.7999999999998903544 ) ) ;
#2408 = LINE ( 'NONE', #7300, #12409 ) ;
#2409 = VECTOR ( 'NONE', #4012, 39.37007874015748143 ) ;
#2410 =( CONVERSION_BASED_UNIT ( 'INCH', #3521 ) LENGTH_UNIT ( ) NAMED_UNIT ( #4967 ) );
#2411 = LINE ( 'NONE', #6448, #4350 ) ;
#2412 = DIRECTION ( 'NONE',  ( 3.376070039848298640E-16, -1.000000000000000000, 4.302114220422480608E-16 ) ) ;
#2413 = LINE ( 'NONE', #10386, #12325 ) ;
#2414 = EDGE_LOOP ( 'NONE', ( #3407, #6937, #11237, #2955, #4064, #2257, #13037 ) ) ;
#2415 = VECTOR ( 'NONE', #8171, 39.37007874015748143 ) ;
#2416 = CARTESIAN_POINT ( 'NONE',  ( 0.1558691573354938908, 0.2933542755073602626, 0.2397504574761405716 ) ) ;
#2417 = FACE_BOUND ( 'NONE', #7738, .T. ) ;
#2418 = ORIENTED_EDGE ( 'NONE', *, *, #2010, .F. ) ;
#2419 = AXIS2_PLACEMENT_3D ( 'NONE', #2607, #6643, #12787 ) ;
#2420 = EDGE_LOOP ( 'NONE', ( #6751, #10272, #6858, #9393 ) ) ;
#2421 = ADVANCED_FACE ( 'NONE', ( #11192 ), #4057, .F. ) ;
#2422 = DIRECTION ( 'NONE',  ( 1.937287448275559661E-17, 1.000000000000000000, 8.220413448604739958E-18 ) ) ;
#2423 = CARTESIAN_POINT ( 'NONE',  ( 0.1027195510362938907, 0.1476849841687954967, 0.4180969141690433211 ) ) ;
#2424 = VECTOR ( 'NONE', #3365, 39.37007874015748143 ) ;
#2425 = CARTESIAN_POINT ( 'NONE',  ( 0.3290975037921822777, 0.4272125432239181064, 0.2905378590509232195 ) ) ;
#2426 = ORIENTED_EDGE ( 'NONE', *, *, #6179, .T. ) ;
#2427 = CARTESIAN_POINT ( 'NONE',  ( 0.1755541967055905817, 0.1555589999168269788, 0.2397504574761405716 ) ) ;
#2428 = ORIENTED_EDGE ( 'NONE', *, *, #3560, .T. ) ;
#2429 = ORIENTED_EDGE ( 'NONE', *, *, #4868, .F. ) ;
#2430 = SURFACE_STYLE_USAGE ( .BOTH. , #4542 ) ;
#2431 = CARTESIAN_POINT ( 'NONE',  ( 0.1263415982803838822, 0.3760314408617059234, 0.4243961267674803417 ) ) ;
#2432 = ORIENTED_EDGE ( 'NONE', *, *, #2571, .F. ) ;
#2433 = LINE ( 'NONE', #5606, #4757 ) ;
#2434 = LINE ( 'NONE', #12481, #12285 ) ;
#2435 = MECHANICAL_DESIGN_GEOMETRIC_PRESENTATION_REPRESENTATION (  '', ( #8342 ), #4115 ) ;
#2436 = ADVANCED_FACE ( 'NONE', ( #12395 ), #6129, .T. ) ;
#2437 = EDGE_CURVE ( 'NONE', #12478, #6057, #10147, .T. ) ;
#2438 = LINE ( 'NONE', #7332, #5105 ) ;
#2439 = ORIENTED_EDGE ( 'NONE', *, *, #11272, .T. ) ;
#2440 = DIRECTION ( 'NONE',  ( 1.000000000000000000, 0.0000000000000000000, 0.0000000000000000000 ) ) ;
#2441 = PLANE ( 'NONE',  #3233 ) ;
#2442 = CARTESIAN_POINT ( 'NONE',  ( 0.2326408108788039775, 0.4575997454093465033, 0.4243961267674803417 ) ) ;
#2443 = CARTESIAN_POINT ( 'NONE',  ( 0.2483888423748523422, 0.3760314408617059234, 0.2688843157438653431 ) ) ;
#2444 = ORIENTED_EDGE ( 'NONE', *, *, #5867, .F. ) ;
#2445 = VERTEX_POINT ( 'NONE', #7307 ) ;
#2446 = DIRECTION ( 'NONE',  ( 4.283287147278279229E-17, 1.665334536937734811E-16, 1.000000000000000000 ) ) ;
#2447 = ORIENTED_EDGE ( 'NONE', *, *, #7056, .F. ) ;
#2448 = DIRECTION ( 'NONE',  ( 2.626713979715460250E-16, -3.747002708109905789E-16, -1.000000000000000000 ) ) ;
#2449 = LINE ( 'NONE', #11625, #4570 ) ;
#2450 = CARTESIAN_POINT ( 'NONE',  ( 0.2326408108788039775, 0.5295747479483235987, 0.3456559692871649658 ) ) ;
#2451 = EDGE_LOOP ( 'NONE', ( #12420, #8183, #2909, #7740 ) ) ;
#2452 = DIRECTION ( 'NONE',  ( 3.376070039848299626E-16, -1.000000000000000000, 4.302114220422480115E-16 ) ) ;
#2453 = VECTOR ( 'NONE', #4727, 39.37007874015748143 ) ;
#2454 = DIRECTION ( 'NONE',  ( 0.0000000000000000000, 0.0000000000000000000, -1.000000000000000000 ) ) ;
#2455 = VERTEX_POINT ( 'NONE', #9582 ) ;
#2456 = ORIENTED_EDGE ( 'NONE', *, *, #968, .T. ) ;
#2457 = DIRECTION ( 'NONE',  ( 1.000000000000000000, 1.316334802367149914E-16, -1.608386623408234722E-17 ) ) ;
#2458 = LINE ( 'NONE', #9776, #5840 ) ;
#2459 = EDGE_LOOP ( 'NONE', ( #11274, #4411, #8321, #403 ) ) ;
#2460 = CARTESIAN_POINT ( 'NONE',  ( 0.3208297872567559272, -0.05703942528003581869, 0.4397504574761377794 ) ) ;
#2461 = EDGE_CURVE ( 'NONE', #3709, #4752, #3394, .T. ) ;
#2462 = DIRECTION ( 'NONE',  ( 2.359223927328455183E-16, -3.885780586188049864E-16, -1.000000000000000000 ) ) ;
#2463 = CARTESIAN_POINT ( 'NONE',  ( 0.3743730943433673519, 0.05713380306642416862, 0.5011677803107913443 ) ) ;
#2464 = LINE ( 'NONE', #9431, #6034 ) ;
#2465 = LINE ( 'NONE', #4508, #6929 ) ;
#2466 = ORIENTED_EDGE ( 'NONE', *, *, #11164, .T. ) ;
#2467 = B_SPLINE_CURVE_WITH_KNOTS ( 'NONE', 3,
 ( #4042, #10916, #7035, #940, #11344, #5781, #11924, #9854 ),
 .UNSPECIFIED., .F., .F.,
 ( 4, 2, 2, 4 ),
 ( 9.387162410417820951E-17, 0.0004575541290077988999, 0.0006863311935116541687, 0.0009151082580155095458 ),
 .UNSPECIFIED. ) ;
#2468 = ADVANCED_FACE ( 'NONE', ( #6393 ), #163, .F. ) ;
#2469 = ORIENTED_EDGE ( 'NONE', *, *, #8288, .T. ) ;
#2470 = VECTOR ( 'NONE', #4922, 39.37007874015748143 ) ;
#2471 = LINE ( 'NONE', #3584, #12594 ) ;
#2472 = PLANE ( 'NONE',  #2643 ) ;
#2473 = CARTESIAN_POINT ( 'NONE',  ( 0.1027195510362846342, 0.1555589999168269788, 0.4456559692871464584 ) ) ;
#2474 = LINE ( 'NONE', #12326, #1635 ) ;
#2475 = LINE ( 'NONE', #10651, #8695 ) ;
#2476 = ADVANCED_FACE ( 'NONE', ( #2232 ), #3299, .F. ) ;
#2477 = CARTESIAN_POINT ( 'NONE',  ( 0.2326408108788161622, 0.1476849841687954967, 0.4358134496021299209 ) ) ;
#2478 = VECTOR ( 'NONE', #12004, 39.37007874015748143 ) ;
#2479 = ADVANCED_FACE ( 'NONE', ( #8575 ), #12676, .F. ) ;
#2480 = LINE ( 'NONE', #1491, #10705 ) ;
#2481 = DIRECTION ( 'NONE',  ( 0.0000000000000000000, 1.000000000000000000, 0.0000000000000000000 ) ) ;
#2482 = VERTEX_POINT ( 'NONE', #3288 ) ;
#2483 = DIRECTION ( 'NONE',  ( 0.0000000000000000000, 0.0000000000000000000, 1.000000000000000000 ) ) ;
#2484 = DIRECTION ( 'NONE',  ( -1.000000000000000000, -1.408738150179759833E-16, 6.014894242100889598E-18 ) ) ;
#2485 = CARTESIAN_POINT ( 'NONE',  ( 0.2444518345008480364, 0.05713380306641550888, 0.4515614810981850025 ) ) ;
#2486 = DIRECTION ( 'NONE',  ( 1.937287448275559661E-17, 1.000000000000000000, 8.220413448604588965E-18 ) ) ;
#2487 = DIRECTION ( 'NONE',  ( -0.4472135955000930974, -0.8944271909998482428, 2.549099026651720438E-16 ) ) ;
#2488 = ADVANCED_FACE ( 'NONE', ( #8539 ), #1587, .F. ) ;
#2489 = DIRECTION ( 'NONE',  ( 1.356991020290373981E-16, -1.000000000000000000, 3.469446951953615175E-16 ) ) ;
#2490 = VERTEX_POINT ( 'NONE', #12897 ) ;
#2491 = EDGE_CURVE ( 'NONE', #9022, #5130, #11681, .T. ) ;
#2492 = CARTESIAN_POINT ( 'NONE',  ( 0.3468140392252720416, 0.3130393148774570644, 0.2850260480273070773 ) ) ;
#2493 = ORIENTED_EDGE ( 'NONE', *, *, #12403, .T. ) ;
#2494 = ORIENTED_EDGE ( 'NONE', *, *, #8301, .T. ) ;
#2495 = CARTESIAN_POINT ( 'NONE',  ( 0.1558691573354936966, 0.3091023070034267795, 0.4397504574761377794 ) ) ;
#2496 =( GEOMETRIC_REPRESENTATION_CONTEXT ( 3 ) GLOBAL_UNCERTAINTY_ASSIGNED_CONTEXT ( ( #5220 ) ) GLOBAL_UNIT_ASSIGNED_CONTEXT ( ( #6102, #6164, #3111 ) ) REPRESENTATION_CONTEXT ( 'NONE', 'WORKASPACE' ) );
#2497 = DIRECTION ( 'NONE',  ( -1.000000000000000000, 0.0000000000000000000, 0.0000000000000000000 ) ) ;
#2498 =( LENGTH_UNIT ( ) NAMED_UNIT ( * ) SI_UNIT ( $, .METRE. ) );
#2499 = CARTESIAN_POINT ( 'NONE',  ( 0.2326408108788039775, 0.1988660865309976600, 0.3456559692871649658 ) ) ;
#2500 = DIRECTION ( 'NONE',  ( -1.937287448275559661E-17, -1.000000000000000000, -8.220413448604739958E-18 ) ) ;
#2501 = EDGE_LOOP ( 'NONE', ( #9621, #552, #12308, #12748, #2226, #9515, #4745 ) ) ;
#2502 = PLANE ( 'NONE',  #7822 ) ;
#2503 = DIMENSIONAL_EXPONENTS ( 1.000000000000000000, 0.0000000000000000000, 0.0000000000000000000, 0.0000000000000000000, 0.0000000000000000000, 0.0000000000000000000, 0.0000000000000000000 ) ;
#2504 = VECTOR ( 'NONE', #300, 39.37007874015748143 ) ;
#2505 = FACE_OUTER_BOUND ( 'NONE', #12295, .T. ) ;
#2506 = PLANE ( 'NONE',  #12044 ) ;
#2507 = ORIENTED_EDGE ( 'NONE', *, *, #1001, .T. ) ;
#2508 = ORIENTED_EDGE ( 'NONE', *, *, #6924, .T. ) ;
#2509 = EDGE_CURVE ( 'NONE', #6833, #11504, #9687, .T. ) ;
#2510 = CARTESIAN_POINT ( 'NONE',  ( 0.3208297872567559272, 0.05713380306642448780, 0.4397504574761377794 ) ) ;
#2511 = ADVANCED_FACE ( 'NONE', ( #10682 ), #590, .F. ) ;
#2512 = ORIENTED_EDGE ( 'NONE', *, *, #10008, .F. ) ;
#2513 = CARTESIAN_POINT ( 'NONE',  ( 0.3444518345008468208, -0.05703942528003581869, 0.4515614810981850025 ) ) ;
#2514 = CARTESIAN_POINT ( 'NONE',  ( 0.1027195510362938907, 0.1476849841687954967, 0.3456559692871708500 ) ) ;
#2515 = DIRECTION ( 'NONE',  ( 0.0000000000000000000, 0.0000000000000000000, -1.000000000000000000 ) ) ;
#2516 = LINE ( 'NONE', #6621, #3141 ) ;
#2517 = PRESENTATION_LAYER_ASSIGNMENT (  '', '', ( #8206 ) ) ;
#2518 = CARTESIAN_POINT ( 'NONE',  ( 0.2090187636347129729, 0.3760314408617059234, 0.2688843157438653431 ) ) ;
#2519 = ORIENTED_EDGE ( 'NONE', *, *, #11217, .F. ) ;
#2520 = LINE ( 'NONE', #7544, #10033 ) ;
#2521 = SURFACE_STYLE_FILL_AREA ( #3567 ) ;
#2522 = DIRECTION ( 'NONE',  ( -1.000000000000000000, -3.376070039848299626E-16, -2.359223927328455183E-16 ) ) ;
#2523 = EDGE_LOOP ( 'NONE', ( #3581, #5556, #9693, #9087 ) ) ;
#2524 = VECTOR ( 'NONE', #2558, 39.37007874015748143 ) ;
#2525 = SURFACE_STYLE_FILL_AREA ( #5429 ) ;
#2526 = EDGE_CURVE ( 'NONE', #4589, #3457, #2707, .T. ) ;
#2527 = DIRECTION ( 'NONE',  ( 1.316334802367149914E-16, -1.000000000000000000, 1.526556658859589750E-16 ) ) ;
#2528 = EDGE_CURVE ( 'NONE', #3479, #4021, #10754, .T. ) ;
#2529 = ORIENTED_EDGE ( 'NONE', *, *, #12328, .T. ) ;
#2530 = DIRECTION ( 'NONE',  ( 0.0000000000000000000, 1.000000000000000000, 0.0000000000000000000 ) ) ;
#2531 = LINE ( 'NONE', #12852, #12370 ) ;
#2532 = DIRECTION ( 'NONE',  ( 0.0000000000000000000, 0.0000000000000000000, 1.000000000000000000 ) ) ;
#2533 = DIRECTION ( 'NONE',  ( 1.000000000000000000, 3.518308117683324880E-16, 2.626713979715460250E-16 ) ) ;
#2534 = ORIENTED_EDGE ( 'NONE', *, *, #9225, .F. ) ;
#2535 = VECTOR ( 'NONE', #2023, 39.37007874015748143 ) ;
#2536 = DIRECTION ( 'NONE',  ( 0.4472135955000932084, 0.8944271909998482428, -2.549099026651720438E-16 ) ) ;
#2537 = ADVANCED_FACE ( 'NONE', ( #1863 ), #3694, .F. ) ;
#2538 = DIRECTION ( 'NONE',  ( 4.055465256288976506E-16, -0.7071067811865474617, -0.7071067811865474617 ) ) ;
#2539 = CARTESIAN_POINT ( 'NONE',  ( 0.1893337242646342400, 0.2165826219640791250, 0.1940811661375622388 ) ) ;
#2540 = CARTESIAN_POINT ( 'NONE',  ( 0.2326408108788126095, -0.1446865674942328650, 0.4515614810981850025 ) ) ;
#2541 = SURFACE_STYLE_FILL_AREA ( #4716 ) ;
#2542 = EDGE_CURVE ( 'NONE', #283, #5752, #1658, .T. ) ;
#2543 = VECTOR ( 'NONE', #9110, 39.37007874015748143 ) ;
#2544 = DIRECTION ( 'NONE',  ( 1.174096724532128111E-16, -1.000000000000000000, 1.665334536937734811E-16 ) ) ;
#2545 = VECTOR ( 'NONE', #4811, 39.37007874015748143 ) ;
#2546 = CARTESIAN_POINT ( 'NONE',  ( 0.1090187636347222516, 0.08075585031049743734, 0.2515614810981878224 ) ) ;
#2547 = CARTESIAN_POINT ( 'NONE',  ( 0.2405148266268504198, 0.1555589999168269788, 0.4062858905469889370 ) ) ;
#2548 = LINE ( 'NONE', #6583, #6060 ) ;
#2549 = VERTEX_POINT ( 'NONE', #9891 ) ;
#2550 = VECTOR ( 'NONE', #4294, 39.37007874015748143 ) ;
#2551 = DIRECTION ( 'NONE',  ( 2.865203769218833733E-48, -8.220413448604588965E-18, 1.000000000000000000 ) ) ;
#2552 = VECTOR ( 'NONE', #7786, 39.37007874015748143 ) ;
#2553 = ADVANCED_FACE ( 'NONE', ( #10957 ), #4683, .F. ) ;
#2554 = LINE ( 'NONE', #6659, #1797 ) ;
#2555 = DIRECTION ( 'NONE',  ( 0.4472135955002294883, -0.8944271909997799641, 1.293464547804905723E-16 ) ) ;
#2556 = CARTESIAN_POINT ( 'NONE',  ( 0.2483888423748523422, 0.7897218048774075072, 0.2236087251926807129 ) ) ;
#2557 = EDGE_CURVE ( 'NONE', #8667, #3954, #7873, .T. ) ;
#2558 = DIRECTION ( 'NONE',  ( -0.0000000000000000000, -1.000000000000000000, -0.0000000000000000000 ) ) ;
#2559 = VERTEX_POINT ( 'NONE', #10816 ) ;
#2560 = DIRECTION ( 'NONE',  ( 1.000000000000000000, 0.0000000000000000000, 0.0000000000000000000 ) ) ;
#2561 = ORIENTED_EDGE ( 'NONE', *, *, #7553, .T. ) ;
#2562 = EDGE_LOOP ( 'NONE', ( #4997, #10084, #8944, #8426 ) ) ;
#2563 = VECTOR ( 'NONE', #8544, 39.37007874015748143 ) ;
#2564 = FILL_AREA_STYLE ('',( #297 ) ) ;
#2565 = ORIENTED_EDGE ( 'NONE', *, *, #3393, .F. ) ;
#2566 = CARTESIAN_POINT ( 'NONE',  ( 0.3625620707213386140, 0.1555589999168269788, 0.2732150244052708454 ) ) ;
#2567 = DIRECTION ( 'NONE',  ( -1.316334802367149914E-16, 1.000000000000000000, -1.526556658859589750E-16 ) ) ;
#2568 = ADVANCED_FACE ( 'NONE', ( #7739 ), #6746, .F. ) ;
#2569 = DIRECTION ( 'NONE',  ( -0.0000000000000000000, 0.7071067811865505703, 0.7071067811865445751 ) ) ;
#2570 = ORIENTED_EDGE ( 'NONE', *, *, #4134, .F. ) ;
#2571 = EDGE_CURVE ( 'NONE', #12610, #6057, #9137, .T. ) ;
#2572 = CARTESIAN_POINT ( 'NONE',  ( 0.2326408108788039775, 0.3760314408617052018, 0.5011677803107913443 ) ) ;
#2573 = VECTOR ( 'NONE', #1046, 39.37007874015748143 ) ;
#2574 = CARTESIAN_POINT ( 'NONE',  ( 0.3444518345008468208, 0.05713380306641543255, 0.2515614810981878224 ) ) ;
#2575 = VERTEX_POINT ( 'NONE', #971 ) ;
#2576 = ORIENTED_EDGE ( 'NONE', *, *, #4638, .F. ) ;
#2577 = CARTESIAN_POINT ( 'NONE',  ( 0.1893337242646342400, 0.3583149054286425272, 0.2905378590509232195 ) ) ;
#2578 = ORIENTED_EDGE ( 'NONE', *, *, #1162, .F. ) ;
#2579 = VERTEX_POINT ( 'NONE', #10157 ) ;
#2580 = FACE_OUTER_BOUND ( 'NONE', #2649, .T. ) ;
#2581 = VECTOR ( 'NONE', #127, 39.37007874015748143 ) ;
#2582 = FACE_OUTER_BOUND ( 'NONE', #13114, .T. ) ;
#2583 = DIRECTION ( 'NONE',  ( 4.283287147278279229E-17, 1.665334536937734811E-16, 1.000000000000000000 ) ) ;
#2584 = AXIS2_PLACEMENT_3D ( 'NONE', #261, #12448, #1335 ) ;
#2585 = DIRECTION ( 'NONE',  ( 1.608386623408229791E-17, 1.526556658859589750E-16, 1.000000000000000000 ) ) ;
#2586 = ORIENTED_EDGE ( 'NONE', *, *, #7208, .F. ) ;
#2587 = LINE ( 'NONE', #7888, #11723 ) ;
#2588 = ADVANCED_FACE ( 'NONE', ( #4941 ), #841, .T. ) ;
#2589 = VECTOR ( 'NONE', #2830, 39.37007874015748143 ) ;
#2590 = CARTESIAN_POINT ( 'NONE',  ( 0.2326408108788039775, 0.3760314408617052018, 0.5011677803107913443 ) ) ;
#2591 = ORIENTED_EDGE ( 'NONE', *, *, #12688, .F. ) ;
#2592 = UNCERTAINTY_MEASURE_WITH_UNIT (LENGTH_MEASURE( 1.000000000000000082E-05 ), #10198, 'distance_accuracy_value', 'NONE');
#2593 = VECTOR ( 'NONE', #2659, 39.37007874015748143 ) ;
#2594 = CARTESIAN_POINT ( 'NONE',  ( 0.3625620707213386140, 0.1555589999168271731, 0.4732150244052676924 ) ) ;
#2595 = EDGE_LOOP ( 'NONE', ( #8233, #8690, #9132, #2975 ) ) ;
#2596 = DIMENSIONAL_EXPONENTS ( 1.000000000000000000, 0.0000000000000000000, 0.0000000000000000000, 0.0000000000000000000, 0.0000000000000000000, 0.0000000000000000000, 0.0000000000000000000 ) ;
#2597 = DIRECTION ( 'NONE',  ( -1.937287448275559661E-17, -1.000000000000000000, -8.220413448604588965E-18 ) ) ;
#2598 = CARTESIAN_POINT ( 'NONE',  ( 0.2916959289890523888, 0.2441416770821810966, 0.3456559692871527534 ) ) ;
#2599 = DIRECTION ( 'NONE',  ( -0.3511234415886835269, 0.9363291775689350782, -1.372885316240750078E-16 ) ) ;
#2600 = AXIS2_PLACEMENT_3D ( 'NONE', #2148, #11242, #6299 ) ;
#2601 = CARTESIAN_POINT ( 'NONE',  ( 0.2405148266268504198, 0.1555589999168269788, 0.2397504574761405716 ) ) ;
#2602 = VECTOR ( 'NONE', #2840, 39.37007874015748143 ) ;
#2603 = EDGE_CURVE ( 'NONE', #6958, #4176, #3025, .T. ) ;
#2604 =( NAMED_UNIT ( * ) SI_UNIT ( $, .STERADIAN. ) SOLID_ANGLE_UNIT ( ) );
#2605 = EDGE_CURVE ( 'NONE', #436, #12902, #7132, .T. ) ;
#2606 = LINE ( 'NONE', #3657, #11756 ) ;
#2607 = CARTESIAN_POINT ( 'NONE',  ( 0.2326408108788039775, 0.3839054566097366283, 0.4243961267674756233 ) ) ;
#2608 = ORIENTED_EDGE ( 'NONE', *, *, #8244, .F. ) ;
#2609 = CARTESIAN_POINT ( 'NONE',  ( 0.3350030156032094419, 0.5728818345624920871, 0.4440811661375591024 ) ) ;
#2610 = VERTEX_POINT ( 'NONE', #3142 ) ;
#2611 = FACE_OUTER_BOUND ( 'NONE', #469, .T. ) ;
#2612 = AXIS2_PLACEMENT_3D ( 'NONE', #9369, #10517, #4119 ) ;
#2613 = CARTESIAN_POINT ( 'NONE',  ( 0.2641368738709188868, 0.2185511259010751717, 0.5385693551139408841 ) ) ;
#2614 = EDGE_CURVE ( 'NONE', #11703, #10163, #905, .T. ) ;
#2615 = CARTESIAN_POINT ( 'NONE',  ( 0.2483888423748523422, 0.1988660865309976600, 0.3850260480273224872 ) ) ;
#2616 = CARTESIAN_POINT ( 'NONE',  ( 0.2090187636347251854, 0.08862986605855749378, 0.1901441582635378102 ) ) ;
#2617 = CARTESIAN_POINT ( 'NONE',  ( 0.3586250628473003355, 0.1988660865309976600, 0.3850260480273224872 ) ) ;
#2618 = VECTOR ( 'NONE', #9963, 39.37007874015748143 ) ;
#2619 = CARTESIAN_POINT ( 'NONE',  ( 0.2090187636347027589, 0.08075585031051535356, 0.2397504574761405716 ) ) ;
#2620 = CARTESIAN_POINT ( 'NONE',  ( 0.3330345116662205007, 0.1555589999168269788, 0.2062465204682519537 ) ) ;
#2621 = CARTESIAN_POINT ( 'NONE',  ( 0.2326408108788039775, 0.3760314408617052018, 0.5011677803107913443 ) ) ;
#2622 = FACE_OUTER_BOUND ( 'NONE', #2951, .T. ) ;
#2623 = CARTESIAN_POINT ( 'NONE',  ( 0.2444518345008480364, 0.05713380306641550888, 0.4397504574761377794 ) ) ;
#2624 = CIRCLE ( 'NONE', #11993, 0.05610236220472441387 ) ;
#2625 = VERTEX_POINT ( 'NONE', #11148 ) ;
#2626 = DIRECTION ( 'NONE',  ( 1.000000000000000000, 1.174096724532128111E-16, -4.283287147278279229E-17 ) ) ;
#2627 = EDGE_LOOP ( 'NONE', ( #3888, #7075, #2519, #1205 ) ) ;
#2628 = AXIS2_PLACEMENT_3D ( 'NONE', #4938, #7993, #12094 ) ;
#2629 = VERTEX_POINT ( 'NONE', #5065 ) ;
#2630 = DIRECTION ( 'NONE',  ( -1.174096724532128111E-16, 1.000000000000000000, -1.665334536937734811E-16 ) ) ;
#2631 =( NAMED_UNIT ( * ) SI_UNIT ( $, .STERADIAN. ) SOLID_ANGLE_UNIT ( ) );
#2632 = EDGE_CURVE ( 'NONE', #5007, #10398, #9010, .T. ) ;
#2633 = VERTEX_POINT ( 'NONE', #7938 ) ;
#2634 = DIRECTION ( 'NONE',  ( -0.5773502691896277295, -0.5773502691896217343, 0.5773502691896277295 ) ) ;
#2635 = DIRECTION ( 'NONE',  ( 1.000000000000000000, 0.0000000000000000000, 0.0000000000000000000 ) ) ;
#2636 = DIRECTION ( 'NONE',  ( 4.283287147278279229E-17, 1.665334536937734811E-16, 1.000000000000000000 ) ) ;
#2637 = ADVANCED_FACE ( 'NONE', ( #1926 ), #13031, .F. ) ;
#2638 = CARTESIAN_POINT ( 'NONE',  ( 0.3330345116662205007, 0.1555589999168269788, 0.2062465204682519537 ) ) ;
#2639 = ORIENTED_EDGE ( 'NONE', *, *, #3075, .T. ) ;
#2640 = VECTOR ( 'NONE', #9996, 39.37007874015748143 ) ;
#2641 = LINE ( 'NONE', #8988, #3151 ) ;
#2642 = PLANE ( 'NONE',  #7697 ) ;
#2643 = AXIS2_PLACEMENT_3D ( 'NONE', #4514, #2737, #4779 ) ;
#2644 = ORIENTED_EDGE ( 'NONE', *, *, #2134, .F. ) ;
#2645 = EDGE_LOOP ( 'NONE', ( #12385, #12292, #11843, #4826 ) ) ;
#2646 = EDGE_CURVE ( 'NONE', #162, #3819, #42, .T. ) ;
#2647 = DIRECTION ( 'NONE',  ( -1.608386623408229791E-17, -1.526556658859589750E-16, -1.000000000000000000 ) ) ;
#2648 = VERTEX_POINT ( 'NONE', #12282 ) ;
#2649 = EDGE_LOOP ( 'NONE', ( #2697, #8597, #12066, #2086 ) ) ;
#2650 = CARTESIAN_POINT ( 'NONE',  ( 0.3743730943433673519, 0.05713380306642409229, 0.1921126622005507878 ) ) ;
#2651 = VECTOR ( 'NONE', #4366, 39.37007874015748143 ) ;
#2652 =( CONVERSION_BASED_UNIT ( 'INCH', #8458 ) LENGTH_UNIT ( ) NAMED_UNIT ( #4428 ) );
#2653 = ADVANCED_FACE ( 'NONE', ( #12096 ), #2171, .T. ) ;
#2654 = VERTEX_POINT ( 'NONE', #12222 ) ;
#2655 = PRESENTATION_LAYER_ASSIGNMENT (  '', '', ( #8334 ) ) ;
#2656 = LINE ( 'NONE', #6694, #2110 ) ;
#2657 = CARTESIAN_POINT ( 'NONE',  ( 0.2326408108788126095, -0.1446865674942330871, 0.2397504574761405716 ) ) ;
#2658 = ORIENTED_EDGE ( 'NONE', *, *, #8785, .F. ) ;
#2659 = DIRECTION ( 'NONE',  ( -1.937287448275559661E-17, -1.000000000000000000, -8.220413448604588965E-18 ) ) ;
#2660 = PRESENTATION_LAYER_ASSIGNMENT (  '', '', ( #8342 ) ) ;
#2661 = DIRECTION ( 'NONE',  ( -1.000000000000000000, 1.937287448275629611E-17, -8.833616147085620181E-14 ) ) ;
#2662 = ORIENTED_EDGE ( 'NONE', *, *, #4382, .F. ) ;
#2663 = DIRECTION ( 'NONE',  ( -1.608386623408229791E-17, -1.526556658859589750E-16, -1.000000000000000000 ) ) ;
#2664 = VERTEX_POINT ( 'NONE', #2907 ) ;
#2665 = DIRECTION ( 'NONE',  ( -0.03905116345756651924, -0.9992372123938392248, 3.514624383149722018E-16 ) ) ;
#2666 = CARTESIAN_POINT ( 'NONE',  ( 0.2090187636347251854, 0.08862986605855749378, 0.2058921897596043549 ) ) ;
#2667 = EDGE_CURVE ( 'NONE', #585, #8646, #7185, .T. ) ;
#2668 = FACE_OUTER_BOUND ( 'NONE', #10110, .T. ) ;
#2669 = VECTOR ( 'NONE', #6721, 39.37007874015748143 ) ;
#2670 = FILL_AREA_STYLE_COLOUR ( '', #9058 ) ;
#2671 =( NAMED_UNIT ( * ) PLANE_ANGLE_UNIT ( ) SI_UNIT ( $, .RADIAN. ) );
#2672 = FACE_OUTER_BOUND ( 'NONE', #12778, .T. ) ;
#2673 = LINE ( 'NONE', #10647, #5565 ) ;
#2674 = DIRECTION ( 'NONE',  ( -1.000000000000000000, 0.0000000000000000000, 0.0000000000000000000 ) ) ;
#2675 = VECTOR ( 'NONE', #7854, 39.37007874015748143 ) ;
#2676 = CARTESIAN_POINT ( 'NONE',  ( 0.3645305746583386020, 0.2776062440113113983, 0.4243961267674803417 ) ) ;
#2677 = CARTESIAN_POINT ( 'NONE',  ( 0.2431035528205066909, 0.1988660865309976600, 0.4007740795233787345 ) ) ;
#2678 = CARTESIAN_POINT ( 'NONE',  ( 0.3208297872567559272, 0.05713380306642448780, 0.4515614810981850025 ) ) ;
#2679 = EDGE_CURVE ( 'NONE', #11015, #10536, #6946, .T. ) ;
#2680 = ORIENTED_EDGE ( 'NONE', *, *, #9095, .F. ) ;
#2681 = EDGE_CURVE ( 'NONE', #1663, #5254, #3087, .T. ) ;
#2682 = DIRECTION ( 'NONE',  ( -1.000000000000000000, 1.937287448275559661E-17, 0.0000000000000000000 ) ) ;
#2683 = DIRECTION ( 'NONE',  ( -3.518308117683324880E-16, 1.000000000000000000, -4.163336342344335054E-16 ) ) ;
#2684 = ORIENTED_EDGE ( 'NONE', *, *, #4169, .F. ) ;
#2685 = AXIS2_PLACEMENT_3D ( 'NONE', #10446, #1348, #5377 ) ;
#2686 = CARTESIAN_POINT ( 'NONE',  ( 0.1090187636347222516, 0.08075585031049743734, 0.4515614810981850025 ) ) ;
#2687 = DIMENSIONAL_EXPONENTS ( 1.000000000000000000, 0.0000000000000000000, 0.0000000000000000000, 0.0000000000000000000, 0.0000000000000000000, 0.0000000000000000000, 0.0000000000000000000 ) ;
#2688 = DIRECTION ( 'NONE',  ( 1.000000000000000000, 1.408738150179759833E-16, -6.014894242100889598E-18 ) ) ;
#2689 = DIRECTION ( 'NONE',  ( 0.4472135954996860341, 0.8944271910000517467, -1.437323020767005910E-16 ) ) ;
#2690 = CARTESIAN_POINT ( 'NONE',  ( 0.08454874546390196699, 0.2185511259010751717, 0.4443840128970992231 ) ) ;
#2691 = CARTESIAN_POINT ( 'NONE',  ( 0.2431035528205071072, 0.1988660865309976600, 0.2905378590509511971 ) ) ;
#2692 = DIRECTION ( 'NONE',  ( 3.007447121050439791E-18, 2.498001805406600244E-16, 1.000000000000000000 ) ) ;
#2693 = DIRECTION ( 'NONE',  ( 0.0000000000000000000, 1.000000000000000000, 0.0000000000000000000 ) ) ;
#2694 = VERTEX_POINT ( 'NONE', #6137 ) ;
#2695 = DIRECTION ( 'NONE',  ( 0.0000000000000000000, 0.0000000000000000000, 1.000000000000000000 ) ) ;
#2696 = ORIENTED_EDGE ( 'NONE', *, *, #71, .F. ) ;
#2697 = ORIENTED_EDGE ( 'NONE', *, *, #666, .T. ) ;
#2698 = CARTESIAN_POINT ( 'NONE',  ( 0.1558691573355116267, 0.2264251416490909441, 0.4515614810981850025 ) ) ;
#2699 = ORIENTED_EDGE ( 'NONE', *, *, #7569, .T. ) ;
#2700 = FACE_OUTER_BOUND ( 'NONE', #10162, .T. ) ;
#2701 = AXIS2_PLACEMENT_3D ( 'NONE', #551, #11507, #405 ) ;
#2702 = LINE ( 'NONE', #7867, #5904 ) ;
#2703 = FACE_OUTER_BOUND ( 'NONE', #5058, .T. ) ;
#2704 = ORIENTED_EDGE ( 'NONE', *, *, #1689, .F. ) ;
#2705 = LINE ( 'NONE', #5747, #12306 ) ;
#2706 = ADVANCED_FACE ( 'NONE', ( #4136 ), #8176, .F. ) ;
#2707 = LINE ( 'NONE', #4750, #7397 ) ;
#2708 = ORIENTED_EDGE ( 'NONE', *, *, #1425, .T. ) ;
#2709 = ORIENTED_EDGE ( 'NONE', *, *, #9195, .F. ) ;
#2710 =( GEOMETRIC_REPRESENTATION_CONTEXT ( 3 ) GLOBAL_UNCERTAINTY_ASSIGNED_CONTEXT ( ( #10428 ) ) GLOBAL_UNIT_ASSIGNED_CONTEXT ( ( #2920, #4762, #6758 ) ) REPRESENTATION_CONTEXT ( 'NONE', 'WORKASPACE' ) );
#2711 = DIRECTION ( 'NONE',  ( 0.0000000000000000000, -1.000000000000000000, 0.0000000000000000000 ) ) ;
#2712 = ORIENTED_EDGE ( 'NONE', *, *, #3737, .F. ) ;
#2713 = EDGE_CURVE ( 'NONE', #4021, #8642, #6022, .T. ) ;
#2714 = ORIENTED_EDGE ( 'NONE', *, *, #3127, .F. ) ;
#2715 = PLANE ( 'NONE',  #1286 ) ;
#2716 = CARTESIAN_POINT ( 'NONE',  ( 0.2090187636347251854, 0.1279999447987149597, 0.3456559692871708500 ) ) ;
#2717 = ORIENTED_EDGE ( 'NONE', *, *, #6180, .T. ) ;
#2718 = CARTESIAN_POINT ( 'NONE',  ( 0.07712899985517106261, 0.1988660865309976600, 0.3161284102320469080 ) ) ;
#2719 = FACE_OUTER_BOUND ( 'NONE', #11881, .T. ) ;
#2720 = ORIENTED_EDGE ( 'NONE', *, *, #2406, .T. ) ;
#2721 = FACE_OUTER_BOUND ( 'NONE', #2832, .T. ) ;
#2722 = STYLED_ITEM ( 'NONE', ( #7947 ), #1241 ) ;
#2723 = EDGE_CURVE ( 'NONE', #3541, #4669, #13152, .T. ) ;
#2724 = PLANE ( 'NONE',  #8555 ) ;
#2725 = ORIENTED_EDGE ( 'NONE', *, *, #5621, .F. ) ;
#2726 = UNCERTAINTY_MEASURE_WITH_UNIT (LENGTH_MEASURE( 1.000000000000000082E-05 ), #10482, 'distance_accuracy_value', 'NONE');
#2727 = CARTESIAN_POINT ( 'NONE',  ( 0.2326408108788161622, 0.1555589999168269788, 0.2810890401533023275 ) ) ;
#2728 = DIRECTION ( 'NONE',  ( 0.0000000000000000000, -1.000000000000000000, 0.0000000000000000000 ) ) ;
#2729 = CARTESIAN_POINT ( 'NONE',  ( 0.2726091976981878107, 0.1988660865309976600, 0.3850260480273224872 ) ) ;
#2730 = DIRECTION ( 'NONE',  ( 0.0000000000000000000, 0.0000000000000000000, 1.000000000000000000 ) ) ;
#2731 = DIRECTION ( 'NONE',  ( 0.0000000000000000000, 1.000000000000000000, 0.0000000000000000000 ) ) ;
#2732 = ORIENTED_EDGE ( 'NONE', *, *, #11634, .F. ) ;
#2733 = LINE ( 'NONE', #10055, #11887 ) ;
#2734 = DIRECTION ( 'NONE',  ( 1.000000000000000000, 0.0000000000000000000, 0.0000000000000000000 ) ) ;
#2735 = VECTOR ( 'NONE', #7626, 39.37007874015748143 ) ;
#2736 = EDGE_CURVE ( 'NONE', #1282, #8701, #12158, .T. ) ;
#2737 = DIRECTION ( 'NONE',  ( 2.865203769218833733E-48, -8.220413448604588965E-18, 1.000000000000000000 ) ) ;
#2738 = ORIENTED_EDGE ( 'NONE', *, *, #3443, .F. ) ;
#2739 =( CONVERSION_BASED_UNIT ( 'INCH', #8693 ) LENGTH_UNIT ( ) NAMED_UNIT ( #5125 ) );
#2740 = SURFACE_STYLE_USAGE ( .BOTH. , #753 ) ;
#2741 = ORIENTED_EDGE ( 'NONE', *, *, #11983, .F. ) ;
#2742 = LINE ( 'NONE', #6715, #9336 ) ;
#2743 = LINE ( 'NONE', #4783, #10620 ) ;
#2744 = MECHANICAL_DESIGN_GEOMETRIC_PRESENTATION_REPRESENTATION (  '', ( #9522 ), #11235 ) ;
#2745 = FACE_OUTER_BOUND ( 'NONE', #7857, .T. ) ;
#2746 = LINE ( 'NONE', #6500, #4331 ) ;
#2747 = ORIENTED_EDGE ( 'NONE', *, *, #5345, .F. ) ;
#2748 = DIRECTION ( 'NONE',  ( 0.0000000000000000000, 0.0000000000000000000, 1.000000000000000000 ) ) ;
#2749 = ADVANCED_FACE ( 'NONE', ( #3404 ), #8504, .F. ) ;
#2750 = CARTESIAN_POINT ( 'NONE',  ( 0.3290975037921822777, 0.4272125432239181064, 0.4007740795234071007 ) ) ;
#2751 =( LENGTH_UNIT ( ) NAMED_UNIT ( * ) SI_UNIT ( $, .METRE. ) );
#2752 = VECTOR ( 'NONE', #8037, 39.37007874015748143 ) ;
#2753 = AXIS2_PLACEMENT_3D ( 'NONE', #11889, #3821, #10885 ) ;
#2754 = DIRECTION ( 'NONE',  ( 0.0000000000000000000, -1.000000000000000000, 0.0000000000000000000 ) ) ;
#2755 = CARTESIAN_POINT ( 'NONE',  ( 0.1164990785953285424, 0.1988660865309976600, 0.4243961267674803417 ) ) ;
#2756 = LINE ( 'NONE', #12810, #12137 ) ;
#2757 = ORIENTED_EDGE ( 'NONE', *, *, #8540, .F. ) ;
#2758 = DIRECTION ( 'NONE',  ( 0.0000000000000000000, 0.0000000000000000000, 1.000000000000000000 ) ) ;
#2759 = ORIENTED_EDGE ( 'NONE', *, *, #3431, .F. ) ;
#2760 = EDGE_LOOP ( 'NONE', ( #35, #4256, #4737, #8682 ) ) ;
#2761 = CARTESIAN_POINT ( 'NONE',  ( 0.2326408108788039775, 0.5295747479483133846, 0.3456559692871649658 ) ) ;
#2762 = ORIENTED_EDGE ( 'NONE', *, *, #3044, .T. ) ;
#2763 = VECTOR ( 'NONE', #5305, 39.37007874015748143 ) ;
#2764 = CARTESIAN_POINT ( 'NONE',  ( 0.2916959289890401763, 0.1279999447987147654, 0.2019551818855940817 ) ) ;
#2765 = SURFACE_STYLE_USAGE ( .BOTH. , #10612 ) ;
#2766 = VECTOR ( 'NONE', #2281, 39.37007874015748143 ) ;
#2767 = LINE ( 'NONE', #6808, #10160 ) ;
#2768 = CARTESIAN_POINT ( 'NONE',  ( 0.3724045904063610357, 0.5354802597593409930, 0.4440811661375591024 ) ) ;
#2769 = ORIENTED_EDGE ( 'NONE', *, *, #7597, .F. ) ;
#2770 = EDGE_CURVE ( 'NONE', #8223, #10476, #6462, .T. ) ;
#2771 = LINE ( 'NONE', #10751, #9842 ) ;
#2772 = EDGE_CURVE ( 'NONE', #3767, #9757, #11531, .T. ) ;
#2773 = CARTESIAN_POINT ( 'NONE',  ( 0.2483888423748523422, 0.4272125432239181064, 0.2905378590509232195 ) ) ;
#2774 = COLOUR_RGB ( '',0.7529411764705882248, 0.7529411764705882248, 0.0000000000000000000 ) ;
#2775 = ORIENTED_EDGE ( 'NONE', *, *, #2904, .F. ) ;
#2776 = DIRECTION ( 'NONE',  ( -1.000000000000000000, -3.376070039848299626E-16, -2.359223927328455183E-16 ) ) ;
#2777 = VERTEX_POINT ( 'NONE', #2423 ) ;
#2778 = ORIENTED_EDGE ( 'NONE', *, *, #9471, .T. ) ;
#2779 = LENGTH_MEASURE_WITH_UNIT ( LENGTH_MEASURE( 0.02539999999999999897 ), #8003 );
#2780 = ORIENTED_EDGE ( 'NONE', *, *, #3901, .F. ) ;
#2781 = DIRECTION ( 'NONE',  ( 1.000000000000000000, 1.174096724532128111E-16, -4.283287147278279229E-17 ) ) ;
#2782 = FILL_AREA_STYLE_COLOUR ( '', #4850 ) ;
#2783 = EDGE_CURVE ( 'NONE', #4834, #4786, #10332, .T. ) ;
#2784 = ORIENTED_EDGE ( 'NONE', *, *, #10212, .F. ) ;
#2785 = PLANE ( 'NONE',  #7653 ) ;
#2786 = VECTOR ( 'NONE', #2828, 39.37007874015748143 ) ;
#2787 = ADVANCED_FACE ( 'NONE', ( #12406 ), #9258, .F. ) ;
#2788 = LINE ( 'NONE', #6832, #3705 ) ;
#2789 = VERTEX_POINT ( 'NONE', #5464 ) ;
#2790 = CARTESIAN_POINT ( 'NONE',  ( 0.3920896297764417393, 0.05713380306642409229, 0.5011677803107913443 ) ) ;
#2791 = CARTESIAN_POINT ( 'NONE',  ( 0.3562628581229011493, 0.08075585031051535356, 0.2515614810981878224 ) ) ;
#2792 = ORIENTED_EDGE ( 'NONE', *, *, #8572, .T. ) ;
#2793 = CARTESIAN_POINT ( 'NONE',  ( 0.2956329368630822851, 0.1279999447987061056, 0.5011677803107859042 ) ) ;
#2794 = EDGE_CURVE ( 'NONE', #11275, #12975, #5246, .T. ) ;
#2795 = LINE ( 'NONE', #5912, #11516 ) ;
#2796 = CARTESIAN_POINT ( 'NONE',  ( 0.2208297872567575038, -0.05703942528004488088, 0.2515614810981878224 ) ) ;
#2797 = ADVANCED_FACE ( 'NONE', ( #12531 ), #1434, .F. ) ;
#2798 = ORIENTED_EDGE ( 'NONE', *, *, #9050, .F. ) ;
#2799 = COLOUR_RGB ( '',0.7529411764705882248, 0.7529411764705882248, 0.0000000000000000000 ) ;
#2800 = SURFACE_SIDE_STYLE ('',( #873 ) ) ;
#2801 = EDGE_CURVE ( 'NONE', #10370, #5576, #4197, .T. ) ;
#2802 = VECTOR ( 'NONE', #8309, 39.37007874015748143 ) ;
#2803 = FILL_AREA_STYLE ('',( #6972 ) ) ;
#2804 = CARTESIAN_POINT ( 'NONE',  ( 0.1250292623223850375, 0.1995222545100004130, 0.4493305099695803495 ) ) ;
#2805 = ORIENTED_EDGE ( 'NONE', *, *, #9412, .T. ) ;
#2806 = DIRECTION ( 'NONE',  ( 1.000000000000000000, 0.0000000000000000000, 0.0000000000000000000 ) ) ;
#2807 = ORIENTED_EDGE ( 'NONE', *, *, #7971, .F. ) ;
#2808 = LINE ( 'NONE', #5859, #2341 ) ;
#2809 = CARTESIAN_POINT ( 'NONE',  ( 0.3290975037921822777, 0.3760314408617059234, 0.2905378590509437031 ) ) ;
#2810 = VECTOR ( 'NONE', #9458, 39.37007874015748143 ) ;
#2811 = ADVANCED_FACE ( 'NONE', ( #8362 ), #2291, .F. ) ;
#2812 = VERTEX_POINT ( 'NONE', #9387 ) ;
#2813 = VECTOR ( 'NONE', #1360, 39.37007874015748143 ) ;
#2814 = CARTESIAN_POINT ( 'NONE',  ( 0.2405148266268504198, 0.3681574251136630060, 0.2515614810981878224 ) ) ;
#2815 = DIRECTION ( 'NONE',  ( -1.000000000000000000, 0.0000000000000000000, 0.0000000000000000000 ) ) ;
#2816 = ORIENTED_EDGE ( 'NONE', *, *, #4712, .T. ) ;
#2817 = ADVANCED_FACE ( 'NONE', ( #288 ), #7452, .T. ) ;
#2818 = EDGE_CURVE ( 'NONE', #12029, #3699, #3536, .T. ) ;
#2819 = DIRECTION ( 'NONE',  ( -1.133085894446545629E-16, 0.7071067811865469066, -0.7071067811865479058 ) ) ;
#2820 = ORIENTED_EDGE ( 'NONE', *, *, #10343, .F. ) ;
#2821 = CARTESIAN_POINT ( 'NONE',  ( 0.3901211258394338688, 0.08862986605855728561, 0.4834512448777165128 ) ) ;
#2822 = AXIS2_PLACEMENT_3D ( 'NONE', #12920, #8894, #7827 ) ;
#2823 = CARTESIAN_POINT ( 'NONE',  ( 0.2405148266268504198, 0.1555589999168271731, 0.4456559692871464584 ) ) ;
#2824 = VECTOR ( 'NONE', #1566, 39.37007874015748143 ) ;
#2825 =( NAMED_UNIT ( * ) SI_UNIT ( $, .STERADIAN. ) SOLID_ANGLE_UNIT ( ) );
#2826 = DIRECTION ( 'NONE',  ( -1.937287448275559661E-17, -1.000000000000000000, -8.220413448604739958E-18 ) ) ;
#2827 = CARTESIAN_POINT ( 'NONE',  ( 0.3625620707213386140, 0.1555589999168269788, 0.2102228984210153528 ) ) ;
#2828 = DIRECTION ( 'NONE',  ( 2.626713979715460250E-16, -3.747002708109905789E-16, -1.000000000000000000 ) ) ;
#2829 = ORIENTED_EDGE ( 'NONE', *, *, #11189, .T. ) ;
#2830 = DIRECTION ( 'NONE',  ( 1.000000000000000000, -1.937287448275559661E-17, 0.0000000000000000000 ) ) ;
#2831 = ORIENTED_EDGE ( 'NONE', *, *, #2509, .T. ) ;
#2832 = EDGE_LOOP ( 'NONE', ( #3419, #1513, #7297, #3042, #4835, #4426, #5043, #12981 ) ) ;
#2833 = DIRECTION ( 'NONE',  ( -9.535965738412075602E-17, 0.7071067811865480168, 0.7071067811865470176 ) ) ;
#2834 = VECTOR ( 'NONE', #10692, 39.37007874015748143 ) ;
#2835 = CARTESIAN_POINT ( 'NONE',  ( 0.3389400234772338982, 0.3760314408617052018, 0.3810890401533106320 ) ) ;
#2836 = ADVANCED_FACE ( 'NONE', ( #8852 ), #3674, .T. ) ;
#2837 = PRESENTATION_LAYER_ASSIGNMENT (  '', '', ( #6412 ) ) ;
#2838 = LINE ( 'NONE', #7934, #5832 ) ;
#2839 = CARTESIAN_POINT ( 'NONE',  ( 0.3625620707213386140, 0.3130393148774570644, 0.4397504574761377794 ) ) ;
#2840 = DIRECTION ( 'NONE',  ( -1.000000000000000000, 0.0000000000000000000, 1.100068545741414246E-14 ) ) ;
#2841 = ORIENTED_EDGE ( 'NONE', *, *, #4808, .F. ) ;
#2842 = LINE ( 'NONE', #2572, #5789 ) ;
#2843 = VECTOR ( 'NONE', #9081, 39.37007874015748854 ) ;
#2844 =( LENGTH_UNIT ( ) NAMED_UNIT ( * ) SI_UNIT ( $, .METRE. ) );
#2845 = ORIENTED_EDGE ( 'NONE', *, *, #11359, .T. ) ;
#2846 = VECTOR ( 'NONE', #1706, 39.37007874015748143 ) ;
#2847 = VERTEX_POINT ( 'NONE', #6528 ) ;
#2848 = CARTESIAN_POINT ( 'NONE',  ( 0.05547545654809511728, 0.08862986605855728561, 0.4834512448777165128 ) ) ;
#2849 = VERTEX_POINT ( 'NONE', #1569 ) ;
#2850 = VERTEX_POINT ( 'NONE', #572 ) ;
#2851 = CARTESIAN_POINT ( 'NONE',  ( 0.05547545654809511728, 0.08862986605855728561, 0.2078606936966141683 ) ) ;
#2852 = PLANE ( 'NONE',  #11984 ) ;
#2853 = ORIENTED_EDGE ( 'NONE', *, *, #1425, .F. ) ;
#2854 = EDGE_CURVE ( 'NONE', #4755, #433, #6795, .T. ) ;
#2855 = EDGE_CURVE ( 'NONE', #11083, #1541, #12944, .T. ) ;
#2856 = CARTESIAN_POINT ( 'NONE',  ( 0.09484553528826220048, 0.1555589999168269788, 0.4810890401532991745 ) ) ;
#2857 = AXIS2_PLACEMENT_3D ( 'NONE', #2698, #13021, #4673 ) ;
#2858 = VERTEX_POINT ( 'NONE', #10798 ) ;
#2859 = VECTOR ( 'NONE', #2992, 39.37007874015748143 ) ;
#2860 = LINE ( 'NONE', #11696, #894 ) ;
#2861 = PLANE ( 'NONE',  #3910 ) ;
#2862 = ORIENTED_EDGE ( 'NONE', *, *, #1878, .T. ) ;
#2863 = MECHANICAL_DESIGN_GEOMETRIC_PRESENTATION_REPRESENTATION (  '', ( #9647 ), #11558 ) ;
#2864 = LINE ( 'NONE', #6042, #1745 ) ;
#2865 = LINE ( 'NONE', #11846, #2998 ) ;
#2866 = ORIENTED_EDGE ( 'NONE', *, *, #9946, .F. ) ;
#2867 = DIMENSIONAL_EXPONENTS ( 1.000000000000000000, 0.0000000000000000000, 0.0000000000000000000, 0.0000000000000000000, 0.0000000000000000000, 0.0000000000000000000, 0.0000000000000000000 ) ;
#2868 = PLANE ( 'NONE',  #1228 ) ;
#2869 = VERTEX_POINT ( 'NONE', #12674 ) ;
#2870 = ORIENTED_EDGE ( 'NONE', *, *, #7567, .F. ) ;
#2871 = CIRCLE ( 'NONE', #2035, 0.05610236220472441387 ) ;
#2872 = LINE ( 'NONE', #7961, #1049 ) ;
#2873 = DIRECTION ( 'NONE',  ( 1.000000000000000000, 3.376070039848299626E-16, 2.359223927328455183E-16 ) ) ;
#2874 = EDGE_CURVE ( 'NONE', #7404, #2850, #8714, .T. ) ;
#2875 = DIRECTION ( 'NONE',  ( 2.865203769218833733E-48, -8.220413448604588965E-18, 1.000000000000000000 ) ) ;
#2876 = EDGE_CURVE ( 'NONE', #3169, #6345, #11664, .T. ) ;
#2877 = EDGE_LOOP ( 'NONE', ( #831, #12893, #6047, #12249 ) ) ;
#2878 = CARTESIAN_POINT ( 'NONE',  ( 0.3625620707213386140, 0.3130393148774570644, 0.2397504574761405716 ) ) ;
#2879 = DIRECTION ( 'NONE',  ( 1.316334802367149914E-16, -1.000000000000000000, 1.526556658859589750E-16 ) ) ;
#2880 = VECTOR ( 'NONE', #12799, 39.37007874015748143 ) ;
#2881 = EDGE_CURVE ( 'NONE', #13016, #8705, #9667, .T. ) ;
#2882 = PLANE ( 'NONE',  #8323 ) ;
#2883 = SURFACE_STYLE_FILL_AREA ( #4986 ) ;
#2884 = DIRECTION ( 'NONE',  ( -1.000000000000000000, 1.937287448275484781E-17, 8.833616147085620181E-14 ) ) ;
#2885 = COLOUR_RGB ( '',0.7529411764705882248, 0.7529411764705882248, 0.0000000000000000000 ) ;
#2886 = EDGE_CURVE ( 'NONE', #2455, #3495, #10394, .T. ) ;
#2887 = FACE_OUTER_BOUND ( 'NONE', #6860, .T. ) ;
#2888 = CARTESIAN_POINT ( 'NONE',  ( 0.3920896297764522864, 0.1555589999168269788, 0.4932937645627543666 ) ) ;
#2889 = ADVANCED_FACE ( 'NONE', ( #2622 ), #10734, .T. ) ;
#2890 = PLANE ( 'NONE',  #1487 ) ;
#2891 = ORIENTED_EDGE ( 'NONE', *, *, #4183, .T. ) ;
#2892 = VECTOR ( 'NONE', #6079, 39.37007874015748143 ) ;
#2893 = AXIS2_PLACEMENT_3D ( 'NONE', #8193, #11285, #10352 ) ;
#2894 = DIRECTION ( 'NONE',  ( 3.518308117683324880E-16, -1.000000000000000000, 4.163336342344335054E-16 ) ) ;
#2895 = ORIENTED_EDGE ( 'NONE', *, *, #12629, .F. ) ;
#2896 = ORIENTED_EDGE ( 'NONE', *, *, #10782, .F. ) ;
#2897 =( CONVERSION_BASED_UNIT ( 'INCH', #12022 ) LENGTH_UNIT ( ) NAMED_UNIT ( #5823 ) );
#2898 = LINE ( 'NONE', #834, #77 ) ;
#2899 = VERTEX_POINT ( 'NONE', #6592 ) ;
#2900 = CARTESIAN_POINT ( 'NONE',  ( 0.07319199198116595195, 0.08862986605855728561, 0.4834512448777165128 ) ) ;
#2901 = CARTESIAN_POINT ( 'NONE',  ( 0.2483888423748523422, 0.3760314408617059234, 0.4224276228305008374 ) ) ;
#2902 = LINE ( 'NONE', #4075, #4485 ) ;
#2903 = VERTEX_POINT ( 'NONE', #5729 ) ;
#2904 = EDGE_CURVE ( 'NONE', #10528, #10163, #7721, .T. ) ;
#2905 = AXIS2_PLACEMENT_3D ( 'NONE', #8559, #9653, #11651 ) ;
#2906 = CARTESIAN_POINT ( 'NONE',  ( 0.1090187636347222516, 0.08075585031049743734, 0.4515614810981850025 ) ) ;
#2907 = CARTESIAN_POINT ( 'NONE',  ( 0.3743730943433673519, 0.05713380306642409229, 0.1684906149564565081 ) ) ;
#2908 = ADVANCED_FACE ( 'NONE', ( #8640 ), #11942, .F. ) ;
#2909 = ORIENTED_EDGE ( 'NONE', *, *, #2681, .F. ) ;
#2910 = ORIENTED_EDGE ( 'NONE', *, *, #9847, .T. ) ;
#2911 = CARTESIAN_POINT ( 'NONE',  ( 0.2326408108788039775, 0.2972912833813901590, 0.3456559692871649658 ) ) ;
#2912 = ORIENTED_EDGE ( 'NONE', *, *, #8049, .F. ) ;
#2913 = ORIENTED_EDGE ( 'NONE', *, *, #6127, .F. ) ;
#2914 = DIRECTION ( 'NONE',  ( 1.000000000000000000, 3.518308117683325866E-16, 2.626713979715460250E-16 ) ) ;
#2915 = VECTOR ( 'NONE', #2533, 39.37007874015748143 ) ;
#2916 = DIRECTION ( 'NONE',  ( 1.000000000000000000, 1.316334802367149914E-16, -1.608386623408234722E-17 ) ) ;
#2917 = EDGE_LOOP ( 'NONE', ( #30, #9170, #8645, #10792 ) ) ;
#2918 = PLANE ( 'NONE',  #8129 ) ;
#2919 = DIRECTION ( 'NONE',  ( 0.0000000000000000000, 8.220413448604739958E-18, -1.000000000000000000 ) ) ;
#2920 =( CONVERSION_BASED_UNIT ( 'INCH', #4693 ) LENGTH_UNIT ( ) NAMED_UNIT ( #2503 ) );
#2921 = VERTEX_POINT ( 'NONE', #3604 ) ;
#2922 = EDGE_CURVE ( 'NONE', #2921, #7891, #5802, .T. ) ;
#2923 = CARTESIAN_POINT ( 'NONE',  ( 0.3586250628473003355, 0.1988660865309976600, 0.3456559692871649658 ) ) ;
#2924 = SURFACE_STYLE_USAGE ( .BOTH. , #12114 ) ;
#2925 = VERTEX_POINT ( 'NONE', #2691 ) ;
#2926 = CARTESIAN_POINT ( 'NONE',  ( 0.3468140392252720416, 0.1555589999168271731, 0.4515614810981850025 ) ) ;
#2927 = FACE_OUTER_BOUND ( 'NONE', #4110, .T. ) ;
#2928 = DIRECTION ( 'NONE',  ( 0.0000000000000000000, 1.000000000000000000, 0.0000000000000000000 ) ) ;
#2929 = VECTOR ( 'NONE', #6033, 39.37007874015748143 ) ;
#2930 = CARTESIAN_POINT ( 'NONE',  ( 0.1164990785953285424, 0.2165826219640791250, 0.3456559692871649658 ) ) ;
#2931 = CARTESIAN_POINT ( 'NONE',  ( 0.07319199198116595195, 0.3760314408617052018, 0.5011677803107913443 ) ) ;
#2932 = EDGE_CURVE ( 'NONE', #11886, #9400, #12807, .T. ) ;
#2933 = LINE ( 'NONE', #8901, #6037 ) ;
#2934 = ORIENTED_EDGE ( 'NONE', *, *, #1470, .T. ) ;
#2935 = EDGE_CURVE ( 'NONE', #10765, #1053, #9737, .T. ) ;
#2936 = DIRECTION ( 'NONE',  ( 0.0000000000000000000, 8.220413448604739958E-18, -1.000000000000000000 ) ) ;
#2937 = CARTESIAN_POINT ( 'NONE',  ( 0.2483888423748523422, 0.1988660865309976600, 0.2236087251926807129 ) ) ;
#2938 = ORIENTED_EDGE ( 'NONE', *, *, #8202, .F. ) ;
#2939 = CARTESIAN_POINT ( 'NONE',  ( 0.1347607381955348571, 0.4079514893171787282, 0.5011677803107913443 ) ) ;
#2940 = CARTESIAN_POINT ( 'NONE',  ( 0.1558691573354936966, 0.2933542755073602626, 0.4515614810981850025 ) ) ;
#2941 = ORIENTED_EDGE ( 'NONE', *, *, #233, .T. ) ;
#2942 = EDGE_CURVE ( 'NONE', #10289, #2275, #703, .T. ) ;
#2943 = AXIS2_PLACEMENT_3D ( 'NONE', #223, #3270, #12224 ) ;
#2944 = DIRECTION ( 'NONE',  ( 1.000000000000000000, 1.316334802367149914E-16, -1.608386623408234722E-17 ) ) ;
#2945 = PRESENTATION_STYLE_ASSIGNMENT (( #8989 ) ) ;
#2946 = EDGE_CURVE ( 'NONE', #12612, #1796, #3742, .T. ) ;
#2947 = DIRECTION ( 'NONE',  ( -1.000000000000000000, 0.0000000000000000000, 0.0000000000000000000 ) ) ;
#2948 = LINE ( 'NONE', #4851, #8035 ) ;
#2949 = DIRECTION ( 'NONE',  ( -1.937287448275559661E-17, -1.000000000000000000, -8.220413448604739958E-18 ) ) ;
#2950 = ORIENTED_EDGE ( 'NONE', *, *, #8347, .F. ) ;
#2951 = EDGE_LOOP ( 'NONE', ( #8896, #7877, #9114, #6561 ) ) ;
#2952 = ORIENTED_EDGE ( 'NONE', *, *, #8120, .T. ) ;
#2953 = CARTESIAN_POINT ( 'NONE',  ( 0.2444518345008480364, 0.05713380306641550888, 0.4515614810981850025 ) ) ;
#2954 = CARTESIAN_POINT ( 'NONE',  ( 0.1267352990678039526, -0.07278745677611142550, 0.2515614810981878224 ) ) ;
#2955 = ORIENTED_EDGE ( 'NONE', *, *, #8493, .T. ) ;
#2956 = ORIENTED_EDGE ( 'NONE', *, *, #9809, .F. ) ;
#2957 = EDGE_CURVE ( 'NONE', #6616, #6369, #13139, .T. ) ;
#2958 = DIRECTION ( 'NONE',  ( 4.283287147278277380E-17, 1.665334536937734811E-16, 1.000000000000000000 ) ) ;
#2959 = VECTOR ( 'NONE', #10461, 39.37007874015748143 ) ;
#2960 = EDGE_CURVE ( 'NONE', #1541, #1822, #1842, .T. ) ;
#2961 = CARTESIAN_POINT ( 'NONE',  ( 0.1558691573354938908, 0.3681574251136630060, 0.2397504574761405716 ) ) ;
#2962 = EDGE_LOOP ( 'NONE', ( #2049, #11438, #5168, #10186 ) ) ;
#2963 = EDGE_LOOP ( 'NONE', ( #3943, #10388, #5136, #6623, #8736, #9617 ) ) ;
#2964 = DIRECTION ( 'NONE',  ( 1.000000000000000000, -1.937287448275559661E-17, 0.0000000000000000000 ) ) ;
#2965 = ORIENTED_EDGE ( 'NONE', *, *, #8396, .T. ) ;
#2966 = ORIENTED_EDGE ( 'NONE', *, *, #7497, .T. ) ;
#2967 = VECTOR ( 'NONE', #12931, 39.37007874015748143 ) ;
#2968 = LINE ( 'NONE', #914, #6582 ) ;
#2969 = VECTOR ( 'NONE', #6725, 39.37007874015748143 ) ;
#2970 = CARTESIAN_POINT ( 'NONE',  ( 0.3625620707213386140, 0.1555589999168271731, 0.4062858905469889370 ) ) ;
#2971 = ORIENTED_EDGE ( 'NONE', *, *, #7810, .T. ) ;
#2972 = EDGE_CURVE ( 'NONE', #11374, #1000, #6866, .T. ) ;
#2973 = DIRECTION ( 'NONE',  ( 0.0000000000000000000, 0.0000000000000000000, 1.000000000000000000 ) ) ;
#2974 = CARTESIAN_POINT ( 'NONE',  ( 0.09484553528826220048, 0.1555589999168269788, 0.4180969141690433211 ) ) ;
#2975 = ORIENTED_EDGE ( 'NONE', *, *, #9188, .F. ) ;
#2976 = EDGE_CURVE ( 'NONE', #11337, #3616, #11067, .T. ) ;
#2977 = CARTESIAN_POINT ( 'NONE',  ( 0.3920896297764417393, 0.3760314408617052018, 0.3456559692871649658 ) ) ;
#2978 = VECTOR ( 'NONE', #476, 39.37007874015748143 ) ;
#2979 = AXIS2_PLACEMENT_3D ( 'NONE', #79, #10368, #12503 ) ;
#2980 = CARTESIAN_POINT ( 'NONE',  ( 0.1027195510362948899, 0.3583149054286425272, 0.2905378590509232195 ) ) ;
#2981 = ORIENTED_EDGE ( 'NONE', *, *, #6726, .F. ) ;
#2982 = DIRECTION ( 'NONE',  ( 3.518308117683324880E-16, -1.000000000000000000, 4.163336342344335054E-16 ) ) ;
#2983 = ORIENTED_EDGE ( 'NONE', *, *, #9453, .F. ) ;
#2984 = DIRECTION ( 'NONE',  ( 0.4472135955002294883, -0.8944271909997799641, 4.898503433089608835E-16 ) ) ;
#2985 = AXIS2_PLACEMENT_3D ( 'NONE', #6821, #12102, #978 ) ;
#2986 =( NAMED_UNIT ( * ) PLANE_ANGLE_UNIT ( ) SI_UNIT ( $, .RADIAN. ) );
#2987 = VECTOR ( 'NONE', #8628, 39.37007874015748854 ) ;
#2988 = EDGE_CURVE ( 'NONE', #6846, #4408, #7120, .T. ) ;
#2989 = ORIENTED_EDGE ( 'NONE', *, *, #5660, .F. ) ;
#2990 = LINE ( 'NONE', #7033, #2535 ) ;
#2991 = PLANE ( 'NONE',  #7256 ) ;
#2992 = DIRECTION ( 'NONE',  ( 0.0000000000000000000, -1.000000000000000000, 0.0000000000000000000 ) ) ;
#2993 = ORIENTED_EDGE ( 'NONE', *, *, #12497, .F. ) ;
#2994 = UNCERTAINTY_MEASURE_WITH_UNIT (LENGTH_MEASURE( 1.000000000000000082E-05 ), #1048, 'distance_accuracy_value', 'NONE');
#2995 = AXIS2_PLACEMENT_3D ( 'NONE', #7402, #8447, #12551 ) ;
#2996 = DIRECTION ( 'NONE',  ( -1.937287448275559661E-17, -1.000000000000000000, -8.220413448604739958E-18 ) ) ;
#2997 =( LENGTH_UNIT ( ) NAMED_UNIT ( * ) SI_UNIT ( $, .METRE. ) );
#2998 = VECTOR ( 'NONE', #8827, 39.37007874015748143 ) ;
#2999 = CARTESIAN_POINT ( 'NONE',  ( 0.2326408108788126095, -0.1446865674942328650, 0.4515614810981850025 ) ) ;
#3000 = CARTESIAN_POINT ( 'NONE',  ( 0.1893337242646342400, 0.3583149054286425272, 0.4972307724367677761 ) ) ;
#3001 = VERTEX_POINT ( 'NONE', #5874 ) ;
#3002 = ADVANCED_FACE ( 'NONE', ( #3936 ), #4994, .T. ) ;
#3003 = EDGE_CURVE ( 'NONE', #943, #7356, #9059, .T. ) ;
#3004 = STYLED_ITEM ( 'NONE', ( #12291 ), #6244 ) ;
#3005 = ORIENTED_EDGE ( 'NONE', *, *, #7247, .T. ) ;
#3006 = DIRECTION ( 'NONE',  ( 1.000000000000000000, 1.408738150179759833E-16, -6.014894242100889598E-18 ) ) ;
#3007 = CARTESIAN_POINT ( 'NONE',  ( 0.3090187636347015987, 0.08862986605856634781, 0.2515614810981878224 ) ) ;
#3008 = DIRECTION ( 'NONE',  ( 0.0000000000000000000, -1.000000000000000000, 0.0000000000000000000 ) ) ;
#3009 = CARTESIAN_POINT ( 'NONE',  ( 0.1263415982803830773, 0.3760314408617052018, 0.3161284102320469080 ) ) ;
#3010 = VECTOR ( 'NONE', #8578, 39.37007874015748143 ) ;
#3011 = CARTESIAN_POINT ( 'NONE',  ( 0.3090187636347015987, 0.08075585031051535356, 0.4515614810981850025 ) ) ;
#3012 = AXIS2_PLACEMENT_3D ( 'NONE', #7398, #5408, #9821 ) ;
#3013 = DIRECTION ( 'NONE',  ( 0.5144957554275257916, -0.8574929257125446513, 0.0000000000000000000 ) ) ;
#3014 = EDGE_CURVE ( 'NONE', #963, #2001, #7923, .T. ) ;
#3015 = ORIENTED_EDGE ( 'NONE', *, *, #3570, .F. ) ;
#3016 = ORIENTED_EDGE ( 'NONE', *, *, #4436, .T. ) ;
#3017 = DIRECTION ( 'NONE',  ( 1.356991020290373981E-16, -1.000000000000000000, 3.469446951953615175E-16 ) ) ;
#3018 = DIRECTION ( 'NONE',  ( 0.0000000000000000000, 0.0000000000000000000, 1.000000000000000000 ) ) ;
#3019 = LINE ( 'NONE', #11201, #3918 ) ;
#3020 = VECTOR ( 'NONE', #1915, 39.37007874015748854 ) ;
#3021 = CARTESIAN_POINT ( 'NONE',  ( 0.2483888423748523422, 0.7897218048774075072, 0.3850260480273224872 ) ) ;
#3022 = AXIS2_PLACEMENT_3D ( 'NONE', #1082, #10000, #8030 ) ;
#3023 = PLANE ( 'NONE',  #4699 ) ;
#3024 =( NAMED_UNIT ( * ) SI_UNIT ( $, .STERADIAN. ) SOLID_ANGLE_UNIT ( ) );
#3025 = LINE ( 'NONE', #9199, #10192 ) ;
#3026 = EDGE_LOOP ( 'NONE', ( #7811, #5414, #13096, #78 ) ) ;
#3027 =( LENGTH_UNIT ( ) NAMED_UNIT ( * ) SI_UNIT ( $, .METRE. ) );
#3028 = VERTEX_POINT ( 'NONE', #13084 ) ;
#3029 = ADVANCED_FACE ( 'NONE', ( #891 ), #7052, .T. ) ;
#3030 = CARTESIAN_POINT ( 'NONE',  ( 0.1027195510362846342, 0.1555589999168269788, 0.4732150244052676924 ) ) ;
#3031 = ORIENTED_EDGE ( 'NONE', *, *, #1083, .F. ) ;
#3032 = VECTOR ( 'NONE', #7401, 39.37007874015748854 ) ;
#3033 = ORIENTED_EDGE ( 'NONE', *, *, #6226, .T. ) ;
#3034 = EDGE_CURVE ( 'NONE', #222, #12035, #4061, .T. ) ;
#3035 = DIRECTION ( 'NONE',  ( 0.0000000000000000000, 1.000000000000000000, 0.0000000000000000000 ) ) ;
#3036 = LINE ( 'NONE', #11161, #11292 ) ;
#3037 = ORIENTED_EDGE ( 'NONE', *, *, #11643, .F. ) ;
#3038 = VECTOR ( 'NONE', #3766, 39.37007874015748143 ) ;
#3039 = VECTOR ( 'NONE', #2290, 39.37007874015748143 ) ;
#3040 = EDGE_CURVE ( 'NONE', #1669, #4468, #11131, .T. ) ;
#3041 = CARTESIAN_POINT ( 'NONE',  ( 0.3625620707213386140, 0.1555589999168271731, 0.4850260480273039243 ) ) ;
#3042 = ORIENTED_EDGE ( 'NONE', *, *, #12333, .T. ) ;
#3043 = CARTESIAN_POINT ( 'NONE',  ( 0.2267352990677846403, -0.07278745677610237719, 0.4397504574761377794 ) ) ;
#3044 = EDGE_CURVE ( 'NONE', #4786, #4407, #10203, .T. ) ;
#3045 = DIRECTION ( 'NONE',  ( 4.283287147278279229E-17, 1.665334536937734811E-16, 1.000000000000000000 ) ) ;
#3046 = ORIENTED_EDGE ( 'NONE', *, *, #7915, .F. ) ;
#3047 =( NAMED_UNIT ( * ) SI_UNIT ( $, .STERADIAN. ) SOLID_ANGLE_UNIT ( ) );
#3048 = VECTOR ( 'NONE', #2164, 39.37007874015748143 ) ;
#3049 = DIRECTION ( 'NONE',  ( 1.000000000000000000, 3.518308117683325866E-16, 2.626713979715460250E-16 ) ) ;
#3050 = AXIS2_PLACEMENT_3D ( 'NONE', #4583, #6512, #2674 ) ;
#3051 = FACE_OUTER_BOUND ( 'NONE', #8769, .T. ) ;
#3052 = VERTEX_POINT ( 'NONE', #6071 ) ;
#3053 = LINE ( 'NONE', #3167, #5925 ) ;
#3054 = PRESENTATION_LAYER_ASSIGNMENT (  '', '', ( #4961 ) ) ;
#3055 = DIRECTION ( 'NONE',  ( -0.5773502691896257311, -0.5773502691896257311, 0.5773502691896257311 ) ) ;
#3056 = ORIENTED_EDGE ( 'NONE', *, *, #4126, .F. ) ;
#3057 = VECTOR ( 'NONE', #8148, 39.37007874015748143 ) ;
#3058 = ORIENTED_EDGE ( 'NONE', *, *, #5825, .F. ) ;
#3059 = CARTESIAN_POINT ( 'NONE',  ( 0.2483888423748523422, 0.3583149054286425272, 0.2905378590509232195 ) ) ;
#3060 = EDGE_CURVE ( 'NONE', #4408, #4648, #5113, .T. ) ;
#3061 = PLANE ( 'NONE',  #645 ) ;
#3062 = VERTEX_POINT ( 'NONE', #1024 ) ;
#3063 = COLOUR_RGB ( '',0.2509803921568627416, 0.2509803921568627416, 0.2509803921568627416 ) ;
#3064 = CARTESIAN_POINT ( 'NONE',  ( 0.3330345116662205007, 0.1555589999168271731, 0.4062465204682488285 ) ) ;
#3065 = LINE ( 'NONE', #2151, #9256 ) ;
#3066 = EDGE_LOOP ( 'NONE', ( #9390, #11188, #11399, #9725 ) ) ;
#3067 = ORIENTED_EDGE ( 'NONE', *, *, #4551, .F. ) ;
#3068 = CARTESIAN_POINT ( 'NONE',  ( 0.2326408108788039775, 0.2579212046412326376, 0.4243961267674803417 ) ) ;
#3069 = DIRECTION ( 'NONE',  ( -1.000000000000000000, -1.174096724532128111E-16, 4.283287147278279229E-17 ) ) ;
#3070 = FILL_AREA_STYLE ('',( #4919 ) ) ;
#3071 = CARTESIAN_POINT ( 'NONE',  ( 0.2483888423748523422, 0.7897218048774075072, 0.3161284102320469080 ) ) ;
#3072 = AXIS2_PLACEMENT_3D ( 'NONE', #5636, #5568, #8612 ) ;
#3073 = DIRECTION ( 'NONE',  ( 1.937287448275559661E-17, 1.000000000000000000, 8.220413448604588965E-18 ) ) ;
#3074 = CARTESIAN_POINT ( 'NONE',  ( 0.2405148266268504198, 0.2933542755073783592, 0.2456559692871496114 ) ) ;
#3075 = EDGE_CURVE ( 'NONE', #9943, #12684, #11003, .T. ) ;
#3076 = EDGE_CURVE ( 'NONE', #6798, #1962, #2948, .T. ) ;
#3077 = DIRECTION ( 'NONE',  ( -1.937287448275559661E-17, -1.000000000000000000, -8.220413448604588965E-18 ) ) ;
#3078 = ORIENTED_EDGE ( 'NONE', *, *, #8803, .F. ) ;
#3079 = CARTESIAN_POINT ( 'NONE',  ( 0.3444518345008468208, 0.05713380306641543255, 0.2515614810981878224 ) ) ;
#3080 = ORIENTED_EDGE ( 'NONE', *, *, #411, .T. ) ;
#3081 = CARTESIAN_POINT ( 'NONE',  ( 0.2431035528205066909, -0.07318115756351298296, 0.4007740795233787345 ) ) ;
#3082 = VECTOR ( 'NONE', #5110, 39.37007874015748143 ) ;
#3083 = EDGE_LOOP ( 'NONE', ( #1429, #4365, #9338, #2778 ) ) ;
#3084 = CARTESIAN_POINT ( 'NONE',  ( 0.2090187636347129729, 0.1988660865309976600, 0.4224276228305008374 ) ) ;
#3085 = SURFACE_STYLE_FILL_AREA ( #3595 ) ;
#3086 = LINE ( 'NONE', #11016, #13057 ) ;
#3087 = LINE ( 'NONE', #7003, #7183 ) ;
#3088 = EDGE_CURVE ( 'NONE', #12489, #621, #13013, .T. ) ;
#3089 = ORIENTED_EDGE ( 'NONE', *, *, #7346, .T. ) ;
#3090 = SURFACE_STYLE_USAGE ( .BOTH. , #2113 ) ;
#3091 = EDGE_LOOP ( 'NONE', ( #5667, #8298, #4465, #6240 ) ) ;
#3092 = CARTESIAN_POINT ( 'NONE',  ( 0.2444518345008484528, 0.05713380306641543255, 0.2397504574761405716 ) ) ;
#3093 = VERTEX_POINT ( 'NONE', #1976 ) ;
#3094 = ORIENTED_EDGE ( 'NONE', *, *, #12717, .F. ) ;
#3095 = PLANE ( 'NONE',  #8311 ) ;
#3096 = ORIENTED_EDGE ( 'NONE', *, *, #9208, .T. ) ;
#3097 = CARTESIAN_POINT ( 'NONE',  ( 0.3330345116662205007, 0.1555589999168269788, 0.2062858905469921178 ) ) ;
#3098 = CARTESIAN_POINT ( 'NONE',  ( 0.2326408108788039775, 0.1988660865309964665, 0.3614040007832315382 ) ) ;
#3099 = VECTOR ( 'NONE', #5242, 39.37007874015748143 ) ;
#3100 = VECTOR ( 'NONE', #8915, 39.37007874015748143 ) ;
#3101 = DIRECTION ( 'NONE',  ( 0.0000000000000000000, 0.0000000000000000000, -1.000000000000000000 ) ) ;
#3102 = EDGE_CURVE ( 'NONE', #11121, #585, #4124, .T. ) ;
#3103 = DIRECTION ( 'NONE',  ( -3.518308117683324880E-16, 1.000000000000000000, -4.163336342344335054E-16 ) ) ;
#3104 = VERTEX_POINT ( 'NONE', #10075 ) ;
#3105 = EDGE_CURVE ( 'NONE', #661, #13091, #960, .T. ) ;
#3106 = LINE ( 'NONE', #7147, #6134 ) ;
#3107 = DIRECTION ( 'NONE',  ( -1.937287448275559661E-17, -1.000000000000000000, -8.220413448604739958E-18 ) ) ;
#3108 = ORIENTED_EDGE ( 'NONE', *, *, #11203, .F. ) ;
#3109 = CARTESIAN_POINT ( 'NONE',  ( 0.1342156140284145593, 0.5295747479483133846, 0.4243961267674756233 ) ) ;
#3110 = DIRECTION ( 'NONE',  ( 0.0000000000000000000, 1.000000000000000000, 0.0000000000000000000 ) ) ;
#3111 =( NAMED_UNIT ( * ) SI_UNIT ( $, .STERADIAN. ) SOLID_ANGLE_UNIT ( ) );
#3112 = ORIENTED_EDGE ( 'NONE', *, *, #9700, .F. ) ;
#3113 = VECTOR ( 'NONE', #11373, 39.37007874015748143 ) ;
#3114 = EDGE_CURVE ( 'NONE', #7070, #9359, #1280, .T. ) ;
#3115 = LINE ( 'NONE', #2198, #11037 ) ;
#3116 = DIRECTION ( 'NONE',  ( -1.000000000000000000, 0.0000000000000000000, 0.0000000000000000000 ) ) ;
#3117 = ORIENTED_EDGE ( 'NONE', *, *, #3805, .T. ) ;
#3118 = MANIFOLD_SOLID_BREP ( 'Imported1', #7964 ) ;
#3119 = VERTEX_POINT ( 'NONE', #11318 ) ;
#3120 = FACE_OUTER_BOUND ( 'NONE', #4070, .T. ) ;
#3121 = CARTESIAN_POINT ( 'NONE',  ( 0.2326408108788039775, 0.5295747479483133846, 0.4243961267674756233 ) ) ;
#3122 = DIRECTION ( 'NONE',  ( -1.000000000000000000, 1.937287448275559661E-17, 0.0000000000000000000 ) ) ;
#3123 = ORIENTED_EDGE ( 'NONE', *, *, #11359, .F. ) ;
#3124 = LENGTH_MEASURE_WITH_UNIT ( LENGTH_MEASURE( 0.02539999999999999897 ), #3988 );
#3125 = PLANE ( 'NONE',  #11613 ) ;
#3126 = ORIENTED_EDGE ( 'NONE', *, *, #11590, .F. ) ;
#3127 = EDGE_CURVE ( 'NONE', #8021, #11467, #1420, .T. ) ;
#3128 =( CONVERSION_BASED_UNIT ( 'INCH', #5300 ) LENGTH_UNIT ( ) NAMED_UNIT ( #477 ) );
#3129 = FACE_OUTER_BOUND ( 'NONE', #12558, .T. ) ;
#3130 = DIRECTION ( 'NONE',  ( -0.3511234415877500514, -0.9363291775692850205, 1.485833765564395997E-16 ) ) ;
#3131 = FACE_OUTER_BOUND ( 'NONE', #5095, .T. ) ;
#3132 =( CONVERSION_BASED_UNIT ( 'INCH', #9246 ) LENGTH_UNIT ( ) NAMED_UNIT ( #5547 ) );
#3133 = LINE ( 'NONE', #7173, #7405 ) ;
#3134 = ORIENTED_EDGE ( 'NONE', *, *, #341, .T. ) ;
#3135 = DIRECTION ( 'NONE',  ( 2.359223927328455183E-16, -3.885780586188049864E-16, -1.000000000000000000 ) ) ;
#3136 = CARTESIAN_POINT ( 'NONE',  ( 0.2090187636347129729, 0.4272125432239181064, 0.4007740795234071007 ) ) ;
#3137 = VERTEX_POINT ( 'NONE', #5449 ) ;
#3138 = EDGE_CURVE ( 'NONE', #8740, #107, #3253, .T. ) ;
#3139 = FACE_OUTER_BOUND ( 'NONE', #6402, .T. ) ;
#3140 = FACE_OUTER_BOUND ( 'NONE', #7113, .T. ) ;
#3141 = VECTOR ( 'NONE', #7753, 39.37007874015748143 ) ;
#3142 = CARTESIAN_POINT ( 'NONE',  ( 0.3625620707213386140, 0.1555589999168269788, 0.2102228984210149643 ) ) ;
#3143 = ORIENTED_EDGE ( 'NONE', *, *, #5208, .T. ) ;
#3144 = CARTESIAN_POINT ( 'NONE',  ( 0.2326408108788039775, 0.3760314408617052018, 0.4243961267674803417 ) ) ;
#3145 = ORIENTED_EDGE ( 'NONE', *, *, #8918, .T. ) ;
#3146 = DIRECTION ( 'NONE',  ( 1.000000000000000000, 1.174096724532128111E-16, -4.283287147278279229E-17 ) ) ;
#3147 = ORIENTED_EDGE ( 'NONE', *, *, #12238, .F. ) ;
#3148 = EDGE_LOOP ( 'NONE', ( #7124, #11618, #5387, #11104, #12088, #6016, #7959 ) ) ;
#3149 = DIRECTION ( 'NONE',  ( 1.000000000000000000, 3.518308117683324880E-16, 2.626713979715460250E-16 ) ) ;
#3150 = FILL_AREA_STYLE_COLOUR ( '', #8105 ) ;
#3151 = VECTOR ( 'NONE', #1656, 39.37007874015748143 ) ;
#3152 = EDGE_CURVE ( 'NONE', #5576, #9931, #2343, .T. ) ;
#3153 = ADVANCED_FACE ( 'NONE', ( #416 ), #5236, .T. ) ;
#3154 = LINE ( 'NONE', #7021, #3855 ) ;
#3155 = CARTESIAN_POINT ( 'NONE',  ( 0.07712899985517106261, 0.7897218048774075072, 0.3456559692871649658 ) ) ;
#3156 = ORIENTED_EDGE ( 'NONE', *, *, #7751, .F. ) ;
#3157 = VECTOR ( 'NONE', #1844, 39.37007874015748143 ) ;
#3158 = CARTESIAN_POINT ( 'NONE',  ( 0.3267352990678007996, -0.07278745677610257148, 0.2515614810981878224 ) ) ;
#3159 = DIRECTION ( 'NONE',  ( -1.000000000000000000, -3.376070039848299626E-16, -2.359223927328455183E-16 ) ) ;
#3160 = ORIENTED_EDGE ( 'NONE', *, *, #7195, .T. ) ;
#3161 = EDGE_CURVE ( 'NONE', #3947, #1469, #10384, .T. ) ;
#3162 = FACE_OUTER_BOUND ( 'NONE', #1230, .T. ) ;
#3163 = PLANE ( 'NONE',  #1031 ) ;
#3164 = EDGE_LOOP ( 'NONE', ( #4541, #10581, #10247, #13120 ) ) ;
#3165 = VECTOR ( 'NONE', #7637, 39.37007874015748143 ) ;
#3166 = AXIS2_PLACEMENT_3D ( 'NONE', #10942, #3872, #12079 ) ;
#3167 = CARTESIAN_POINT ( 'NONE',  ( 0.2405148266268504198, 0.1555589999168271731, 0.4850260480273039243 ) ) ;
#3168 = LINE ( 'NONE', #6228, #9866 ) ;
#3169 = VERTEX_POINT ( 'NONE', #9508 ) ;
#3170 = ORIENTED_EDGE ( 'NONE', *, *, #10092, .T. ) ;
#3171 = FACE_OUTER_BOUND ( 'NONE', #2317, .T. ) ;
#3172 = AXIS2_PLACEMENT_3D ( 'NONE', #315, #243, #4217 ) ;
#3173 = ORIENTED_EDGE ( 'NONE', *, *, #11291, .F. ) ;
#3174 = CARTESIAN_POINT ( 'NONE',  ( 0.2483888423748523422, 0.4272125432239181064, 0.4007740795234071007 ) ) ;
#3175 = PRESENTATION_LAYER_ASSIGNMENT (  '', '', ( #5079 ) ) ;
#3176 = PLANE ( 'NONE',  #2600 ) ;
#3177 = ADVANCED_FACE ( 'NONE', ( #4243 ), #10447, .T. ) ;
#3178 = EDGE_LOOP ( 'NONE', ( #6324, #10924, #5735, #5482, #6990, #12115, #5618, #10453, #5812, #1247, #832, #20, #2717, #5894, #11822, #10748, #75, #1921, #7600, #995 ) ) ;
#3179 = DIRECTION ( 'NONE',  ( -4.283287147278279229E-17, -1.665334536937734811E-16, -1.000000000000000000 ) ) ;
#3180 = DIRECTION ( 'NONE',  ( 1.000000000000000000, 1.174096724532128111E-16, -4.283287147278279229E-17 ) ) ;
#3181 = EDGE_CURVE ( 'NONE', #10100, #10879, #12390, .T. ) ;
#3182 = ORIENTED_EDGE ( 'NONE', *, *, #2935, .F. ) ;
#3183 = VECTOR ( 'NONE', #5831, 39.37007874015748143 ) ;
#3184 = DIRECTION ( 'NONE',  ( -4.283287147278279229E-17, -1.665334536937734811E-16, -1.000000000000000000 ) ) ;
#3185 = VECTOR ( 'NONE', #2693, 39.37007874015748143 ) ;
#3186 = CARTESIAN_POINT ( 'NONE',  ( 0.3444518345008468208, 0.05713380306641550888, 0.4515614810981850025 ) ) ;
#3187 = FACE_OUTER_BOUND ( 'NONE', #592, .T. ) ;
#3188 = CARTESIAN_POINT ( 'NONE',  ( 0.07319199198118032934, 0.1555589999168269788, 0.1980181740115692923 ) ) ;
#3189 =( NAMED_UNIT ( * ) SI_UNIT ( $, .STERADIAN. ) SOLID_ANGLE_UNIT ( ) );
#3190 = EDGE_CURVE ( 'NONE', #899, #5519, #10521, .T. ) ;
#3191 = CARTESIAN_POINT ( 'NONE',  ( 0.1755541967055905817, 0.1791810471609003863, 0.4515614810981850025 ) ) ;
#3192 = VECTOR ( 'NONE', #12557, 39.37007874015748143 ) ;
#3193 = EDGE_CURVE ( 'NONE', #7190, #12380, #4446, .T. ) ;
#3194 = ORIENTED_EDGE ( 'NONE', *, *, #8091, .T. ) ;
#3195 = AXIS2_PLACEMENT_3D ( 'NONE', #11706, #613, #9568 ) ;
#3196 = CARTESIAN_POINT ( 'NONE',  ( 0.1027195510362938907, 0.1476849841687954967, 0.4732150244052676924 ) ) ;
#3197 = ORIENTED_EDGE ( 'NONE', *, *, #7777, .F. ) ;
#3198 = CARTESIAN_POINT ( 'NONE',  ( 0.2444518345008484528, -0.05703942528004488088, 0.2515614810981878224 ) ) ;
#3199 = ORIENTED_EDGE ( 'NONE', *, *, #3279, .F. ) ;
#3200 = CARTESIAN_POINT ( 'NONE',  ( 0.2326408108788039775, 0.3957164802317834629, 0.1684906149564565081 ) ) ;
#3201 = VECTOR ( 'NONE', #3146, 39.37007874015748143 ) ;
#3202 = CARTESIAN_POINT ( 'NONE',  ( 0.1893337242646342400, 0.7897218048774075072, 0.3456559692871649658 ) ) ;
#3203 = VECTOR ( 'NONE', #2452, 39.37007874015748143 ) ;
#3204 =( NAMED_UNIT ( * ) PLANE_ANGLE_UNIT ( ) SI_UNIT ( $, .RADIAN. ) );
#3205 = VERTEX_POINT ( 'NONE', #3389 ) ;
#3206 = ORIENTED_EDGE ( 'NONE', *, *, #9809, .T. ) ;
#3207 = ADVANCED_FACE ( 'NONE', ( #7440 ), #12272, .T. ) ;
#3208 = LINE ( 'NONE', #1043, #8500 ) ;
#3209 = ORIENTED_EDGE ( 'NONE', *, *, #2855, .T. ) ;
#3210 = VERTEX_POINT ( 'NONE', #9654 ) ;
#3211 = CARTESIAN_POINT ( 'NONE',  ( 0.1893337242646342400, 0.1988660865309976600, 0.3456559692871649658 ) ) ;
#3212 = AXIS2_PLACEMENT_3D ( 'NONE', #5877, #1713, #11946 ) ;
#3213 = VECTOR ( 'NONE', #4595, 39.37007874015748143 ) ;
#3214 = DIRECTION ( 'NONE',  ( 1.000000000000000000, 1.316334802367149914E-16, -1.608386623408234722E-17 ) ) ;
#3215 = FACE_OUTER_BOUND ( 'NONE', #819, .T. ) ;
#3216 = ORIENTED_EDGE ( 'NONE', *, *, #10572, .T. ) ;
#3217 = FILL_AREA_STYLE ('',( #8017 ) ) ;
#3218 = VECTOR ( 'NONE', #4831, 39.37007874015748143 ) ;
#3219 = DIRECTION ( 'NONE',  ( -4.283287147278279229E-17, -1.665334536937734811E-16, -1.000000000000000000 ) ) ;
#3220 = CARTESIAN_POINT ( 'NONE',  ( 0.3330345116662205007, 0.1555589999168269788, 0.2732150244052708454 ) ) ;
#3221 = VERTEX_POINT ( 'NONE', #4649 ) ;
#3222 = VECTOR ( 'NONE', #2536, 39.37007874015748143 ) ;
#3223 = LINE ( 'NONE', #8195, #10854 ) ;
#3224 = EDGE_CURVE ( 'NONE', #2482, #28, #9793, .T. ) ;
#3225 = CARTESIAN_POINT ( 'NONE',  ( 0.07319199198116595195, 0.3760314408617052018, 0.3456559692871649658 ) ) ;
#3226 = ADVANCED_FACE ( 'NONE', ( #1486 ), #12592, .F. ) ;
#3227 = ORIENTED_EDGE ( 'NONE', *, *, #4777, .F. ) ;
#3228 = CARTESIAN_POINT ( 'NONE',  ( 0.1027195510362938907, 0.1476849841687954967, 0.4180969141690433211 ) ) ;
#3229 = DIRECTION ( 'NONE',  ( 2.626713979715460250E-16, -3.747002708109905789E-16, -1.000000000000000000 ) ) ;
#3230 = VECTOR ( 'NONE', #7411, 39.37007874015748143 ) ;
#3231 = CARTESIAN_POINT ( 'NONE',  ( 0.07319199198116595195, 0.3760314408617052018, 0.1901441582635393646 ) ) ;
#3232 = ORIENTED_EDGE ( 'NONE', *, *, #7266, .F. ) ;
#3233 = AXIS2_PLACEMENT_3D ( 'NONE', #11410, #305, #3492 ) ;
#3234 = FILL_AREA_STYLE_COLOUR ( '', #190 ) ;
#3235 = CARTESIAN_POINT ( 'NONE',  ( 0.2483888423748523422, 0.7897218048774075072, 0.4677032133816496073 ) ) ;
#3236 = ORIENTED_EDGE ( 'NONE', *, *, #8754, .T. ) ;
#3237 = MECHANICAL_DESIGN_GEOMETRIC_PRESENTATION_REPRESENTATION (  '', ( #11322 ), #13055 ) ;
#3238 = CARTESIAN_POINT ( 'NONE',  ( 0.2916959289890523888, 0.1437479762947814765, 0.3456559692871527534 ) ) ;
#3239 = ORIENTED_EDGE ( 'NONE', *, *, #233, .F. ) ;
#3240 = DIRECTION ( 'NONE',  ( 0.0000000000000000000, 0.0000000000000000000, 1.000000000000000000 ) ) ;
#3241 =( NAMED_UNIT ( * ) PLANE_ANGLE_UNIT ( ) SI_UNIT ( $, .RADIAN. ) );
#3242 = FACE_OUTER_BOUND ( 'NONE', #7178, .T. ) ;
#3243 = ORIENTED_EDGE ( 'NONE', *, *, #1982, .T. ) ;
#3244 = DIRECTION ( 'NONE',  ( 0.0000000000000000000, -1.000000000000000000, 0.0000000000000000000 ) ) ;
#3245 = CARTESIAN_POINT ( 'NONE',  ( 0.2483888423748523422, 0.1988660865309976600, 0.3062858905470074999 ) ) ;
#3246 = ORIENTED_EDGE ( 'NONE', *, *, #4401, .F. ) ;
#3247 = AXIS2_PLACEMENT_3D ( 'NONE', #6580, #4379, #6452 ) ;
#3248 = VECTOR ( 'NONE', #12138, 39.37007874015748143 ) ;
#3249 = CARTESIAN_POINT ( 'NONE',  ( 0.3310660077292019721, 0.1949290786569806977, 0.3102228984210196883 ) ) ;
#3250 = DIRECTION ( 'NONE',  ( -1.000000000000000000, 0.0000000000000000000, 0.0000000000000000000 ) ) ;
#3251 = DIRECTION ( 'NONE',  ( 1.000000000000000000, 0.0000000000000000000, 0.0000000000000000000 ) ) ;
#3252 = DIRECTION ( 'NONE',  ( 3.007447121050439791E-18, 2.498001805406600244E-16, 1.000000000000000000 ) ) ;
#3253 = LINE ( 'NONE', #11518, #8239 ) ;
#3254 = EDGE_CURVE ( 'NONE', #3221, #7680, #2475, .T. ) ;
#3255 = STYLED_ITEM ( 'NONE', ( #5713 ), #7393 ) ;
#3256 = CARTESIAN_POINT ( 'NONE',  ( 0.1027195510362948899, 0.3583149054286425272, 0.4007740795234071007 ) ) ;
#3257 = VECTOR ( 'NONE', #11122, 39.37007874015748143 ) ;
#3258 = ORIENTED_EDGE ( 'NONE', *, *, #1027, .F. ) ;
#3259 = CARTESIAN_POINT ( 'NONE',  ( 0.3245043279391854329, 0.1096272413866423295, 0.4351572816231150109 ) ) ;
#3260 = VECTOR ( 'NONE', #8541, 39.37007874015748143 ) ;
#3261 = FACE_OUTER_BOUND ( 'NONE', #7458, .T. ) ;
#3262 = DIRECTION ( 'NONE',  ( -1.937287448275559661E-17, -1.000000000000000000, -8.220413448604588965E-18 ) ) ;
#3263 = EDGE_LOOP ( 'NONE', ( #1932, #3876, #1948, #6143 ) ) ;
#3264 = EDGE_CURVE ( 'NONE', #7821, #5036, #7507, .T. ) ;
#3265 =( NAMED_UNIT ( * ) PLANE_ANGLE_UNIT ( ) SI_UNIT ( $, .RADIAN. ) );
#3266 = VECTOR ( 'NONE', #7589, 39.37007874015748143 ) ;
#3267 = EDGE_CURVE ( 'NONE', #10886, #11278, #9723, .T. ) ;
#3268 = CARTESIAN_POINT ( 'NONE',  ( 0.1164990785953285424, 0.1988660865309976600, 0.4677032133816496073 ) ) ;
#3269 = DIRECTION ( 'NONE',  ( -1.000000000000000000, 1.937287448275689700E-17, -1.596249935350384935E-13 ) ) ;
#3270 = DIRECTION ( 'NONE',  ( -1.356991020290373981E-16, 1.000000000000000000, -3.469446951953615175E-16 ) ) ;
#3271 = VERTEX_POINT ( 'NONE', #2677 ) ;
#3272 = CARTESIAN_POINT ( 'NONE',  ( 0.09484553528826220048, 0.1555589999168269788, 0.2554984889721937380 ) ) ;
#3273 = VERTEX_POINT ( 'NONE', #12726 ) ;
#3274 = ORIENTED_EDGE ( 'NONE', *, *, #12109, .F. ) ;
#3275 = LINE ( 'NONE', #2237, #12341 ) ;
#3276 = CIRCLE ( 'NONE', #9430, 0.02952755905511810289 ) ;
#3277 = FACE_OUTER_BOUND ( 'NONE', #10079, .T. ) ;
#3278 =( NAMED_UNIT ( * ) SI_UNIT ( $, .STERADIAN. ) SOLID_ANGLE_UNIT ( ) );
#3279 = EDGE_CURVE ( 'NONE', #1822, #1414, #12791, .T. ) ;
#3280 = DIRECTION ( 'NONE',  ( -1.000000000000000000, -1.408738150179759833E-16, 6.014894242100889598E-18 ) ) ;
#3281 = ORIENTED_EDGE ( 'NONE', *, *, #9587, .T. ) ;
#3282 = FACE_OUTER_BOUND ( 'NONE', #5292, .T. ) ;
#3283 = EDGE_CURVE ( 'NONE', #2490, #6362, #2742, .T. ) ;
#3284 = MECHANICAL_DESIGN_GEOMETRIC_PRESENTATION_REPRESENTATION (  '', ( #9236 ), #3721 ) ;
#3285 = CARTESIAN_POINT ( 'NONE',  ( 0.2208297872567575038, 0.05713380306641543255, 0.2515614810981878224 ) ) ;
#3286 = ORIENTED_EDGE ( 'NONE', *, *, #10572, .F. ) ;
#3287 = LINE ( 'NONE', #5149, #4419 ) ;
#3288 = CARTESIAN_POINT ( 'NONE',  ( 0.07319199198116595195, 0.08862986605855749378, 0.1901441582635393646 ) ) ;
#3289 = DIRECTION ( 'NONE',  ( -1.000000000000000000, 0.0000000000000000000, 0.0000000000000000000 ) ) ;
#3290 = ORIENTED_EDGE ( 'NONE', *, *, #12394, .F. ) ;
#3291 = AXIS2_PLACEMENT_3D ( 'NONE', #210, #11382, #2342 ) ;
#3292 = FACE_OUTER_BOUND ( 'NONE', #11086, .T. ) ;
#3293 = CARTESIAN_POINT ( 'NONE',  ( 0.3208297872567559272, -0.05703942528003581869, 0.2397504574761405716 ) ) ;
#3294 = LINE ( 'NONE', #3231, #594 ) ;
#3295 = VERTEX_POINT ( 'NONE', #3661 ) ;
#3296 = DIRECTION ( 'NONE',  ( 1.000000000000000000, -1.937287448275689700E-17, 1.596249935350384935E-13 ) ) ;
#3297 = EDGE_CURVE ( 'NONE', #842, #7404, #6515, .T. ) ;
#3298 = DIRECTION ( 'NONE',  ( -1.000000000000000000, -3.376070039848299626E-16, -2.359223927328455183E-16 ) ) ;
#3299 = PLANE ( 'NONE',  #12750 ) ;
#3300 = LINE ( 'NONE', #2141, #1817 ) ;
#3301 = ORIENTED_EDGE ( 'NONE', *, *, #10440, .F. ) ;
#3302 = VERTEX_POINT ( 'NONE', #1556 ) ;
#3303 = DIRECTION ( 'NONE',  ( -1.316334802367149914E-16, 1.000000000000000000, -1.526556658859589750E-16 ) ) ;
#3304 = ORIENTED_EDGE ( 'NONE', *, *, #6008, .F. ) ;
#3305 = LINE ( 'NONE', #9235, #5716 ) ;
#3306 = LINE ( 'NONE', #2330, #12590 ) ;
#3307 = FACE_OUTER_BOUND ( 'NONE', #1301, .T. ) ;
#3308 = VERTEX_POINT ( 'NONE', #5582 ) ;
#3309 = DIRECTION ( 'NONE',  ( 0.8320502943379406435, 0.0000000000000000000, 0.5547001962250837082 ) ) ;
#3310 = CARTESIAN_POINT ( 'NONE',  ( 0.1460266376504679164, 0.1043778975546212490, 0.2614040007832208468 ) ) ;
#3311 = ORIENTED_EDGE ( 'NONE', *, *, #3279, .T. ) ;
#3312 = EDGE_CURVE ( 'NONE', #10122, #4589, #7635, .T. ) ;
#3313 = ADVANCED_FACE ( 'NONE', ( #2611 ), #6647, .T. ) ;
#3314 = DIRECTION ( 'NONE',  ( -1.937287448275559661E-17, -1.000000000000000000, -8.220413448604588965E-18 ) ) ;
#3315 = CARTESIAN_POINT ( 'NONE',  ( 0.3625620707213386140, 0.3130393148774570644, 0.4850260480273039243 ) ) ;
#3316 = VECTOR ( 'NONE', #4677, 39.37007874015748143 ) ;
#3317 = DIRECTION ( 'NONE',  ( -1.110646127912004064E-14, 0.0000000000000000000, -1.000000000000000000 ) ) ;
#3318 = DIRECTION ( 'NONE',  ( 2.626713979715460250E-16, -3.747002708109905789E-16, -1.000000000000000000 ) ) ;
#3319 = VERTEX_POINT ( 'NONE', #11997 ) ;
#3320 = ADVANCED_FACE ( 'NONE', ( #6058 ), #13000, .F. ) ;
#3321 = LINE ( 'NONE', #2416, #3467 ) ;
#3322 = DIRECTION ( 'NONE',  ( -1.937287448275559661E-17, -1.000000000000000000, -8.220413448604588965E-18 ) ) ;
#3323 = VERTEX_POINT ( 'NONE', #7840 ) ;
#3324 = LINE ( 'NONE', #8635, #12653 ) ;
#3325 = MECHANICAL_DESIGN_GEOMETRIC_PRESENTATION_REPRESENTATION (  '', ( #1451 ), #12075 ) ;
#3326 = EDGE_CURVE ( 'NONE', #3093, #4468, #3858, .T. ) ;
#3327 = LENGTH_MEASURE_WITH_UNIT ( LENGTH_MEASURE( 0.02539999999999999897 ), #12527 );
#3328 = FILL_AREA_STYLE ('',( #7449 ) ) ;
#3329 = DIRECTION ( 'NONE',  ( 0.0000000000000000000, 0.0000000000000000000, -1.000000000000000000 ) ) ;
#3330 = PRESENTATION_STYLE_ASSIGNMENT (( #1224 ) ) ;
#3331 = ORIENTED_EDGE ( 'NONE', *, *, #100, .F. ) ;
#3332 = CARTESIAN_POINT ( 'NONE',  ( 0.2129557715087252168, 0.1083149054286360186, 0.4893567566887362386 ) ) ;
#3333 = ORIENTED_EDGE ( 'NONE', *, *, #7558, .F. ) ;
#3334 = MECHANICAL_DESIGN_GEOMETRIC_PRESENTATION_REPRESENTATION (  '', ( #3986 ), #12494 ) ;
#3335 = ADVANCED_FACE ( 'NONE', ( #6109 ), #9048, .T. ) ;
#3336 = CARTESIAN_POINT ( 'NONE',  ( 0.3920896297764417393, 0.2579212046412326376, 0.4243961267674803417 ) ) ;
#3337 = VERTEX_POINT ( 'NONE', #8023 ) ;
#3338 = ORIENTED_EDGE ( 'NONE', *, *, #2614, .T. ) ;
#3339 = CARTESIAN_POINT ( 'NONE',  ( 0.05547545654809511728, 0.05713380306642400902, 0.4873882527517283680 ) ) ;
#3340 = EDGE_CURVE ( 'NONE', #6535, #1822, #1829, .T. ) ;
#3341 = ORIENTED_EDGE ( 'NONE', *, *, #12210, .F. ) ;
#3342 = LINE ( 'NONE', #8127, #12219 ) ;
#3343 = CARTESIAN_POINT ( 'NONE',  ( 0.1558691573354860360, 0.1988660865309976600, 0.4243961267674803417 ) ) ;
#3344 = EDGE_CURVE ( 'NONE', #5712, #6369, #12067, .T. ) ;
#3345 = DIRECTION ( 'NONE',  ( 0.0000000000000000000, 8.220413448604739958E-18, -1.000000000000000000 ) ) ;
#3346 = VERTEX_POINT ( 'NONE', #815 ) ;
#3347 = FACE_OUTER_BOUND ( 'NONE', #1110, .T. ) ;
#3348 = VECTOR ( 'NONE', #10463, 39.37007874015748143 ) ;
#3349 = DIRECTION ( 'NONE',  ( -2.626713979715460250E-16, 4.163336342344334068E-16, 1.000000000000000000 ) ) ;
#3350 = CARTESIAN_POINT ( 'NONE',  ( 0.2326408108788039775, 0.6949290786569842782, 0.2984118747989760179 ) ) ;
#3351 = LINE ( 'NONE', #7403, #9912 ) ;
#3352 = EDGE_LOOP ( 'NONE', ( #5941, #4481, #5384, #6437 ) ) ;
#3353 = CARTESIAN_POINT ( 'NONE',  ( 0.3444518345008468208, 0.05713380306641543255, 0.2397504574761405716 ) ) ;
#3354 = ADVANCED_FACE ( 'NONE', ( #1009 ), #3987, .F. ) ;
#3355 = CARTESIAN_POINT ( 'NONE',  ( 0.3625620707213386140, 0.1555589999168271731, 0.4180969141690433211 ) ) ;
#3356 = VERTEX_POINT ( 'NONE', #2087 ) ;
#3357 = VECTOR ( 'NONE', #10053, 39.37007874015748143 ) ;
#3358 = EDGE_CURVE ( 'NONE', #9815, #6683, #10988, .T. ) ;
#3359 = CARTESIAN_POINT ( 'NONE',  ( 0.3468140392252720416, 0.1555589999168271731, 0.4397504574761377794 ) ) ;
#3360 = CARTESIAN_POINT ( 'NONE',  ( 0.2326408108788126095, -0.1446865674942330871, 0.2515614810981878224 ) ) ;
#3361 = FACE_OUTER_BOUND ( 'NONE', #9227, .T. ) ;
#3362 = ORIENTED_EDGE ( 'NONE', *, *, #4150, .F. ) ;
#3363 = LINE ( 'NONE', #9350, #12362 ) ;
#3364 = VECTOR ( 'NONE', #10211, 39.37007874015748143 ) ;
#3365 = DIRECTION ( 'NONE',  ( 0.0000000000000000000, 0.0000000000000000000, -1.000000000000000000 ) ) ;
#3366 = EDGE_LOOP ( 'NONE', ( #620, #7732, #12813, #2021, #11332, #10196, #6158, #7106 ) ) ;
#3367 = UNCERTAINTY_MEASURE_WITH_UNIT (LENGTH_MEASURE( 1.000000000000000082E-05 ), #10644, 'distance_accuracy_value', 'NONE');
#3368 = ORIENTED_EDGE ( 'NONE', *, *, #1610, .F. ) ;
#3369 = DIRECTION ( 'NONE',  ( -1.000000000000000000, -1.174096724532128111E-16, 4.283287147278279229E-17 ) ) ;
#3370 = LINE ( 'NONE', #9562, #7302 ) ;
#3371 = ORIENTED_EDGE ( 'NONE', *, *, #853, .F. ) ;
#3372 = LINE ( 'NONE', #8210, #1 ) ;
#3373 = CARTESIAN_POINT ( 'NONE',  ( 0.2916959289890523888, 0.1437479762947814765, 0.3456559692871527534 ) ) ;
#3374 = EDGE_CURVE ( 'NONE', #1365, #9640, #8837, .T. ) ;
#3375 = CARTESIAN_POINT ( 'NONE',  ( 0.1893337242646342400, 0.3583149054286425272, 0.4677032133816496073 ) ) ;
#3376 = ORIENTED_EDGE ( 'NONE', *, *, #12000, .F. ) ;
#3377 = VECTOR ( 'NONE', #1763, 39.37007874015748854 ) ;
#3378 = VECTOR ( 'NONE', #9939, 39.37007874015748143 ) ;
#3379 = PLANE ( 'NONE',  #12002 ) ;
#3380 = LINE ( 'NONE', #7432, #1203 ) ;
#3381 = EDGE_LOOP ( 'NONE', ( #3611, #7634, #3341, #13070, #6040, #8864, #10466, #3304 ) ) ;
#3382 = EDGE_LOOP ( 'NONE', ( #12472, #4353, #11293, #12256 ) ) ;
#3383 =( LENGTH_UNIT ( ) NAMED_UNIT ( * ) SI_UNIT ( $, .METRE. ) );
#3384 = LINE ( 'NONE', #1345, #5373 ) ;
#3385 = CARTESIAN_POINT ( 'NONE',  ( 0.3625620707213386140, 0.3760314408617055348, 0.4653410086572252191 ) ) ;
#3386 = AXIS2_PLACEMENT_3D ( 'NONE', #1819, #8011, #996 ) ;
#3387 = VECTOR ( 'NONE', #11183, 39.37007874015748143 ) ;
#3388 = DIRECTION ( 'NONE',  ( -1.000000000000000000, 1.937287448275559661E-17, 0.0000000000000000000 ) ) ;
#3389 = CARTESIAN_POINT ( 'NONE',  ( 0.2129557715087252168, 0.1279999447987147654, 0.5011677803107913443 ) ) ;
#3390 = DIRECTION ( 'NONE',  ( -1.356991020290373981E-16, 1.000000000000000000, -3.469446951953615175E-16 ) ) ;
#3391 = ADVANCED_FACE ( 'NONE', ( #6852 ), #9990, .T. ) ;
#3392 = ORIENTED_EDGE ( 'NONE', *, *, #8132, .T. ) ;
#3393 = EDGE_CURVE ( 'NONE', #8215, #12470, #1900, .T. ) ;
#3394 = LINE ( 'NONE', #3526, #8026 ) ;
#3395 = FACE_OUTER_BOUND ( 'NONE', #12197, .T. ) ;
#3396 = DIRECTION ( 'NONE',  ( 0.0000000000000000000, 0.0000000000000000000, -1.000000000000000000 ) ) ;
#3397 = VECTOR ( 'NONE', #8437, 39.37007874015748143 ) ;
#3398 = CARTESIAN_POINT ( 'NONE',  ( 0.3625620707213386140, 0.1476849841687954967, 0.2180969141690468349 ) ) ;
#3399 = VERTEX_POINT ( 'NONE', #9925 ) ;
#3400 = VECTOR ( 'NONE', #12555, 39.37007874015748143 ) ;
#3401 = CARTESIAN_POINT ( 'NONE',  ( 0.1164990785953285424, 0.3760314408617052018, 0.2236087251926807129 ) ) ;
#3402 = LINE ( 'NONE', #10395, #12830 ) ;
#3403 = DIRECTION ( 'NONE',  ( -1.174096724532128111E-16, 1.000000000000000000, -1.665334536937734811E-16 ) ) ;
#3404 = FACE_OUTER_BOUND ( 'NONE', #10658, .T. ) ;
#3405 = VECTOR ( 'NONE', #5412, 39.37007874015748143 ) ;
#3406 = CARTESIAN_POINT ( 'NONE',  ( 0.3625620707213386140, 0.1555589999168269788, 0.2456559692871496114 ) ) ;
#3407 = ORIENTED_EDGE ( 'NONE', *, *, #11825, .T. ) ;
#3408 = CARTESIAN_POINT ( 'NONE',  ( 0.2129557715087252168, 0.3957164802317834629, 0.3456559692871649658 ) ) ;
#3409 = ORIENTED_EDGE ( 'NONE', *, *, #2972, .F. ) ;
#3410 = EDGE_CURVE ( 'NONE', #2629, #7524, #8044, .T. ) ;
#3411 = EDGE_LOOP ( 'NONE', ( #70, #12695, #7277, #5620 ) ) ;
#3412 =( NAMED_UNIT ( * ) SI_UNIT ( $, .STERADIAN. ) SOLID_ANGLE_UNIT ( ) );
#3413 = ORIENTED_EDGE ( 'NONE', *, *, #4483, .F. ) ;
#3414 = CARTESIAN_POINT ( 'NONE',  ( 0.3901211258394338688, 0.3861465226303464338, 0.4462616628062850421 ) ) ;
#3415 = SURFACE_STYLE_FILL_AREA ( #10544 ) ;
#3416 = AXIS2_PLACEMENT_3D ( 'NONE', #12298, #3107, #5085 ) ;
#3417 = VECTOR ( 'NONE', #3418, 39.37007874015748143 ) ;
#3418 = DIRECTION ( 'NONE',  ( 0.0000000000000000000, -1.000000000000000000, 0.0000000000000000000 ) ) ;
#3419 = ORIENTED_EDGE ( 'NONE', *, *, #5995, .T. ) ;
#3420 = EDGE_CURVE ( 'NONE', #9892, #1663, #2808, .T. ) ;
#3421 = PLANE ( 'NONE',  #4717 ) ;
#3422 = EDGE_CURVE ( 'NONE', #1368, #3271, #7416, .T. ) ;
#3424 = EDGE_CURVE ( 'NONE', #9832, #6457, #4907, .T. ) ;
#3423 = LINE ( 'NONE', #7265, #3405 ) ;
#3425 =( NAMED_UNIT ( * ) PLANE_ANGLE_UNIT ( ) SI_UNIT ( $, .RADIAN. ) );
#3426 = VERTEX_POINT ( 'NONE', #13067 ) ;
#3427 = VECTOR ( 'NONE', #10538, 39.37007874015748143 ) ;
#3428 = VERTEX_POINT ( 'NONE', #3923 ) ;
#3429 = CARTESIAN_POINT ( 'NONE',  ( 0.4255541967055787023, 0.1988660865309964665, 0.3771520322792893953 ) ) ;
#3430 = DIRECTION ( 'NONE',  ( 0.0000000000000000000, 8.220413448604739958E-18, -1.000000000000000000 ) ) ;
#3431 = EDGE_CURVE ( 'NONE', #10573, #2403, #7038, .T. ) ;
#3432 = AXIS2_PLACEMENT_3D ( 'NONE', #9333, #11341, #6274 ) ;
#3433 = ORIENTED_EDGE ( 'NONE', *, *, #6211, .F. ) ;
#3434 = PLANE ( 'NONE',  #4883 ) ;
#3435 = PLANE ( 'NONE',  #7048 ) ;
#3436 = DIRECTION ( 'NONE',  ( 1.000000000000000000, 0.0000000000000000000, 0.0000000000000000000 ) ) ;
#3437 = DIRECTION ( 'NONE',  ( -2.359223927328455183E-16, 3.885780586188049864E-16, 1.000000000000000000 ) ) ;
#3438 = ORIENTED_EDGE ( 'NONE', *, *, #10011, .F. ) ;
#3439 = CARTESIAN_POINT ( 'NONE',  ( 0.2916959289890523888, 0.2448335284032795434, 0.3279529478077343185 ) ) ;
#3440 = STYLED_ITEM ( 'NONE', ( #478 ), #10507 ) ;
#3441 = EDGE_CURVE ( 'NONE', #325, #4607, #12190, .T. ) ;
#3442 =( GEOMETRIC_REPRESENTATION_CONTEXT ( 3 ) GLOBAL_UNCERTAINTY_ASSIGNED_CONTEXT ( ( #4168 ) ) GLOBAL_UNIT_ASSIGNED_CONTEXT ( ( #3128, #10443, #4181 ) ) REPRESENTATION_CONTEXT ( 'NONE', 'WORKASPACE' ) );
#3443 = EDGE_CURVE ( 'NONE', #6385, #12610, #1138, .T. ) ;
#3444 = DIRECTION ( 'NONE',  ( 1.000000000000000000, 0.0000000000000000000, 0.0000000000000000000 ) ) ;
#3445 = ORIENTED_EDGE ( 'NONE', *, *, #8179, .T. ) ;
#3446 = ORIENTED_EDGE ( 'NONE', *, *, #3775, .F. ) ;
#3447 = PRESENTATION_STYLE_ASSIGNMENT (( #8470 ) ) ;
#3448 = CARTESIAN_POINT ( 'NONE',  ( 0.1263415982803830773, 0.3760314408617052018, 0.2590417960588141666 ) ) ;
#3449 = VERTEX_POINT ( 'NONE', #256 ) ;
#3450 = PLANE ( 'NONE',  #2146 ) ;
#3451 = PRESENTATION_LAYER_ASSIGNMENT (  '', '', ( #711 ) ) ;
#3452 = PLANE ( 'NONE',  #10887 ) ;
#3453 = CARTESIAN_POINT ( 'NONE',  ( 0.1027195510362846342, 0.1555589999168269788, 0.4732150244052676924 ) ) ;
#3454 = CIRCLE ( 'NONE', #8097, 0.05610236220472441387 ) ;
#3455 = DIRECTION ( 'NONE',  ( 3.376070039848299626E-16, -1.000000000000000000, 4.302114220422480115E-16 ) ) ;
#3456 = FILL_AREA_STYLE ('',( #2670 ) ) ;
#3457 = VERTEX_POINT ( 'NONE', #4291 ) ;
#3458 = EDGE_LOOP ( 'NONE', ( #611, #12933, #948, #1359, #8973 ) ) ;
#3459 = LENGTH_MEASURE_WITH_UNIT ( LENGTH_MEASURE( 0.02539999999999999897 ), #9875 );
#3460 = CARTESIAN_POINT ( 'NONE',  ( 0.2326408108788039775, 0.4272125432239181064, 0.3456559692871649658 ) ) ;
#3461 = EDGE_CURVE ( 'NONE', #3449, #12442, #8208, .T. ) ;
#3462 = PLANE ( 'NONE',  #1357 ) ;
#3463 = FACE_OUTER_BOUND ( 'NONE', #726, .T. ) ;
#3464 = LINE ( 'NONE', #6310, #10534 ) ;
#3465 = CARTESIAN_POINT ( 'NONE',  ( 0.2326408108788126095, -0.1446865674942328650, 0.4397504574761377794 ) ) ;
#3466 = CARTESIAN_POINT ( 'NONE',  ( 0.1558691573355118209, 0.1791810471608999700, 0.2515614810981878224 ) ) ;
#3467 = VECTOR ( 'NONE', #9584, 39.37007874015748143 ) ;
#3468 = CARTESIAN_POINT ( 'NONE',  ( 0.2090187636347129729, 0.4272125432239181064, 0.2688843157438653431 ) ) ;
#3469 = FACE_BOUND ( 'NONE', #4293, .T. ) ;
#3470 = VECTOR ( 'NONE', #3055, 39.37007874015748143 ) ;
#3471 = DIRECTION ( 'NONE',  ( 1.000000000000000000, 1.174096724532128111E-16, -4.283287147278279229E-17 ) ) ;
#3472 = DIRECTION ( 'NONE',  ( -1.000000000000000000, 1.937287448275559661E-17, 0.0000000000000000000 ) ) ;
#3473 = ADVANCED_FACE ( 'NONE', ( #3171 ), #2393, .F. ) ;
#3474 = EDGE_CURVE ( 'NONE', #8509, #4856, #7199, .T. ) ;
#3475 = CARTESIAN_POINT ( 'NONE',  ( 0.2090187636347251854, 0.1279999447987061056, 0.5011677803107859042 ) ) ;
#3476 = VECTOR ( 'NONE', #4206, 39.37007874015748143 ) ;
#3477 = VECTOR ( 'NONE', #4957, 39.37007874015748143 ) ;
#3478 = LINE ( 'NONE', #1505, #5691 ) ;
#3479 = VERTEX_POINT ( 'NONE', #326 ) ;
#3480 = FACE_OUTER_BOUND ( 'NONE', #10539, .T. ) ;
#3481 = ORIENTED_EDGE ( 'NONE', *, *, #1843, .F. ) ;
#3482 = ORIENTED_EDGE ( 'NONE', *, *, #9520, .T. ) ;
#3483 = DIRECTION ( 'NONE',  ( 1.000000000000000000, -1.937287448275559661E-17, 0.0000000000000000000 ) ) ;
#3484 = CARTESIAN_POINT ( 'NONE',  ( 0.3267352990678007996, -0.07278745677610257148, 0.2515614810981878224 ) ) ;
#3485 = EDGE_LOOP ( 'NONE', ( #11553, #4189, #11484, #6031 ) ) ;
#3486 = LINE ( 'NONE', #6674, #1164 ) ;
#3487 = LINE ( 'NONE', #8585, #9495 ) ;
#3488 = VECTOR ( 'NONE', #13022, 39.37007874015748143 ) ;
#3489 = DIRECTION ( 'NONE',  ( -1.000000000000000000, -1.408738150179759833E-16, 6.014894242100889598E-18 ) ) ;
#3490 = ORIENTED_EDGE ( 'NONE', *, *, #3882, .F. ) ;
#3491 = EDGE_CURVE ( 'NONE', #8418, #6700, #6171, .T. ) ;
#3492 = DIRECTION ( 'NONE',  ( 3.518308117683324880E-16, -1.000000000000000000, 4.163336342344335054E-16 ) ) ;
#3493 = DIRECTION ( 'NONE',  ( -1.937287448275559661E-17, -1.000000000000000000, -8.220413448604739958E-18 ) ) ;
#3494 = ORIENTED_EDGE ( 'NONE', *, *, #8803, .T. ) ;
#3495 = VERTEX_POINT ( 'NONE', #12311 ) ;
#3496 = DIRECTION ( 'NONE',  ( 3.518308117683324880E-16, -1.000000000000000000, 4.163336342344335054E-16 ) ) ;
#3497 = VERTEX_POINT ( 'NONE', #5165 ) ;
#3498 = FILL_AREA_STYLE_COLOUR ( '', #1519 ) ;
#3499 =( NAMED_UNIT ( * ) PLANE_ANGLE_UNIT ( ) SI_UNIT ( $, .RADIAN. ) );
#3500 = ADVANCED_FACE ( 'NONE', ( #8336 ), #6295, .F. ) ;
#3501 = EDGE_LOOP ( 'NONE', ( #1889, #6989, #6889, #1261 ) ) ;
#3502 = CARTESIAN_POINT ( 'NONE',  ( 0.2444518345008484528, -0.05703942528004488088, 0.2397504574761405716 ) ) ;
#3503 = AXIS2_PLACEMENT_3D ( 'NONE', #2621, #12737, #8429 ) ;
#3504 = ADVANCED_FACE ( 'NONE', ( #7219, #11302, #2204 ), #9358, .T. ) ;
#3505 = CARTESIAN_POINT ( 'NONE',  ( 0.3562628581229011493, 0.08075585031051535356, 0.2397504574761405716 ) ) ;
#3506 = ORIENTED_EDGE ( 'NONE', *, *, #11529, .F. ) ;
#3507 = UNCERTAINTY_MEASURE_WITH_UNIT (LENGTH_MEASURE( 1.000000000000000082E-05 ), #1952, 'distance_accuracy_value', 'NONE');
#3508 = CLOSED_SHELL ( 'NONE', ( #11920, #9889, #793, #11665, #10958, #2553, #9869, #4277, #1854, #11404, #2304, #5761, #3722, #8243, #3999, #12152, #6559, #3207, #1815, #117, #1993, #8917, #11390, #5709, #5718, #2258, #569, #8062, #7614, #12646, #10583, #11167, #6686, #8699, #5191, #11492, #2022, #313, #2637, #13069, #12062, #11494, #12774, #9536, #8702, #274, #2015, #5137, #9886, #5647, #681, #7500, #2836, #2026, #8716, #5237, #11626, #7647, #3226, #7616, #7487, #2230, #6775, #8871, #4939, #12934, #762, #738, #7778, #7422, #907, #11975, #7157, #2143, #2488, #6624, #1824, #5539, #6258, #5612, #5109, #2479, #12018, #7313, #5553, #5093, #244, #4314, #10151, #1561, #11727, #1965, #11229, #1246, #358, #5141, #9784, #11841, #11133, #2537, #11243, #10880, #3335, #7530, #7688, #12348, #10090, #2056, #11319, #5542, #7702, #8985, #5106, #2106, #10507, #10936, #7945, #9076, #13128, #10986, #3525, #1655, #1752, #2811, #9443, #11900, #5351, #1241, #4854, #1326, #3602, #12303, #12960, #12267, #1514, #10369, #2243, #10632, #10769, #12123, #10832, #7453, #4729, #6244, #9714, #9352, #1672, #11014, #459, #1502, #5511, #2653, #2568, #10204, #10975, #8167, #10725, #520, #2817, #10269, #3504, #2908, #2185, #2588, #4355, #10813, #5602, #3793, #6157, #4194, #4747, #1591, #12856, #7665, #11258, #9556, #987, #5690, #1641, #5417, #10695, #9367, #7792, #11059, #4725, #5800, #6243, #3926, #4569, #2797, #2156, #6639, #2202, #12243, #13132, #6702, #7330, #7067, #6300, #12407, #3516, #57, #7131, #3002, #11974, #3473, #4666, #1742, #2421, #7282, #1012, #4988, #3883, #6386, #9489, #4820, #10474, #8019, #11043, #2706, #5680, #9531, #11955, #3313, #5958, #2468, #7130, #8152, #9133, #10399, #9122, #10054, #2511, #8358, #2095, #11118, #10726, #808, #2199, #13028, #8903, #2749, #327, #2889, #1894, #151, #11069, #12825, #10285, #12148, #3391, #11785, #4165, #2787, #11477, #8952, #2436, #10334, #5478, #5124, #13061, #11433, #9248, #3029, #9890, #11800, #12657, #496, #9287, #4970, #1548, #5217, #10311, #3605, #6727, #10495, #5760, #7484, #10928, #12006, #13108, #5971, #11151, #844, #8710, #3153, #1274, #1628, #5509, #7529, #6354, #6124, #3177, #6516, #8228, #9993, #10693, #12891, #9346, #9795, #8649, #5559, #6760, #6373, #3562, #4164, #5015, #11343, #9397, #1215, #11163, #8318, #3320, #7736, #7395, #4469, #6970, #10524, #2217, #6425, #9304, #4157, #5885, #2327, #8669, #108, #9855, #6652, #5298, #8602, #735, #7239, #8256, #7365, #10126, #3354, #10917, #2352, #3500, #5629, #8177, #11084, #5382, #12146, #2476, #675, #8833, #7179, #10283, #6511, #10616, #8276, #8956, #10557, #2344, #260, #5250 ) ) ;
#3509 = ORIENTED_EDGE ( 'NONE', *, *, #219, .F. ) ;
#3510 = LINE ( 'NONE', #7550, #10952 ) ;
#3511 = ORIENTED_EDGE ( 'NONE', *, *, #3842, .F. ) ;
#3512 = SURFACE_STYLE_FILL_AREA ( #3575 ) ;
#3513 = DIMENSIONAL_EXPONENTS ( 1.000000000000000000, 0.0000000000000000000, 0.0000000000000000000, 0.0000000000000000000, 0.0000000000000000000, 0.0000000000000000000, 0.0000000000000000000 ) ;
#3514 = CARTESIAN_POINT ( 'NONE',  ( 0.3330345116662205007, 0.3130393148774570644, 0.4062465204682488285 ) ) ;
#3515 = LINE ( 'NONE', #3577, #10021 ) ;
#3516 = ADVANCED_FACE ( 'NONE', ( #3120 ), #1331, .F. ) ;
#3517 = VERTEX_POINT ( 'NONE', #7421 ) ;
#3518 = VECTOR ( 'NONE', #9472, 39.37007874015748143 ) ;
#3519 = CARTESIAN_POINT ( 'NONE',  ( 0.2326408108788039775, 0.5531967951924180449, 0.3456559692871649658 ) ) ;
#3520 = DIRECTION ( 'NONE',  ( 0.4472135954996860341, 0.8944271910000517467, -1.437323020767005910E-16 ) ) ;
#3521 = LENGTH_MEASURE_WITH_UNIT ( LENGTH_MEASURE( 0.02539999999999999897 ), #6309 );
#3522 = LINE ( 'NONE', #6714, #11834 ) ;
#3523 = DIRECTION ( 'NONE',  ( 1.000000000000000000, 1.408738150179707817E-16, -2.099402731964120217E-14 ) ) ;
#3524 = LINE ( 'NONE', #755, #10200 ) ;
#3525 = ADVANCED_FACE ( 'NONE', ( #1196 ), #7355, .F. ) ;
#3526 = CARTESIAN_POINT ( 'NONE',  ( 0.2405148266268504198, 0.1555589999168269788, 0.2850260480273070773 ) ) ;
#3527 = LINE ( 'NONE', #4449, #5587 ) ;
#3528 = LINE ( 'NONE', #2547, #3753 ) ;
#3529 = VERTEX_POINT ( 'NONE', #5699 ) ;
#3530 = EDGE_CURVE ( 'NONE', #8998, #11015, #9775, .T. ) ;
#3531 = FACE_OUTER_BOUND ( 'NONE', #9052, .T. ) ;
#3532 = CARTESIAN_POINT ( 'NONE',  ( 0.3625620707213386140, 0.1555589999168269788, 0.4102228984210118390 ) ) ;
#3533 = VECTOR ( 'NONE', #6350, 39.37007874015748143 ) ;
#3534 =( NAMED_UNIT ( * ) PLANE_ANGLE_UNIT ( ) SI_UNIT ( $, .RADIAN. ) );
#3535 = LINE ( 'NONE', #6590, #10306 ) ;
#3536 = LINE ( 'NONE', #10601, #1268 ) ;
#3537 = DIRECTION ( 'NONE',  ( 0.0000000000000000000, 1.000000000000000000, 0.0000000000000000000 ) ) ;
#3538 = DIRECTION ( 'NONE',  ( -2.152236195923769863E-14, -2.498001805406629826E-16, -1.000000000000000000 ) ) ;
#3539 = ORIENTED_EDGE ( 'NONE', *, *, #11175, .T. ) ;
#3540 = CARTESIAN_POINT ( 'NONE',  ( 0.2483888423748523422, 0.4547715983420212993, 0.3062858905470074999 ) ) ;
#3541 = VERTEX_POINT ( 'NONE', #9705 ) ;
#3542 = VERTEX_POINT ( 'NONE', #9636 ) ;
#3543 = LINE ( 'NONE', #11538, #3397 ) ;
#3544 =( GEOMETRIC_REPRESENTATION_CONTEXT ( 3 ) GLOBAL_UNCERTAINTY_ASSIGNED_CONTEXT ( ( #2994 ) ) GLOBAL_UNIT_ASSIGNED_CONTEXT ( ( #1048, #9020, #4880 ) ) REPRESENTATION_CONTEXT ( 'NONE', 'WORKASPACE' ) );
#3545 = FACE_OUTER_BOUND ( 'NONE', #946, .T. ) ;
#3546 = VERTEX_POINT ( 'NONE', #6630 ) ;
#3547 = EDGE_CURVE ( 'NONE', #2925, #12718, #9782, .T. ) ;
#3548 = LINE ( 'NONE', #2566, #6049 ) ;
#3549 = CARTESIAN_POINT ( 'NONE',  ( 0.2326408108788039775, 0.6219124963820453766, 0.3456559692871649658 ) ) ;
#3550 = ORIENTED_EDGE ( 'NONE', *, *, #10415, .F. ) ;
#3551 = SURFACE_STYLE_USAGE ( .BOTH. , #8592 ) ;
#3552 = LINE ( 'NONE', #8448, #6914 ) ;
#3553 = ORIENTED_EDGE ( 'NONE', *, *, #10677, .F. ) ;
#3554 = ORIENTED_EDGE ( 'NONE', *, *, #7364, .T. ) ;
#3555 = PRESENTATION_STYLE_ASSIGNMENT (( #7598 ) ) ;
#3556 = ORIENTED_EDGE ( 'NONE', *, *, #278, .F. ) ;
#3557 = ORIENTED_EDGE ( 'NONE', *, *, #6313, .F. ) ;
#3558 = CARTESIAN_POINT ( 'NONE',  ( 0.1027195510362948899, 0.1988660865309976600, 0.4007740795234071007 ) ) ;
#3559 = DIRECTION ( 'NONE',  ( 1.316334802367149914E-16, -1.000000000000000000, 1.526556658859589750E-16 ) ) ;
#3560 = EDGE_CURVE ( 'NONE', #2235, #6229, #12848, .T. ) ;
#3561 = FACE_OUTER_BOUND ( 'NONE', #929, .T. ) ;
#3562 = ADVANCED_FACE ( 'NONE', ( #11636 ), #12707, .T. ) ;
#3563 =( GEOMETRIC_REPRESENTATION_CONTEXT ( 3 ) GLOBAL_UNCERTAINTY_ASSIGNED_CONTEXT ( ( #6562 ) ) GLOBAL_UNIT_ASSIGNED_CONTEXT ( ( #1396, #12637, #3770 ) ) REPRESENTATION_CONTEXT ( 'NONE', 'WORKASPACE' ) );
#3564 = DIRECTION ( 'NONE',  ( -1.000000000000000000, 0.0000000000000000000, 0.0000000000000000000 ) ) ;
#3565 = ORIENTED_EDGE ( 'NONE', *, *, #1839, .F. ) ;
#3566 = CARTESIAN_POINT ( 'NONE',  ( 0.2326408108788039775, 0.5295747479483235987, 0.4017583314918893866 ) ) ;
#3567 = FILL_AREA_STYLE ('',( #12642 ) ) ;
#3568 = CARTESIAN_POINT ( 'NONE',  ( 0.2405148266268504198, 0.1555589999168269788, 0.2850260480273070773 ) ) ;
#3569 = ORIENTED_EDGE ( 'NONE', *, *, #12688, .T. ) ;
#3570 = EDGE_CURVE ( 'NONE', #8779, #12312, #4700, .T. ) ;
#3571 = PRESENTATION_LAYER_ASSIGNMENT (  '', '', ( #9973 ) ) ;
#3572 = FACE_OUTER_BOUND ( 'NONE', #2414, .T. ) ;
#3573 = DIRECTION ( 'NONE',  ( 0.0000000000000000000, 0.0000000000000000000, -1.000000000000000000 ) ) ;
#3574 = ORIENTED_EDGE ( 'NONE', *, *, #10753, .F. ) ;
#3575 = FILL_AREA_STYLE ('',( #1542 ) ) ;
#3576 = CARTESIAN_POINT ( 'NONE',  ( 0.2483888423748476515, 0.7897218048774075072, 0.4007740795233795117 ) ) ;
#3577 = CARTESIAN_POINT ( 'NONE',  ( 0.3625620707213386140, 0.1555589999168269788, 0.2456559692871496114 ) ) ;
#3578 =( NAMED_UNIT ( * ) SI_UNIT ( $, .STERADIAN. ) SOLID_ANGLE_UNIT ( ) );
#3579 = DIRECTION ( 'NONE',  ( -0.8574929257125446513, -0.5144957554275257916, -0.0000000000000000000 ) ) ;
#3580 = ORIENTED_EDGE ( 'NONE', *, *, #2960, .F. ) ;
#3581 = ORIENTED_EDGE ( 'NONE', *, *, #4703, .T. ) ;
#3582 = VECTOR ( 'NONE', #2322, 39.37007874015748143 ) ;
#3583 = DIRECTION ( 'NONE',  ( 0.0000000000000000000, -1.000000000000000000, 0.0000000000000000000 ) ) ;
#3584 = CARTESIAN_POINT ( 'NONE',  ( 0.2483888423748523422, 0.3583149054286425272, 0.4007740795234071007 ) ) ;
#3585 = CARTESIAN_POINT ( 'NONE',  ( 0.2326408108788039775, 0.5610708109404448640, 0.3614040007832315382 ) ) ;
#3586 = DIRECTION ( 'NONE',  ( 1.000000000000000000, 0.0000000000000000000, 0.0000000000000000000 ) ) ;
#3587 = CARTESIAN_POINT ( 'NONE',  ( 0.2208297872567571152, 0.05713380306641550888, 0.4515614810981850025 ) ) ;
#3588 = ORIENTED_EDGE ( 'NONE', *, *, #4067, .T. ) ;
#3589 = EDGE_CURVE ( 'NONE', #11763, #11703, #3715, .T. ) ;
#3590 = DIRECTION ( 'NONE',  ( 1.000000000000000000, -1.937287448275559661E-17, -2.565854121688507820E-49 ) ) ;
#3591 = VECTOR ( 'NONE', #6884, 39.37007874015748143 ) ;
#3592 = EDGE_CURVE ( 'NONE', #10289, #7585, #4499, .T. ) ;
#3593 = CARTESIAN_POINT ( 'NONE',  ( 0.3645305746583386020, 0.3760314408617052018, 0.5011677803107913443 ) ) ;
#3594 = FACE_BOUND ( 'NONE', #217, .T. ) ;
#3595 = FILL_AREA_STYLE ('',( #2782 ) ) ;
#3596 =( CONVERSION_BASED_UNIT ( 'INCH', #9589 ) LENGTH_UNIT ( ) NAMED_UNIT ( #7249 ) );
#3597 = ORIENTED_EDGE ( 'NONE', *, *, #10056, .F. ) ;
#3598 = DIMENSIONAL_EXPONENTS ( 1.000000000000000000, 0.0000000000000000000, 0.0000000000000000000, 0.0000000000000000000, 0.0000000000000000000, 0.0000000000000000000, 0.0000000000000000000 ) ;
#3599 = VECTOR ( 'NONE', #6633, 39.37007874015748143 ) ;
#3600 = CARTESIAN_POINT ( 'NONE',  ( 0.2326408108788161622, 0.1476849841687954967, 0.4554984889722086816 ) ) ;
#3601 = VECTOR ( 'NONE', #3523, 39.37007874015748143 ) ;
#3602 = ADVANCED_FACE ( 'NONE', ( #10501 ), #609, .F. ) ;
#3603 = DIRECTION ( 'NONE',  ( 1.000000000000000000, 0.0000000000000000000, 0.0000000000000000000 ) ) ;
#3604 = CARTESIAN_POINT ( 'NONE',  ( 0.3468140392252720416, 0.3130393148774570644, 0.4850260480273039243 ) ) ;
#3605 = ADVANCED_FACE ( 'NONE', ( #3572 ), #4634, .F. ) ;
#3606 = EDGE_CURVE ( 'NONE', #4691, #6939, #3777, .T. ) ;
#3607 = CARTESIAN_POINT ( 'NONE',  ( 0.2326408108788039775, 0.2185511259010751717, 0.3456559692871649658 ) ) ;
#3608 = CARTESIAN_POINT ( 'NONE',  ( 0.1164990785953285424, 0.7897218048774075072, 0.3456559692871649658 ) ) ;
#3609 = VERTEX_POINT ( 'NONE', #10906 ) ;
#3610 = CARTESIAN_POINT ( 'NONE',  ( 0.07319199198116595195, 0.3760314408617052018, 0.1901441582635393646 ) ) ;
#3611 = ORIENTED_EDGE ( 'NONE', *, *, #11624, .T. ) ;
#3612 = ORIENTED_EDGE ( 'NONE', *, *, #9221, .F. ) ;
#3613 = PRESENTATION_LAYER_ASSIGNMENT (  '', '', ( #1951 ) ) ;
#3614 = PRESENTATION_STYLE_ASSIGNMENT (( #2430 ) ) ;
#3615 = VECTOR ( 'NONE', #11720, 39.37007874015748143 ) ;
#3616 = VERTEX_POINT ( 'NONE', #6901 ) ;
#3617 = DIRECTION ( 'NONE',  ( 1.937287448275559661E-17, 1.000000000000000000, 8.220413448604739958E-18 ) ) ;
#3618 = DIRECTION ( 'NONE',  ( -1.937287448275559661E-17, -1.000000000000000000, -8.220413448604588965E-18 ) ) ;
#3619 = DIRECTION ( 'NONE',  ( 0.0000000000000000000, 0.0000000000000000000, 1.000000000000000000 ) ) ;
#3620 = ORIENTED_EDGE ( 'NONE', *, *, #1080, .T. ) ;
#3621 = DIRECTION ( 'NONE',  ( 0.0000000000000000000, 0.0000000000000000000, 1.000000000000000000 ) ) ;
#3622 = VECTOR ( 'NONE', #8040, 39.37007874015748143 ) ;
#3623 = CARTESIAN_POINT ( 'NONE',  ( 0.3444518345008468208, 0.05713380306641543255, 0.2397504574761405716 ) ) ;
#3624 = EDGE_CURVE ( 'NONE', #8103, #5466, #12176, .T. ) ;
#3625 = DIRECTION ( 'NONE',  ( 3.518308117683324880E-16, -1.000000000000000000, 4.163336342344335054E-16 ) ) ;
#3626 = VERTEX_POINT ( 'NONE', #8958 ) ;
#3627 = ORIENTED_EDGE ( 'NONE', *, *, #4891, .T. ) ;
#3628 = CARTESIAN_POINT ( 'NONE',  ( 0.2090187636347251854, 0.1279999447987061056, 0.5011677803107859042 ) ) ;
#3629 = ORIENTED_EDGE ( 'NONE', *, *, #9874, .T. ) ;
#3630 = VERTEX_POINT ( 'NONE', #12048 ) ;
#3631 = LINE ( 'NONE', #6550, #7209 ) ;
#3632 = VECTOR ( 'NONE', #6282, 39.37007874015748143 ) ;
#3633 = CARTESIAN_POINT ( 'NONE',  ( 0.07712899985517106261, 0.7897218048774075072, 0.3456559692871649658 ) ) ;
#3634 = VERTEX_POINT ( 'NONE', #12983 ) ;
#3635 = VECTOR ( 'NONE', #6897, 39.37007874015748143 ) ;
#3636 = CARTESIAN_POINT ( 'NONE',  ( 0.3267352990678007996, -0.07278745677610257148, 0.2515614810981878224 ) ) ;
#3637 = ORIENTED_EDGE ( 'NONE', *, *, #10895, .T. ) ;
#3638 = CARTESIAN_POINT ( 'NONE',  ( 0.1401211258394373937, 0.1988660865309976600, 0.3456559692871649658 ) ) ;
#3639 = DIRECTION ( 'NONE',  ( 0.0000000000000000000, 0.0000000000000000000, -1.000000000000000000 ) ) ;
#3640 = CIRCLE ( 'NONE', #4917, 0.05610236220472441387 ) ;
#3641 = EDGE_CURVE ( 'NONE', #11672, #8883, #13116, .T. ) ;
#3642 = SURFACE_STYLE_FILL_AREA ( #8676 ) ;
#3643 = ORIENTED_EDGE ( 'NONE', *, *, #7000, .T. ) ;
#3644 = UNCERTAINTY_MEASURE_WITH_UNIT (LENGTH_MEASURE( 1.000000000000000082E-05 ), #12908, 'distance_accuracy_value', 'NONE');
#3645 = EDGE_CURVE ( 'NONE', #6597, #1201, #2013, .T. ) ;
#3646 = COLOUR_RGB ( '',0.7529411764705882248, 0.7529411764705882248, 0.0000000000000000000 ) ;
#3647 = DIRECTION ( 'NONE',  ( 0.0000000000000000000, 1.000000000000000000, 0.0000000000000000000 ) ) ;
#3648 = LINE ( 'NONE', #12708, #4766 ) ;
#3649 = ORIENTED_EDGE ( 'NONE', *, *, #7870, .T. ) ;
#3650 = FACE_OUTER_BOUND ( 'NONE', #4329, .T. ) ;
#3651 = VECTOR ( 'NONE', #2462, 39.37007874015748143 ) ;
#3652 = LINE ( 'NONE', #10778, #8608 ) ;
#3653 = VECTOR ( 'NONE', #10867, 39.37007874015748143 ) ;
#3654 = ORIENTED_EDGE ( 'NONE', *, *, #5142, .F. ) ;
#3655 = PLANE ( 'NONE',  #13162 ) ;
#3656 = CARTESIAN_POINT ( 'NONE',  ( 0.2562628581229027813, 0.08075585031050630525, 0.4515614810981850025 ) ) ;
#3657 = CARTESIAN_POINT ( 'NONE',  ( 0.2405148266268504198, 0.2421731731451661762, 0.2456559692871496114 ) ) ;
#3658 = FACE_OUTER_BOUND ( 'NONE', #12046, .T. ) ;
#3659 = VECTOR ( 'NONE', #3229, 39.37007874015748143 ) ;
#3660 = FACE_OUTER_BOUND ( 'NONE', #12725, .T. ) ;
#3661 = CARTESIAN_POINT ( 'NONE',  ( 0.3704360864693551636, 0.08862986605855709132, 0.5011677803107913443 ) ) ;
#3662 = VECTOR ( 'NONE', #7851, 39.37007874015748143 ) ;
#3663 = CARTESIAN_POINT ( 'NONE',  ( 0.2090187636347251854, 0.1279999447987061056, 0.4854197488147189432 ) ) ;
#3664 = ORIENTED_EDGE ( 'NONE', *, *, #3076, .F. ) ;
#3665 = DIRECTION ( 'NONE',  ( 0.4472135955002294883, -0.8944271909997799641, 1.293464547804905723E-16 ) ) ;
#3666 = LINE ( 'NONE', #10527, #4146 ) ;
#3667 = DIRECTION ( 'NONE',  ( 0.0000000000000000000, 8.220413448604739958E-18, -1.000000000000000000 ) ) ;
#3668 = EDGE_CURVE ( 'NONE', #2360, #8372, #9845, .T. ) ;
#3669 = MECHANICAL_DESIGN_GEOMETRIC_PRESENTATION_REPRESENTATION (  '', ( #1572 ), #3886 ) ;
#3670 = DIRECTION ( 'NONE',  ( -1.000000000000000000, 0.0000000000000000000, 0.0000000000000000000 ) ) ;
#3671 = CARTESIAN_POINT ( 'NONE',  ( 0.3290975037921822777, 0.3760314408617059234, 0.2688843157438653431 ) ) ;
#3672 = EDGE_CURVE ( 'NONE', #1674, #906, #1814, .T. ) ;
#3673 = DIRECTION ( 'NONE',  ( -1.000000000000000000, -3.376070039848299626E-16, -2.359223927328455183E-16 ) ) ;
#3674 = PLANE ( 'NONE',  #3 ) ;
#3675 = PLANE ( 'NONE',  #9098 ) ;
#3676 = CARTESIAN_POINT ( 'NONE',  ( 0.2483888423748523422, 0.3583149054286425272, 0.2669158118068500340 ) ) ;
#3677 = CIRCLE ( 'NONE', #521, 0.08267716535433068670 ) ;
#3678 = ORIENTED_EDGE ( 'NONE', *, *, #1640, .F. ) ;
#3679 = LINE ( 'NONE', #3610, #3860 ) ;
#3680 = VERTEX_POINT ( 'NONE', #9974 ) ;
#3681 = VECTOR ( 'NONE', #9071, 39.37007874015748143 ) ;
#3682 = ORIENTED_EDGE ( 'NONE', *, *, #7387, .T. ) ;
#3683 = PLANE ( 'NONE',  #7642 ) ;
#3684 = CARTESIAN_POINT ( 'NONE',  ( 0.2726091976981878107, 0.4547715983420212993, 0.3850260480273224872 ) ) ;
#3685 = ORIENTED_EDGE ( 'NONE', *, *, #479, .T. ) ;
#3686 = DIRECTION ( 'NONE',  ( 1.000000000000000000, -1.937287448275559661E-17, 0.0000000000000000000 ) ) ;
#3687 = DIRECTION ( 'NONE',  ( 0.0000000000000000000, 0.0000000000000000000, 1.000000000000000000 ) ) ;
#3688 = EDGE_CURVE ( 'NONE', #4887, #12084, #9911, .T. ) ;
#3689 = LINE ( 'NONE', #5745, #6389 ) ;
#3690 = EDGE_LOOP ( 'NONE', ( #11124, #9263, #2038, #10927 ) ) ;
#3691 = VECTOR ( 'NONE', #950, 39.37007874015748143 ) ;
#3692 = VECTOR ( 'NONE', #1825, 39.37007874015748143 ) ;
#3693 = DIMENSIONAL_EXPONENTS ( 1.000000000000000000, 0.0000000000000000000, 0.0000000000000000000, 0.0000000000000000000, 0.0000000000000000000, 0.0000000000000000000, 0.0000000000000000000 ) ;
#3694 = PLANE ( 'NONE',  #8665 ) ;
#3695 = EDGE_LOOP ( 'NONE', ( #9011, #8995, #6028, #11862, #10703, #2299, #8631, #12452, #9483, #4498, #7807, #4697, #9502, #10137, #350, #10494, #2176, #5190, #1440, #9334, #11311, #328, #11615, #8134, #10955, #3852, #5535, #8449, #4167, #3482, #1575, #3944, #11223, #8061, #6982, #12345, #7031, #11963, #1826, #12709, #3779, #11472, #7510, #12583, #336, #2265, #10400, #6333 ) ) ;
#3696 = ORIENTED_EDGE ( 'NONE', *, *, #3973, .F. ) ;
#3697 = CARTESIAN_POINT ( 'NONE',  ( 0.3093989504684707681, 0.2448335284032795434, 0.3456559692871527534 ) ) ;
#3698 = ORIENTED_EDGE ( 'NONE', *, *, #6285, .F. ) ;
#3699 = VERTEX_POINT ( 'NONE', #2790 ) ;
#3700 = CARTESIAN_POINT ( 'NONE',  ( 0.1558691573354936966, 0.2421731731451575165, 0.4515614810981850025 ) ) ;
#3701 = VECTOR ( 'NONE', #4087, 39.37007874015748143 ) ;
#3702 = DIRECTION ( 'NONE',  ( 3.376070039848299626E-16, -1.000000000000000000, 4.302114220422480115E-16 ) ) ;
#3703 = ORIENTED_EDGE ( 'NONE', *, *, #3114, .T. ) ;
#3704 = EDGE_CURVE ( 'NONE', #10931, #12354, #1748, .T. ) ;
#3705 = VECTOR ( 'NONE', #5842, 39.37007874015748143 ) ;
#3706 = DIRECTION ( 'NONE',  ( 1.608386623408229791E-17, 1.526556658859589750E-16, 1.000000000000000000 ) ) ;
#3707 = DIRECTION ( 'NONE',  ( -0.4472135955003646579, 0.8944271909997124625, -4.898503433089686735E-16 ) ) ;
#3708 = DIRECTION ( 'NONE',  ( 0.0000000000000000000, 0.0000000000000000000, 1.000000000000000000 ) ) ;
#3709 = VERTEX_POINT ( 'NONE', #803 ) ;
#3710 = EDGE_CURVE ( 'NONE', #11536, #3767, #12915, .T. ) ;
#3711 = DIRECTION ( 'NONE',  ( -1.174096724532128111E-16, 1.000000000000000000, -1.665334536937734811E-16 ) ) ;
#3712 = VECTOR ( 'NONE', #6431, 39.37007874015748143 ) ;
#3713 = LINE ( 'NONE', #12845, #1157 ) ;
#3714 = ORIENTED_EDGE ( 'NONE', *, *, #6764, .F. ) ;
#3715 = LINE ( 'NONE', #7761, #5726 ) ;
#3716 = PLANE ( 'NONE',  #1967 ) ;
#3717 = VERTEX_POINT ( 'NONE', #7823 ) ;
#3718 = DIRECTION ( 'NONE',  ( 1.000000000000000000, 3.518308117683325866E-16, 2.626713979715460250E-16 ) ) ;
#3719 = LINE ( 'NONE', #7766, #3651 ) ;
#3720 = CARTESIAN_POINT ( 'NONE',  ( 0.2326408108788039775, 0.5295747479483235987, 0.3456559692871649658 ) ) ;
#3721 =( GEOMETRIC_REPRESENTATION_CONTEXT ( 3 ) GLOBAL_UNCERTAINTY_ASSIGNED_CONTEXT ( ( #7088 ) ) GLOBAL_UNIT_ASSIGNED_CONTEXT ( ( #4121, #6984, #1086 ) ) REPRESENTATION_CONTEXT ( 'NONE', 'WORKASPACE' ) );
#3722 = ADVANCED_FACE ( 'NONE', ( #3843, #7892 ), #11038, .T. ) ;
#3723 = DIRECTION ( 'NONE',  ( 0.8944271909998481318, 0.4472135955000935414, -8.265553651048821743E-17 ) ) ;
#3724 = DIRECTION ( 'NONE',  ( -0.3511234415886835269, 0.9363291775689350782, -4.820554145996930513E-16 ) ) ;
#3725 = DIRECTION ( 'NONE',  ( -1.000000000000000000, 0.0000000000000000000, 0.0000000000000000000 ) ) ;
#3726 = LINE ( 'NONE', #3983, #3692 ) ;
#3727 = ORIENTED_EDGE ( 'NONE', *, *, #2239, .T. ) ;
#3728 = COLOUR_RGB ( '',0.7529411764705882248, 0.7529411764705882248, 0.0000000000000000000 ) ;
#3729 = CARTESIAN_POINT ( 'NONE',  ( 0.2221780689370909390, 0.1988660865309976600, 0.2905378590509531400 ) ) ;
#3730 =( NAMED_UNIT ( * ) PLANE_ANGLE_UNIT ( ) SI_UNIT ( $, .RADIAN. ) );
#3731 = CARTESIAN_POINT ( 'NONE',  ( 0.1562628581229039137, 0.08862986605856654210, 0.4515614810981850025 ) ) ;
#3732 = LINE ( 'NONE', #7779, #10270 ) ;
#3733 = VECTOR ( 'NONE', #12217, 39.37007874015748143 ) ;
#3734 = CARTESIAN_POINT ( 'NONE',  ( 0.1145305746583313022, 0.3957164802317834629, 0.4440811661375591024 ) ) ;
#3735 = EDGE_CURVE ( 'NONE', #11099, #9366, #739, .T. ) ;
#3736 = VECTOR ( 'NONE', #10004, 39.37007874015748143 ) ;
#3737 = EDGE_CURVE ( 'NONE', #12950, #2384, #6836, .T. ) ;
#3738 = LINE ( 'NONE', #10865, #2669 ) ;
#3739 = CARTESIAN_POINT ( 'NONE',  ( 0.2483888423748523422, 0.1988660865309976600, 0.4243961267674803417 ) ) ;
#3740 = LINE ( 'NONE', #2823, #4515 ) ;
#3741 = DIRECTION ( 'NONE',  ( -1.356991020290373981E-16, 1.000000000000000000, -3.469446951953615175E-16 ) ) ;
#3742 = LINE ( 'NONE', #2827, #6341 ) ;
#3743 = FACE_OUTER_BOUND ( 'NONE', #1015, .T. ) ;
#3744 = CARTESIAN_POINT ( 'NONE',  ( 0.3468140392252720416, 0.3130393148774570644, 0.4397504574761377794 ) ) ;
#3745 = EDGE_CURVE ( 'NONE', #4846, #2629, #6766, .T. ) ;
#3746 = ORIENTED_EDGE ( 'NONE', *, *, #798, .F. ) ;
#3747 = CARTESIAN_POINT ( 'NONE',  ( 0.2405148266268504198, 0.1555589999168269788, 0.2850260480273070773 ) ) ;
#3748 = ORIENTED_EDGE ( 'NONE', *, *, #8006, .T. ) ;
#3749 = ORIENTED_EDGE ( 'NONE', *, *, #2526, .F. ) ;
#3750 = DIRECTION ( 'NONE',  ( -1.937287448275559661E-17, -1.000000000000000000, -8.220413448604588965E-18 ) ) ;
#3751 = ORIENTED_EDGE ( 'NONE', *, *, #2783, .T. ) ;
#3752 = CARTESIAN_POINT ( 'NONE',  ( 0.3208297872567559272, 0.05713380306642448780, 0.4397504574761377794 ) ) ;
#3753 = VECTOR ( 'NONE', #7571, 39.37007874015748143 ) ;
#3754 = CARTESIAN_POINT ( 'NONE',  ( 0.3704360864693551636, 0.08862986605855709132, 0.4991992763737755912 ) ) ;
#3755 = DIRECTION ( 'NONE',  ( 1.000000000000000000, 0.0000000000000000000, 0.0000000000000000000 ) ) ;
#3756 = ORIENTED_EDGE ( 'NONE', *, *, #12467, .T. ) ;
#3757 =( CONVERSION_BASED_UNIT ( 'INCH', #10814 ) LENGTH_UNIT ( ) NAMED_UNIT ( #12800 ) );
#3758 = PRESENTATION_STYLE_ASSIGNMENT (( #3551 ) ) ;
#3759 = ORIENTED_EDGE ( 'NONE', *, *, #8520, .T. ) ;
#3760 = ORIENTED_EDGE ( 'NONE', *, *, #177, .T. ) ;
#3761 = EDGE_CURVE ( 'NONE', #2353, #3877, #2864, .T. ) ;
#3762 = FACE_OUTER_BOUND ( 'NONE', #2206, .T. ) ;
#3763 = EDGE_LOOP ( 'NONE', ( #6466, #3239, #3637, #3274 ) ) ;
#3764 = VERTEX_POINT ( 'NONE', #863 ) ;
#3765 = DIRECTION ( 'NONE',  ( 0.0000000000000000000, 8.220413448604739958E-18, -1.000000000000000000 ) ) ;
#3766 = DIRECTION ( 'NONE',  ( -1.937287448275559661E-17, -1.000000000000000000, -8.220413448604588965E-18 ) ) ;
#3767 = VERTEX_POINT ( 'NONE', #10976 ) ;
#3768 = EDGE_CURVE ( 'NONE', #8840, #8672, #1881, .T. ) ;
#3769 = PLANE ( 'NONE',  #6443 ) ;
#3770 =( NAMED_UNIT ( * ) SI_UNIT ( $, .STERADIAN. ) SOLID_ANGLE_UNIT ( ) );
#3771 = DIRECTION ( 'NONE',  ( 0.5773502691896257311, 0.5773502691896257311, 0.5773502691896257311 ) ) ;
#3772 = ORIENTED_EDGE ( 'NONE', *, *, #1858, .F. ) ;
#3773 = CARTESIAN_POINT ( 'NONE',  ( 0.1164990785953285424, 0.3760314408617052018, 0.2669158118068500340 ) ) ;
#3774 = COLOUR_RGB ( '',0.7529411764705882248, 0.7529411764705882248, 0.0000000000000000000 ) ;
#3775 = EDGE_CURVE ( 'NONE', #11121, #12872, #927, .T. ) ;
#3776 = VERTEX_POINT ( 'NONE', #10114 ) ;
#3777 = LINE ( 'NONE', #10837, #11918 ) ;
#3778 = EDGE_CURVE ( 'NONE', #899, #5901, #9092, .T. ) ;
#3779 = ORIENTED_EDGE ( 'NONE', *, *, #6867, .T. ) ;
#3780 =( NAMED_UNIT ( * ) PLANE_ANGLE_UNIT ( ) SI_UNIT ( $, .RADIAN. ) );
#3781 = DIMENSIONAL_EXPONENTS ( 1.000000000000000000, 0.0000000000000000000, 0.0000000000000000000, 0.0000000000000000000, 0.0000000000000000000, 0.0000000000000000000, 0.0000000000000000000 ) ;
#3782 =( GEOMETRIC_REPRESENTATION_CONTEXT ( 3 ) GLOBAL_UNCERTAINTY_ASSIGNED_CONTEXT ( ( #3507 ) ) GLOBAL_UNIT_ASSIGNED_CONTEXT ( ( #1952, #2986, #7030 ) ) REPRESENTATION_CONTEXT ( 'NONE', 'WORKASPACE' ) );
#3783 = LINE ( 'NONE', #7957, #3218 ) ;
#3784 = DIRECTION ( 'NONE',  ( 0.0000000000000000000, 0.0000000000000000000, 1.000000000000000000 ) ) ;
#3785 = ORIENTED_EDGE ( 'NONE', *, *, #8918, .F. ) ;
#3786 = DIRECTION ( 'NONE',  ( 1.937287448275559661E-17, 1.000000000000000000, 8.220413448604588965E-18 ) ) ;
#3787 =( NAMED_UNIT ( * ) SI_UNIT ( $, .STERADIAN. ) SOLID_ANGLE_UNIT ( ) );
#3788 = MECHANICAL_DESIGN_GEOMETRIC_PRESENTATION_REPRESENTATION (  '', ( #1238 ), #1692 ) ;
#3789 = PLANE ( 'NONE',  #4303 ) ;
#3790 = ORIENTED_EDGE ( 'NONE', *, *, #1183, .F. ) ;
#3791 = CARTESIAN_POINT ( 'NONE',  ( 0.0000000000000000000, 0.0000000000000000000, 0.0000000000000000000 ) ) ;
#3792 = CARTESIAN_POINT ( 'NONE',  ( 0.2326408108788039775, 0.1988660865309976600, 0.3456559692871649658 ) ) ;
#3793 = ADVANCED_FACE ( 'NONE', ( #5207, #125, #12297 ), #11414, .T. ) ;
#3794 = DIRECTION ( 'NONE',  ( -1.608386623408229791E-17, -1.526556658859589750E-16, -1.000000000000000000 ) ) ;
#3795 = MECHANICAL_DESIGN_GEOMETRIC_PRESENTATION_REPRESENTATION (  '', ( #11031 ), #8222 ) ;
#3796 = DIRECTION ( 'NONE',  ( 0.0000000000000000000, -1.000000000000000000, 0.0000000000000000000 ) ) ;
#3797 = ORIENTED_EDGE ( 'NONE', *, *, #8538, .F. ) ;
#3798 = CARTESIAN_POINT ( 'NONE',  ( 0.3704360864693701516, 0.1555589999168269788, 0.2732150244052708454 ) ) ;
#3799 = EDGE_LOOP ( 'NONE', ( #9232, #8966, #13117, #4251 ) ) ;
#3800 = DIRECTION ( 'NONE',  ( -1.937287448275559661E-17, -1.000000000000000000, -8.220413448604588965E-18 ) ) ;
#3801 = DIRECTION ( 'NONE',  ( 1.000000000000000000, 1.174096724532128111E-16, -4.283287147278279229E-17 ) ) ;
#3802 = AXIS2_PLACEMENT_3D ( 'NONE', #63, #8138, #12241 ) ;
#3803 = VECTOR ( 'NONE', #13098, 39.37007874015748143 ) ;
#3804 = CARTESIAN_POINT ( 'NONE',  ( 0.1558691573354936966, 0.3681574251136630060, 0.4515614810981850025 ) ) ;
#3805 = EDGE_CURVE ( 'NONE', #838, #2208, #4214, .T. ) ;
#3806 = EDGE_CURVE ( 'NONE', #1845, #8857, #6096, .T. ) ;
#3807 = CARTESIAN_POINT ( 'NONE',  ( 0.3330345116662205007, 0.1555589999168271731, 0.4062465204682488285 ) ) ;
#3808 = VERTEX_POINT ( 'NONE', #4344 ) ;
#3809 = DIRECTION ( 'NONE',  ( -1.937287448275559661E-17, -1.000000000000000000, -8.220413448604739958E-18 ) ) ;
#3810 = ORIENTED_EDGE ( 'NONE', *, *, #4951, .T. ) ;
#3811 = ORIENTED_EDGE ( 'NONE', *, *, #11217, .T. ) ;
#3812 = FACE_OUTER_BOUND ( 'NONE', #10487, .T. ) ;
#3813 = ORIENTED_EDGE ( 'NONE', *, *, #12574, .T. ) ;
#3814 = AXIS2_PLACEMENT_3D ( 'NONE', #7305, #11520, #8221 ) ;
#3815 =( NAMED_UNIT ( * ) SI_UNIT ( $, .STERADIAN. ) SOLID_ANGLE_UNIT ( ) );
#3816 = VECTOR ( 'NONE', #1504, 39.37007874015748143 ) ;
#3817 = CARTESIAN_POINT ( 'NONE',  ( 0.3290975037921822777, 0.1988660865309976600, 0.2688843157438653431 ) ) ;
#3818 = DIRECTION ( 'NONE',  ( 1.000000000000000000, -1.937287448275559661E-17, 0.0000000000000000000 ) ) ;
#3819 = VERTEX_POINT ( 'NONE', #5270 ) ;
#3820 = CARTESIAN_POINT ( 'NONE',  ( 0.2326408108788161622, 0.08862986605855749378, 0.5011677803107859042 ) ) ;
#3821 = DIRECTION ( 'NONE',  ( 1.608386623408229791E-17, 1.526556658859589750E-16, 1.000000000000000000 ) ) ;
#3822 = ORIENTED_EDGE ( 'NONE', *, *, #556, .F. ) ;
#3823 = CONICAL_SURFACE ( 'NONE', #3386, 0.07874015748031495954, 0.1651486774145596026 ) ;
#3824 = VECTOR ( 'NONE', #12, 39.37007874015748143 ) ;
#3825 = ORIENTED_EDGE ( 'NONE', *, *, #7116, .T. ) ;
#3826 = DIRECTION ( 'NONE',  ( 0.0000000000000000000, 0.0000000000000000000, 1.000000000000000000 ) ) ;
#3827 = VERTEX_POINT ( 'NONE', #2250 ) ;
#3828 = EDGE_LOOP ( 'NONE', ( #9459, #2762, #9753, #8481, #10432, #16 ) ) ;
#3829 = CARTESIAN_POINT ( 'NONE',  ( 0.08106600772921163101, 0.1555589999168269788, 0.1980181740115692923 ) ) ;
#3830 = FACE_OUTER_BOUND ( 'NONE', #4632, .T. ) ;
#3831 = ORIENTED_EDGE ( 'NONE', *, *, #2632, .T. ) ;
#3832 = CARTESIAN_POINT ( 'NONE',  ( 0.3625620707213386140, 0.3130393148774570644, 0.2515614810981767757 ) ) ;
#3833 = CARTESIAN_POINT ( 'NONE',  ( 0.2090187636347251854, 0.08862986605855728561, 0.1901441582635393646 ) ) ;
#3834 = CARTESIAN_POINT ( 'NONE',  ( 0.1164990785953285424, 0.7897218048774075072, 0.4243961267674803417 ) ) ;
#3835 = ORIENTED_EDGE ( 'NONE', *, *, #12497, .T. ) ;
#3836 = VECTOR ( 'NONE', #2361, 39.37007874015748143 ) ;
#3837 = LINE ( 'NONE', #6761, #1308 ) ;
#3838 = EDGE_CURVE ( 'NONE', #6231, #10763, #8252, .T. ) ;
#3839 = VECTOR ( 'NONE', #27, 39.37007874015748143 ) ;
#3840 =( CONVERSION_BASED_UNIT ( 'INCH', #5023 ) LENGTH_UNIT ( ) NAMED_UNIT ( #9542 ) );
#3841 = ORIENTED_EDGE ( 'NONE', *, *, #5785, .F. ) ;
#3842 = EDGE_CURVE ( 'NONE', #10010, #9018, #1182, .T. ) ;
#3843 = FACE_BOUND ( 'NONE', #11982, .T. ) ;
#3844 = LINE ( 'NONE', #7893, #9156 ) ;
#3845 = MECHANICAL_DESIGN_GEOMETRIC_PRESENTATION_REPRESENTATION (  '', ( #1951 ), #4459 ) ;
#3846 = VERTEX_POINT ( 'NONE', #2314 ) ;
#3847 = CARTESIAN_POINT ( 'NONE',  ( 0.2326408108788039775, 0.5729212046412323067, 0.2895536070824405450 ) ) ;
#3848 = CARTESIAN_POINT ( 'NONE',  ( 0.1407772938184468636, 0.1096272413866423295, 0.4351572816231150109 ) ) ;
#3849 = CARTESIAN_POINT ( 'NONE',  ( 0.2326408108788039775, 0.1988660865309964665, 0.3456559692871649658 ) ) ;
#3850 = ORIENTED_EDGE ( 'NONE', *, *, #12437, .T. ) ;
#3851 = EDGE_CURVE ( 'NONE', #1008, #9314, #9278, .T. ) ;
#3852 = ORIENTED_EDGE ( 'NONE', *, *, #10008, .T. ) ;
#3853 = AXIS2_PLACEMENT_3D ( 'NONE', #9158, #6216, #7091 ) ;
#3854 = EDGE_CURVE ( 'NONE', #9313, #5605, #8317, .T. ) ;
#3855 = VECTOR ( 'NONE', #6210, 39.37007874015748143 ) ;
#3856 = DIRECTION ( 'NONE',  ( -1.000000000000000000, -1.316334802367149914E-16, 1.608386623408234722E-17 ) ) ;
#3857 = LINE ( 'NONE', #11925, #10921 ) ;
#3858 = LINE ( 'NONE', #10062, #3387 ) ;
#3859 = CARTESIAN_POINT ( 'NONE',  ( 0.3444518345008468208, -0.05703942528003581869, 0.4515614810981850025 ) ) ;
#3860 = VECTOR ( 'NONE', #897, 39.37007874015748143 ) ;
#3861 = ORIENTED_EDGE ( 'NONE', *, *, #8108, .T. ) ;
#3862 = AXIS2_PLACEMENT_3D ( 'NONE', #8586, #6880, #12956 ) ;
#3863 = DIRECTION ( 'NONE',  ( 0.0000000000000000000, 1.000000000000000000, 0.0000000000000000000 ) ) ;
#3864 = ORIENTED_EDGE ( 'NONE', *, *, #12622, .T. ) ;
#3865 = EDGE_CURVE ( 'NONE', #3337, #5325, #3223, .T. ) ;
#3866 = DIRECTION ( 'NONE',  ( -3.518308117683324880E-16, 1.000000000000000000, -4.163336342344335054E-16 ) ) ;
#3867 = MECHANICAL_DESIGN_GEOMETRIC_PRESENTATION_REPRESENTATION (  '', ( #2184 ), #8737 ) ;
#3868 = CARTESIAN_POINT ( 'NONE',  ( 0.1444518345008675153, 0.05713380306640645362, 0.4515614810981850025 ) ) ;
#3869 = VECTOR ( 'NONE', #13136, 39.37007874015748143 ) ;
#3870 = LINE ( 'NONE', #8786, #2453 ) ;
#3871 = SURFACE_SIDE_STYLE ('',( #13012 ) ) ;
#3872 = DIRECTION ( 'NONE',  ( 1.608386623408229791E-17, 1.526556658859589750E-16, 1.000000000000000000 ) ) ;
#3873 = CARTESIAN_POINT ( 'NONE',  ( 0.2326408108788039775, 0.4272125432239181064, 0.4017583314918893866 ) ) ;
#3874 = ORIENTED_EDGE ( 'NONE', *, *, #4743, .T. ) ;
#3875 = DIRECTION ( 'NONE',  ( 0.0000000000000000000, -1.000000000000000000, 0.0000000000000000000 ) ) ;
#3876 = ORIENTED_EDGE ( 'NONE', *, *, #5867, .T. ) ;
#3877 = VERTEX_POINT ( 'NONE', #1121 ) ;
#3878 = DIRECTION ( 'NONE',  ( 0.0000000000000000000, 1.000000000000000000, 0.0000000000000000000 ) ) ;
#3879 = CARTESIAN_POINT ( 'NONE',  ( 0.07319199198116595195, 0.3760314408617052018, 0.3456559692871649658 ) ) ;
#3880 = PRESENTATION_LAYER_ASSIGNMENT (  '', '', ( #9616 ) ) ;
#3881 = DIRECTION ( 'NONE',  ( 1.000000000000000000, 3.518308117683324880E-16, 2.626713979715460250E-16 ) ) ;
#3882 = EDGE_CURVE ( 'NONE', #8042, #5466, #10354, .T. ) ;
#3883 = ADVANCED_FACE ( 'NONE', ( #7203 ), #2130, .T. ) ;
#3884 = EDGE_LOOP ( 'NONE', ( #3182, #7625, #5024, #5091, #1642, #7547, #1916, #637, #5616, #4104, #12433, #10623, #10131, #8039, #8869, #9030, #13158, #5834, #2325, #6108 ) ) ;
#3885 = FILL_AREA_STYLE ('',( #8933 ) ) ;
#3886 =( GEOMETRIC_REPRESENTATION_CONTEXT ( 3 ) GLOBAL_UNCERTAINTY_ASSIGNED_CONTEXT ( ( #2188 ) ) GLOBAL_UNIT_ASSIGNED_CONTEXT ( ( #5257, #12164, #6146 ) ) REPRESENTATION_CONTEXT ( 'NONE', 'WORKASPACE' ) );
#3887 = DIRECTION ( 'NONE',  ( 0.0000000000000000000, 0.1240347345890695785, -0.9922778767136850586 ) ) ;
#3888 = ORIENTED_EDGE ( 'NONE', *, *, #11764, .T. ) ;
#3889 = STYLED_ITEM ( 'NONE', ( #2945 ), #7945 ) ;
#3890 = VERTEX_POINT ( 'NONE', #3043 ) ;
#3891 = DIRECTION ( 'NONE',  ( 0.0000000000000000000, 1.000000000000000000, 0.0000000000000000000 ) ) ;
#3892 = VERTEX_POINT ( 'NONE', #1244 ) ;
#3893 = ORIENTED_EDGE ( 'NONE', *, *, #8982, .F. ) ;
#3894 =( CONVERSION_BASED_UNIT ( 'INCH', #8941 ) LENGTH_UNIT ( ) NAMED_UNIT ( #4706 ) );
#3895 = CARTESIAN_POINT ( 'NONE',  ( 0.08106600772921163101, 0.1555589999168269788, 0.4358134496021299209 ) ) ;
#3896 = ORIENTED_EDGE ( 'NONE', *, *, #11870, .F. ) ;
#3897 = DIRECTION ( 'NONE',  ( 0.3511234415885084448, -0.9363291775690008034, 4.820554145996749075E-16 ) ) ;
#3898 = CARTESIAN_POINT ( 'NONE',  ( 0.2483888423748523422, 0.3760314408617059234, 0.2688843157438653431 ) ) ;
#3899 = VECTOR ( 'NONE', #9252, 39.37007874015748143 ) ;
#3900 = ORIENTED_EDGE ( 'NONE', *, *, #2369, .F. ) ;
#3901 = EDGE_CURVE ( 'NONE', #2071, #2287, #3287, .T. ) ;
#3902 = EDGE_CURVE ( 'NONE', #325, #6231, #7090, .T. ) ;
#3903 = VECTOR ( 'NONE', #8486, 39.37007874015748143 ) ;
#3904 = FACE_OUTER_BOUND ( 'NONE', #4198, .T. ) ;
#3905 = DIRECTION ( 'NONE',  ( -1.000000000000000000, -3.518308117683324880E-16, -2.626713979715460250E-16 ) ) ;
#3906 = ORIENTED_EDGE ( 'NONE', *, *, #11911, .T. ) ;
#3907 = COLOUR_RGB ( '',0.7529411764705882248, 0.7529411764705882248, 0.0000000000000000000 ) ;
#3908 = CARTESIAN_POINT ( 'NONE',  ( 0.05547545654809511728, 0.3957164802317834629, 0.1842386464525193057 ) ) ;
#3909 = CARTESIAN_POINT ( 'NONE',  ( 0.2916959289890523888, 0.2441416770821810966, 0.3456559692871527534 ) ) ;
#3910 = AXIS2_PLACEMENT_3D ( 'NONE', #6899, #9971, #12173 ) ;
#3911 = ORIENTED_EDGE ( 'NONE', *, *, #2946, .F. ) ;
#3912 = DIRECTION ( 'NONE',  ( 2.359223927328455183E-16, -3.885780586188049864E-16, -1.000000000000000000 ) ) ;
#3913 = EDGE_CURVE ( 'NONE', #10025, #9944, #239, .T. ) ;
#3914 = DIRECTION ( 'NONE',  ( 1.000000000000000000, -1.937287448275559661E-17, -2.565854121688507820E-49 ) ) ;
#3915 = PRESENTATION_STYLE_ASSIGNMENT (( #8964 ) ) ;
#3916 = DIRECTION ( 'NONE',  ( 1.000000000000000000, 0.0000000000000000000, 0.0000000000000000000 ) ) ;
#3917 = VERTEX_POINT ( 'NONE', #10416 ) ;
#3918 = VECTOR ( 'NONE', #4071, 39.37007874015748854 ) ;
#3919 = CARTESIAN_POINT ( 'NONE',  ( 0.1893337242646342400, 0.1988660865309976600, 0.1940811661375622388 ) ) ;
#3920 =( CONVERSION_BASED_UNIT ( 'INCH', #4776 ) LENGTH_UNIT ( ) NAMED_UNIT ( #3693 ) );
#3921 = DIRECTION ( 'NONE',  ( -2.359223927328455183E-16, 3.885780586188049864E-16, 1.000000000000000000 ) ) ;
#3922 = EDGE_LOOP ( 'NONE', ( #846, #822, #10866, #5397 ) ) ;
#3923 = CARTESIAN_POINT ( 'NONE',  ( 0.2483888423748704388, 0.2776062440113113983, 0.5228213236178717027 ) ) ;
#3924 = DIRECTION ( 'NONE',  ( 0.0000000000000000000, 1.000000000000000000, 0.0000000000000000000 ) ) ;
#3925 = STYLED_ITEM ( 'NONE', ( #12277 ), #12303 ) ;
#3926 = ADVANCED_FACE ( 'NONE', ( #310 ), #1056, .F. ) ;
#3927 = EDGE_LOOP ( 'NONE', ( #10860, #6139, #10914, #7887 ) ) ;
#3928 = CARTESIAN_POINT ( 'NONE',  ( 0.3625620707213386140, 0.1555589999168269788, 0.2732150244052708454 ) ) ;
#3929 = DIRECTION ( 'NONE',  ( 1.174096724532128111E-16, -1.000000000000000000, 1.665334536937734811E-16 ) ) ;
#3930 = ORIENTED_EDGE ( 'NONE', *, *, #12391, .F. ) ;
#3931 = EDGE_CURVE ( 'NONE', #12699, #222, #3106, .T. ) ;
#3932 = CARTESIAN_POINT ( 'NONE',  ( 0.2916959289890523888, 0.2441416770821810966, 0.3456559692871527534 ) ) ;
#3933 = VECTOR ( 'NONE', #8098, 39.37007874015748143 ) ;
#3934 = LINE ( 'NONE', #12009, #11986 ) ;
#3935 = CARTESIAN_POINT ( 'NONE',  ( 0.1263415982803830773, 0.3760314408617052018, 0.3456559692871649658 ) ) ;
#3936 = FACE_OUTER_BOUND ( 'NONE', #6454, .T. ) ;
#3937 = EDGE_CURVE ( 'NONE', #11259, #9064, #10230, .T. ) ;
#3938 = CARTESIAN_POINT ( 'NONE',  ( 0.09484553528826220048, 0.1555589999168269788, 0.2810890401533023275 ) ) ;
#3939 = ORIENTED_EDGE ( 'NONE', *, *, #8046, .F. ) ;
#3940 = VECTOR ( 'NONE', #5117, 39.37007874015748143 ) ;
#3941 = EDGE_CURVE ( 'NONE', #5827, #13053, #7724, .T. ) ;
#3942 = VECTOR ( 'NONE', #3252, 39.37007874015748143 ) ;
#3943 = ORIENTED_EDGE ( 'NONE', *, *, #12629, .T. ) ;
#3944 = ORIENTED_EDGE ( 'NONE', *, *, #11233, .F. ) ;
#3945 = CARTESIAN_POINT ( 'NONE',  ( 0.05547545654809700466, 0.2185511259010751717, 0.3614040007832315382 ) ) ;
#3946 = DIRECTION ( 'NONE',  ( 0.0000000000000000000, 0.0000000000000000000, -1.000000000000000000 ) ) ;
#3947 = VERTEX_POINT ( 'NONE', #4409 ) ;
#3948 =( NAMED_UNIT ( * ) PLANE_ANGLE_UNIT ( ) SI_UNIT ( $, .RADIAN. ) );
#3949 = VERTEX_POINT ( 'NONE', #1711 ) ;
#3950 = FACE_OUTER_BOUND ( 'NONE', #8874, .T. ) ;
#3951 = ORIENTED_EDGE ( 'NONE', *, *, #7041, .F. ) ;
#3952 =( NAMED_UNIT ( * ) PLANE_ANGLE_UNIT ( ) SI_UNIT ( $, .RADIAN. ) );
#3953 = DIRECTION ( 'NONE',  ( 0.0000000000000000000, 0.9922778767136850586, 0.1240347345890695785 ) ) ;
#3954 = VERTEX_POINT ( 'NONE', #11554 ) ;
#3955 = ORIENTED_EDGE ( 'NONE', *, *, #12761, .F. ) ;
#3956 = EDGE_CURVE ( 'NONE', #2903, #880, #4852, .T. ) ;
#3957 = CARTESIAN_POINT ( 'NONE',  ( 0.2517734973827852607, 0.5400072084639357950, 0.2669158118068457042 ) ) ;
#3958 = VERTEX_POINT ( 'NONE', #5731 ) ;
#3959 = ORIENTED_EDGE ( 'NONE', *, *, #6281, .T. ) ;
#3960 = FACE_BOUND ( 'NONE', #12171, .T. ) ;
#3961 = VECTOR ( 'NONE', #12582, 39.37007874015748143 ) ;
#3962 = ORIENTED_EDGE ( 'NONE', *, *, #9906, .F. ) ;
#3963 = DIRECTION ( 'NONE',  ( -1.000000000000000000, -1.356991020290373981E-16, 0.0000000000000000000 ) ) ;
#3964 = DIRECTION ( 'NONE',  ( 1.608386623408229791E-17, 1.526556658859589750E-16, 1.000000000000000000 ) ) ;
#3965 = ORIENTED_EDGE ( 'NONE', *, *, #1080, .F. ) ;
#3966 = DIRECTION ( 'NONE',  ( 1.000000000000000000, 0.0000000000000000000, 0.0000000000000000000 ) ) ;
#3967 = VECTOR ( 'NONE', #5949, 39.37007874015748143 ) ;
#3968 = LINE ( 'NONE', #8886, #6230 ) ;
#3969 = EDGE_LOOP ( 'NONE', ( #353, #7205, #2780, #11755 ) ) ;
#3970 = CARTESIAN_POINT ( 'NONE',  ( 0.1361841179654072753, 0.5295747479483235987, 0.2688843157438653431 ) ) ;
#3971 = EDGE_CURVE ( 'NONE', #4538, #11490, #1778, .T. ) ;
#3972 = DIRECTION ( 'NONE',  ( 0.0000000000000000000, 0.0000000000000000000, -1.000000000000000000 ) ) ;
#3973 = EDGE_CURVE ( 'NONE', #8542, #8082, #2756, .T. ) ;
#3974 = VERTEX_POINT ( 'NONE', #8453 ) ;
#3975 = PLANE ( 'NONE',  #5277 ) ;
#3976 = CARTESIAN_POINT ( 'NONE',  ( 0.03972742505202851021, 0.2185511259010751717, 0.3771520322792893953 ) ) ;
#3977 = DIRECTION ( 'NONE',  ( -4.055465256288975520E-16, 0.7071067811865474617, 0.7071067811865474617 ) ) ;
#3978 = AXIS2_PLACEMENT_3D ( 'NONE', #1582, #3617, #4471 ) ;
#3979 = ORIENTED_EDGE ( 'NONE', *, *, #6269, .F. ) ;
#3980 = ORIENTED_EDGE ( 'NONE', *, *, #1213, .T. ) ;
#3981 = CARTESIAN_POINT ( 'NONE',  ( 0.09484553528826220048, 0.1555589999168269788, 0.3456559692871708500 ) ) ;
#3982 = EDGE_CURVE ( 'NONE', #5470, #154, #10554, .T. ) ;
#3983 = CARTESIAN_POINT ( 'NONE',  ( 0.3212234880441705021, 0.1437479762947814765, 0.3456559692871527534 ) ) ;
#3984 = ORIENTED_EDGE ( 'NONE', *, *, #6903, .F. ) ;
#3985 = ITEM_DEFINED_TRANSFORMATION ( 'NONE', 'NONE', #12010,  #7280 ) ;
#3986 = STYLED_ITEM ( 'NONE', ( #4805 ), #1514 ) ;
#3987 = PLANE ( 'NONE',  #9559 ) ;
#3988 =( LENGTH_UNIT ( ) NAMED_UNIT ( * ) SI_UNIT ( $, .METRE. ) );
#3989 =( CONVERSION_BASED_UNIT ( 'INCH', #10136 ) LENGTH_UNIT ( ) NAMED_UNIT ( #11960 ) );
#3990 = ORIENTED_EDGE ( 'NONE', *, *, #11415, .F. ) ;
#3991 = EDGE_CURVE ( 'NONE', #9145, #10974, #10944, .T. ) ;
#3992 = VECTOR ( 'NONE', #9596, 39.37007874015748143 ) ;
#3993 = CARTESIAN_POINT ( 'NONE',  ( 0.2326408108788039775, 0.05713380306642409229, 0.1901441582635393646 ) ) ;
#3994 = EDGE_CURVE ( 'NONE', #1156, #4005, #8791, .T. ) ;
#3995 = DIRECTION ( 'NONE',  ( -1.937287448275559661E-17, -1.000000000000000000, -8.220413448604588965E-18 ) ) ;
#3996 = SURFACE_STYLE_USAGE ( .BOTH. , #7050 ) ;
#3997 = FILL_AREA_STYLE_COLOUR ( '', #9249 ) ;
#3998 = CARTESIAN_POINT ( 'NONE',  ( 0.2483888423748523422, 0.4272125432239181064, 0.2688843157438653431 ) ) ;
#3999 = ADVANCED_FACE ( 'NONE', ( #9549 ), #454, .F. ) ;
#4000 = CARTESIAN_POINT ( 'NONE',  ( 0.05547545654809511728, 0.3957164802317834629, 0.5228213236178701484 ) ) ;
#4001 = ORIENTED_EDGE ( 'NONE', *, *, #12689, .T. ) ;
#4002 = ORIENTED_EDGE ( 'NONE', *, *, #10409, .T. ) ;
#4003 = CARTESIAN_POINT ( 'NONE',  ( 0.08106600772921163101, 0.1555589999168269788, 0.2554984889721937380 ) ) ;
#4004 = CARTESIAN_POINT ( 'NONE',  ( 0.2208297872567575038, -0.05703942528004480456, 0.4515614810981850025 ) ) ;
#4005 = VERTEX_POINT ( 'NONE', #1388 ) ;
#4006 = DIRECTION ( 'NONE',  ( -0.3511234415877496073, -0.9363291775692852426, 1.485833765564396243E-16 ) ) ;
#4007 = CARTESIAN_POINT ( 'NONE',  ( 0.09484553528825255542, 0.08862986605855728561, 0.1901441582635393646 ) ) ;
#4008 = EDGE_CURVE ( 'NONE', #11143, #10690, #5416, .T. ) ;
#4009 = CARTESIAN_POINT ( 'NONE',  ( 0.3090187636347015987, 0.08075585031051535356, 0.2515614810981878224 ) ) ;
#4010 = VECTOR ( 'NONE', #7057, 39.37007874015748143 ) ;
#4011 = EDGE_CURVE ( 'NONE', #11040, #13077, #5875, .T. ) ;
#4012 = DIRECTION ( 'NONE',  ( 4.283287147278279229E-17, 1.665334536937734811E-16, 1.000000000000000000 ) ) ;
#4013 = CARTESIAN_POINT ( 'NONE',  ( 0.2326408108788039775, 0.2972912833813901590, 0.3614040007832315382 ) ) ;
#4014 = ORIENTED_EDGE ( 'NONE', *, *, #10537, .T. ) ;
#4015 = VERTEX_POINT ( 'NONE', #3744 ) ;
#4016 = DIRECTION ( 'NONE',  ( 1.000000000000000000, -1.937287448275629611E-17, 8.833616147085620181E-14 ) ) ;
#4017 = ORIENTED_EDGE ( 'NONE', *, *, #9288, .T. ) ;
#4018 = VERTEX_POINT ( 'NONE', #10485 ) ;
#4019 = CIRCLE ( 'NONE', #12526, 0.01770302147941842791 ) ;
#4020 = STYLED_ITEM ( 'NONE', ( #1153 ), #3118 ) ;
#4021 = VERTEX_POINT ( 'NONE', #3353 ) ;
#4022 =( LENGTH_UNIT ( ) NAMED_UNIT ( * ) SI_UNIT ( $, .METRE. ) );
#4023 = CARTESIAN_POINT ( 'NONE',  ( 0.1208297872567765802, 0.05713380306641543255, 0.2515614810981878224 ) ) ;
#4024 = ORIENTED_EDGE ( 'NONE', *, *, #2526, .T. ) ;
#4025 = SURFACE_STYLE_USAGE ( .BOTH. , #7142 ) ;
#4026 = ORIENTED_EDGE ( 'NONE', *, *, #8951, .F. ) ;
#4027 = EDGE_CURVE ( 'NONE', #12985, #8595, #6414, .T. ) ;
#4028 = AXIS2_PLACEMENT_3D ( 'NONE', #11418, #2193, #1186 ) ;
#4029 = VECTOR ( 'NONE', #676, 39.37007874015748143 ) ;
#4030 = CARTESIAN_POINT ( 'NONE',  ( 0.3468140392252720416, 0.1555589999168269788, 0.2062465204682519537 ) ) ;
#4031 = ORIENTED_EDGE ( 'NONE', *, *, #3152, .F. ) ;
#4032 = DIRECTION ( 'NONE',  ( 0.0000000000000000000, 0.0000000000000000000, 1.000000000000000000 ) ) ;
#4033 = PLANE ( 'NONE',  #5102 ) ;
#4034 = EDGE_LOOP ( 'NONE', ( #6974, #277, #11008, #3556 ) ) ;
#4035 = CARTESIAN_POINT ( 'NONE',  ( 0.2385463226898389966, -0.07278745677610237719, 0.4397504574761377794 ) ) ;
#4036 = PLANE ( 'NONE',  #4072 ) ;
#4037 = DIRECTION ( 'NONE',  ( 0.0000000000000000000, -1.000000000000000000, 0.0000000000000000000 ) ) ;
#4038 = AXIS2_PLACEMENT_3D ( 'NONE', #11944, #4482, #382 ) ;
#4039 = ORIENTED_EDGE ( 'NONE', *, *, #11175, .F. ) ;
#4040 = EDGE_CURVE ( 'NONE', #8124, #5770, #12879, .T. ) ;
#4041 = EDGE_CURVE ( 'NONE', #4381, #2899, #7788, .T. ) ;
#4042 = CARTESIAN_POINT ( 'NONE',  ( 0.2578499614198898615, 0.5295747479483167153, 0.4243961267674756233 ) ) ;
#4043 = DIRECTION ( 'NONE',  ( 0.4472135955002290997, 0.8944271909997801862, -1.437323020766680012E-16 ) ) ;
#4044 = ORIENTED_EDGE ( 'NONE', *, *, #9291, .T. ) ;
#4045 = UNCERTAINTY_MEASURE_WITH_UNIT (LENGTH_MEASURE( 1.000000000000000082E-05 ), #12339, 'distance_accuracy_value', 'NONE');
#4046 = AXIS2_PLACEMENT_3D ( 'NONE', #12626, #3493, #11550 ) ;
#4047 = ORIENTED_EDGE ( 'NONE', *, *, #892, .F. ) ;
#4048 = DIRECTION ( 'NONE',  ( 0.0000000000000000000, 8.220413448604739958E-18, -1.000000000000000000 ) ) ;
#4049 = DIRECTION ( 'NONE',  ( 0.0000000000000000000, 1.000000000000000000, 0.0000000000000000000 ) ) ;
#4050 = EDGE_LOOP ( 'NONE', ( #8353, #9264, #8742, #8887 ) ) ;
#4051 = PRESENTATION_LAYER_ASSIGNMENT (  '', '', ( #467 ) ) ;
#4052 = ORIENTED_EDGE ( 'NONE', *, *, #12717, .T. ) ;
#4053 = VECTOR ( 'NONE', #920, 39.37007874015748143 ) ;
#4054 = ORIENTED_EDGE ( 'NONE', *, *, #6441, .F. ) ;
#4055 = EDGE_CURVE ( 'NONE', #5098, #369, #7856, .T. ) ;
#4056 = CARTESIAN_POINT ( 'NONE',  ( 0.2444518345008480364, 0.05713380306641550888, 0.4515614810981850025 ) ) ;
#4057 = PLANE ( 'NONE',  #5934 ) ;
#4058 = FACE_OUTER_BOUND ( 'NONE', #12569, .T. ) ;
#4059 = LINE ( 'NONE', #12324, #3933 ) ;
#4060 = VECTOR ( 'NONE', #6818, 39.37007874015748143 ) ;
#4061 = LINE ( 'NONE', #8100, #3378 ) ;
#4062 = VECTOR ( 'NONE', #6019, 39.37007874015748143 ) ;
#4063 = CARTESIAN_POINT ( 'NONE',  ( 0.1755541967055905817, 0.1437479762947637685, 0.4397504574761377794 ) ) ;
#4064 = ORIENTED_EDGE ( 'NONE', *, *, #11386, .T. ) ;
#4065 = ORIENTED_EDGE ( 'NONE', *, *, #12593, .T. ) ;
#4066 = CARTESIAN_POINT ( 'NONE',  ( 0.2326408108788039775, 0.05713380306642409229, 0.1921126622005507878 ) ) ;
#4067 = EDGE_CURVE ( 'NONE', #11099, #8082, #9476, .T. ) ;
#4068 = DIRECTION ( 'NONE',  ( 0.0000000000000000000, 0.0000000000000000000, -1.000000000000000000 ) ) ;
#4069 = EDGE_CURVE ( 'NONE', #12962, #5954, #10873, .T. ) ;
#4070 = EDGE_LOOP ( 'NONE', ( #9422, #3554, #6885, #9416 ) ) ;
#4071 = DIRECTION ( 'NONE',  ( -0.7071067811865474617, 0.7071067811865474617, -2.410737741626302641E-16 ) ) ;
#4072 = AXIS2_PLACEMENT_3D ( 'NONE', #13056, #3914, #7028 ) ;
#4073 = ORIENTED_EDGE ( 'NONE', *, *, #5695, .T. ) ;
#4074 = VECTOR ( 'NONE', #11127, 39.37007874015748854 ) ;
#4075 = CARTESIAN_POINT ( 'NONE',  ( 0.3468140392252720416, 0.1555589999168269788, 0.2062858905469921178 ) ) ;
#4076 = CARTESIAN_POINT ( 'NONE',  ( 0.2483888423748523422, 0.4547715983420212993, 0.3850260480273224872 ) ) ;
#4077 = CARTESIAN_POINT ( 'NONE',  ( 0.2208297872567575038, -0.05703942528004488088, 0.2397504574761405716 ) ) ;
#4078 = ORIENTED_EDGE ( 'NONE', *, *, #1016, .F. ) ;
#4079 = B_SPLINE_CURVE_WITH_KNOTS ( 'NONE', 3,
 ( #6479, #11345, #5337, #236, #11476, #4267, #8314, #6335 ),
 .UNSPECIFIED., .F., .F.,
 ( 4, 2, 2, 4 ),
 ( 1.058749929371489123E-17, 0.0004575541290071713095, 0.0006863311935107489683, 0.0009151082580143264644 ),
 .UNSPECIFIED. ) ;
#4080 = ORIENTED_EDGE ( 'NONE', *, *, #3971, .T. ) ;
#4081 = CARTESIAN_POINT ( 'NONE',  ( 0.2562628581229023927, 0.08862986605856654210, 0.4515614810981740113 ) ) ;
#4082 = CIRCLE ( 'NONE', #4282, 0.01574803149606299885 ) ;
#4083 = ORIENTED_EDGE ( 'NONE', *, *, #9682, .F. ) ;
#4084 = FILL_AREA_STYLE_COLOUR ( '', #8052 ) ;
#4085 = FACE_OUTER_BOUND ( 'NONE', #515, .T. ) ;
#4086 = EDGE_CURVE ( 'NONE', #9713, #2847, #9876, .T. ) ;
#4087 = DIRECTION ( 'NONE',  ( -1.937287448275559661E-17, -1.000000000000000000, -8.220413448604588965E-18 ) ) ;
#4088 = FACE_OUTER_BOUND ( 'NONE', #12772, .T. ) ;
#4089 = CARTESIAN_POINT ( 'NONE',  ( 0.2221780689372488127, 0.4272125432239181064, 0.4007740795234071007 ) ) ;
#4090 = LINE ( 'NONE', #2977, #7444 ) ;
#4091 = ORIENTED_EDGE ( 'NONE', *, *, #8179, .F. ) ;
#4092 = AXIS2_PLACEMENT_3D ( 'NONE', #8582, #12683, #4606 ) ;
#4093 =( GEOMETRIC_REPRESENTATION_CONTEXT ( 3 ) GLOBAL_UNCERTAINTY_ASSIGNED_CONTEXT ( ( #608 ) ) GLOBAL_UNIT_ASSIGNED_CONTEXT ( ( #9136, #3952, #10091 ) ) REPRESENTATION_CONTEXT ( 'NONE', 'WORKASPACE' ) );
#4094 = ORIENTED_EDGE ( 'NONE', *, *, #10845, .F. ) ;
#4095 = DIRECTION ( 'NONE',  ( 0.0000000000000000000, 8.220413448604739958E-18, -1.000000000000000000 ) ) ;
#4096 = CARTESIAN_POINT ( 'NONE',  ( 0.3305208835620728758, 0.4079514893171787282, 0.4991992763737755912 ) ) ;
#4097 = ORIENTED_EDGE ( 'NONE', *, *, #4069, .F. ) ;
#4098 = FACE_OUTER_BOUND ( 'NONE', #4144, .T. ) ;
#4099 = VECTOR ( 'NONE', #6787, 39.37007874015748143 ) ;
#4100 =( LENGTH_UNIT ( ) NAMED_UNIT ( * ) SI_UNIT ( $, .METRE. ) );
#4101 = EDGE_CURVE ( 'NONE', #8931, #7837, #2161, .T. ) ;
#4102 = VECTOR ( 'NONE', #6973, 39.37007874015748143 ) ;
#4103 = LINE ( 'NONE', #1886, #13145 ) ;
#4104 = ORIENTED_EDGE ( 'NONE', *, *, #1724, .T. ) ;
#4105 = CARTESIAN_POINT ( 'NONE',  ( 0.2431035528205066909, 0.1988660865309976600, 0.4007740795233787345 ) ) ;
#4106 = VECTOR ( 'NONE', #854, 39.37007874015748143 ) ;
#4107 = DIRECTION ( 'NONE',  ( 0.0000000000000000000, -1.000000000000000000, 0.0000000000000000000 ) ) ;
#4108 = ORIENTED_EDGE ( 'NONE', *, *, #7247, .F. ) ;
#4109 = VECTOR ( 'NONE', #11427, 39.37007874015748143 ) ;
#4110 = EDGE_LOOP ( 'NONE', ( #1986, #6086, #3236, #10264 ) ) ;
#4111 = CARTESIAN_POINT ( 'NONE',  ( 0.2431035528205071072, -0.07318115756351298296, 0.2905378590509511971 ) ) ;
#4112 = LINE ( 'NONE', #5365, #2386 ) ;
#4113 = EDGE_CURVE ( 'NONE', #9501, #6283, #12206, .T. ) ;
#4114 = ORIENTED_EDGE ( 'NONE', *, *, #8816, .F. ) ;
#4115 =( GEOMETRIC_REPRESENTATION_CONTEXT ( 3 ) GLOBAL_UNCERTAINTY_ASSIGNED_CONTEXT ( ( #1945 ) ) GLOBAL_UNIT_ASSIGNED_CONTEXT ( ( #1720, #3948, #3815 ) ) REPRESENTATION_CONTEXT ( 'NONE', 'WORKASPACE' ) );
#4116 = CARTESIAN_POINT ( 'NONE',  ( 0.1558691573354860360, 0.7897218048774075072, 0.4007740795233709075 ) ) ;
#4117 = DIRECTION ( 'NONE',  ( 0.5773502691896257311, -0.5773502691896257311, 0.5773502691896257311 ) ) ;
#4118 = DIMENSIONAL_EXPONENTS ( 1.000000000000000000, 0.0000000000000000000, 0.0000000000000000000, 0.0000000000000000000, 0.0000000000000000000, 0.0000000000000000000, 0.0000000000000000000 ) ;
#4119 = DIRECTION ( 'NONE',  ( -1.000000000000000000, 0.0000000000000000000, 0.0000000000000000000 ) ) ;
#4120 = CARTESIAN_POINT ( 'NONE',  ( 0.3940581337134496653, 0.05713380306642409229, 0.1684906149564565081 ) ) ;
#4121 =( CONVERSION_BASED_UNIT ( 'INCH', #148 ) LENGTH_UNIT ( ) NAMED_UNIT ( #8962 ) );
#4122 = VECTOR ( 'NONE', #6704, 39.37007874015748143 ) ;
#4123 = LENGTH_MEASURE_WITH_UNIT ( LENGTH_MEASURE( 0.02539999999999999897 ), #5935 );
#4124 = LINE ( 'NONE', #6987, #2334 ) ;
#4125 = FACE_OUTER_BOUND ( 'NONE', #12408, .T. ) ;
#4126 = EDGE_CURVE ( 'NONE', #9933, #8815, #4924, .T. ) ;
#4127 = ORIENTED_EDGE ( 'NONE', *, *, #13140, .T. ) ;
#4128 = DIRECTION ( 'NONE',  ( 0.0000000000000000000, -1.000000000000000000, 0.0000000000000000000 ) ) ;
#4129 = DIRECTION ( 'NONE',  ( -2.359223927328455183E-16, 3.885780586188049864E-16, 1.000000000000000000 ) ) ;
#4130 = VERTEX_POINT ( 'NONE', #3873 ) ;
#4131 = SURFACE_SIDE_STYLE ('',( #101 ) ) ;
#4132 = AXIS2_PLACEMENT_3D ( 'NONE', #9306, #9057, #3130 ) ;
#4133 = CARTESIAN_POINT ( 'NONE',  ( 0.07319199198116595195, 0.4297564560040102455, 0.2505015174397472455 ) ) ;
#4134 = EDGE_CURVE ( 'NONE', #2208, #12312, #1154, .T. ) ;
#4135 = AXIS2_PLACEMENT_3D ( 'NONE', #8532, #7541, #10490 ) ;
#4136 = FACE_OUTER_BOUND ( 'NONE', #4556, .T. ) ;
#4137 = VERTEX_POINT ( 'NONE', #9123 ) ;
#4138 = ORIENTED_EDGE ( 'NONE', *, *, #3443, .T. ) ;
#4139 = LINE ( 'NONE', #8182, #3201 ) ;
#4140 = ORIENTED_EDGE ( 'NONE', *, *, #9906, .T. ) ;
#4141 = ORIENTED_EDGE ( 'NONE', *, *, #2387, .F. ) ;
#4142 = CARTESIAN_POINT ( 'NONE',  ( 0.3625620707213386140, 0.1555589999168271731, 0.4732150244052676924 ) ) ;
#4143 = LINE ( 'NONE', #10164, #507 ) ;
#4144 = EDGE_LOOP ( 'NONE', ( #4261, #11593, #6900, #12496 ) ) ;
#4145 = CARTESIAN_POINT ( 'NONE',  ( 0.2916959289890401763, 0.1279999447987147654, 0.1901441582635393646 ) ) ;
#4146 = VECTOR ( 'NONE', #2683, 39.37007874015748143 ) ;
#4147 = CIRCLE ( 'NONE', #11602, 0.07874015748031495954 ) ;
#4148 =( CONVERSION_BASED_UNIT ( 'INCH', #7950 ) LENGTH_UNIT ( ) NAMED_UNIT ( #7765 ) );
#4149 = EDGE_LOOP ( 'NONE', ( #1833, #9528, #8194, #9259, #713, #732, #1441 ) ) ;
#4150 = EDGE_CURVE ( 'NONE', #9788, #5307, #7924, .T. ) ;
#4151 = DIRECTION ( 'NONE',  ( 0.4472135955003642693, -0.8944271909997126846, 4.898503433089687721E-16 ) ) ;
#4152 = ORIENTED_EDGE ( 'NONE', *, *, #11529, .T. ) ;
#4153 = UNCERTAINTY_MEASURE_WITH_UNIT (LENGTH_MEASURE( 1.000000000000000082E-05 ), #7064, 'distance_accuracy_value', 'NONE');
#4154 = AXIS2_PLACEMENT_3D ( 'NONE', #6651, #10728, #12667 ) ;
#4155 = DIRECTION ( 'NONE',  ( 0.1240347345890696062, -0.9922778767136850586, 0.0000000000000000000 ) ) ;
#4156 = CARTESIAN_POINT ( 'NONE',  ( 0.2562628581229027813, 0.08075585031050630525, 0.2515614810981878224 ) ) ;
#4157 = ADVANCED_FACE ( 'NONE', ( #11134 ), #2890, .T. ) ;
#4158 = ORIENTED_EDGE ( 'NONE', *, *, #955, .F. ) ;
#4159 = FILL_AREA_STYLE ('',( #2380 ) ) ;
#4160 = DIRECTION ( 'NONE',  ( 1.000000000000000000, 0.0000000000000000000, 0.0000000000000000000 ) ) ;
#4161 = DIRECTION ( 'NONE',  ( -1.000000000000000000, -1.408738150179759833E-16, 6.014894242100889598E-18 ) ) ;
#4162 = VERTEX_POINT ( 'NONE', #3938 ) ;
#4163 = AXIS2_PLACEMENT_3D ( 'NONE', #11767, #2585, #5491 ) ;
#4164 = ADVANCED_FACE ( 'NONE', ( #4125 ), #6933, .T. ) ;
#4165 = ADVANCED_FACE ( 'NONE', ( #8919 ), #13015, .T. ) ;
#4166 = LINE ( 'NONE', #8204, #2424 ) ;
#4167 = ORIENTED_EDGE ( 'NONE', *, *, #7810, .F. ) ;
#4168 = UNCERTAINTY_MEASURE_WITH_UNIT (LENGTH_MEASURE( 1.000000000000000082E-05 ), #3128, 'distance_accuracy_value', 'NONE');
#4169 = EDGE_CURVE ( 'NONE', #3808, #10690, #6988, .T. ) ;
#4170 = VERTEX_POINT ( 'NONE', #7121 ) ;
#4171 = LENGTH_MEASURE_WITH_UNIT ( LENGTH_MEASURE( 0.02539999999999999897 ), #5099 );
#4172 = ORIENTED_EDGE ( 'NONE', *, *, #6772, .F. ) ;
#4173 = CARTESIAN_POINT ( 'NONE',  ( 0.2326408108788039775, 0.7028030944050177586, 0.3929000637753539138 ) ) ;
#4174 = VECTOR ( 'NONE', #3771, 39.37007874015748143 ) ;
#4175 =( NAMED_UNIT ( * ) SI_UNIT ( $, .STERADIAN. ) SOLID_ANGLE_UNIT ( ) );
#4176 = VERTEX_POINT ( 'NONE', #12016 ) ;
#4177 = SURFACE_SIDE_STYLE ('',( #12318 ) ) ;
#4178 = CARTESIAN_POINT ( 'NONE',  ( 0.2326408108788161622, 0.1555589999168269788, 0.2810890401533023275 ) ) ;
#4179 = ORIENTED_EDGE ( 'NONE', *, *, #11326, .T. ) ;
#4180 = ORIENTED_EDGE ( 'NONE', *, *, #2881, .F. ) ;
#4181 =( NAMED_UNIT ( * ) SI_UNIT ( $, .STERADIAN. ) SOLID_ANGLE_UNIT ( ) );
#4182 = AXIS2_PLACEMENT_3D ( 'NONE', #6271, #6405, #119 ) ;
#4183 = EDGE_CURVE ( 'NONE', #8364, #6395, #8168, .T. ) ;
#4184 = DIRECTION ( 'NONE',  ( -3.518308117683324880E-16, 1.000000000000000000, -4.163336342344335054E-16 ) ) ;
#4185 = FACE_OUTER_BOUND ( 'NONE', #8794, .T. ) ;
#4186 = CARTESIAN_POINT ( 'NONE',  ( 0.3920896297764417393, 0.1791810471609177058, 0.3653410086572472792 ) ) ;
#4187 =( LENGTH_UNIT ( ) NAMED_UNIT ( * ) SI_UNIT ( $, .METRE. ) );
#4188 = LINE ( 'NONE', #3466, #2763 ) ;
#4189 = ORIENTED_EDGE ( 'NONE', *, *, #12641, .F. ) ;
#4190 = AXIS2_PLACEMENT_3D ( 'NONE', #5156, #12056, #8144 ) ;
#4191 = PLANE ( 'NONE',  #12839 ) ;
#4192 = CARTESIAN_POINT ( 'NONE',  ( 0.1643993410625332607, 0.6070025694706279173, 0.3942123997333605856 ) ) ;
#4193 = DIRECTION ( 'NONE',  ( -2.626713979715460250E-16, 4.163336342344334068E-16, 1.000000000000000000 ) ) ;
#4194 = ADVANCED_FACE ( 'NONE', ( #10076 ), #12273, .T. ) ;
#4195 = EDGE_CURVE ( 'NONE', #10335, #4846, #13141, .T. ) ;
#4196 = VECTOR ( 'NONE', #11788, 39.37007874015748143 ) ;
#4197 = LINE ( 'NONE', #12606, #7610 ) ;
#4198 = EDGE_LOOP ( 'NONE', ( #9969, #9604, #7694, #8529 ) ) ;
#4199 = SURFACE_STYLE_FILL_AREA ( #2293 ) ;
#4200 = ORIENTED_EDGE ( 'NONE', *, *, #2315, .F. ) ;
#4201 = PLANE ( 'NONE',  #7032 ) ;
#4202 = EDGE_LOOP ( 'NONE', ( #10108, #8898, #9142, #12910 ) ) ;
#4203 = ORIENTED_EDGE ( 'NONE', *, *, #4417, .F. ) ;
#4204 = DIRECTION ( 'NONE',  ( 0.0000000000000000000, 1.000000000000000000, 0.0000000000000000000 ) ) ;
#4205 = DIRECTION ( 'NONE',  ( 2.359223927328455183E-16, -3.885780586188049864E-16, -1.000000000000000000 ) ) ;
#4206 = DIRECTION ( 'NONE',  ( -1.937287448275559661E-17, -1.000000000000000000, -8.220413448604588965E-18 ) ) ;
#4207 = DIRECTION ( 'NONE',  ( 1.000000000000000000, 0.0000000000000000000, 0.0000000000000000000 ) ) ;
#4208 = CARTESIAN_POINT ( 'NONE',  ( 0.1893337242646342400, 0.7897218048774075072, 0.2236087251926807129 ) ) ;
#4209 = LINE ( 'NONE', #11471, #2802 ) ;
#4210 = DIRECTION ( 'NONE',  ( 1.000000000000000000, 3.518308117683325866E-16, 2.626713979715460250E-16 ) ) ;
#4211 = ORIENTED_EDGE ( 'NONE', *, *, #11218, .F. ) ;
#4212 = VECTOR ( 'NONE', #9579, 39.37007874015748143 ) ;
#4213 = AXIS2_PLACEMENT_3D ( 'NONE', #10023, #3887, #3953 ) ;
#4214 = LINE ( 'NONE', #3158, #12550 ) ;
#4215 = LINE ( 'NONE', #12177, #7225 ) ;
#4216 = ORIENTED_EDGE ( 'NONE', *, *, #8132, .F. ) ;
#4217 = DIRECTION ( 'NONE',  ( 0.0000000000000000000, 0.0000000000000000000, 1.000000000000000000 ) ) ;
#4218 = EDGE_CURVE ( 'NONE', #446, #11007, #8101, .T. ) ;
#4219 = CARTESIAN_POINT ( 'NONE',  ( 0.2090187636347027589, 0.08075585031051535356, 0.2515614810981878224 ) ) ;
#4220 = ORIENTED_EDGE ( 'NONE', *, *, #6116, .T. ) ;
#4221 =( GEOMETRIC_REPRESENTATION_CONTEXT ( 3 ) GLOBAL_UNCERTAINTY_ASSIGNED_CONTEXT ( ( #4287 ) ) GLOBAL_UNIT_ASSIGNED_CONTEXT ( ( #12919, #3780, #3047 ) ) REPRESENTATION_CONTEXT ( 'NONE', 'WORKASPACE' ) );
#4222 = VECTOR ( 'NONE', #10005, 39.37007874015748143 ) ;
#4223 = CARTESIAN_POINT ( 'NONE',  ( 0.3468140392252720416, 0.1555589999168269788, 0.2062465204682519537 ) ) ;
#4224 = EDGE_CURVE ( 'NONE', #8082, #659, #11257, .T. ) ;
#4225 = DIRECTION ( 'NONE',  ( 1.000000000000000000, 3.518308117683325866E-16, 2.626713979715460250E-16 ) ) ;
#4226 = FACE_OUTER_BOUND ( 'NONE', #10699, .T. ) ;
#4227 = EDGE_LOOP ( 'NONE', ( #11537, #7087, #5997, #12864 ) ) ;
#4228 = AXIS2_PLACEMENT_3D ( 'NONE', #12037, #2914, #8813 ) ;
#4229 = ORIENTED_EDGE ( 'NONE', *, *, #1016, .T. ) ;
#4230 =( NAMED_UNIT ( * ) SI_UNIT ( $, .STERADIAN. ) SOLID_ANGLE_UNIT ( ) );
#4231 = VECTOR ( 'NONE', #11929, 39.37007874015748143 ) ;
#4232 = EDGE_CURVE ( 'NONE', #5605, #6345, #9186, .T. ) ;
#4233 = VERTEX_POINT ( 'NONE', #7053 ) ;
#4234 = LINE ( 'NONE', #10511, #7281 ) ;
#4235 = CARTESIAN_POINT ( 'NONE',  ( 0.3468140392252653248, 0.1791810471609177058, 0.3259709299170831520 ) ) ;
#4236 = EDGE_CURVE ( 'NONE', #4821, #3093, #6125, .T. ) ;
#4237 = ORIENTED_EDGE ( 'NONE', *, *, #667, .F. ) ;
#4238 = VECTOR ( 'NONE', #10549, 39.37007874015748143 ) ;
#4239 = CARTESIAN_POINT ( 'NONE',  ( 0.3625620707213386140, 0.1555589999168269788, 0.2180969141690468349 ) ) ;
#4240 = LINE ( 'NONE', #6308, #3903 ) ;
#4241 = CARTESIAN_POINT ( 'NONE',  ( 0.2877589211150279325, 0.2972912833813901590, 0.1684906149564565081 ) ) ;
#4242 = CARTESIAN_POINT ( 'NONE',  ( 0.2483888423748704388, 0.1988660865309964665, 0.1684906149564565081 ) ) ;
#4243 = FACE_OUTER_BOUND ( 'NONE', #8065, .T. ) ;
#4244 = CARTESIAN_POINT ( 'NONE',  ( 0.2405148266268504198, 0.3760314408617055348, 0.4259709299170676977 ) ) ;
#4245 = MECHANICAL_DESIGN_GEOMETRIC_PRESENTATION_REPRESENTATION (  '', ( #8713 ), #5974 ) ;
#4246 = ORIENTED_EDGE ( 'NONE', *, *, #6193, .F. ) ;
#4247 = VECTOR ( 'NONE', #1615, 39.37007874015748143 ) ;
#4248 = DIRECTION ( 'NONE',  ( 0.0000000000000000000, 0.0000000000000000000, 1.000000000000000000 ) ) ;
#4249 = EDGE_CURVE ( 'NONE', #1002, #9300, #3133, .T. ) ;
#4250 = CARTESIAN_POINT ( 'NONE',  ( 0.3586250628473003355, 0.3760314408617052018, 0.2905378590509409831 ) ) ;
#4251 = ORIENTED_EDGE ( 'NONE', *, *, #7471, .T. ) ;
#4252 = LINE ( 'NONE', #3200, #11509 ) ;
#4253 = AXIS2_PLACEMENT_3D ( 'NONE', #9905, #8950, #4884 ) ;
#4254 = DIRECTION ( 'NONE',  ( 1.000000000000000000, 0.0000000000000000000, 0.0000000000000000000 ) ) ;
#4255 = EDGE_LOOP ( 'NONE', ( #742, #12824, #7456, #10987, #9382, #11596, #1848, #6074 ) ) ;
#4256 = ORIENTED_EDGE ( 'NONE', *, *, #4904, .F. ) ;
#4257 = CARTESIAN_POINT ( 'NONE',  ( 0.2483888423748613905, 0.7897218048774075072, 0.3456559692871649658 ) ) ;
#4258 = ORIENTED_EDGE ( 'NONE', *, *, #1725, .F. ) ;
#4259 = ORIENTED_EDGE ( 'NONE', *, *, #152, .F. ) ;
#4260 = VECTOR ( 'NONE', #868, 39.37007874015748143 ) ;
#4261 = ORIENTED_EDGE ( 'NONE', *, *, #7195, .F. ) ;
#4262 = EDGE_CURVE ( 'NONE', #11375, #9832, #5181, .T. ) ;
#4263 = MECHANICAL_DESIGN_GEOMETRIC_PRESENTATION_REPRESENTATION (  '', ( #1990 ), #1316 ) ;
#4264 = DIRECTION ( 'NONE',  ( -1.316334802367149914E-16, 1.000000000000000000, -1.526556658859589750E-16 ) ) ;
#4265 = FACE_OUTER_BOUND ( 'NONE', #10099, .T. ) ;
#4266 = VERTEX_POINT ( 'NONE', #6250 ) ;
#4267 = CARTESIAN_POINT ( 'NONE',  ( 0.2266953993139451118, 0.5520926333236358952, 0.2669158118068457597 ) ) ;
#4268 = ORIENTED_EDGE ( 'NONE', *, *, #3710, .F. ) ;
#4269 = AXIS2_PLACEMENT_3D ( 'NONE', #6306, #6372, #8279 ) ;
#4270 = CARTESIAN_POINT ( 'NONE',  ( 0.2562628581229023927, 0.08862986605856654210, 0.4397504574761377794 ) ) ;
#4271 = DIRECTION ( 'NONE',  ( -0.9922778767136850586, -0.1240347345890695785, 0.0000000000000000000 ) ) ;
#4272 = ORIENTED_EDGE ( 'NONE', *, *, #13092, .F. ) ;
#4273 = FACE_OUTER_BOUND ( 'NONE', #9908, .T. ) ;
#4274 = PLANE ( 'NONE',  #12601 ) ;
#4275 = EDGE_CURVE ( 'NONE', #4589, #9984, #2345, .T. ) ;
#4276 = DIRECTION ( 'NONE',  ( 1.000000000000000000, -1.937287448275559661E-17, 0.0000000000000000000 ) ) ;
#4277 = ADVANCED_FACE ( 'NONE', ( #4447 ), #1422, .F. ) ;
#4278 = LINE ( 'NONE', #8326, #5467 ) ;
#4279 = VECTOR ( 'NONE', #2497, 39.37007874015748143 ) ;
#4280 = FILL_AREA_STYLE ('',( #8075 ) ) ;
#4281 = EDGE_LOOP ( 'NONE', ( #10308, #4803, #8811, #7521 ) ) ;
#4282 = AXIS2_PLACEMENT_3D ( 'NONE', #12548, #4552, #5410 ) ;
#4283 = CARTESIAN_POINT ( 'NONE',  ( 0.3562628581229011493, 0.08862986605856654210, 0.2515614810981767757 ) ) ;
#4284 = CARTESIAN_POINT ( 'NONE',  ( 0.2483888423748523422, 0.1988660865309976600, 0.3161284102320469080 ) ) ;
#4285 = CARTESIAN_POINT ( 'NONE',  ( 0.07712899985517106261, 0.1988660865309976600, 0.1940811661375445030 ) ) ;
#4286 = ORIENTED_EDGE ( 'NONE', *, *, #5841, .F. ) ;
#4287 = UNCERTAINTY_MEASURE_WITH_UNIT (LENGTH_MEASURE( 1.000000000000000082E-05 ), #12919, 'distance_accuracy_value', 'NONE');
#4288 = EDGE_CURVE ( 'NONE', #10122, #4684, #4188, .T. ) ;
#4289 = VECTOR ( 'NONE', #3665, 39.37007874015748854 ) ;
#4290 = VERTEX_POINT ( 'NONE', #4311 ) ;
#4291 = CARTESIAN_POINT ( 'NONE',  ( 0.1755541967055905817, 0.1791810471608999700, 0.2397504574761405716 ) ) ;
#4292 = VECTOR ( 'NONE', #4848, 39.37007874015748143 ) ;
#4293 = EDGE_LOOP ( 'NONE', ( #5562, #9674, #4629, #6023 ) ) ;
#4294 = DIRECTION ( 'NONE',  ( -1.608386623408229791E-17, -1.526556658859589750E-16, -1.000000000000000000 ) ) ;
#4295 = CARTESIAN_POINT ( 'NONE',  ( 0.4098061652095126295, 0.05713380306642409229, 0.5070732921218070732 ) ) ;
#4296 = DIRECTION ( 'NONE',  ( 0.0000000000000000000, 8.220413448604739958E-18, -1.000000000000000000 ) ) ;
#4297 = EDGE_LOOP ( 'NONE', ( #11540, #10037, #12782, #12505 ) ) ;
#4298 = EDGE_CURVE ( 'NONE', #12600, #7584, #8352, .T. ) ;
#4299 = PLANE ( 'NONE',  #12207 ) ;
#4300 = CARTESIAN_POINT ( 'NONE',  ( 0.2405148266268504198, 0.3760314408617052018, 0.2653410086572283721 ) ) ;
#4301 = ORIENTED_EDGE ( 'NONE', *, *, #864, .F. ) ;
#4302 = VECTOR ( 'NONE', #8817, 39.37007874015748143 ) ;
#4303 = AXIS2_PLACEMENT_3D ( 'NONE', #3585, #7705, #1483 ) ;
#4304 = DIRECTION ( 'NONE',  ( 1.174096724532128111E-16, -1.000000000000000000, 1.665334536937734811E-16 ) ) ;
#4305 = CARTESIAN_POINT ( 'NONE',  ( 0.1090187636347222516, 0.08075585031049743734, 0.2397504574761405716 ) ) ;
#4306 = PRESENTATION_STYLE_ASSIGNMENT (( #271 ) ) ;
#4307 = CARTESIAN_POINT ( 'NONE',  ( 0.2483888423748523422, 0.4272125432239181064, 0.4007740795234071007 ) ) ;
#4308 = DIRECTION ( 'NONE',  ( 0.0000000000000000000, -0.9922778767136850586, 0.1240347345890696062 ) ) ;
#4309 = EDGE_CURVE ( 'NONE', #4684, #3457, #6378, .T. ) ;
#4310 = COLOUR_RGB ( '',0.7529411764705882248, 0.7529411764705882248, 0.7529411764705882248 ) ;
#4311 = CARTESIAN_POINT ( 'NONE',  ( 0.2916959289890401763, 0.1279999447987147654, 0.4893567566887362386 ) ) ;
#4312 = PRESENTATION_LAYER_ASSIGNMENT (  '', '', ( #9647 ) ) ;
#4313 = ORIENTED_EDGE ( 'NONE', *, *, #5002, .T. ) ;
#4314 = ADVANCED_FACE ( 'NONE', ( #12595 ), #11384, .T. ) ;
#4315 = AXIS2_PLACEMENT_3D ( 'NONE', #4567, #12705, #6628 ) ;
#4316 = DIRECTION ( 'NONE',  ( 0.0000000000000000000, -8.220413448604739958E-18, 1.000000000000000000 ) ) ;
#4317 = CARTESIAN_POINT ( 'NONE',  ( 0.3444518345008468208, -0.05703942528003590889, 0.2515614810981878224 ) ) ;
#4318 = ORIENTED_EDGE ( 'NONE', *, *, #152, .T. ) ;
#4319 = LINE ( 'NONE', #10458, #54 ) ;
#4320 = EDGE_CURVE ( 'NONE', #11458, #6921, #1350, .T. ) ;
#4321 = DIRECTION ( 'NONE',  ( 3.518308117683324880E-16, -1.000000000000000000, 4.163336342344335054E-16 ) ) ;
#4322 = DIRECTION ( 'NONE',  ( 0.3511234415875753578, 0.9363291775693505237, -2.975952440747968747E-16 ) ) ;
#4323 = FILL_AREA_STYLE_COLOUR ( '', #12970 ) ;
#4324 = EDGE_CURVE ( 'NONE', #4422, #9313, #9441, .T. ) ;
#4325 = VERTEX_POINT ( 'NONE', #12392 ) ;
#4326 = VERTEX_POINT ( 'NONE', #3256 ) ;
#4327 = DIRECTION ( 'NONE',  ( 0.0000000000000000000, 0.0000000000000000000, 1.000000000000000000 ) ) ;
#4328 = ORIENTED_EDGE ( 'NONE', *, *, #6226, .F. ) ;
#4329 = EDGE_LOOP ( 'NONE', ( #624, #2395, #10515, #9877 ) ) ;
#4330 = CARTESIAN_POINT ( 'NONE',  ( 0.2633267503829905265, 0.5295747479483235987, 0.2688843157438653431 ) ) ;
#4331 = VECTOR ( 'NONE', #5431, 39.37007874015748143 ) ;
#4332 =( NAMED_UNIT ( * ) PLANE_ANGLE_UNIT ( ) SI_UNIT ( $, .RADIAN. ) );
#4333 = EDGE_LOOP ( 'NONE', ( #10500, #9865, #7009, #11424, #10441, #11909, #6870 ) ) ;
#4334 = CARTESIAN_POINT ( 'NONE',  ( 0.1090187636347222516, 0.08075585031049743734, 0.2515614810981878224 ) ) ;
#4335 = DIRECTION ( 'NONE',  ( 3.518308117683323894E-16, -1.000000000000000000, 4.163336342344335547E-16 ) ) ;
#4336 = ORIENTED_EDGE ( 'NONE', *, *, #8459, .F. ) ;
#4337 = CARTESIAN_POINT ( 'NONE',  ( 0.3645305746583386020, 0.4575997454093465033, 0.3456559692871649658 ) ) ;
#4338 = PRESENTATION_STYLE_ASSIGNMENT (( #10548 ) ) ;
#4339 = CARTESIAN_POINT ( 'NONE',  ( 0.2405148266268504198, 0.1555589999168269788, 0.2180969141690468349 ) ) ;
#4340 = EDGE_CURVE ( 'NONE', #4873, #8038, #11589, .T. ) ;
#4341 = DIRECTION ( 'NONE',  ( -1.000000000000000000, -1.316334802367149914E-16, 1.608386623408234722E-17 ) ) ;
#4342 = APPLICATION_PROTOCOL_DEFINITION ( 'draft international standard', 'automotive_design', 1998, #12729 ) ;
#4343 = ORIENTED_EDGE ( 'NONE', *, *, #4974, .T. ) ;
#4344 = CARTESIAN_POINT ( 'NONE',  ( 0.1755541967055905817, 0.1791810471609003863, 0.4397504574761377794 ) ) ;
#4345 = CARTESIAN_POINT ( 'NONE',  ( 0.2956329368630822851, 0.1279999447987149597, 0.3456559692871708500 ) ) ;
#4346 = ORIENTED_EDGE ( 'NONE', *, *, #1188, .F. ) ;
#4347 = LINE ( 'NONE', #6284, #12129 ) ;
#4348 = VECTOR ( 'NONE', #2165, 39.37007874015748143 ) ;
#4349 = FACE_OUTER_BOUND ( 'NONE', #6936, .T. ) ;
#4350 = VECTOR ( 'NONE', #10520, 39.37007874015748143 ) ;
#4351 = CARTESIAN_POINT ( 'NONE',  ( 0.2326408108788039775, 0.08862986605855728561, 0.1684906149564565081 ) ) ;
#4352 = LINE ( 'NONE', #11489, #5215 ) ;
#4353 = ORIENTED_EDGE ( 'NONE', *, *, #11581, .F. ) ;
#4354 = CARTESIAN_POINT ( 'NONE',  ( 0.3330345116662205007, 0.1555589999168271731, 0.4062858905469889370 ) ) ;
#4355 = ADVANCED_FACE ( 'NONE', ( #9376 ), #275, .F. ) ;
#4356 = VECTOR ( 'NONE', #11859, 39.37007874015748143 ) ;
#4357 = CARTESIAN_POINT ( 'NONE',  ( 0.2621683699339342755, 0.1437479762947814765, 0.3456559692871527534 ) ) ;
#4358 = ORIENTED_EDGE ( 'NONE', *, *, #8320, .F. ) ;
#4359 = ADVANCED_FACE ( 'NONE', ( #6517 ), #12520, .F. ) ;
#4360 = EDGE_LOOP ( 'NONE', ( #10251, #9900, #1608, #5415, #1045, #5890, #7324, #10970 ) ) ;
#4361 = DIRECTION ( 'NONE',  ( -1.000000000000000000, -1.316334802367149914E-16, 1.608386623408234722E-17 ) ) ;
#4362 = CARTESIAN_POINT ( 'NONE',  ( 0.2405148266268504198, 0.1555589999168271731, 0.4456559692871464584 ) ) ;
#4363 = CARTESIAN_POINT ( 'NONE',  ( 0.2208297872567575038, 0.05713380306641543255, 0.2515614810981878224 ) ) ;
#4364 = DIRECTION ( 'NONE',  ( 1.000000000000000000, -1.937287448275559661E-17, -2.565854121688507820E-49 ) ) ;
#4365 = ORIENTED_EDGE ( 'NONE', *, *, #11017, .F. ) ;
#4366 = DIRECTION ( 'NONE',  ( 1.000000000000000000, 1.316334802367149914E-16, -1.608386623408234722E-17 ) ) ;
#4367 = AXIS2_PLACEMENT_3D ( 'NONE', #1768, #7845, #11933 ) ;
#4368 = LINE ( 'NONE', #8689, #143 ) ;
#4369 = ORIENTED_EDGE ( 'NONE', *, *, #1562, .T. ) ;
#4370 = EDGE_LOOP ( 'NONE', ( #8341, #1619, #11036, #7901, #772, #4097, #9460, #9539, #4550, #1786 ) ) ;
#4371 = PRESENTATION_STYLE_ASSIGNMENT (( #10380 ) ) ;
#4372 = CARTESIAN_POINT ( 'NONE',  ( 0.2483888423748523422, 0.3760314408617059234, 0.3751835283422830791 ) ) ;
#4373 = VECTOR ( 'NONE', #9627, 39.37007874015748143 ) ;
#4374 = LINE ( 'NONE', #8416, #10128 ) ;
#4375 = DIRECTION ( 'NONE',  ( 0.0000000000000000000, 0.0000000000000000000, 1.000000000000000000 ) ) ;
#4376 = DIRECTION ( 'NONE',  ( 0.0000000000000000000, 0.0000000000000000000, 1.000000000000000000 ) ) ;
#4377 = ORIENTED_EDGE ( 'NONE', *, *, #53, .T. ) ;
#4378 = EDGE_CURVE ( 'NONE', #5787, #3808, #348, .T. ) ;
#4379 = DIRECTION ( 'NONE',  ( -1.937287448275559661E-17, -1.000000000000000000, -8.220413448604739958E-18 ) ) ;
#4380 = CARTESIAN_POINT ( 'NONE',  ( 0.2483888423748704388, 0.2185511259010751717, 0.5228213236178717027 ) ) ;
#4381 = VERTEX_POINT ( 'NONE', #7237 ) ;
#4382 = EDGE_CURVE ( 'NONE', #9773, #5973, #4019, .T. ) ;
#4383 = VECTOR ( 'NONE', #12973, 39.37007874015748143 ) ;
#4384 = FACE_OUTER_BOUND ( 'NONE', #11687, .T. ) ;
#4385 = CARTESIAN_POINT ( 'NONE',  ( 0.2326408108788039775, 0.5295747479483133846, 0.2669158118068457042 ) ) ;
#4386 = EDGE_CURVE ( 'NONE', #9550, #4714, #2282, .T. ) ;
#4387 = CARTESIAN_POINT ( 'NONE',  ( 0.3704360864693701516, 0.1555589999168269788, 0.2102228984210153528 ) ) ;
#4388 = ORIENTED_EDGE ( 'NONE', *, *, #4340, .F. ) ;
#4389 = CARTESIAN_POINT ( 'NONE',  ( 0.2916959289890523888, 0.1437479762947814765, 0.3456559692871527534 ) ) ;
#4390 = ORIENTED_EDGE ( 'NONE', *, *, #12858, .T. ) ;
#4391 = VECTOR ( 'NONE', #12853, 39.37007874015748143 ) ;
#4392 = PLANE ( 'NONE',  #5986 ) ;
#4393 = ORIENTED_EDGE ( 'NONE', *, *, #8890, .F. ) ;
#4394 = VERTEX_POINT ( 'NONE', #212 ) ;
#4395 =( NAMED_UNIT ( * ) PLANE_ANGLE_UNIT ( ) SI_UNIT ( $, .RADIAN. ) );
#4396 = EDGE_LOOP ( 'NONE', ( #4172, #227, #226, #5567, #2116, #911, #1079, #3160 ) ) ;
#4397 = EDGE_CURVE ( 'NONE', #10483, #5961, #2413, .T. ) ;
#4398 = CARTESIAN_POINT ( 'NONE',  ( 0.3385463226898373645, -0.07278745677610257148, 0.2397504574761405716 ) ) ;
#4399 = DIRECTION ( 'NONE',  ( 1.000000000000000000, -1.937287448275559661E-17, 0.0000000000000000000 ) ) ;
#4400 = CARTESIAN_POINT ( 'NONE',  ( 0.3507510470992764029, 0.3957164802317834629, 0.2472307724367716342 ) ) ;
#4401 = EDGE_CURVE ( 'NONE', #13053, #896, #10449, .T. ) ;
#4402 = CARTESIAN_POINT ( 'NONE',  ( 0.3920896297764417393, 0.4575997454093465033, 0.4243961267674803417 ) ) ;
#4403 = ORIENTED_EDGE ( 'NONE', *, *, #1606, .T. ) ;
#4404 = VECTOR ( 'NONE', #7815, 39.37007874015748143 ) ;
#4405 = DIRECTION ( 'NONE',  ( 1.000000000000000000, -1.937287448275559661E-17, 1.224646799147353207E-16 ) ) ;
#4406 = CARTESIAN_POINT ( 'NONE',  ( 0.2385463226898389966, -0.07278745677610237719, 0.4515614810981850025 ) ) ;
#4407 = VERTEX_POINT ( 'NONE', #11793 ) ;
#4408 = VERTEX_POINT ( 'NONE', #10857 ) ;
#4409 = CARTESIAN_POINT ( 'NONE',  ( 0.3920896297764417393, 0.1949290786569806977, 0.3102228984210196883 ) ) ;
#4410 = CARTESIAN_POINT ( 'NONE',  ( 0.1558691573355116267, 0.2264251416490909441, 0.4515614810981850025 ) ) ;
#4411 = ORIENTED_EDGE ( 'NONE', *, *, #2406, .F. ) ;
#4412 = CARTESIAN_POINT ( 'NONE',  ( 0.3468140392252720416, 0.1555589999168269788, 0.2397504574761405716 ) ) ;
#4413 = DIRECTION ( 'NONE',  ( 2.626713979715460250E-16, -3.747002708109905789E-16, -1.000000000000000000 ) ) ;
#4414 = CARTESIAN_POINT ( 'NONE',  ( 0.2326408108788039775, 0.5728818345624920871, 0.4283331346414961383 ) ) ;
#4415 = PLANE ( 'NONE',  #11851 ) ;
#4416 = ORIENTED_EDGE ( 'NONE', *, *, #7652, .F. ) ;
#4417 = EDGE_CURVE ( 'NONE', #9442, #1414, #9724, .T. ) ;
#4418 = FACE_OUTER_BOUND ( 'NONE', #7829, .T. ) ;
#4419 = VECTOR ( 'NONE', #9339, 39.37007874015748143 ) ;
#4420 = VECTOR ( 'NONE', #4254, 39.37007874015748143 ) ;
#4421 = FACE_BOUND ( 'NONE', #792, .T. ) ;
#4422 = VERTEX_POINT ( 'NONE', #6717 ) ;
#4423 = EDGE_LOOP ( 'NONE', ( #11798, #13168, #8170, #6695 ) ) ;
#4424 = FILL_AREA_STYLE_COLOUR ( '', #15 ) ;
#4425 = PLANE ( 'NONE',  #9228 ) ;
#4426 = ORIENTED_EDGE ( 'NONE', *, *, #202, .F. ) ;
#4427 = CARTESIAN_POINT ( 'NONE',  ( 0.3920896297764417393, 0.1791810471609177058, 0.3259709299170831520 ) ) ;
#4428 = DIMENSIONAL_EXPONENTS ( 1.000000000000000000, 0.0000000000000000000, 0.0000000000000000000, 0.0000000000000000000, 0.0000000000000000000, 0.0000000000000000000, 0.0000000000000000000 ) ;
#4429 = FILL_AREA_STYLE_COLOUR ( '', #700 ) ;
#4430 = LINE ( 'NONE', #11503, #9344 ) ;
#4431 = ORIENTED_EDGE ( 'NONE', *, *, #9135, .F. ) ;
#4432 = VECTOR ( 'NONE', #9049, 39.37007874015748143 ) ;
#4433 = AXIS2_PLACEMENT_3D ( 'NONE', #5378, #2412, #8284 ) ;
#4434 = LINE ( 'NONE', #7752, #9212 ) ;
#4435 = CARTESIAN_POINT ( 'NONE',  ( 0.1385463226898582811, -0.07278745677611142550, 0.2397504574761405716 ) ) ;
#4436 = EDGE_CURVE ( 'NONE', #9757, #9671, #560, .T. ) ;
#4437 = EDGE_CURVE ( 'NONE', #7928, #6380, #5790, .T. ) ;
#4438 = EDGE_LOOP ( 'NONE', ( #2712, #2792, #3333, #8014 ) ) ;
#4439 = FACE_OUTER_BOUND ( 'NONE', #6768, .T. ) ;
#4440 = DIRECTION ( 'NONE',  ( 1.316334802367149914E-16, -1.000000000000000000, 1.526556658859589750E-16 ) ) ;
#4441 = DIRECTION ( 'NONE',  ( -1.000000000000000000, 1.937287448275559661E-17, 0.0000000000000000000 ) ) ;
#4442 = DIRECTION ( 'NONE',  ( -0.9363291775692853536, 0.3511234415877496629, -3.921313925348017028E-16 ) ) ;
#4443 = VECTOR ( 'NONE', #8547, 39.37007874015748854 ) ;
#4444 = AXIS2_PLACEMENT_3D ( 'NONE', #545, #4571, #8611 ) ;
#4445 = CARTESIAN_POINT ( 'NONE',  ( 0.1558691573354860360, 0.2165826219640791250, 0.3456559692871649658 ) ) ;
#4446 = LINE ( 'NONE', #273, #11907 ) ;
#4447 = FACE_OUTER_BOUND ( 'NONE', #5897, .T. ) ;
#4448 = ORIENTED_EDGE ( 'NONE', *, *, #6186, .F. ) ;
#4449 = CARTESIAN_POINT ( 'NONE',  ( 0.1027195510362846342, 0.1555589999168269788, 0.4180969141690433211 ) ) ;
#4450 = LINE ( 'NONE', #1701, #790 ) ;
#4451 = EDGE_CURVE ( 'NONE', #5424, #10760, #10788, .T. ) ;
#4452 = MECHANICAL_DESIGN_GEOMETRIC_PRESENTATION_REPRESENTATION (  '', ( #8694 ), #12769 ) ;
#4453 = LINE ( 'NONE', #8497, #2044 ) ;
#4454 = VECTOR ( 'NONE', #12945, 39.37007874015748143 ) ;
#4455 = CARTESIAN_POINT ( 'NONE',  ( 0.1361841179654072753, 0.3760314408617059234, 0.2688843157438653431 ) ) ;
#4456 = FACE_OUTER_BOUND ( 'NONE', #2459, .T. ) ;
#4457 = CARTESIAN_POINT ( 'NONE',  ( 0.3586250628473003355, 0.7897218048774075072, 0.3456559692871649658 ) ) ;
#4458 = CARTESIAN_POINT ( 'NONE',  ( 0.3468140392252720416, 0.1555589999168269788, 0.2062465204682519537 ) ) ;
#4459 =( GEOMETRIC_REPRESENTATION_CONTEXT ( 3 ) GLOBAL_UNCERTAINTY_ASSIGNED_CONTEXT ( ( #6169 ) ) GLOBAL_UNIT_ASSIGNED_CONTEXT ( ( #9744, #4395, #3412 ) ) REPRESENTATION_CONTEXT ( 'NONE', 'WORKASPACE' ) );
#4460 = FACE_OUTER_BOUND ( 'NONE', #7027, .T. ) ;
#4461 = EDGE_CURVE ( 'NONE', #436, #5007, #3524, .T. ) ;
#4462 = ORIENTED_EDGE ( 'NONE', *, *, #7645, .T. ) ;
#4463 = DIRECTION ( 'NONE',  ( 0.0000000000000000000, 0.0000000000000000000, 1.000000000000000000 ) ) ;
#4464 = EDGE_LOOP ( 'NONE', ( #8587, #4817, #6666, #10811 ) ) ;
#4465 = ORIENTED_EDGE ( 'NONE', *, *, #9023, .F. ) ;
#4466 = CARTESIAN_POINT ( 'NONE',  ( 0.07712899985517106261, 0.1988660865309976600, 0.3751835283422830791 ) ) ;
#4467 = LINE ( 'NONE', #8511, #11115 ) ;
#4468 = VERTEX_POINT ( 'NONE', #3731 ) ;
#4469 = ADVANCED_FACE ( 'NONE', ( #622 ), #12728, .T. ) ;
#4470 = CARTESIAN_POINT ( 'NONE',  ( 0.2208297872567575038, -0.05703942528004480456, 0.4515614810981850025 ) ) ;
#4471 = DIRECTION ( 'NONE',  ( -1.000000000000000000, 0.0000000000000000000, 0.0000000000000000000 ) ) ;
#4472 = VECTOR ( 'NONE', #3496, 39.37007874015748143 ) ;
#4473 = AXIS2_PLACEMENT_3D ( 'NONE', #2245, #2500, #2307 ) ;
#4474 = LINE ( 'NONE', #8245, #471 ) ;
#4475 = VERTEX_POINT ( 'NONE', #2613 ) ;
#4476 = PLANE ( 'NONE',  #12516 ) ;
#4477 = LINE ( 'NONE', #9613, #2355 ) ;
#4478 = FILL_AREA_STYLE ('',( #9938 ) ) ;
#4479 = ORIENTED_EDGE ( 'NONE', *, *, #6809, .T. ) ;
#4480 = AXIS2_PLACEMENT_3D ( 'NONE', #786, #845, #4874 ) ;
#4481 = ORIENTED_EDGE ( 'NONE', *, *, #1754, .T. ) ;
#4482 = DIRECTION ( 'NONE',  ( -1.000000000000000000, 0.0000000000000000000, 0.0000000000000000000 ) ) ;
#4483 = EDGE_CURVE ( 'NONE', #1169, #8764, #4650, .T. ) ;
#4484 =( NAMED_UNIT ( * ) SI_UNIT ( $, .STERADIAN. ) SOLID_ANGLE_UNIT ( ) );
#4485 = VECTOR ( 'NONE', #5886, 39.37007874015748143 ) ;
#4486 = EDGE_LOOP ( 'NONE', ( #11364, #1415, #8660, #12104 ) ) ;
#4487 = DIRECTION ( 'NONE',  ( 0.0000000000000000000, 0.0000000000000000000, 1.000000000000000000 ) ) ;
#4488 =( LENGTH_UNIT ( ) NAMED_UNIT ( * ) SI_UNIT ( $, .METRE. ) );
#4489 = LINE ( 'NONE', #8600, #9902 ) ;
#4490 = CARTESIAN_POINT ( 'NONE',  ( 0.07122348804415806756, 0.3957164802317834629, 0.1684906149564565081 ) ) ;
#4491 = ORIENTED_EDGE ( 'NONE', *, *, #193, .F. ) ;
#4492 = DIRECTION ( 'NONE',  ( 0.0000000000000000000, -1.000000000000000000, 0.0000000000000000000 ) ) ;
#4493 = VECTOR ( 'NONE', #9850, 39.37007874015748143 ) ;
#4494 = MECHANICAL_DESIGN_GEOMETRIC_PRESENTATION_REPRESENTATION (  '', ( #1557 ), #3442 ) ;
#4495 = EDGE_CURVE ( 'NONE', #13154, #9286, #494, .T. ) ;
#4496 = LINE ( 'NONE', #1607, #4749 ) ;
#4497 = ORIENTED_EDGE ( 'NONE', *, *, #1254, .F. ) ;
#4498 = ORIENTED_EDGE ( 'NONE', *, *, #8679, .T. ) ;
#4499 = LINE ( 'NONE', #2727, #2563 ) ;
#4500 = EDGE_CURVE ( 'NONE', #12811, #2858, #11930, .T. ) ;
#4501 = DIRECTION ( 'NONE',  ( 1.000000000000000000, 1.316334802367149914E-16, -1.608386623408234722E-17 ) ) ;
#4502 =( NAMED_UNIT ( * ) PLANE_ANGLE_UNIT ( ) SI_UNIT ( $, .RADIAN. ) );
#4503 = VECTOR ( 'NONE', #458, 39.37007874015748143 ) ;
#4504 = CARTESIAN_POINT ( 'NONE',  ( 0.2405148266268504198, 0.1555589999168271731, 0.4456559692871464584 ) ) ;
#4505 = DIRECTION ( 'NONE',  ( -2.273736754432319837E-13, 8.220413448609138782E-18, -1.000000000000000000 ) ) ;
#4506 = COLOUR_RGB ( '',0.7529411764705882248, 0.7529411764705882248, 0.0000000000000000000 ) ;
#4507 = LINE ( 'NONE', #8550, #6661 ) ;
#4508 = CARTESIAN_POINT ( 'NONE',  ( 0.3920896297764452920, 0.1476849841687954967, 0.1901441582635311212 ) ) ;
#4509 = VERTEX_POINT ( 'NONE', #9794 ) ;
#4510 = ORIENTED_EDGE ( 'NONE', *, *, #12076, .F. ) ;
#4511 = FILL_AREA_STYLE ('',( #1481 ) ) ;
#4512 = DIRECTION ( 'NONE',  ( -1.937287448275559661E-17, -1.000000000000000000, -8.220413448604588965E-18 ) ) ;
#4513 = VECTOR ( 'NONE', #3702, 39.37007874015748143 ) ;
#4514 = CARTESIAN_POINT ( 'NONE',  ( 0.2483888423748523422, 0.1988660865309976600, 0.4224276228305008374 ) ) ;
#4515 = VECTOR ( 'NONE', #7784, 39.37007874015748143 ) ;
#4516 = LINE ( 'NONE', #2609, #1594 ) ;
#4517 = LINE ( 'NONE', #345, #9044 ) ;
#4518 = DIRECTION ( 'NONE',  ( -3.376070039848299626E-16, 1.000000000000000000, -4.302114220422480115E-16 ) ) ;
#4519 = EDGE_CURVE ( 'NONE', #3958, #2060, #1488, .T. ) ;
#4520 = LINE ( 'NONE', #692, #8229 ) ;
#4521 = ORIENTED_EDGE ( 'NONE', *, *, #12238, .T. ) ;
#4522 = VECTOR ( 'NONE', #10526, 39.37007874015748143 ) ;
#4523 = DIRECTION ( 'NONE',  ( -1.000000000000000000, -1.174096724532128111E-16, 4.283287147278279229E-17 ) ) ;
#4524 = DIRECTION ( 'NONE',  ( 1.356991020290373981E-16, -1.000000000000000000, 3.469446951953615175E-16 ) ) ;
#4525 = VECTOR ( 'NONE', #11994, 39.37007874015748143 ) ;
#4526 = DIRECTION ( 'NONE',  ( 1.316334802367149914E-16, -1.000000000000000000, 1.526556658859589750E-16 ) ) ;
#4527 = ORIENTED_EDGE ( 'NONE', *, *, #7092, .T. ) ;
#4528 = DIMENSIONAL_EXPONENTS ( 1.000000000000000000, 0.0000000000000000000, 0.0000000000000000000, 0.0000000000000000000, 0.0000000000000000000, 0.0000000000000000000, 0.0000000000000000000 ) ;
#4529 = LINE ( 'NONE', #6524, #3653 ) ;
#4530 =( LENGTH_UNIT ( ) NAMED_UNIT ( * ) SI_UNIT ( $, .METRE. ) );
#4531 = LINE ( 'NONE', #5594, #7757 ) ;
#4532 = VECTOR ( 'NONE', #17, 39.37007874015748143 ) ;
#4533 = DIRECTION ( 'NONE',  ( -3.518308117683324880E-16, 1.000000000000000000, -4.163336342344335054E-16 ) ) ;
#4534 = EDGE_CURVE ( 'NONE', #6781, #224, #2743, .T. ) ;
#4535 = EDGE_CURVE ( 'NONE', #9550, #12600, #7710, .T. ) ;
#4536 = VECTOR ( 'NONE', #323, 39.37007874015748143 ) ;
#4537 = CARTESIAN_POINT ( 'NONE',  ( 0.2405148266268504198, 0.1555589999168269788, 0.2515614810981767757 ) ) ;
#4538 = VERTEX_POINT ( 'NONE', #7775 ) ;
#4539 = DIRECTION ( 'NONE',  ( -1.000000000000000000, 0.0000000000000000000, 0.0000000000000000000 ) ) ;
#4540 = VERTEX_POINT ( 'NONE', #2809 ) ;
#4541 = ORIENTED_EDGE ( 'NONE', *, *, #10409, .F. ) ;
#4542 = SURFACE_SIDE_STYLE ('',( #1646 ) ) ;
#4543 = PLANE ( 'NONE',  #4092 ) ;
#4544 = ORIENTED_EDGE ( 'NONE', *, *, #2922, .F. ) ;
#4545 = CARTESIAN_POINT ( 'NONE',  ( 0.2090187636347129729, 0.3760314408617059234, 0.4007740795234071007 ) ) ;
#4546 = CARTESIAN_POINT ( 'NONE',  ( 0.2483888423748704388, 0.2185511259010751717, 0.5228213236178717027 ) ) ;
#4547 = MECHANICAL_DESIGN_GEOMETRIC_PRESENTATION_REPRESENTATION (  '', ( #11348 ), #13082 ) ;
#4548 = PRODUCT ( 'MPB04 HOUSING(3.3 ACTUATOR)', 'MPB04 HOUSING(3.3 ACTUATOR)', '', ( #12488 ) ) ;
#4549 = LINE ( 'NONE', #4809, #12584 ) ;
#4550 = ORIENTED_EDGE ( 'NONE', *, *, #6653, .F. ) ;
#4551 = EDGE_CURVE ( 'NONE', #5637, #7306, #4520, .T. ) ;
#4552 = DIRECTION ( 'NONE',  ( 0.0000000000000000000, -1.000000000000000000, 0.0000000000000000000 ) ) ;
#4553 = PRESENTATION_STYLE_ASSIGNMENT (( #12627 ) ) ;
#4554 = ORIENTED_EDGE ( 'NONE', *, *, #10815, .T. ) ;
#4555 = VECTOR ( 'NONE', #10532, 39.37007874015748143 ) ;
#4556 = EDGE_LOOP ( 'NONE', ( #2031, #4318, #3080, #1091, #5759, #11, #2820, #9914, #3629, #9525 ) ) ;
#4557 = LINE ( 'NONE', #12697, #7650 ) ;
#4558 = ORIENTED_EDGE ( 'NONE', *, *, #12080, .F. ) ;
#4559 = ORIENTED_EDGE ( 'NONE', *, *, #9874, .F. ) ;
#4560 = CARTESIAN_POINT ( 'NONE',  ( 0.2090187636347251854, 0.08862986605855749378, 0.2058921897596043549 ) ) ;
#4561 = SURFACE_SIDE_STYLE ('',( #12634 ) ) ;
#4562 = CARTESIAN_POINT ( 'NONE',  ( 0.4098061652095126295, 0.05713380306642400902, 0.2039236858226015914 ) ) ;
#4563 = DIRECTION ( 'NONE',  ( -2.626713979715460250E-16, 4.163336342344334068E-16, 1.000000000000000000 ) ) ;
#4564 = ORIENTED_EDGE ( 'NONE', *, *, #4008, .T. ) ;
#4565 = LINE ( 'NONE', #7278, #12571 ) ;
#4566 = EDGE_CURVE ( 'NONE', #1890, #5115, #7568, .T. ) ;
#4567 = CARTESIAN_POINT ( 'NONE',  ( 0.2326408108788039775, -0.07318115756351298296, 0.3456559692871649658 ) ) ;
#4568 = EDGE_LOOP ( 'NONE', ( #7865, #9039, #11902, #5773 ) ) ;
#4569 = ADVANCED_FACE ( 'NONE', ( #6784 ), #1558, .T. ) ;
#4570 = VECTOR ( 'NONE', #2515, 39.37007874015748143 ) ;
#4571 = DIRECTION ( 'NONE',  ( -0.8944271909997802972, 0.4472135955002290997, -5.388384191817489812E-17 ) ) ;
#4572 =( GEOMETRIC_REPRESENTATION_CONTEXT ( 3 ) GLOBAL_UNCERTAINTY_ASSIGNED_CONTEXT ( ( #9909 ) ) GLOBAL_UNIT_ASSIGNED_CONTEXT ( ( #12013, #3425, #5413 ) ) REPRESENTATION_CONTEXT ( 'NONE', 'WORKASPACE' ) );
#4573 = CARTESIAN_POINT ( 'NONE',  ( 0.2483888423748523422, 0.2165826219640791250, 0.4972307724367677761 ) ) ;
#4574 = VERTEX_POINT ( 'NONE', #1629 ) ;
#4575 = CARTESIAN_POINT ( 'NONE',  ( 0.3920896297764417393, 0.3760314408617052018, 0.2669158118068504226 ) ) ;
#4576 = CARTESIAN_POINT ( 'NONE',  ( 0.2326408108788039775, 0.1949290786569806977, 0.3102228984210196883 ) ) ;
#4577 = DIRECTION ( 'NONE',  ( 1.000000000000000000, 3.376070039848299626E-16, 2.359223927328455183E-16 ) ) ;
#4578 = CARTESIAN_POINT ( 'NONE',  ( 0.1558691573354860360, 0.7897218048774075072, 0.4243961267674803417 ) ) ;
#4579 = ORIENTED_EDGE ( 'NONE', *, *, #292, .T. ) ;
#4580 = EDGE_CURVE ( 'NONE', #5470, #10122, #5652, .T. ) ;
#4581 = EDGE_CURVE ( 'NONE', #3062, #7159, #11861, .T. ) ;
#4582 = DIRECTION ( 'NONE',  ( 1.608386623408229791E-17, 1.526556658859589750E-16, 1.000000000000000000 ) ) ;
#4583 = CARTESIAN_POINT ( 'NONE',  ( 0.2916959289890523888, 0.1555589999168269788, 0.3456559692871527534 ) ) ;
#4584 = DIRECTION ( 'NONE',  ( -1.000000000000000000, -3.376070039848299626E-16, -2.359223927328455183E-16 ) ) ;
#4585 = PRESENTATION_STYLE_ASSIGNMENT (( #2740 ) ) ;
#4586 = DIRECTION ( 'NONE',  ( -2.626713979715460250E-16, 4.163336342344334068E-16, 1.000000000000000000 ) ) ;
#4587 = DIRECTION ( 'NONE',  ( 2.626713979715460250E-16, -3.747002708109905789E-16, -1.000000000000000000 ) ) ;
#4588 = VECTOR ( 'NONE', #9864, 39.37007874015748143 ) ;
#4589 = VERTEX_POINT ( 'NONE', #13068 ) ;
#4590 = FACE_BOUND ( 'NONE', #7878, .T. ) ;
#4591 = PLANE ( 'NONE',  #12252 ) ;
#4592 = ORIENTED_EDGE ( 'NONE', *, *, #444, .F. ) ;
#4593 = LINE ( 'NONE', #6522, #10732 ) ;
#4594 = EDGE_CURVE ( 'NONE', #5540, #1845, #11184, .T. ) ;
#4595 = DIRECTION ( 'NONE',  ( -3.518308117683324880E-16, 1.000000000000000000, -4.163336342344335054E-16 ) ) ;
#4596 = VECTOR ( 'NONE', #13044, 39.37007874015748143 ) ;
#4597 = DIRECTION ( 'NONE',  ( 1.000000000000000000, 1.408738150179759833E-16, -6.014894242100889598E-18 ) ) ;
#4598 = CARTESIAN_POINT ( 'NONE',  ( 0.3090187636347015987, 0.08075585031051535356, 0.4515614810981850025 ) ) ;
#4599 = DIRECTION ( 'NONE',  ( 1.000000000000000000, -1.937287448275559661E-17, -2.565854121688507820E-49 ) ) ;
#4600 = ORIENTED_EDGE ( 'NONE', *, *, #12574, .F. ) ;
#4601 = PLANE ( 'NONE',  #8727 ) ;
#4602 = ORIENTED_EDGE ( 'NONE', *, *, #12514, .T. ) ;
#4603 = EDGE_LOOP ( 'NONE', ( #7930, #9888, #12535, #394, #7126, #6975 ) ) ;
#4604 = CARTESIAN_POINT ( 'NONE',  ( 0.3920896297764417393, 0.08862986605855749378, 0.1901441582635393646 ) ) ;
#4605 = COLOUR_RGB ( '',0.7529411764705882248, 0.7529411764705882248, 0.0000000000000000000 ) ;
#4606 = DIRECTION ( 'NONE',  ( 0.0000000000000000000, 8.220413448604739958E-18, -1.000000000000000000 ) ) ;
#4607 = VERTEX_POINT ( 'NONE', #11999 ) ;
#4608 = SURFACE_STYLE_FILL_AREA ( #646 ) ;
#4609 = SURFACE_STYLE_FILL_AREA ( #582 ) ;
#4610 = CARTESIAN_POINT ( 'NONE',  ( 0.1164990785953285424, 0.7897218048774075072, 0.4243961267674803417 ) ) ;
#4611 = EDGE_CURVE ( 'NONE', #10335, #7496, #8450, .T. ) ;
#4612 = EDGE_CURVE ( 'NONE', #10148, #4018, #2033, .T. ) ;
#4613 = CARTESIAN_POINT ( 'NONE',  ( 0.2326408108788039775, 0.3957164802317834629, 0.5228213236178701484 ) ) ;
#4614 = ORIENTED_EDGE ( 'NONE', *, *, #12091, .T. ) ;
#4615 = CARTESIAN_POINT ( 'NONE',  ( 0.3330345116662205007, 0.1555589999168271731, 0.4062465204682488285 ) ) ;
#4616 = DIRECTION ( 'NONE',  ( -3.376070039848299626E-16, 1.000000000000000000, -4.302114220422480115E-16 ) ) ;
#4617 = DIMENSIONAL_EXPONENTS ( 1.000000000000000000, 0.0000000000000000000, 0.0000000000000000000, 0.0000000000000000000, 0.0000000000000000000, 0.0000000000000000000, 0.0000000000000000000 ) ;
#4618 = DIRECTION ( 'NONE',  ( -1.000000000000000000, 1.937287448275559661E-17, 2.565854121688507820E-49 ) ) ;
#4619 = ORIENTED_EDGE ( 'NONE', *, *, #10943, .F. ) ;
#4620 = ORIENTED_EDGE ( 'NONE', *, *, #8351, .F. ) ;
#4621 = LINE ( 'NONE', #3628, #5757 ) ;
#4622 = ORIENTED_EDGE ( 'NONE', *, *, #5706, .F. ) ;
#4623 = ORIENTED_EDGE ( 'NONE', *, *, #6854, .F. ) ;
#4624 = DIRECTION ( 'NONE',  ( 3.376070039848299626E-16, -1.000000000000000000, 4.302114220422480115E-16 ) ) ;
#4625 = FACE_OUTER_BOUND ( 'NONE', #2332, .T. ) ;
#4626 = FACE_OUTER_BOUND ( 'NONE', #10423, .T. ) ;
#4627 = STYLED_ITEM ( 'NONE', ( #8365 ), #1824 ) ;
#4628 = LINE ( 'NONE', #5349, #12278 ) ;
#4629 = ORIENTED_EDGE ( 'NONE', *, *, #853, .T. ) ;
#4630 = CARTESIAN_POINT ( 'NONE',  ( 0.1090187636347222516, 0.08075585031049743734, 0.2515614810981878224 ) ) ;
#4631 = CARTESIAN_POINT ( 'NONE',  ( 0.3562628581229011493, 0.08075585031051535356, 0.2515614810981878224 ) ) ;
#4632 = EDGE_LOOP ( 'NONE', ( #10981, #1298, #4674, #4024 ) ) ;
#4633 = MECHANICAL_DESIGN_GEOMETRIC_PRESENTATION_REPRESENTATION (  '', ( #10379 ), #8018 ) ;
#4634 = PLANE ( 'NONE',  #10002 ) ;
#4635 = LINE ( 'NONE', #4573, #3712 ) ;
#4636 = ORIENTED_EDGE ( 'NONE', *, *, #11653, .T. ) ;
#4637 = FACE_OUTER_BOUND ( 'NONE', #7155, .T. ) ;
#4638 = EDGE_CURVE ( 'NONE', #2455, #5115, #10188, .T. ) ;
#4639 = FACE_OUTER_BOUND ( 'NONE', #7755, .T. ) ;
#4640 = DIRECTION ( 'NONE',  ( -1.000000000000000000, -1.356991020290373981E-16, 0.0000000000000000000 ) ) ;
#4641 = CARTESIAN_POINT ( 'NONE',  ( 0.2090187636347129729, 0.3760314408617059234, 0.4224276228305008374 ) ) ;
#4642 = EDGE_CURVE ( 'NONE', #6106, #11996, #7970, .T. ) ;
#4643 = VECTOR ( 'NONE', #10533, 39.37007874015748143 ) ;
#4644 = DIRECTION ( 'NONE',  ( 0.0000000000000000000, -0.7999999999998902434, 0.6000000000001461942 ) ) ;
#4645 = CARTESIAN_POINT ( 'NONE',  ( 0.3444518345008468208, 0.05713380306641550888, 0.4397504574761377794 ) ) ;
#4646 = PLANE ( 'NONE',  #290 ) ;
#4647 = CARTESIAN_POINT ( 'NONE',  ( 0.1385463226898582811, -0.07278745677611142550, 0.2515614810981878224 ) ) ;
#4648 = VERTEX_POINT ( 'NONE', #9992 ) ;
#4649 = CARTESIAN_POINT ( 'NONE',  ( 0.3468140392252720416, 0.1555589999168269788, 0.2062858905469921178 ) ) ;
#4650 = LINE ( 'NONE', #1697, #9770 ) ;
#4651 = VECTOR ( 'NONE', #2046, 39.37007874015748143 ) ;
#4652 = EDGE_CURVE ( 'NONE', #2789, #2694, #7108, .T. ) ;
#4653 = ORIENTED_EDGE ( 'NONE', *, *, #6840, .F. ) ;
#4654 = DIRECTION ( 'NONE',  ( -1.608386623408229791E-17, -1.526556658859589750E-16, -1.000000000000000000 ) ) ;
#4655 = PLANE ( 'NONE',  #1870 ) ;
#4656 = DIRECTION ( 'NONE',  ( 3.007447121050439791E-18, 2.498001805406600244E-16, 1.000000000000000000 ) ) ;
#4657 = ORIENTED_EDGE ( 'NONE', *, *, #7968, .F. ) ;
#4658 = VECTOR ( 'NONE', #11228, 39.37007874015748143 ) ;
#4659 = LINE ( 'NONE', #11598, #9383 ) ;
#4660 = VECTOR ( 'NONE', #6782, 39.37007874015748143 ) ;
#4661 = LINE ( 'NONE', #5593, #12399 ) ;
#4662 = DIRECTION ( 'NONE',  ( 0.7071067811865475727, -0.7071067811865475727, 1.745088153485698425E-16 ) ) ;
#4663 = CARTESIAN_POINT ( 'NONE',  ( 0.09484553528825255542, 0.08862986605855709132, 0.4991992763737755912 ) ) ;
#4664 = CARTESIAN_POINT ( 'NONE',  ( 0.2405148266268504198, 0.1555589999168269788, 0.2062858905469921178 ) ) ;
#4665 = ORIENTED_EDGE ( 'NONE', *, *, #2818, .T. ) ;
#4666 = ADVANCED_FACE ( 'NONE', ( #9173 ), #8024, .F. ) ;
#4667 = LINE ( 'NONE', #8921, #11952 ) ;
#4668 = ORIENTED_EDGE ( 'NONE', *, *, #6698, .F. ) ;
#4669 = VERTEX_POINT ( 'NONE', #10926 ) ;
#4670 = VECTOR ( 'NONE', #11087, 39.37007874015748143 ) ;
#4671 = LENGTH_MEASURE_WITH_UNIT ( LENGTH_MEASURE( 0.02539999999999999897 ), #368 );
#4672 = VECTOR ( 'NONE', #6483, 39.37007874015748143 ) ;
#4673 = DIRECTION ( 'NONE',  ( 1.000000000000000000, 3.518308117683324880E-16, 2.626713979715460250E-16 ) ) ;
#4674 = ORIENTED_EDGE ( 'NONE', *, *, #4275, .F. ) ;
#4675 = SURFACE_STYLE_USAGE ( .BOTH. , #12618 ) ;
#4676 = DIRECTION ( 'NONE',  ( 1.000000000000000000, 1.316334802367149914E-16, -1.608386623408234722E-17 ) ) ;
#4677 = DIRECTION ( 'NONE',  ( -2.359223927328455183E-16, 3.885780586188049864E-16, 1.000000000000000000 ) ) ;
#4678 = FILL_AREA_STYLE ('',( #651 ) ) ;
#4679 = EDGE_LOOP ( 'NONE', ( #1029, #12149, #5313, #9447, #5829, #12316, #1522, #2016, #3951, #2444, #6943, #11155 ) ) ;
#4680 = CARTESIAN_POINT ( 'NONE',  ( 0.09090852741424035321, 0.05713380306642409229, 0.5228213236178701484 ) ) ;
#4681 = CARTESIAN_POINT ( 'NONE',  ( 0.3468140392252720416, 0.1555589999168269788, 0.2397504574761405716 ) ) ;
#4682 = VECTOR ( 'NONE', #10373, 39.37007874015748143 ) ;
#4683 = CYLINDRICAL_SURFACE ( 'NONE', #9985, 0.05610236220472441387 ) ;
#4684 = VERTEX_POINT ( 'NONE', #5860 ) ;
#4685 = ORIENTED_EDGE ( 'NONE', *, *, #7903, .F. ) ;
#4686 = EDGE_CURVE ( 'NONE', #3319, #1181, #9926, .T. ) ;
#4687 = LINE ( 'NONE', #7941, #4060 ) ;
#4688 = ORIENTED_EDGE ( 'NONE', *, *, #9221, .T. ) ;
#4689 = ORIENTED_EDGE ( 'NONE', *, *, #4777, .T. ) ;
#4690 = PLANE ( 'NONE',  #8472 ) ;
#4691 = VERTEX_POINT ( 'NONE', #6918 ) ;
#4692 = VECTOR ( 'NONE', #11771, 39.37007874015748143 ) ;
#4693 = LENGTH_MEASURE_WITH_UNIT ( LENGTH_MEASURE( 0.02539999999999999897 ), #12042 );
#4694 = EDGE_LOOP ( 'NONE', ( #7601, #12702, #1115, #12329 ) ) ;
#4695 = LINE ( 'NONE', #9840, #3635 ) ;
#4696 = CARTESIAN_POINT ( 'NONE',  ( 0.2326408108788039775, 0.3760314408617052018, 0.3810890401533106320 ) ) ;
#4697 = ORIENTED_EDGE ( 'NONE', *, *, #1839, .T. ) ;
#4698 = PRODUCT_DEFINITION_CONTEXT ( 'detailed design', #1605, 'design' ) ;
#4699 = AXIS2_PLACEMENT_3D ( 'NONE', #1097, #5122, #12028 ) ;
#4700 = LINE ( 'NONE', #8755, #1075 ) ;
#4701 = EDGE_CURVE ( 'NONE', #52, #107, #1074, .T. ) ;
#4702 = LINE ( 'NONE', #7489, #6459 ) ;
#4703 = EDGE_CURVE ( 'NONE', #7354, #10338, #13001, .T. ) ;
#4704 = VERTEX_POINT ( 'NONE', #8905 ) ;
#4705 = DIRECTION ( 'NONE',  ( 1.316334802367149914E-16, -1.000000000000000000, 1.526556658859589750E-16 ) ) ;
#4706 = DIMENSIONAL_EXPONENTS ( 1.000000000000000000, 0.0000000000000000000, 0.0000000000000000000, 0.0000000000000000000, 0.0000000000000000000, 0.0000000000000000000, 0.0000000000000000000 ) ;
#4707 = LINE ( 'NONE', #1614, #13033 ) ;
#4708 = ORIENTED_EDGE ( 'NONE', *, *, #616, .T. ) ;
#4709 = COLOUR_RGB ( '',0.7529411764705882248, 0.7529411764705882248, 0.0000000000000000000 ) ;
#4710 = VERTEX_POINT ( 'NONE', #3859 ) ;
#4711 = CARTESIAN_POINT ( 'NONE',  ( 0.2956329368630822851, 0.08862986605855728561, 0.1901441582635393646 ) ) ;
#4712 = EDGE_CURVE ( 'NONE', #585, #11536, #7910, .T. ) ;
#4713 = DIRECTION ( 'NONE',  ( 1.316334802367149914E-16, -1.000000000000000000, 1.526556658859589750E-16 ) ) ;
#4714 = VERTEX_POINT ( 'NONE', #12130 ) ;
#4715 =( CONVERSION_BASED_UNIT ( 'INCH', #7708 ) LENGTH_UNIT ( ) NAMED_UNIT ( #3598 ) );
#4716 = FILL_AREA_STYLE ('',( #10722 ) ) ;
#4717 = AXIS2_PLACEMENT_3D ( 'NONE', #9541, #12692, #447 ) ;
#4718 = DIRECTION ( 'NONE',  ( 1.000000000000000000, 1.174096724532128111E-16, -4.283287147278279229E-17 ) ) ;
#4719 = DIRECTION ( 'NONE',  ( 0.0000000000000000000, 0.0000000000000000000, -1.000000000000000000 ) ) ;
#4720 = DIRECTION ( 'NONE',  ( -1.000000000000000000, -1.174096724532128111E-16, 4.283287147278279229E-17 ) ) ;
#4721 = ORIENTED_EDGE ( 'NONE', *, *, #12441, .F. ) ;
#4722 = PLANE ( 'NONE',  #12435 ) ;
#4723 = VECTOR ( 'NONE', #12404, 39.37007874015748143 ) ;
#4724 = DIRECTION ( 'NONE',  ( -3.376070039848299626E-16, 1.000000000000000000, -4.302114220422480115E-16 ) ) ;
#4725 = ADVANCED_FACE ( 'NONE', ( #879 ), #7039, .F. ) ;
#4726 = CARTESIAN_POINT ( 'NONE',  ( 0.3625620707213386140, 0.08862986605856654210, 0.4397504574761377794 ) ) ;
#4727 = DIRECTION ( 'NONE',  ( 1.000000000000000000, -1.937287448275484781E-17, -8.833616147085620181E-14 ) ) ;
#4728 = CARTESIAN_POINT ( 'NONE',  ( 0.3330345116662205007, 0.1555589999168269788, 0.2062465204682519537 ) ) ;
#4729 = ADVANCED_FACE ( 'NONE', ( #6977 ), #3061, .F. ) ;
#4730 = DIRECTION ( 'NONE',  ( -1.000000000000000000, 0.0000000000000000000, 0.0000000000000000000 ) ) ;
#4731 = DIRECTION ( 'NONE',  ( 0.0000000000000000000, -0.7071067811865444641, -0.7071067811865504593 ) ) ;
#4732 = AXIS2_PLACEMENT_3D ( 'NONE', #2347, #6382, #1426 ) ;
#4733 = ORIENTED_EDGE ( 'NONE', *, *, #5586, .T. ) ;
#4734 = CARTESIAN_POINT ( 'NONE',  ( 0.3305208835620728758, 0.4079514893171787282, 0.1684906149564565081 ) ) ;
#4735 = VERTEX_POINT ( 'NONE', #12445 ) ;
#4736 = AXIS2_PLACEMENT_3D ( 'NONE', #10783, #9787, #688 ) ;
#4737 = ORIENTED_EDGE ( 'NONE', *, *, #3491, .F. ) ;
#4738 = DIRECTION ( 'NONE',  ( 0.0000000000000000000, 0.0000000000000000000, 1.000000000000000000 ) ) ;
#4739 = PLANE ( 'NONE',  #5797 ) ;
#4740 = ORIENTED_EDGE ( 'NONE', *, *, #9959, .F. ) ;
#4741 =( LENGTH_UNIT ( ) NAMED_UNIT ( * ) SI_UNIT ( $, .METRE. ) );
#4742 = LINE ( 'NONE', #2839, #7564 ) ;
#4743 = EDGE_CURVE ( 'NONE', #9931, #10100, #2207, .T. ) ;
#4744 = DIRECTION ( 'NONE',  ( 4.283287147278279229E-17, 1.665334536937734811E-16, 1.000000000000000000 ) ) ;
#4745 = ORIENTED_EDGE ( 'NONE', *, *, #1467, .F. ) ;
#4746 = COLOUR_RGB ( '',0.7529411764705882248, 0.7529411764705882248, 0.0000000000000000000 ) ;
#4747 = ADVANCED_FACE ( 'NONE', ( #11304 ), #400, .F. ) ;
#4748 = LINE ( 'NONE', #8656, #13048 ) ;
#4749 = VECTOR ( 'NONE', #1746, 39.37007874015748143 ) ;
#4750 = CARTESIAN_POINT ( 'NONE',  ( 0.1755541967055905817, 0.1791810471608999700, 0.2515614810981878224 ) ) ;
#4751 = EDGE_LOOP ( 'NONE', ( #6806, #6656, #10603 ) ) ;
#4752 = VERTEX_POINT ( 'NONE', #6434 ) ;
#4753 = CARTESIAN_POINT ( 'NONE',  ( 0.2326408108788039775, -0.07318115756351298296, 0.3456559692871649658 ) ) ;
#4754 = ORIENTED_EDGE ( 'NONE', *, *, #4581, .F. ) ;
#4755 = VERTEX_POINT ( 'NONE', #9494 ) ;
#4756 = CARTESIAN_POINT ( 'NONE',  ( 0.3290975037921822777, 0.1988660865309976600, 0.4224276228305008374 ) ) ;
#4757 = VECTOR ( 'NONE', #9463, 39.37007874015748143 ) ;
#4758 = CARTESIAN_POINT ( 'NONE',  ( 0.2483888423748523422, 0.5295747479483235987, 0.4224276228305008374 ) ) ;
#4759 = ORIENTED_EDGE ( 'NONE', *, *, #7346, .F. ) ;
#4760 = LINE ( 'NONE', #3832, #949 ) ;
#4761 = FACE_OUTER_BOUND ( 'NONE', #9530, .T. ) ;
#4762 =( NAMED_UNIT ( * ) PLANE_ANGLE_UNIT ( ) SI_UNIT ( $, .RADIAN. ) );
#4763 = ORIENTED_EDGE ( 'NONE', *, *, #1411, .T. ) ;
#4764 = CARTESIAN_POINT ( 'NONE',  ( 0.1558691573354860360, 0.1988660865309976600, 0.4007740795233709075 ) ) ;
#4765 = EDGE_CURVE ( 'NONE', #1368, #7137, #11241, .T. ) ;
#4766 = VECTOR ( 'NONE', #3573, 39.37007874015748143 ) ;
#4767 =( NAMED_UNIT ( * ) SI_UNIT ( $, .STERADIAN. ) SOLID_ANGLE_UNIT ( ) );
#4768 = ORIENTED_EDGE ( 'NONE', *, *, #6525, .F. ) ;
#4769 = DIRECTION ( 'NONE',  ( 1.000000000000000000, 1.316334802367149914E-16, -1.608386623408234722E-17 ) ) ;
#4770 = ORIENTED_EDGE ( 'NONE', *, *, #12281, .F. ) ;
#4771 = LINE ( 'NONE', #6841, #7675 ) ;
#4772 = VECTOR ( 'NONE', #11001, 39.37007874015748854 ) ;
#4773 = ORIENTED_EDGE ( 'NONE', *, *, #4236, .T. ) ;
#4774 = LINE ( 'NONE', #5916, #6126 ) ;
#4775 = EDGE_CURVE ( 'NONE', #11816, #8042, #3305, .T. ) ;
#4776 = LENGTH_MEASURE_WITH_UNIT ( LENGTH_MEASURE( 0.02539999999999999897 ), #5645 );
#4777 = EDGE_CURVE ( 'NONE', #12502, #5637, #3372, .T. ) ;
#4778 = SURFACE_SIDE_STYLE ('',( #749 ) ) ;
#4779 = DIRECTION ( 'NONE',  ( -1.937287448275559661E-17, -1.000000000000000000, -8.220413448604588965E-18 ) ) ;
#4780 = FILL_AREA_STYLE_COLOUR ( '', #4310 ) ;
#4781 = FACE_OUTER_BOUND ( 'NONE', #11934, .T. ) ;
#4782 = DIRECTION ( 'NONE',  ( 1.000000000000000000, 1.316334802367149914E-16, -1.608386623408234722E-17 ) ) ;
#4783 = CARTESIAN_POINT ( 'NONE',  ( 0.3901211258394338688, 0.08862986605855728561, 0.2078606936966137797 ) ) ;
#4784 = FACE_OUTER_BOUND ( 'NONE', #3695, .T. ) ;
#4785 = LINE ( 'NONE', #1969, #4806 ) ;
#4786 = VERTEX_POINT ( 'NONE', #10305 ) ;
#4787 = VECTOR ( 'NONE', #6514, 39.37007874015748143 ) ;
#4788 = PLANE ( 'NONE',  #6898 ) ;
#4789 = DIMENSIONAL_EXPONENTS ( 1.000000000000000000, 0.0000000000000000000, 0.0000000000000000000, 0.0000000000000000000, 0.0000000000000000000, 0.0000000000000000000, 0.0000000000000000000 ) ;
#4790 = LINE ( 'NONE', #7515, #2824 ) ;
#4791 = FACE_OUTER_BOUND ( 'NONE', #2149, .T. ) ;
#4792 =( NAMED_UNIT ( * ) PLANE_ANGLE_UNIT ( ) SI_UNIT ( $, .RADIAN. ) );
#4793 = DIRECTION ( 'NONE',  ( -1.937287448275559661E-17, -1.000000000000000000, -8.220413448604588965E-18 ) ) ;
#4794 = PLANE ( 'NONE',  #11018 ) ;
#4795 = CARTESIAN_POINT ( 'NONE',  ( 0.1558691573355116267, 0.2264251416490909441, 0.4515614810981850025 ) ) ;
#4796 = ORIENTED_EDGE ( 'NONE', *, *, #6545, .F. ) ;
#4797 = DIRECTION ( 'NONE',  ( -1.608386623408229791E-17, -1.526556658859589750E-16, -1.000000000000000000 ) ) ;
#4798 = ORIENTED_EDGE ( 'NONE', *, *, #8518, .T. ) ;
#4799 = ORIENTED_EDGE ( 'NONE', *, *, #7116, .F. ) ;
#4800 = CARTESIAN_POINT ( 'NONE',  ( 0.3330345116662205007, 0.1555589999168269788, 0.4810890401532991745 ) ) ;
#4801 = EDGE_CURVE ( 'NONE', #6875, #7746, #2329, .T. ) ;
#4802 = CARTESIAN_POINT ( 'NONE',  ( 0.2405148266268504198, 0.3091023070034267795, 0.2397504574761405716 ) ) ;
#4803 = ORIENTED_EDGE ( 'NONE', *, *, #5584, .T. ) ;
#4804 = DIRECTION ( 'NONE',  ( 1.000000000000000000, 0.0000000000000000000, 0.0000000000000000000 ) ) ;
#4805 = PRESENTATION_STYLE_ASSIGNMENT (( #778 ) ) ;
#4806 = VECTOR ( 'NONE', #6857, 39.37007874015748143 ) ;
#4807 = LINE ( 'NONE', #2901, #5892 ) ;
#4808 = EDGE_CURVE ( 'NONE', #12133, #11208, #6363, .T. ) ;
#4809 = CARTESIAN_POINT ( 'NONE',  ( 0.1558691573354936966, 0.3681574251136630060, 0.4397504574761377794 ) ) ;
#4810 = VERTEX_POINT ( 'NONE', #4173 ) ;
#4811 = DIRECTION ( 'NONE',  ( -1.000000000000000000, 1.937287448275559661E-17, 0.0000000000000000000 ) ) ;
#4812 = VERTEX_POINT ( 'NONE', #4427 ) ;
#4813 = ORIENTED_EDGE ( 'NONE', *, *, #11248, .T. ) ;
#4814 = VECTOR ( 'NONE', #1531, 39.37007874015748143 ) ;
#4815 = EDGE_CURVE ( 'NONE', #4005, #11112, #140, .T. ) ;
#4816 = CARTESIAN_POINT ( 'NONE',  ( 0.2385956470344193225, 0.5520871084398538686, 0.2669158118068457042 ) ) ;
#4817 = ORIENTED_EDGE ( 'NONE', *, *, #3461, .F. ) ;
#4818 = ORIENTED_EDGE ( 'NONE', *, *, #9733, .F. ) ;
#4819 = DIRECTION ( 'NONE',  ( -0.7071067811865440200, 0.7071067811865510144, 0.0000000000000000000 ) ) ;
#4820 = ADVANCED_FACE ( 'NONE', ( #5288 ), #12378, .F. ) ;
#4821 = VERTEX_POINT ( 'NONE', #1333 ) ;
#4822 = CARTESIAN_POINT ( 'NONE',  ( 0.2326408108788039775, 0.5571338030664291230, 0.4440811661375591024 ) ) ;
#4823 = ORIENTED_EDGE ( 'NONE', *, *, #2090, .F. ) ;
#4824 = DIRECTION ( 'NONE',  ( -2.626713979715460250E-16, 4.163336342344334068E-16, 1.000000000000000000 ) ) ;
#4825 = VECTOR ( 'NONE', #4399, 39.37007874015748143 ) ;
#4826 = ORIENTED_EDGE ( 'NONE', *, *, #8424, .F. ) ;
#4827 = DIRECTION ( 'NONE',  ( 0.0000000000000000000, -1.000000000000000000, 0.0000000000000000000 ) ) ;
#4828 = LINE ( 'NONE', #6767, #6591 ) ;
#4829 = ORIENTED_EDGE ( 'NONE', *, *, #4451, .F. ) ;
#4830 = VECTOR ( 'NONE', #7344, 39.37007874015748854 ) ;
#4831 = DIRECTION ( 'NONE',  ( -1.608386623408229791E-17, -1.526556658859589750E-16, -1.000000000000000000 ) ) ;
#4832 = EDGE_CURVE ( 'NONE', #11763, #10528, #9425, .T. ) ;
#4833 = CARTESIAN_POINT ( 'NONE',  ( 0.2916959289890401763, 0.1279999447987147654, 0.4893567566887362386 ) ) ;
#4834 = VERTEX_POINT ( 'NONE', #7426 ) ;
#4835 = ORIENTED_EDGE ( 'NONE', *, *, #10863, .T. ) ;
#4836 = DIRECTION ( 'NONE',  ( 2.359223927328455183E-16, -3.885780586188049864E-16, -1.000000000000000000 ) ) ;
#4837 = PRESENTATION_LAYER_ASSIGNMENT (  '', '', ( #4627 ) ) ;
#4838 = LINE ( 'NONE', #2085, #5155 ) ;
#4839 =( LENGTH_UNIT ( ) NAMED_UNIT ( * ) SI_UNIT ( $, .METRE. ) );
#4840 = DIRECTION ( 'NONE',  ( 1.000000000000000000, -1.937287448275689700E-17, 1.596249935350384935E-13 ) ) ;
#4841 = CARTESIAN_POINT ( 'NONE',  ( 0.1562628581229041358, 0.08075585031049743734, 0.2515614810981878224 ) ) ;
#4842 = EDGE_CURVE ( 'NONE', #2648, #5961, #2266, .T. ) ;
#4843 = EDGE_CURVE ( 'NONE', #12052, #5339, #258, .T. ) ;
#4844 = PRESENTATION_LAYER_ASSIGNMENT (  '', '', ( #9522 ) ) ;
#4845 = DIRECTION ( 'NONE',  ( 0.0000000000000000000, 0.0000000000000000000, -1.000000000000000000 ) ) ;
#4846 = VERTEX_POINT ( 'NONE', #8339 ) ;
#4847 = CARTESIAN_POINT ( 'NONE',  ( 0.2221780689372488127, 0.4272125432239181064, 0.2905378590509232195 ) ) ;
#4848 = DIRECTION ( 'NONE',  ( 3.518308117683324880E-16, -1.000000000000000000, 4.163336342344335054E-16 ) ) ;
#4849 = VECTOR ( 'NONE', #181, 39.37007874015748854 ) ;
#4850 = COLOUR_RGB ( '',0.7529411764705882248, 0.7529411764705882248, 0.0000000000000000000 ) ;
#4851 = CARTESIAN_POINT ( 'NONE',  ( 0.2326408108788039775, 0.2776062440113113983, 0.5385693551139408841 ) ) ;
#4852 = LINE ( 'NONE', #7407, #5738 ) ;
#4853 = ORIENTED_EDGE ( 'NONE', *, *, #4437, .F. ) ;
#4854 = ADVANCED_FACE ( 'NONE', ( #5433 ), #3450, .F. ) ;
#4855 = CARTESIAN_POINT ( 'NONE',  ( 0.2326408108788039775, 0.5295747479483235987, 0.3456559692871649658 ) ) ;
#4856 = VERTEX_POINT ( 'NONE', #1474 ) ;
#4857 = ADVANCED_FACE ( 'NONE', ( #10709, #4637 ), #10839, .F. ) ;
#4858 = ORIENTED_EDGE ( 'NONE', *, *, #11034, .F. ) ;
#4859 = FACE_OUTER_BOUND ( 'NONE', #4603, .T. ) ;
#4860 = EDGE_LOOP ( 'NONE', ( #441, #11812, #11671, #9811 ) ) ;
#4861 = VECTOR ( 'NONE', #12259, 39.37007874015748143 ) ;
#4862 = PLANE ( 'NONE',  #746 ) ;
#4863 = VECTOR ( 'NONE', #4923, 39.37007874015748143 ) ;
#4864 = DIRECTION ( 'NONE',  ( 0.0000000000000000000, -8.220413448604739958E-18, 1.000000000000000000 ) ) ;
#4865 = LINE ( 'NONE', #1855, #12167 ) ;
#4866 = VERTEX_POINT ( 'NONE', #2729 ) ;
#4867 = FACE_OUTER_BOUND ( 'NONE', #7481, .T. ) ;
#4868 = EDGE_CURVE ( 'NONE', #12374, #1169, #6769, .T. ) ;
#4869 = DIRECTION ( 'NONE',  ( 3.007447121050439791E-18, 2.498001805406600244E-16, 1.000000000000000000 ) ) ;
#4870 = VERTEX_POINT ( 'NONE', #11639 ) ;
#4871 = AXIS2_PLACEMENT_3D ( 'NONE', #867, #13118, #4894 ) ;
#4872 = AXIS2_PLACEMENT_3D ( 'NONE', #3792, #2996, #877 ) ;
#4873 = VERTEX_POINT ( 'NONE', #4575 ) ;
#4874 = DIRECTION ( 'NONE',  ( 3.007447121050439791E-18, 2.498001805406600244E-16, 1.000000000000000000 ) ) ;
#4875 = ORIENTED_EDGE ( 'NONE', *, *, #12463, .T. ) ;
#4876 = ORIENTED_EDGE ( 'NONE', *, *, #5202, .T. ) ;
#4877 = CARTESIAN_POINT ( 'NONE',  ( 0.3625620707213386140, 0.3130393148774570644, 0.4515614810981740113 ) ) ;
#4878 = ORIENTED_EDGE ( 'NONE', *, *, #3410, .T. ) ;
#4879 = DIRECTION ( 'NONE',  ( -1.356991020290373981E-16, 1.000000000000000000, -3.469446951953615175E-16 ) ) ;
#4880 =( NAMED_UNIT ( * ) SI_UNIT ( $, .STERADIAN. ) SOLID_ANGLE_UNIT ( ) );
#4881 = CARTESIAN_POINT ( 'NONE',  ( 0.3507510470992764029, 0.5571338030664260144, 0.4440811661375591024 ) ) ;
#4882 = ORIENTED_EDGE ( 'NONE', *, *, #8006, .F. ) ;
#4883 = AXIS2_PLACEMENT_3D ( 'NONE', #10691, #1596, #12633 ) ;
#4884 = DIRECTION ( 'NONE',  ( 0.0000000000000000000, 0.0000000000000000000, 1.000000000000000000 ) ) ;
#4885 = AXIS2_PLACEMENT_3D ( 'NONE', #6009, #2949, #12081 ) ;
#4886 = EDGE_CURVE ( 'NONE', #5770, #8542, #10775, .T. ) ;
#4887 = VERTEX_POINT ( 'NONE', #11848 ) ;
#4888 = VECTOR ( 'NONE', #7339, 39.37007874015748143 ) ;
#4889 = DIRECTION ( 'NONE',  ( -1.937287448275559661E-17, -1.000000000000000000, -8.220413448604588965E-18 ) ) ;
#4890 = DIRECTION ( 'NONE',  ( 3.518308117683324880E-16, -1.000000000000000000, 4.163336342344335054E-16 ) ) ;
#4891 = EDGE_CURVE ( 'NONE', #2445, #11715, #1751, .T. ) ;
#4892 = VECTOR ( 'NONE', #774, 39.37007874015748143 ) ;
#4893 = ORIENTED_EDGE ( 'NONE', *, *, #10923, .T. ) ;
#4894 = DIRECTION ( 'NONE',  ( 1.316334802367149914E-16, -1.000000000000000000, 1.526556658859589750E-16 ) ) ;
#4895 = DIRECTION ( 'NONE',  ( 0.0000000000000000000, -1.000000000000000000, 0.0000000000000000000 ) ) ;
#4896 = FILL_AREA_STYLE ('',( #934 ) ) ;
#4897 = ORIENTED_EDGE ( 'NONE', *, *, #750, .F. ) ;
#4898 = VERTEX_POINT ( 'NONE', #10574 ) ;
#4899 = VECTOR ( 'NONE', #7189, 39.37007874015748143 ) ;
#4900 = LINE ( 'NONE', #7960, #7383 ) ;
#4901 = EDGE_CURVE ( 'NONE', #3529, #9703, #5570, .T. ) ;
#4902 = VECTOR ( 'NONE', #4492, 39.37007874015748143 ) ;
#4903 =( LENGTH_UNIT ( ) NAMED_UNIT ( * ) SI_UNIT ( $, .METRE. ) );
#4904 = EDGE_CURVE ( 'NONE', #6700, #10876, #12650, .T. ) ;
#4905 = CARTESIAN_POINT ( 'NONE',  ( 0.4098061652095126295, 0.2972912833813901590, 0.4007740795233890041 ) ) ;
#4906 = DIRECTION ( 'NONE',  ( 0.0000000000000000000, 0.0000000000000000000, -1.000000000000000000 ) ) ;
#4907 = LINE ( 'NONE', #8976, #4231 ) ;
#4908 = CARTESIAN_POINT ( 'NONE',  ( 0.2326408108788161622, 0.1476849841687954967, 0.2358134496021149773 ) ) ;
#4909 = VECTOR ( 'NONE', #12260, 39.37007874015748143 ) ;
#4910 = CIRCLE ( 'NONE', #3012, 0.01574803149606296415 ) ;
#4911 = CARTESIAN_POINT ( 'NONE',  ( 0.3468140392252720416, 0.1555589999168271731, 0.4102228984210118390 ) ) ;
#4912 = CARTESIAN_POINT ( 'NONE',  ( 0.2483888423748476515, 0.1988660865309976600, 0.2905378590509508085 ) ) ;
#4913 = ORIENTED_EDGE ( 'NONE', *, *, #6887, .T. ) ;
#4914 = ORIENTED_EDGE ( 'NONE', *, *, #8337, .T. ) ;
#4915 = CARTESIAN_POINT ( 'NONE',  ( 0.3586250628473003355, 0.7897218048774075072, 0.3062858905470074999 ) ) ;
#4916 = LINE ( 'NONE', #7047, #13169 ) ;
#4917 = AXIS2_PLACEMENT_3D ( 'NONE', #4855, #9878, #7656 ) ;
#4918 = EDGE_CURVE ( 'NONE', #1674, #8272, #10637, .T. ) ;
#4919 = FILL_AREA_STYLE_COLOUR ( '', #6212 ) ;
#4920 = VECTOR ( 'NONE', #12266, 39.37007874015748143 ) ;
#4921 = DIRECTION ( 'NONE',  ( -1.000000000000000000, 0.0000000000000000000, 0.0000000000000000000 ) ) ;
#4922 = DIRECTION ( 'NONE',  ( 0.0000000000000000000, 0.0000000000000000000, 1.000000000000000000 ) ) ;
#4923 = DIRECTION ( 'NONE',  ( 1.000000000000000000, 1.408738150179759833E-16, -6.014894242100889598E-18 ) ) ;
#4924 = LINE ( 'NONE', #10006, #9566 ) ;
#4925 = ORIENTED_EDGE ( 'NONE', *, *, #11817, .T. ) ;
#4926 = LINE ( 'NONE', #8720, #6183 ) ;
#4927 = ORIENTED_EDGE ( 'NONE', *, *, #6008, .T. ) ;
#4928 = ORIENTED_EDGE ( 'NONE', *, *, #2387, .T. ) ;
#4929 = CARTESIAN_POINT ( 'NONE',  ( 0.3385463226898373645, -0.07278745677610237719, 0.4515614810981850025 ) ) ;
#4930 = CARTESIAN_POINT ( 'NONE',  ( 0.07319199198118012117, 0.1476849841687954967, 0.3456559692871708500 ) ) ;
#4931 = VERTEX_POINT ( 'NONE', #8683 ) ;
#4932 = VECTOR ( 'NONE', #1793, 39.37007874015748143 ) ;
#4933 = DIRECTION ( 'NONE',  ( -3.518308117683324880E-16, 1.000000000000000000, -4.163336342344335054E-16 ) ) ;
#4934 = DIRECTION ( 'NONE',  ( -1.608386623408229791E-17, -1.526556658859589750E-16, -1.000000000000000000 ) ) ;
#4935 = LINE ( 'NONE', #4133, #2378 ) ;
#4936 = ORIENTED_EDGE ( 'NONE', *, *, #9180, .F. ) ;
#4937 = EDGE_CURVE ( 'NONE', #12240, #11684, #7695, .T. ) ;
#4938 = CARTESIAN_POINT ( 'NONE',  ( 0.1562628581229039137, 0.08075585031049743734, 0.4515614810981850025 ) ) ;
#4939 = ADVANCED_FACE ( 'NONE', ( #6706 ), #1680, .T. ) ;
#4940 = VECTOR ( 'NONE', #12541, 39.37007874015748143 ) ;
#4941 = FACE_OUTER_BOUND ( 'NONE', #2174, .T. ) ;
#4942 = ORIENTED_EDGE ( 'NONE', *, *, #180, .T. ) ;
#4943 = STYLED_ITEM ( 'NONE', ( #8501 ), #7702 ) ;
#4944 = EDGE_LOOP ( 'NONE', ( #1410, #2866, #5847, #8291 ) ) ;
#4945 = CARTESIAN_POINT ( 'NONE',  ( 0.3625620707213386140, 0.1555589999168271731, 0.4062465204682488285 ) ) ;
#4946 = VERTEX_POINT ( 'NONE', #10909 ) ;
#4947 = ORIENTED_EDGE ( 'NONE', *, *, #12221, .F. ) ;
#4948 = CARTESIAN_POINT ( 'NONE',  ( 0.1893337242646342400, 0.7897218048774075072, 0.4972307724367677761 ) ) ;
#4949 = DIRECTION ( 'NONE',  ( -1.408738150179759833E-16, 1.000000000000000000, -3.469446951953615175E-16 ) ) ;
#4950 = DIRECTION ( 'NONE',  ( -1.937287448275559661E-17, -1.000000000000000000, -8.220413448604739958E-18 ) ) ;
#4951 = EDGE_CURVE ( 'NONE', #4812, #3947, #8893, .T. ) ;
#4952 = VECTOR ( 'NONE', #12023, 39.37007874015748143 ) ;
#4953 = CARTESIAN_POINT ( 'NONE',  ( 0.3704360864693551636, 0.08862986605855728561, 0.1921126622005507878 ) ) ;
#4954 = ORIENTED_EDGE ( 'NONE', *, *, #3704, .F. ) ;
#4955 = VECTOR ( 'NONE', #887, 39.37007874015748143 ) ;
#4956 = FACE_OUTER_BOUND ( 'NONE', #9179, .T. ) ;
#4957 = DIRECTION ( 'NONE',  ( -1.000000000000000000, 0.0000000000000000000, 0.0000000000000000000 ) ) ;
#4958 = ORIENTED_EDGE ( 'NONE', *, *, #3882, .T. ) ;
#4959 = UNCERTAINTY_MEASURE_WITH_UNIT (LENGTH_MEASURE( 1.000000000000000082E-05 ), #1389, 'distance_accuracy_value', 'NONE');
#4960 = PRESENTATION_LAYER_ASSIGNMENT (  '', '', ( #3255 ) ) ;
#4961 = STYLED_ITEM ( 'NONE', ( #6238 ), #11626 ) ;
#4962 = CARTESIAN_POINT ( 'NONE',  ( 0.2405148266268504198, 0.3091023070034267795, 0.2456559692871496114 ) ) ;
#4963 =( LENGTH_UNIT ( ) NAMED_UNIT ( * ) SI_UNIT ( $, .METRE. ) );
#4964 = AXIS2_PLACEMENT_3D ( 'NONE', #2590, #9772, #10702 ) ;
#4965 = ORIENTED_EDGE ( 'NONE', *, *, #2274, .F. ) ;
#4966 = CARTESIAN_POINT ( 'NONE',  ( 0.2326408108788039775, 0.5531967951924309235, 0.4243961267674777327 ) ) ;
#4967 = DIMENSIONAL_EXPONENTS ( 1.000000000000000000, 0.0000000000000000000, 0.0000000000000000000, 0.0000000000000000000, 0.0000000000000000000, 0.0000000000000000000, 0.0000000000000000000 ) ;
#4968 = CARTESIAN_POINT ( 'NONE',  ( 0.3704360864693551636, 0.08862986605855709132, 0.5228213236178701484 ) ) ;
#4969 = SURFACE_SIDE_STYLE ('',( #870 ) ) ;
#4970 = ADVANCED_FACE ( 'NONE', ( #12986 ), #1949, .F. ) ;
#4971 = VERTEX_POINT ( 'NONE', #2793 ) ;
#4972 = AXIS2_PLACEMENT_3D ( 'NONE', #2240, #10344, #230 ) ;
#4973 = FACE_OUTER_BOUND ( 'NONE', #5984, .T. ) ;
#4974 = EDGE_CURVE ( 'NONE', #3028, #107, #5910, .T. ) ;
#4975 = SURFACE_STYLE_FILL_AREA ( #3217 ) ;
#4976 = LINE ( 'NONE', #9988, #1149 ) ;
#4977 = ORIENTED_EDGE ( 'NONE', *, *, #376, .T. ) ;
#4978 = UNCERTAINTY_MEASURE_WITH_UNIT (LENGTH_MEASURE( 1.000000000000000082E-05 ), #12820, 'distance_accuracy_value', 'NONE');
#4979 = CONTEXT_DEPENDENT_SHAPE_REPRESENTATION ( #1165, #12868 ) ;
#4980 = ORIENTED_EDGE ( 'NONE', *, *, #4712, .F. ) ;
#4981 = CARTESIAN_POINT ( 'NONE',  ( 0.2483888423748523422, 0.3760314408617059234, 0.2688843157438653431 ) ) ;
#4982 = VECTOR ( 'NONE', #2483, 39.37007874015748143 ) ;
#4983 = EDGE_CURVE ( 'NONE', #3542, #5878, #2017, .T. ) ;
#4984 = VERTEX_POINT ( 'NONE', #10117 ) ;
#4985 = LINE ( 'NONE', #1968, #3691 ) ;
#4986 = FILL_AREA_STYLE ('',( #6920 ) ) ;
#4987 = ORIENTED_EDGE ( 'NONE', *, *, #9032, .F. ) ;
#4988 = ADVANCED_FACE ( 'NONE', ( #6045 ), #3823, .F. ) ;
#4989 = EDGE_CURVE ( 'NONE', #984, #7404, #7895, .T. ) ;
#4990 = ORIENTED_EDGE ( 'NONE', *, *, #5158, .F. ) ;
#4991 = LINE ( 'NONE', #2821, #9375 ) ;
#4992 = VECTOR ( 'NONE', #3329, 39.37007874015748143 ) ;
#4993 =( NAMED_UNIT ( * ) PLANE_ANGLE_UNIT ( ) SI_UNIT ( $, .RADIAN. ) );
#4994 = PLANE ( 'NONE',  #3166 ) ;
#4995 = DIRECTION ( 'NONE',  ( 3.376070039848299626E-16, -1.000000000000000000, 4.302114220422480115E-16 ) ) ;
#4996 = PRESENTATION_LAYER_ASSIGNMENT (  '', '', ( #10750 ) ) ;
#4997 = ORIENTED_EDGE ( 'NONE', *, *, #6313, .T. ) ;
#4998 = VERTEX_POINT ( 'NONE', #4966 ) ;
#4999 = FILL_AREA_STYLE_COLOUR ( '', #462 ) ;
#5000 = CARTESIAN_POINT ( 'NONE',  ( 0.2483888423748704388, 0.2185511259010751717, 0.3456559692871649658 ) ) ;
#5001 = ORIENTED_EDGE ( 'NONE', *, *, #11132, .F. ) ;
#5002 = EDGE_CURVE ( 'NONE', #8452, #9063, #5087, .T. ) ;
#5003 = ORIENTED_EDGE ( 'NONE', *, *, #11769, .F. ) ;
#5004 = DIRECTION ( 'NONE',  ( 0.0000000000000000000, 0.0000000000000000000, 1.000000000000000000 ) ) ;
#5005 = SURFACE_SIDE_STYLE ('',( #970 ) ) ;
#5006 = DIRECTION ( 'NONE',  ( 0.4472135955000932084, 0.8944271909998482428, -1.437323020766760377E-16 ) ) ;
#5007 = VERTEX_POINT ( 'NONE', #10979 ) ;
#5008 = EDGE_LOOP ( 'NONE', ( #12882, #3930, #9027, #8819 ) ) ;
#5009 = CARTESIAN_POINT ( 'NONE',  ( 0.2405148266268504198, 0.2933542755073783592, 0.2397504574761405716 ) ) ;
#5010 = ORIENTED_EDGE ( 'NONE', *, *, #6224, .F. ) ;
#5011 = EDGE_LOOP ( 'NONE', ( #12596, #5432, #4942, #4768 ) ) ;
#5012 = DIRECTION ( 'NONE',  ( 0.0000000000000000000, 0.0000000000000000000, -1.000000000000000000 ) ) ;
#5013 = VECTOR ( 'NONE', #3929, 39.37007874015748143 ) ;
#5014 = ORIENTED_EDGE ( 'NONE', *, *, #1754, .F. ) ;
#5015 = ADVANCED_FACE ( 'NONE', ( #1884 ), #9978, .F. ) ;
#5016 = EDGE_CURVE ( 'NONE', #10158, #165, #8961, .T. ) ;
#5017 = SURFACE_STYLE_FILL_AREA ( #794 ) ;
#5018 = FACE_OUTER_BOUND ( 'NONE', #6730, .T. ) ;
#5019 = ORIENTED_EDGE ( 'NONE', *, *, #9959, .T. ) ;
#5020 = DIRECTION ( 'NONE',  ( 0.0000000000000000000, 0.0000000000000000000, 1.000000000000000000 ) ) ;
#5021 = ORIENTED_EDGE ( 'NONE', *, *, #2369, .T. ) ;
#5022 = AXIS2_PLACEMENT_3D ( 'NONE', #2657, #3964, #8747 ) ;
#5023 = LENGTH_MEASURE_WITH_UNIT ( LENGTH_MEASURE( 0.02539999999999999897 ), #11978 );
#5024 = ORIENTED_EDGE ( 'NONE', *, *, #7285, .T. ) ;
#5025 = CARTESIAN_POINT ( 'NONE',  ( 0.2326408108788039775, 0.5728818345624920871, 0.4440811661375591024 ) ) ;
#5026 = CARTESIAN_POINT ( 'NONE',  ( 0.2090187636347208555, 0.08862986605856634781, 0.2397504574761405716 ) ) ;
#5027 = EDGE_LOOP ( 'NONE', ( #1783, #1654, #10146, #9254 ) ) ;
#5028 = LENGTH_MEASURE_WITH_UNIT ( LENGTH_MEASURE( 0.02539999999999999897 ), #12179 );
#5029 = PLANE ( 'NONE',  #10902 ) ;
#5030 = DIRECTION ( 'NONE',  ( 0.0000000000000000000, -1.000000000000000000, 0.0000000000000000000 ) ) ;
#5031 = AXIS2_PLACEMENT_3D ( 'NONE', #1721, #8800, #647 ) ;
#5032 = ORIENTED_EDGE ( 'NONE', *, *, #9060, .T. ) ;
#5033 = DIRECTION ( 'NONE',  ( -1.000000000000000000, -1.408738150179759833E-16, 6.014894242100889598E-18 ) ) ;
#5034 = CARTESIAN_POINT ( 'NONE',  ( 0.2208297872567575038, -0.05703942528004480456, 0.4515614810981850025 ) ) ;
#5035 = CARTESIAN_POINT ( 'NONE',  ( 0.3389400234772338982, 0.3760314408617052018, 0.3810890401533106320 ) ) ;
#5036 = VERTEX_POINT ( 'NONE', #2926 ) ;
#5037 = ADVANCED_FACE ( 'NONE', ( #6964 ), #3975, .T. ) ;
#5038 = PRESENTATION_LAYER_ASSIGNMENT (  '', '', ( #10584 ) ) ;
#5039 = EDGE_LOOP ( 'NONE', ( #2061, #6018, #2662, #1373, #3906 ) ) ;
#5040 = DIRECTION ( 'NONE',  ( 1.000000000000000000, 0.0000000000000000000, 0.0000000000000000000 ) ) ;
#5041 = EDGE_CURVE ( 'NONE', #2777, #4870, #10358, .T. ) ;
#5042 = FILL_AREA_STYLE_COLOUR ( '', #5933 ) ;
#5043 = ORIENTED_EDGE ( 'NONE', *, *, #6944, .F. ) ;
#5044 = EDGE_CURVE ( 'NONE', #6616, #11894, #5273, .T. ) ;
#5045 = DIRECTION ( 'NONE',  ( 0.0000000000000000000, 1.000000000000000000, 0.0000000000000000000 ) ) ;
#5046 = SURFACE_STYLE_USAGE ( .BOTH. , #6062 ) ;
#5047 = ORIENTED_EDGE ( 'NONE', *, *, #373, .T. ) ;
#5048 = AXIS2_PLACEMENT_3D ( 'NONE', #10780, #2407, #4644 ) ;
#5049 = DIRECTION ( 'NONE',  ( 1.000000000000000000, 1.356991020290373981E-16, -0.0000000000000000000 ) ) ;
#5050 = LINE ( 'NONE', #6608, #634 ) ;
#5051 = DIRECTION ( 'NONE',  ( -0.8944271910000518577, 0.4472135954996860896, -4.211305021371791151E-16 ) ) ;
#5052 = LINE ( 'NONE', #958, #10741 ) ;
#5053 = LINE ( 'NONE', #7171, #7123 ) ;
#5054 = DIRECTION ( 'NONE',  ( 4.283287147278279229E-17, 1.665334536937734811E-16, 1.000000000000000000 ) ) ;
#5055 = ADVANCED_FACE ( 'NONE', ( #9407 ), #8322, .T. ) ;
#5056 = DIRECTION ( 'NONE',  ( 1.000000000000000000, 3.376070039848300612E-16, 2.359223927328455183E-16 ) ) ;
#5057 = AXIS2_PLACEMENT_3D ( 'NONE', #4337, #2440, #9540 ) ;
#5058 = EDGE_LOOP ( 'NONE', ( #9561, #1404, #898, #1312 ) ) ;
#5059 = ORIENTED_EDGE ( 'NONE', *, *, #10613, .T. ) ;
#5060 = CARTESIAN_POINT ( 'NONE',  ( 0.2090187636347129729, 0.1988660865309976600, 0.2905378590509232195 ) ) ;
#5061 = LINE ( 'NONE', #3079, #8543 ) ;
#5062 = PLANE ( 'NONE',  #8160 ) ;
#5063 = DIRECTION ( 'NONE',  ( -1.316334802367149914E-16, 1.000000000000000000, -1.526556658859589750E-16 ) ) ;
#5064 = VECTOR ( 'NONE', #7069, 39.37007874015748143 ) ;
#5065 = CARTESIAN_POINT ( 'NONE',  ( 0.05547545654809511728, 0.05713380306642409229, 0.1842386464525193057 ) ) ;
#5066 = EDGE_CURVE ( 'NONE', #6229, #3210, #66, .T. ) ;
#5067 = ORIENTED_EDGE ( 'NONE', *, *, #12253, .F. ) ;
#5068 = ORIENTED_EDGE ( 'NONE', *, *, #11983, .T. ) ;
#5069 = CARTESIAN_POINT ( 'NONE',  ( 0.1401211258394373937, 0.3760314408617059234, 0.3751835283422830791 ) ) ;
#5070 = ORIENTED_EDGE ( 'NONE', *, *, #8191, .F. ) ;
#5071 = ORIENTED_EDGE ( 'NONE', *, *, #8126, .F. ) ;
#5072 = VECTOR ( 'NONE', #9309, 39.37007874015748143 ) ;
#5073 = CARTESIAN_POINT ( 'NONE',  ( 0.1208297872567765802, -0.05703942528004480456, 0.4515614810981850025 ) ) ;
#5074 = PLANE ( 'NONE',  #7089 ) ;
#5075 = CARTESIAN_POINT ( 'NONE',  ( 0.2326408108788039775, 0.6949290786569842782, 0.2905378590509444803 ) ) ;
#5076 = CARTESIAN_POINT ( 'NONE',  ( 0.2326408108788161622, 0.1476849841687954967, 0.2180969141690468349 ) ) ;
#5077 = ORIENTED_EDGE ( 'NONE', *, *, #605, .F. ) ;
#5078 = STYLED_ITEM ( 'NONE', ( #10488 ), #5106 ) ;
#5079 = STYLED_ITEM ( 'NONE', ( #3447 ), #3602 ) ;
#5080 = EDGE_CURVE ( 'NONE', #729, #5819, #4347, .T. ) ;
#5081 = PLANE ( 'NONE',  #8789 ) ;
#5082 = ORIENTED_EDGE ( 'NONE', *, *, #5721, .F. ) ;
#5083 = PRODUCT_DEFINITION_CONTEXT ( 'detailed design', #10858, 'design' ) ;
#5084 = DIRECTION ( 'NONE',  ( 1.000000000000000000, 1.316334802367149914E-16, -1.608386623408234722E-17 ) ) ;
#5085 = DIRECTION ( 'NONE',  ( 0.0000000000000000000, 8.220413448604739958E-18, -1.000000000000000000 ) ) ;
#5086 = EDGE_LOOP ( 'NONE', ( #9586, #6138, #10337, #11005, #2862, #6305, #9433, #4491, #7940, #7394, #1237, #7230 ) ) ;
#5087 = LINE ( 'NONE', #3847, #11053 ) ;
#5088 =( NAMED_UNIT ( * ) PLANE_ANGLE_UNIT ( ) SI_UNIT ( $, .RADIAN. ) );
#5089 = VECTOR ( 'NONE', #2630, 39.37007874015748143 ) ;
#5090 = VECTOR ( 'NONE', #2376, 39.37007874015748143 ) ;
#5091 = ORIENTED_EDGE ( 'NONE', *, *, #623, .T. ) ;
#5092 = CARTESIAN_POINT ( 'NONE',  ( 0.2483888423748523422, 0.7897218048774075072, 0.2669158118068500340 ) ) ;
#5093 = ADVANCED_FACE ( 'NONE', ( #4098 ), #11352, .T. ) ;
#5094 = CARTESIAN_POINT ( 'NONE',  ( 0.1893337242646519758, 0.2165826219640791250, 0.4972307724367677761 ) ) ;
#5095 = EDGE_LOOP ( 'NONE', ( #5440, #11056, #1865, #5148 ) ) ;
#5096 = EDGE_CURVE ( 'NONE', #6535, #577, #11485, .T. ) ;
#5097 = VECTOR ( 'NONE', #5503, 39.37007874015748143 ) ;
#5098 = VERTEX_POINT ( 'NONE', #3109 ) ;
#5099 =( LENGTH_UNIT ( ) NAMED_UNIT ( * ) SI_UNIT ( $, .METRE. ) );
#5100 = CARTESIAN_POINT ( 'NONE',  ( 0.1027195510362948899, 0.7897218048774075072, 0.1940811661375484443 ) ) ;
#5101 = ORIENTED_EDGE ( 'NONE', *, *, #8528, .T. ) ;
#5102 = AXIS2_PLACEMENT_3D ( 'NONE', #10173, #1184, #8196 ) ;
#5103 = CARTESIAN_POINT ( 'NONE',  ( 0.3562628581229011493, 0.08075585031051535356, 0.4515614810981850025 ) ) ;
#5104 = CARTESIAN_POINT ( 'NONE',  ( 0.1385463226898582811, -0.07278745677611142550, 0.2515614810981878224 ) ) ;
#5105 = VECTOR ( 'NONE', #3280, 39.37007874015748143 ) ;
#5106 = ADVANCED_FACE ( 'NONE', ( #2253 ), #11294, .F. ) ;
#5107 = LINE ( 'NONE', #4915, #8294 ) ;
#5108 = LINE ( 'NONE', #2099, #10700 ) ;
#5109 = ADVANCED_FACE ( 'NONE', ( #4273 ), #7410, .T. ) ;
#5110 = DIRECTION ( 'NONE',  ( -1.000000000000000000, 1.937287448275559661E-17, 0.0000000000000000000 ) ) ;
#5111 = AXIS2_PLACEMENT_3D ( 'NONE', #12832, #2711, #10889 ) ;
#5112 = CARTESIAN_POINT ( 'NONE',  ( 0.2326408108788039775, 0.5531967951924180449, 0.2895536070824405450 ) ) ;
#5113 = LINE ( 'NONE', #10144, #10201 ) ;
#5114 = DIRECTION ( 'NONE',  ( 2.626713979715460250E-16, -3.747002708109905789E-16, -1.000000000000000000 ) ) ;
#5115 = VERTEX_POINT ( 'NONE', #8255 ) ;
#5116 = CARTESIAN_POINT ( 'NONE',  ( 0.2405148266268504198, 0.3760314408617055348, 0.4456559692871464584 ) ) ;
#5117 = DIRECTION ( 'NONE',  ( 0.0000000000000000000, -1.000000000000000000, 0.0000000000000000000 ) ) ;
#5118 = FILL_AREA_STYLE_COLOUR ( '', #12230 ) ;
#5119 = VECTOR ( 'NONE', #5502, 39.37007874015748143 ) ;
#5120 = EDGE_CURVE ( 'NONE', #962, #2777, #12364, .T. ) ;
#5121 = VECTOR ( 'NONE', #7919, 39.37007874015748143 ) ;
#5122 = DIRECTION ( 'NONE',  ( 0.0000000000000000000, -0.7071067811865510144, 0.7071067811865440200 ) ) ;
#5123 = DIRECTION ( 'NONE',  ( 0.0000000000000000000, 0.0000000000000000000, -1.000000000000000000 ) ) ;
#5124 = ADVANCED_FACE ( 'NONE', ( #11557 ), #7747, .F. ) ;
#5125 = DIMENSIONAL_EXPONENTS ( 1.000000000000000000, 0.0000000000000000000, 0.0000000000000000000, 0.0000000000000000000, 0.0000000000000000000, 0.0000000000000000000, 0.0000000000000000000 ) ;
#5126 = DIRECTION ( 'NONE',  ( 1.000000000000000000, -1.937287448275559661E-17, 0.0000000000000000000 ) ) ;
#5127 = ORIENTED_EDGE ( 'NONE', *, *, #12979, .F. ) ;
#5128 = FILL_AREA_STYLE_COLOUR ( '', #8643 ) ;
#5129 = VECTOR ( 'NONE', #10177, 39.37007874015748143 ) ;
#5130 = VERTEX_POINT ( 'NONE', #4412 ) ;
#5131 = CARTESIAN_POINT ( 'NONE',  ( 0.05547545654809700466, 0.2776062440113113983, 0.3614040007832315382 ) ) ;
#5132 = EDGE_LOOP ( 'NONE', ( #7793, #4047, #6142, #8662 ) ) ;
#5133 = AXIS2_PLACEMENT_3D ( 'NONE', #11824, #719, #9685 ) ;
#5134 = ORIENTED_EDGE ( 'NONE', *, *, #8477, .T. ) ;
#5135 = DIRECTION ( 'NONE',  ( 0.0000000000000000000, 0.0000000000000000000, 1.000000000000000000 ) ) ;
#5136 = ORIENTED_EDGE ( 'NONE', *, *, #2679, .T. ) ;
#5137 = ADVANCED_FACE ( 'NONE', ( #8664 ), #1665, .F. ) ;
#5138 = DIRECTION ( 'NONE',  ( -1.000000000000000000, -1.316334802367149914E-16, 1.608386623408234722E-17 ) ) ;
#5139 = DIRECTION ( 'NONE',  ( 1.000000000000000000, 1.174096724532128111E-16, -4.283287147278279229E-17 ) ) ;
#5140 = DIRECTION ( 'NONE',  ( 3.376070039848299626E-16, -1.000000000000000000, 4.302114220422480115E-16 ) ) ;
#5141 = ADVANCED_FACE ( 'NONE', ( #2580 ), #4690, .F. ) ;
#5142 = EDGE_CURVE ( 'NONE', #5210, #8722, #5688, .T. ) ;
#5143 = CARTESIAN_POINT ( 'NONE',  ( 0.1893337242646342400, 0.7897218048774075072, 0.1940811661375622388 ) ) ;
#5144 = ORIENTED_EDGE ( 'NONE', *, *, #12391, .T. ) ;
#5145 = VECTOR ( 'NONE', #9814, 39.37007874015748143 ) ;
#5146 = MECHANICAL_DESIGN_GEOMETRIC_PRESENTATION_REPRESENTATION (  '', ( #723 ), #4093 ) ;
#5147 = LENGTH_MEASURE_WITH_UNIT ( LENGTH_MEASURE( 0.02539999999999999897 ), #1052 );
#5148 = ORIENTED_EDGE ( 'NONE', *, *, #219, .T. ) ;
#5149 = CARTESIAN_POINT ( 'NONE',  ( 0.3267352990678007996, -0.07278745677610237719, 0.4515614810981850025 ) ) ;
#5150 = CARTESIAN_POINT ( 'NONE',  ( 0.2483888423748523422, 0.7897218048774075072, 0.3062858905470074999 ) ) ;
#5151 = EDGE_LOOP ( 'NONE', ( #9839, #6779, #12883, #1140, #12160, #5321, #6689, #8338 ) ) ;
#5152 =( NAMED_UNIT ( * ) PLANE_ANGLE_UNIT ( ) SI_UNIT ( $, .RADIAN. ) );
#5153 = VECTOR ( 'NONE', #8774, 39.37007874015748143 ) ;
#5154 = DIRECTION ( 'NONE',  ( -0.8944271910000518577, 0.4472135954996860896, -5.388384191808759957E-17 ) ) ;
#5155 = VECTOR ( 'NONE', #6105, 39.37007874015748143 ) ;
#5156 = CARTESIAN_POINT ( 'NONE',  ( 0.3625620707213386140, 0.1555589999168271731, 0.4456559692871464584 ) ) ;
#5157 = ORIENTED_EDGE ( 'NONE', *, *, #10672, .F. ) ;
#5158 = EDGE_CURVE ( 'NONE', #9757, #12872, #12765, .T. ) ;
#5159 =( CONVERSION_BASED_UNIT ( 'INCH', #1325 ) LENGTH_UNIT ( ) NAMED_UNIT ( #4528 ) );
#5160 = AXIS2_PLACEMENT_3D ( 'NONE', #12416, #8189, #5259 ) ;
#5161 = CARTESIAN_POINT ( 'NONE',  ( 0.1027195510362846342, 0.1555589999168269788, 0.4180969141690433211 ) ) ;
#5162 = ORIENTED_EDGE ( 'NONE', *, *, #11744, .T. ) ;
#5163 = VECTOR ( 'NONE', #3116, 39.37007874015748143 ) ;
#5164 = ORIENTED_EDGE ( 'NONE', *, *, #6252, .T. ) ;
#5165 = CARTESIAN_POINT ( 'NONE',  ( 0.1027195510362848424, 0.1476849841687954967, 0.2732150244052708454 ) ) ;
#5166 = EDGE_LOOP ( 'NONE', ( #10852, #11786, #12957, #10436 ) ) ;
#5167 = DIRECTION ( 'NONE',  ( 0.0000000000000000000, 1.000000000000000000, 0.0000000000000000000 ) ) ;
#5168 = ORIENTED_EDGE ( 'NONE', *, *, #10655, .F. ) ;
#5169 = VECTOR ( 'NONE', #216, 39.37007874015748143 ) ;
#5170 = LINE ( 'NONE', #12071, #9408 ) ;
#5171 = CARTESIAN_POINT ( 'NONE',  ( 0.3562628581229011493, 0.08075585031051535356, 0.2397504574761405716 ) ) ;
#5172 = EDGE_LOOP ( 'NONE', ( #2126, #6614, #6001, #8855 ) ) ;
#5173 = EDGE_CURVE ( 'NONE', #4710, #5945, #11622, .T. ) ;
#5174 = EDGE_CURVE ( 'NONE', #12310, #11565, #3631, .T. ) ;
#5175 = ORIENTED_EDGE ( 'NONE', *, *, #11904, .T. ) ;
#5176 = DIRECTION ( 'NONE',  ( -0.7071067811865474617, 0.7071067811865474617, -2.410737741626302641E-16 ) ) ;
#5177 = FACE_OUTER_BOUND ( 'NONE', #7473, .T. ) ;
#5178 = VECTOR ( 'NONE', #2555, 39.37007874015748854 ) ;
#5179 = DIRECTION ( 'NONE',  ( -1.000000000000000000, -1.174096724532128111E-16, 4.283287147278279229E-17 ) ) ;
#5180 = SURFACE_SIDE_STYLE ('',( #10258 ) ) ;
#5181 = LINE ( 'NONE', #4244, #11253 ) ;
#5182 = EDGE_LOOP ( 'NONE', ( #6995, #8083, #8892, #7573 ) ) ;
#5183 = DIRECTION ( 'NONE',  ( -1.000000000000000000, 0.0000000000000000000, 0.0000000000000000000 ) ) ;
#5184 = CARTESIAN_POINT ( 'NONE',  ( 0.1027195510362846342, 0.1555589999168269788, 0.4732150244052676924 ) ) ;
#5185 = EDGE_CURVE ( 'NONE', #283, #2633, #8457, .T. ) ;
#5186 = DIRECTION ( 'NONE',  ( -1.000000000000000000, -1.316334802367149914E-16, 1.608386623408234722E-17 ) ) ;
#5187 = AXIS2_PLACEMENT_3D ( 'NONE', #12011, #9736, #3673 ) ;
#5188 = LINE ( 'NONE', #4076, #8313 ) ;
#5189 = CARTESIAN_POINT ( 'NONE',  ( 0.1558691573354938908, 0.3681574251136630060, 0.2515614810981878224 ) ) ;
#5190 = ORIENTED_EDGE ( 'NONE', *, *, #8967, .F. ) ;
#5191 = ADVANCED_FACE ( 'NONE', ( #9479, #9762 ), #2715, .F. ) ;
#5192 = LINE ( 'NONE', #8644, #1764 ) ;
#5193 = VERTEX_POINT ( 'NONE', #663 ) ;
#5194 = EDGE_LOOP ( 'NONE', ( #4619, #11604, #10756, #3959 ) ) ;
#5195 = LENGTH_MEASURE_WITH_UNIT ( LENGTH_MEASURE( 0.02539999999999999897 ), #114 );
#5196 = SURFACE_STYLE_USAGE ( .BOTH. , #6207 ) ;
#5197 = VERTEX_POINT ( 'NONE', #10559 ) ;
#5198 = EDGE_CURVE ( 'NONE', #3954, #7759, #457, .T. ) ;
#5199 = DIRECTION ( 'NONE',  ( 3.007447121050439791E-18, 2.498001805406600244E-16, 1.000000000000000000 ) ) ;
#5200 = VECTOR ( 'NONE', #6986, 39.37007874015748143 ) ;
#5201 = PLANE ( 'NONE',  #1971 ) ;
#5202 = EDGE_CURVE ( 'NONE', #2384, #12413, #11691, .T. ) ;
#5203 = CARTESIAN_POINT ( 'NONE',  ( 0.3290975037921822777, 0.4547715983420212993, 0.3850260480273224872 ) ) ;
#5204 = ORIENTED_EDGE ( 'NONE', *, *, #7224, .T. ) ;
#5205 = UNCERTAINTY_MEASURE_WITH_UNIT (LENGTH_MEASURE( 1.000000000000000082E-05 ), #10611, 'distance_accuracy_value', 'NONE');
#5206 = VECTOR ( 'NONE', #7112, 39.37007874015748143 ) ;
#5207 = FACE_BOUND ( 'NONE', #6771, .T. ) ;
#5208 = EDGE_CURVE ( 'NONE', #5901, #2664, #10822, .T. ) ;
#5209 = DIRECTION ( 'NONE',  ( -1.000000000000000000, -1.174096724532128111E-16, 4.283287147278279229E-17 ) ) ;
#5210 = VERTEX_POINT ( 'NONE', #385 ) ;
#5211 = CARTESIAN_POINT ( 'NONE',  ( 0.1460266376504679164, 0.1043778975546212490, 0.4614040007832181378 ) ) ;
#5212 = FACE_OUTER_BOUND ( 'NONE', #11973, .T. ) ;
#5213 = LINE ( 'NONE', #4351, #5911 ) ;
#5214 = ORIENTED_EDGE ( 'NONE', *, *, #6529, .F. ) ;
#5215 = VECTOR ( 'NONE', #5423, 39.37007874015748143 ) ;
#5216 = LINE ( 'NONE', #4284, #3582 ) ;
#5217 = ADVANCED_FACE ( 'NONE', ( #12559 ), #3434, .T. ) ;
#5218 = DIRECTION ( 'NONE',  ( 2.626713979715460250E-16, -3.747002708109905789E-16, -1.000000000000000000 ) ) ;
#5219 = ORIENTED_EDGE ( 'NONE', *, *, #8271, .F. ) ;
#5220 = UNCERTAINTY_MEASURE_WITH_UNIT (LENGTH_MEASURE( 1.000000000000000082E-05 ), #6102, 'distance_accuracy_value', 'NONE');
#5221 = ORIENTED_EDGE ( 'NONE', *, *, #12080, .T. ) ;
#5222 = EDGE_CURVE ( 'NONE', #165, #2777, #7477, .T. ) ;
#5223 = ORIENTED_EDGE ( 'NONE', *, *, #3838, .F. ) ;
#5224 = DIRECTION ( 'NONE',  ( 0.0000000000000000000, -8.220413448604739958E-18, 1.000000000000000000 ) ) ;
#5225 = AXIS2_PLACEMENT_3D ( 'NONE', #10105, #9084, #1113 ) ;
#5226 = DIRECTION ( 'NONE',  ( 1.937287448275559661E-17, 1.000000000000000000, 8.220413448604588965E-18 ) ) ;
#5227 = ORIENTED_EDGE ( 'NONE', *, *, #177, .F. ) ;
#5228 = DIRECTION ( 'NONE',  ( 1.000000000000000000, 1.408738150179759833E-16, -6.014894242100889598E-18 ) ) ;
#5229 = DIRECTION ( 'NONE',  ( -1.000000000000000000, -1.408738150179759833E-16, 6.014894242100889598E-18 ) ) ;
#5230 = ORIENTED_EDGE ( 'NONE', *, *, #4901, .F. ) ;
#5231 = ORIENTED_EDGE ( 'NONE', *, *, #6926, .T. ) ;
#5232 = CARTESIAN_POINT ( 'NONE',  ( 0.3920896297764417393, 0.2579212046412326376, 0.3456559692871649658 ) ) ;
#5233 = PRESENTATION_LAYER_ASSIGNMENT (  '', '', ( #3986 ) ) ;
#5234 = CARTESIAN_POINT ( 'NONE',  ( 0.2483888423748523422, 0.3583149054286425272, 0.4243961267674803417 ) ) ;
#5235 = LINE ( 'NONE', #11317, #6703 ) ;
#5236 = PLANE ( 'NONE',  #9328 ) ;
#5237 = ADVANCED_FACE ( 'NONE', ( #6485 ), #8530, .F. ) ;
#5238 = CARTESIAN_POINT ( 'NONE',  ( 0.3310660077292019721, 0.3839054566097366283, 0.2669158118068457042 ) ) ;
#5239 = ORIENTED_EDGE ( 'NONE', *, *, #10252, .T. ) ;
#5240 = VECTOR ( 'NONE', #8601, 39.37007874015748143 ) ;
#5241 = CARTESIAN_POINT ( 'NONE',  ( 0.3920896297764417393, 0.1949290786569806977, 0.3810890401533106320 ) ) ;
#5242 = DIRECTION ( 'NONE',  ( 1.000000000000000000, 1.174096724532128111E-16, -4.283287147278279229E-17 ) ) ;
#5243 = ORIENTED_EDGE ( 'NONE', *, *, #4224, .F. ) ;
#5244 = DIRECTION ( 'NONE',  ( -1.608386623408229791E-17, -1.526556658859589750E-16, -1.000000000000000000 ) ) ;
#5245 = MECHANICAL_DESIGN_GEOMETRIC_PRESENTATION_REPRESENTATION (  '', ( #9973 ), #7174 ) ;
#5246 = LINE ( 'NONE', #11457, #4420 ) ;
#5247 = EDGE_CURVE ( 'NONE', #547, #446, #10101, .T. ) ;
#5248 = ORIENTED_EDGE ( 'NONE', *, *, #7853, .F. ) ;
#5249 = DIRECTION ( 'NONE',  ( -1.937287448275559661E-17, -1.000000000000000000, -8.220413448604588965E-18 ) ) ;
#5250 = ADVANCED_FACE ( 'NONE', ( #7011, #3960 ), #12969, .T. ) ;
#5251 = LINE ( 'NONE', #8119, #12947 ) ;
#5252 = ORIENTED_EDGE ( 'NONE', *, *, #12991, .T. ) ;
#5253 = FACE_OUTER_BOUND ( 'NONE', #724, .T. ) ;
#5254 = VERTEX_POINT ( 'NONE', #13105 ) ;
#5255 = EDGE_LOOP ( 'NONE', ( #935, #1385, #9897, #4829, #10374, #7617, #5686, #4754 ) ) ;
#5256 = PLANE ( 'NONE',  #10013 ) ;
#5257 =( CONVERSION_BASED_UNIT ( 'INCH', #6329 ) LENGTH_UNIT ( ) NAMED_UNIT ( #5458 ) );
#5258 = ORIENTED_EDGE ( 'NONE', *, *, #138, .T. ) ;
#5259 = DIRECTION ( 'NONE',  ( 0.0000000000000000000, 8.220413448604739958E-18, -1.000000000000000000 ) ) ;
#5260 = DIRECTION ( 'NONE',  ( 1.000000000000000000, 3.518308117683324880E-16, 2.626713979715460250E-16 ) ) ;
#5261 = CARTESIAN_POINT ( 'NONE',  ( 0.2090187636347129729, 0.4272125432239181064, 0.4007740795234071007 ) ) ;
#5262 = EDGE_LOOP ( 'NONE', ( #8059, #3864, #4246, #12937 ) ) ;
#5263 = EDGE_CURVE ( 'NONE', #2903, #5424, #215, .T. ) ;
#5264 = LINE ( 'NONE', #1384, #9150 ) ;
#5265 = CARTESIAN_POINT ( 'NONE',  ( 0.2326408108788039775, 0.05713380306642409229, 0.5228213236178701484 ) ) ;
#5266 = VERTEX_POINT ( 'NONE', #8875 ) ;
#5267 = ADVANCED_FACE ( 'NONE', ( #11896 ), #6953, .T. ) ;
#5268 = MECHANICAL_DESIGN_GEOMETRIC_PRESENTATION_REPRESENTATION (  '', ( #7609 ), #6340 ) ;
#5269 = STYLED_ITEM ( 'NONE', ( #3330 ), #2811 ) ;
#5270 = CARTESIAN_POINT ( 'NONE',  ( 0.2267352990677846403, -0.07278745677610257148, 0.2397504574761405716 ) ) ;
#5271 = CARTESIAN_POINT ( 'NONE',  ( 0.4098061652095126295, 0.3957164802317834629, 0.5070732921218070732 ) ) ;
#5272 = ORIENTED_EDGE ( 'NONE', *, *, #2244, .T. ) ;
#5273 = LINE ( 'NONE', #9342, #12758 ) ;
#5274 = LINE ( 'NONE', #11230, #5129 ) ;
#5275 =( LENGTH_UNIT ( ) NAMED_UNIT ( * ) SI_UNIT ( $, .METRE. ) );
#5276 = EDGE_LOOP ( 'NONE', ( #2313, #7284, #9490, #11388 ) ) ;
#5277 = AXIS2_PLACEMENT_3D ( 'NONE', #12116, #7272, #1318 ) ;
#5278 = DIRECTION ( 'NONE',  ( -2.626713979715460250E-16, 4.163336342344334068E-16, 1.000000000000000000 ) ) ;
#5279 = MECHANICAL_DESIGN_GEOMETRIC_PRESENTATION_REPRESENTATION (  '', ( #11055 ), #11686 ) ;
#5280 = EDGE_CURVE ( 'NONE', #7356, #8446, #9833, .T. ) ;
#5281 = CARTESIAN_POINT ( 'NONE',  ( 0.2444518345008480364, 0.05713380306641550888, 0.4397504574761377794 ) ) ;
#5282 = ORIENTED_EDGE ( 'NONE', *, *, #4218, .F. ) ;
#5283 = EDGE_CURVE ( 'NONE', #9261, #3974, #13038, .T. ) ;
#5284 = ORIENTED_EDGE ( 'NONE', *, *, #11594, .T. ) ;
#5285 = CARTESIAN_POINT ( 'NONE',  ( 0.2326408108788039775, 0.1988660865309964665, 0.1527425834603897692 ) ) ;
#5286 = PRESENTATION_LAYER_ASSIGNMENT (  '', '', ( #8694 ) ) ;
#5287 = VERTEX_POINT ( 'NONE', #5896 ) ;
#5288 = FACE_OUTER_BOUND ( 'NONE', #5436, .T. ) ;
#5289 = VECTOR ( 'NONE', #7908, 39.37007874015748143 ) ;
#5290 = DIRECTION ( 'NONE',  ( -1.000000000000000000, 0.0000000000000000000, 0.0000000000000000000 ) ) ;
#5291 = DIRECTION ( 'NONE',  ( 1.000000000000000000, 1.316334802367149914E-16, -1.608386623408234722E-17 ) ) ;
#5292 = EDGE_LOOP ( 'NONE', ( #8435, #6555, #5071, #2308 ) ) ;
#5293 = FACE_OUTER_BOUND ( 'NONE', #5132, .T. ) ;
#5294 = CARTESIAN_POINT ( 'NONE',  ( 0.1027195510362938907, 0.1476849841687954967, 0.4732150244052676924 ) ) ;
#5295 = VERTEX_POINT ( 'NONE', #3829 ) ;
#5296 = EDGE_CURVE ( 'NONE', #4326, #11007, #2968, .T. ) ;
#5297 = VERTEX_POINT ( 'NONE', #11968 ) ;
#5298 = ADVANCED_FACE ( 'NONE', ( #12904 ), #10893, .F. ) ;
#5299 = AXIS2_PLACEMENT_3D ( 'NONE', #10508, #11434, #402 ) ;
#5300 = LENGTH_MEASURE_WITH_UNIT ( LENGTH_MEASURE( 0.02539999999999999897 ), #3383 );
#5301 = LINE ( 'NONE', #2277, #1366 ) ;
#5302 = DIRECTION ( 'NONE',  ( 1.000000000000000000, 1.408738150179759833E-16, -6.014894242100889598E-18 ) ) ;
#5303 = DIRECTION ( 'NONE',  ( -1.000000000000000000, 1.937287448275559661E-17, 0.0000000000000000000 ) ) ;
#5304 = CARTESIAN_POINT ( 'NONE',  ( 0.2326408108788130258, 0.08862986605855749378, 0.1901441582635346739 ) ) ;
#5305 = DIRECTION ( 'NONE',  ( -1.608386623408229791E-17, -1.526556658859589750E-16, -1.000000000000000000 ) ) ;
#5306 = VECTOR ( 'NONE', #3159, 39.37007874015748143 ) ;
#5307 = VERTEX_POINT ( 'NONE', #2851 ) ;
#5308 = VECTOR ( 'NONE', #6494, 39.37007874015748143 ) ;
#5309 = CARTESIAN_POINT ( 'NONE',  ( 0.07712899985517106261, 0.3760314408617059234, 0.3751835283422830791 ) ) ;
#5310 = CARTESIAN_POINT ( 'NONE',  ( 0.3645305746583386020, 0.4575997454093465033, 0.2669158118068504226 ) ) ;
#5311 = EDGE_LOOP ( 'NONE', ( #3376, #11809, #12576, #5631 ) ) ;
#5312 = FILL_AREA_STYLE ('',( #7310 ) ) ;
#5313 = ORIENTED_EDGE ( 'NONE', *, *, #864, .T. ) ;
#5314 = EDGE_CURVE ( 'NONE', #9640, #12024, #6890, .T. ) ;
#5315 = CARTESIAN_POINT ( 'NONE',  ( 0.1562628581229039137, 0.08075585031049743734, 0.4515614810981850025 ) ) ;
#5316 = VECTOR ( 'NONE', #11210, 39.37007874015748143 ) ;
#5317 = CARTESIAN_POINT ( 'NONE',  ( 0.2916959289890523888, 0.2448335284032795434, 0.3456559692871527534 ) ) ;
#5318 = PRESENTATION_LAYER_ASSIGNMENT (  '', '', ( #1990 ) ) ;
#5319 = LINE ( 'NONE', #11530, #4555 ) ;
#5320 = DIRECTION ( 'NONE',  ( -0.8944271909998483538, 0.4472135955000931529, -4.211305021372950776E-16 ) ) ;
#5321 = ORIENTED_EDGE ( 'NONE', *, *, #232, .F. ) ;
#5322 = ORIENTED_EDGE ( 'NONE', *, *, #12250, .T. ) ;
#5323 = CARTESIAN_POINT ( 'NONE',  ( 0.1027195510362948899, 0.2165826219640791250, 0.2905378590509232195 ) ) ;
#5324 = ORIENTED_EDGE ( 'NONE', *, *, #11860, .T. ) ;
#5325 = VERTEX_POINT ( 'NONE', #849 ) ;
#5326 = CARTESIAN_POINT ( 'NONE',  ( 0.2877589211150279325, 0.1988660865309964665, 0.1684906149564565081 ) ) ;
#5327 = AXIS2_PLACEMENT_3D ( 'NONE', #3373, #6173, #5290 ) ;
#5328 = ORIENTED_EDGE ( 'NONE', *, *, #8620, .T. ) ;
#5329 = VECTOR ( 'NONE', #8987, 39.37007874015748143 ) ;
#5330 = PLANE ( 'NONE',  #5160 ) ;
#5331 = CARTESIAN_POINT ( 'NONE',  ( 0.2405148266268504198, 0.1555589999168271731, 0.4456559692871464584 ) ) ;
#5332 = EDGE_CURVE ( 'NONE', #2654, #5455, #5962, .T. ) ;
#5333 = EDGE_CURVE ( 'NONE', #708, #5098, #49, .T. ) ;
#5334 = LINE ( 'NONE', #303, #6187 ) ;
#5335 = ORIENTED_EDGE ( 'NONE', *, *, #10456, .T. ) ;
#5336 = VECTOR ( 'NONE', #7342, 39.37007874015748143 ) ;
#5337 = CARTESIAN_POINT ( 'NONE',  ( 0.2135097654776348663, 0.5400093426232762672, 0.2669158118068456487 ) ) ;
#5338 = CARTESIAN_POINT ( 'NONE',  ( 0.1558691573354938908, 0.2933542755073602626, 0.2515614810981878224 ) ) ;
#5339 = VERTEX_POINT ( 'NONE', #2065 ) ;
#5340 = VECTOR ( 'NONE', #12124, 39.37007874015748143 ) ;
#5341 = CARTESIAN_POINT ( 'NONE',  ( 0.3305208835620728758, 0.4079514893171787282, 0.1901441582635393646 ) ) ;
#5342 = DIRECTION ( 'NONE',  ( -2.359223927328455183E-16, 3.885780586188049864E-16, 1.000000000000000000 ) ) ;
#5343 = VERTEX_POINT ( 'NONE', #9394 ) ;
#5344 = CARTESIAN_POINT ( 'NONE',  ( 0.07319199198118012117, 0.1476849841687954967, 0.4554984889722086816 ) ) ;
#5345 = EDGE_CURVE ( 'NONE', #2269, #3319, #9206, .T. ) ;
#5346 = DIRECTION ( 'NONE',  ( 3.376070039848298640E-16, -1.000000000000000000, 4.302114220422480608E-16 ) ) ;
#5347 = SURFACE_STYLE_USAGE ( .BOTH. , #12563 ) ;
#5348 = VECTOR ( 'NONE', #12616, 39.37007874015748143 ) ;
#5349 = CARTESIAN_POINT ( 'NONE',  ( 0.3763415982803858806, 0.2579212046412326376, 0.1901441582635393646 ) ) ;
#5350 = ORIENTED_EDGE ( 'NONE', *, *, #9517, .T. ) ;
#5351 = ADVANCED_FACE ( 'NONE', ( #7138 ), #10220, .F. ) ;
#5352 = VECTOR ( 'NONE', #4616, 39.37007874015748143 ) ;
#5353 = DIRECTION ( 'NONE',  ( 1.937287448275559661E-17, 1.000000000000000000, 8.220413448604588965E-18 ) ) ;
#5354 = DIRECTION ( 'NONE',  ( 2.865203769218833733E-48, -8.220413448604588965E-18, 1.000000000000000000 ) ) ;
#5355 = DIRECTION ( 'NONE',  ( -3.518308117683324880E-16, 1.000000000000000000, -4.163336342344335054E-16 ) ) ;
#5356 = CARTESIAN_POINT ( 'NONE',  ( 0.1208297872567765802, -0.05703942528004488088, 0.2397504574761405716 ) ) ;
#5357 = EDGE_LOOP ( 'NONE', ( #3145, #7875 ) ) ;
#5358 = UNCERTAINTY_MEASURE_WITH_UNIT (LENGTH_MEASURE( 1.000000000000000082E-05 ), #4148, 'distance_accuracy_value', 'NONE');
#5359 = AXIS2_PLACEMENT_3D ( 'NONE', #11011, #6994, #10950 ) ;
#5360 = VERTEX_POINT ( 'NONE', #3339 ) ;
#5361 = SURFACE_SIDE_STYLE ('',( #10244 ) ) ;
#5362 = AXIS2_PLACEMENT_3D ( 'NONE', #7648, #1773, #8571 ) ;
#5363 = ORIENTED_EDGE ( 'NONE', *, *, #7597, .T. ) ;
#5364 = CARTESIAN_POINT ( 'NONE',  ( 0.03972742505202851021, 0.2185511259010751717, 0.3456559692871649658 ) ) ;
#5365 = CARTESIAN_POINT ( 'NONE',  ( 0.3444518345008468208, -0.05703942528003590889, 0.2515614810981878224 ) ) ;
#5366 = EDGE_CURVE ( 'NONE', #11461, #10879, #11276, .T. ) ;
#5367 = CARTESIAN_POINT ( 'NONE',  ( 0.2956329368630822851, 0.08862986605855749378, 0.4854197488147189432 ) ) ;
#5368 = ORIENTED_EDGE ( 'NONE', *, *, #6051, .F. ) ;
#5369 = LINE ( 'NONE', #7494, #7080 ) ;
#5370 = CARTESIAN_POINT ( 'NONE',  ( 0.2266859742301034764, 0.5520871082481152436, 0.4243961267674755677 ) ) ;
#5371 = EDGE_CURVE ( 'NONE', #12029, #3295, #8185, .T. ) ;
#5372 = ORIENTED_EDGE ( 'NONE', *, *, #5280, .F. ) ;
#5373 = VECTOR ( 'NONE', #10317, 39.37007874015748854 ) ;
#5374 = DIRECTION ( 'NONE',  ( -1.608386623408229791E-17, -1.526556658859589750E-16, -1.000000000000000000 ) ) ;
#5375 = LINE ( 'NONE', #10255, #9858 ) ;
#5376 = LINE ( 'NONE', #12660, #6908 ) ;
#5377 = DIRECTION ( 'NONE',  ( -1.174096724532128111E-16, 1.000000000000000000, -1.665334536937734811E-16 ) ) ;
#5378 = CARTESIAN_POINT ( 'NONE',  ( 0.3625620707213386140, 0.3130393148774570644, 0.4062465204682488285 ) ) ;
#5379 = EDGE_CURVE ( 'NONE', #1537, #9145, #3275, .T. ) ;
#5380 = CARTESIAN_POINT ( 'NONE',  ( 0.1263415982803830773, 0.3760314408617052018, 0.3456559692871649658 ) ) ;
#5381 = AXIS2_PLACEMENT_3D ( 'NONE', #516, #12819, #10675 ) ;
#5382 = ADVANCED_FACE ( 'NONE', ( #7193 ), #6206, .F. ) ;
#5383 = PRODUCT ( 'CUI_DEVICES_MPB04-2C33-S-D', 'CUI_DEVICES_MPB04-2C33-S-D', '', ( #8974 ) ) ;
#5384 = ORIENTED_EDGE ( 'NONE', *, *, #53, .F. ) ;
#5385 = LINE ( 'NONE', #9444, #730 ) ;
#5386 = CARTESIAN_POINT ( 'NONE',  ( 0.2326408108788039775, 0.5531967951924051663, 0.2669158118068478691 ) ) ;
#5387 = ORIENTED_EDGE ( 'NONE', *, *, #1937, .F. ) ;
#5388 = DIRECTION ( 'NONE',  ( -1.000000000000000000, 1.937287448275559661E-17, 0.0000000000000000000 ) ) ;
#5389 = ORIENTED_EDGE ( 'NONE', *, *, #8820, .F. ) ;
#5390 = CARTESIAN_POINT ( 'NONE',  ( 0.2483888423748523422, 0.4272125432239181064, 0.4224276228305008374 ) ) ;
#5391 = VECTOR ( 'NONE', #5866, 39.37007874015748143 ) ;
#5392 = CARTESIAN_POINT ( 'NONE',  ( 0.1558691573354936966, 0.2933542755073602626, 0.4397504574761377794 ) ) ;
#5393 = LINE ( 'NONE', #12530, #8808 ) ;
#5394 = LENGTH_MEASURE_WITH_UNIT ( LENGTH_MEASURE( 0.02539999999999999897 ), #10271 );
#5395 = ORIENTED_EDGE ( 'NONE', *, *, #4495, .T. ) ;
#5396 = CARTESIAN_POINT ( 'NONE',  ( 0.1027195510362848424, 0.1555589999168269788, 0.2180969141690468349 ) ) ;
#5397 = ORIENTED_EDGE ( 'NONE', *, *, #444, .T. ) ;
#5398 = EDGE_CURVE ( 'NONE', #3892, #12975, #1171, .T. ) ;
#5399 = LINE ( 'NONE', #1574, #2810 ) ;
#5400 = ORIENTED_EDGE ( 'NONE', *, *, #126, .T. ) ;
#5401 = VERTEX_POINT ( 'NONE', #12347 ) ;
#5402 = CARTESIAN_POINT ( 'NONE',  ( 0.2483888423748523422, 0.1988660865309976600, 0.3751835283422830791 ) ) ;
#5403 = MECHANICAL_DESIGN_GEOMETRIC_PRESENTATION_REPRESENTATION (  '', ( #10120 ), #764 ) ;
#5404 = ORIENTED_EDGE ( 'NONE', *, *, #2932, .F. ) ;
#5405 = CARTESIAN_POINT ( 'NONE',  ( 0.3625620707213386140, 0.1476849841687954967, 0.2732150244052708454 ) ) ;
#5406 = CARTESIAN_POINT ( 'NONE',  ( 0.2483888423748523422, 0.2165826219640791250, 0.2236087251926807129 ) ) ;
#5407 = LINE ( 'NONE', #9465, #9711 ) ;
#5408 = DIRECTION ( 'NONE',  ( 0.0000000000000000000, 1.000000000000000000, 0.0000000000000000000 ) ) ;
#5409 = ORIENTED_EDGE ( 'NONE', *, *, #6336, .F. ) ;
#5410 = DIRECTION ( 'NONE',  ( 0.0000000000000000000, 0.0000000000000000000, -1.000000000000000000 ) ) ;
#5411 = VECTOR ( 'NONE', #490, 39.37007874015748143 ) ;
#5412 = DIRECTION ( 'NONE',  ( 1.000000000000000000, 1.316334802367149914E-16, -1.608386623408234722E-17 ) ) ;
#5413 =( NAMED_UNIT ( * ) SI_UNIT ( $, .STERADIAN. ) SOLID_ANGLE_UNIT ( ) );
#5414 = ORIENTED_EDGE ( 'NONE', *, *, #5494, .T. ) ;
#5415 = ORIENTED_EDGE ( 'NONE', *, *, #1351, .T. ) ;
#5416 = LINE ( 'NONE', #827, #3400 ) ;
#5417 = ADVANCED_FACE ( 'NONE', ( #1232 ), #5256, .T. ) ;
#5418 =( NAMED_UNIT ( * ) PLANE_ANGLE_UNIT ( ) SI_UNIT ( $, .RADIAN. ) );
#5419 = EDGE_CURVE ( 'NONE', #3634, #13125, #2301, .T. ) ;
#5420 = EDGE_LOOP ( 'NONE', ( #10294, #11635, #11498, #1342 ) ) ;
#5421 = DIRECTION ( 'NONE',  ( 0.0000000000000000000, 0.0000000000000000000, 1.000000000000000000 ) ) ;
#5422 = VECTOR ( 'NONE', #1355, 39.37007874015748143 ) ;
#5423 = DIRECTION ( 'NONE',  ( 0.0000000000000000000, -8.220413448604739958E-18, 1.000000000000000000 ) ) ;
#5424 = VERTEX_POINT ( 'NONE', #4330 ) ;
#5425 = CARTESIAN_POINT ( 'NONE',  ( 0.2090187636347251854, 0.08862986605855728561, 0.5011677803107913443 ) ) ;
#5426 = CARTESIAN_POINT ( 'NONE',  ( 0.3507510470992764029, 0.3957164802317834629, 0.2472307724367716342 ) ) ;
#5427 = ORIENTED_EDGE ( 'NONE', *, *, #6041, .F. ) ;
#5428 = ORIENTED_EDGE ( 'NONE', *, *, #3060, .T. ) ;
#5429 = FILL_AREA_STYLE ('',( #4424 ) ) ;
#5430 = EDGE_CURVE ( 'NONE', #12240, #4394, #10636, .T. ) ;
#5431 = DIRECTION ( 'NONE',  ( -1.000000000000000000, 0.0000000000000000000, 0.0000000000000000000 ) ) ;
#5432 = ORIENTED_EDGE ( 'NONE', *, *, #12761, .T. ) ;
#5433 = FACE_OUTER_BOUND ( 'NONE', #9958, .T. ) ;
#5434 = LINE ( 'NONE', #10841, #6400 ) ;
#5435 = LINE ( 'NONE', #5367, #6593 ) ;
#5436 = EDGE_LOOP ( 'NONE', ( #10366, #11174, #2708, #2578, #1802, #4479, #3509 ) ) ;
#5437 = DIRECTION ( 'NONE',  ( -1.000000000000000000, -1.316334802367149914E-16, 1.608386623408234722E-17 ) ) ;
#5438 = VECTOR ( 'NONE', #18, 39.37007874015748143 ) ;
#5439 = CARTESIAN_POINT ( 'NONE',  ( 0.1208297872567765802, 0.05713380306641543255, 0.2515614810981878224 ) ) ;
#5440 = ORIENTED_EDGE ( 'NONE', *, *, #6726, .T. ) ;
#5441 = VERTEX_POINT ( 'NONE', #10469 ) ;
#5442 = PLANE ( 'NONE',  #1471 ) ;
#5443 = DIRECTION ( 'NONE',  ( 1.608386623408229791E-17, 1.526556658859589750E-16, 1.000000000000000000 ) ) ;
#5444 = EDGE_CURVE ( 'NONE', #729, #5985, #438, .T. ) ;
#5445 = LINE ( 'NONE', #6447, #7081 ) ;
#5446 = CARTESIAN_POINT ( 'NONE',  ( 0.3200423856819638035, 0.1051652991294206724, 0.2606165992084212846 ) ) ;
#5447 = VECTOR ( 'NONE', #3881, 39.37007874015748143 ) ;
#5448 = FACE_OUTER_BOUND ( 'NONE', #1927, .T. ) ;
#5449 = CARTESIAN_POINT ( 'NONE',  ( 0.2483888423748704388, 0.4547715983420212993, 0.3850260480273224872 ) ) ;
#5450 = EDGE_CURVE ( 'NONE', #8418, #7289, #5603, .T. ) ;
#5451 = CARTESIAN_POINT ( 'NONE',  ( 0.2326408108788039775, 0.2972912833813901590, 0.3456559692871649658 ) ) ;
#5452 = ORIENTED_EDGE ( 'NONE', *, *, #4483, .T. ) ;
#5453 = FACE_OUTER_BOUND ( 'NONE', #9894, .T. ) ;
#5454 = DIRECTION ( 'NONE',  ( 0.0000000000000000000, 0.0000000000000000000, -1.000000000000000000 ) ) ;
#5455 = VERTEX_POINT ( 'NONE', #1511 ) ;
#5456 = CARTESIAN_POINT ( 'NONE',  ( 0.3385463226898373645, -0.07278745677610257148, 0.2397504574761405716 ) ) ;
#5457 = ORIENTED_EDGE ( 'NONE', *, *, #8461, .F. ) ;
#5458 = DIMENSIONAL_EXPONENTS ( 1.000000000000000000, 0.0000000000000000000, 0.0000000000000000000, 0.0000000000000000000, 0.0000000000000000000, 0.0000000000000000000, 0.0000000000000000000 ) ;
#5459 = VECTOR ( 'NONE', #1939, 39.37007874015748143 ) ;
#5460 = SURFACE_STYLE_USAGE ( .BOTH. , #8295 ) ;
#5461 = EDGE_CURVE ( 'NONE', #13032, #6103, #3543, .T. ) ;
#5462 = DIRECTION ( 'NONE',  ( -1.000000000000000000, 1.937287448275559661E-17, 0.0000000000000000000 ) ) ;
#5463 = LINE ( 'NONE', #6660, #7526 ) ;
#5464 = CARTESIAN_POINT ( 'NONE',  ( 0.2129557715087252168, 0.09256687393256948782, 0.1901441582635393646 ) ) ;
#5465 = LINE ( 'NONE', #2623, #3992 ) ;
#5466 = VERTEX_POINT ( 'NONE', #8647 ) ;
#5467 = VECTOR ( 'NONE', #10561, 39.37007874015748854 ) ;
#5468 = CARTESIAN_POINT ( 'NONE',  ( 0.05547545654809748344, 0.2185511259010751717, 0.4007740795233928899 ) ) ;
#5469 = ORIENTED_EDGE ( 'NONE', *, *, #3592, .T. ) ;
#5470 = VERTEX_POINT ( 'NONE', #7586 ) ;
#5471 = CARTESIAN_POINT ( 'NONE',  ( 0.1027195510362948899, 0.3583149054286425272, 0.4972307724367677761 ) ) ;
#5472 = ORIENTED_EDGE ( 'NONE', *, *, #6080, .T. ) ;
#5473 = CARTESIAN_POINT ( 'NONE',  ( 0.2326408108788039775, 0.2185511259010751717, 0.5385693551139408841 ) ) ;
#5474 = CARTESIAN_POINT ( 'NONE',  ( 0.2956329368630822851, 0.08862986605855749378, 0.3456559692871708500 ) ) ;
#5475 = PLANE ( 'NONE',  #4473 ) ;
#5476 = ORIENTED_EDGE ( 'NONE', *, *, #1148, .F. ) ;
#5477 = VECTOR ( 'NONE', #10516, 39.37007874015748143 ) ;
#5478 = ADVANCED_FACE ( 'NONE', ( #12815 ), #7392, .F. ) ;
#5479 = CARTESIAN_POINT ( 'NONE',  ( 0.2326408108788126095, -0.1446865674942328650, 0.4515614810981850025 ) ) ;
#5480 = FACE_OUTER_BOUND ( 'NONE', #6132, .T. ) ;
#5481 = FACE_OUTER_BOUND ( 'NONE', #1626, .T. ) ;
#5482 = ORIENTED_EDGE ( 'NONE', *, *, #6902, .T. ) ;
#5483 = ORIENTED_EDGE ( 'NONE', *, *, #8538, .T. ) ;
#5484 = DIRECTION ( 'NONE',  ( 0.3511234415885080007, -0.9363291775690009144, 1.372885316240879747E-16 ) ) ;
#5485 = FILL_AREA_STYLE ('',( #8596 ) ) ;
#5486 = VERTEX_POINT ( 'NONE', #4466 ) ;
#5487 = DIRECTION ( 'NONE',  ( -0.5547001962252281482, 0.0000000000000000000, 0.8320502943378442762 ) ) ;
#5488 = VECTOR ( 'NONE', #8016, 39.37007874015748143 ) ;
#5489 = CARTESIAN_POINT ( 'NONE',  ( 0.1027195510362938907, 0.1476849841687954967, 0.3456559692871708500 ) ) ;
#5490 = FILL_AREA_STYLE_COLOUR ( '', #12293 ) ;
#5491 = DIRECTION ( 'NONE',  ( 1.316334802367149914E-16, -1.000000000000000000, 1.526556658859589750E-16 ) ) ;
#5492 = ORIENTED_EDGE ( 'NONE', *, *, #10984, .T. ) ;
#5493 = CARTESIAN_POINT ( 'NONE',  ( 0.1347607381955348571, 0.4079514893171787282, 0.5228213236178701484 ) ) ;
#5494 = EDGE_CURVE ( 'NONE', #6362, #7360, #578, .T. ) ;
#5495 = VECTOR ( 'NONE', #2446, 39.37007874015748143 ) ;
#5496 = AXIS2_PLACEMENT_3D ( 'NONE', #11394, #9319, #431 ) ;
#5497 = DIRECTION ( 'NONE',  ( 0.7071067811865469066, -0.7071067811865479058, 0.0000000000000000000 ) ) ;
#5498 = EDGE_LOOP ( 'NONE', ( #4286, #11757, #6217, #8776 ) ) ;
#5499 =( CONVERSION_BASED_UNIT ( 'INCH', #11776 ) LENGTH_UNIT ( ) NAMED_UNIT ( #9824 ) );
#5500 = CARTESIAN_POINT ( 'NONE',  ( 0.2385463226898389966, -0.07278745677610237719, 0.4515614810981850025 ) ) ;
#5501 = CARTESIAN_POINT ( 'NONE',  ( 0.3208297872567559272, 0.05713380306642448780, 0.4515614810981850025 ) ) ;
#5502 = DIRECTION ( 'NONE',  ( -1.000000000000000000, 1.937287448275689700E-17, -1.596249935350384935E-13 ) ) ;
#5503 = DIRECTION ( 'NONE',  ( 1.000000000000000000, 1.316334802367149914E-16, -1.608386623408234722E-17 ) ) ;
#5504 = AXIS2_PLACEMENT_3D ( 'NONE', #5451, #7508, #4376 ) ;
#5505 = PRESENTATION_LAYER_ASSIGNMENT (  '', '', ( #4020 ) ) ;
#5506 = DIRECTION ( 'NONE',  ( 1.316334802367149914E-16, -1.000000000000000000, 1.526556658859589750E-16 ) ) ;
#5507 = LINE ( 'NONE', #9570, #357 ) ;
#5508 = ORIENTED_EDGE ( 'NONE', *, *, #5450, .F. ) ;
#5509 = ADVANCED_FACE ( 'NONE', ( #6399 ), #6468, .F. ) ;
#5510 = PLANE ( 'NONE',  #6551 ) ;
#5511 = ADVANCED_FACE ( 'NONE', ( #641 ), #7525, .F. ) ;
#5512 = LINE ( 'NONE', #5710, #8304 ) ;
#5513 = CARTESIAN_POINT ( 'NONE',  ( 0.2405148266268504198, 0.2756377400743055262, 0.3255772291296685217 ) ) ;
#5514 = DIRECTION ( 'NONE',  ( 0.0000000000000000000, -8.220413448604739958E-18, 1.000000000000000000 ) ) ;
#5515 = AXIS2_PLACEMENT_3D ( 'NONE', #947, #8902, #12930 ) ;
#5516 = DIRECTION ( 'NONE',  ( -1.110646127912004064E-14, 0.0000000000000000000, -1.000000000000000000 ) ) ;
#5517 = SURFACE_SIDE_STYLE ('',( #2541 ) ) ;
#5518 = DIRECTION ( 'NONE',  ( 1.000000000000000000, -1.937287448275559661E-17, 0.0000000000000000000 ) ) ;
#5519 = VERTEX_POINT ( 'NONE', #4604 ) ;
#5520 = EDGE_CURVE ( 'NONE', #5486, #9962, #10740, .T. ) ;
#5521 = CARTESIAN_POINT ( 'NONE',  ( 0.3625620707213386140, 0.1555589999168269788, 0.2062465204682519537 ) ) ;
#5522 = CARTESIAN_POINT ( 'NONE',  ( 0.1558691573354860360, 0.2165826219640791250, 0.2905378590509232195 ) ) ;
#5523 = AXIS2_PLACEMENT_3D ( 'NONE', #9080, #5756, #3765 ) ;
#5524 = LINE ( 'NONE', #3798, #1616 ) ;
#5525 = VECTOR ( 'NONE', #5975, 39.37007874015748143 ) ;
#5526 = LINE ( 'NONE', #6791, #3213 ) ;
#5527 = SURFACE_SIDE_STYLE ('',( #12604 ) ) ;
#5528 = CARTESIAN_POINT ( 'NONE',  ( 0.3330345116662205007, 0.1555589999168269788, 0.2062465204682519537 ) ) ;
#5529 = CARTESIAN_POINT ( 'NONE',  ( 0.3330345116662205007, 0.1555589999168269788, 0.2062465204682519537 ) ) ;
#5530 = AXIS2_PLACEMENT_3D ( 'NONE', #12508, #5291, #11576 ) ;
#5531 = DIRECTION ( 'NONE',  ( 0.3511234415877496073, 0.9363291775692852426, -1.485833765564396243E-16 ) ) ;
#5532 = EDGE_CURVE ( 'NONE', #1808, #527, #11608, .T. ) ;
#5533 = ORIENTED_EDGE ( 'NONE', *, *, #1861, .F. ) ;
#5534 = CARTESIAN_POINT ( 'NONE',  ( 0.1558691573355118209, 0.1791810471608999700, 0.2515614810981878224 ) ) ;
#5535 = ORIENTED_EDGE ( 'NONE', *, *, #193, .T. ) ;
#5536 = ORIENTED_EDGE ( 'NONE', *, *, #1183, .T. ) ;
#5537 = CARTESIAN_POINT ( 'NONE',  ( 0.2405148266268504198, 0.1555589999168269788, 0.2397504574761405716 ) ) ;
#5538 = LINE ( 'NONE', #7587, #5348 ) ;
#5539 = ADVANCED_FACE ( 'NONE', ( #10607 ), #3683, .F. ) ;
#5540 = VERTEX_POINT ( 'NONE', #5737 ) ;
#5541 = VECTOR ( 'NONE', #4890, 39.37007874015748143 ) ;
#5542 = ADVANCED_FACE ( 'NONE', ( #10082 ), #7931, .F. ) ;
#5543 = CIRCLE ( 'NONE', #3432, 0.05610236220472441387 ) ;
#5544 = LINE ( 'NONE', #8804, #11092 ) ;
#5545 = ORIENTED_EDGE ( 'NONE', *, *, #10165, .F. ) ;
#5546 = DIRECTION ( 'NONE',  ( 3.518308117683324880E-16, -1.000000000000000000, 4.163336342344335054E-16 ) ) ;
#5547 = DIMENSIONAL_EXPONENTS ( 1.000000000000000000, 0.0000000000000000000, 0.0000000000000000000, 0.0000000000000000000, 0.0000000000000000000, 0.0000000000000000000, 0.0000000000000000000 ) ;
#5548 = DIRECTION ( 'NONE',  ( -1.000000000000000000, 0.0000000000000000000, 0.0000000000000000000 ) ) ;
#5549 = DIRECTION ( 'NONE',  ( 0.0000000000000000000, 1.000000000000000000, 0.0000000000000000000 ) ) ;
#5550 = EDGE_LOOP ( 'NONE', ( #10755, #10817, #2913, #5282, #13142, #4858, #7789, #4936 ) ) ;
#5551 = VECTOR ( 'NONE', #12034, 39.37007874015748143 ) ;
#5552 = ORIENTED_EDGE ( 'NONE', *, *, #12607, .F. ) ;
#5553 = ADVANCED_FACE ( 'NONE', ( #11813 ), #11009, .T. ) ;
#5554 = CARTESIAN_POINT ( 'NONE',  ( 0.3444518345008468208, 0.05713380306641543255, 0.2515614810981878224 ) ) ;
#5555 = VECTOR ( 'NONE', #12671, 39.37007874015748143 ) ;
#5556 = ORIENTED_EDGE ( 'NONE', *, *, #5678, .F. ) ;
#5557 = DIRECTION ( 'NONE',  ( 2.626713979715460250E-16, -3.747002708109905789E-16, -1.000000000000000000 ) ) ;
#5558 = DIRECTION ( 'NONE',  ( -3.007447121050439791E-18, -2.498001805406600244E-16, -1.000000000000000000 ) ) ;
#5559 = ADVANCED_FACE ( 'NONE', ( #5813 ), #1918, .F. ) ;
#5560 = CARTESIAN_POINT ( 'NONE',  ( 0.3468140392252653248, 0.1791810471609177058, 0.3456559692871649658 ) ) ;
#5561 = LINE ( 'NONE', #10422, #4373 ) ;
#5562 = ORIENTED_EDGE ( 'NONE', *, *, #7885, .F. ) ;
#5563 = LINE ( 'NONE', #2321, #8484 ) ;
#5564 = AXIS2_PLACEMENT_3D ( 'NONE', #4363, #2397, #11306 ) ;
#5565 = VECTOR ( 'NONE', #9575, 39.37007874015748143 ) ;
#5566 = FACE_OUTER_BOUND ( 'NONE', #12287, .T. ) ;
#5567 = ORIENTED_EDGE ( 'NONE', *, *, #4611, .T. ) ;
#5568 = DIRECTION ( 'NONE',  ( 0.0000000000000000000, -1.000000000000000000, 0.0000000000000000000 ) ) ;
#5569 = VERTEX_POINT ( 'NONE', #12085 ) ;
#5570 = LINE ( 'NONE', #2460, #4443 ) ;
#5571 =( NAMED_UNIT ( * ) PLANE_ANGLE_UNIT ( ) SI_UNIT ( $, .RADIAN. ) );
#5572 = EDGE_CURVE ( 'NONE', #3337, #3949, #6803, .T. ) ;
#5573 = FACE_OUTER_BOUND ( 'NONE', #12439, .T. ) ;
#5574 = MECHANICAL_DESIGN_GEOMETRIC_PRESENTATION_REPRESENTATION (  '', ( #6412 ), #1565 ) ;
#5575 = DIRECTION ( 'NONE',  ( 0.0000000000000000000, 0.0000000000000000000, -1.000000000000000000 ) ) ;
#5576 = VERTEX_POINT ( 'NONE', #4800 ) ;
#5577 = PLANE ( 'NONE',  #7900 ) ;
#5578 = PRESENTATION_LAYER_ASSIGNMENT (  '', '', ( #11322 ) ) ;
#5579 = FACE_OUTER_BOUND ( 'NONE', #2962, .T. ) ;
#5580 = PRESENTATION_LAYER_ASSIGNMENT (  '', '', ( #3889 ) ) ;
#5581 = PLANE ( 'NONE',  #8357 ) ;
#5582 = CARTESIAN_POINT ( 'NONE',  ( 0.2726091976981878107, 0.4547715983420212993, 0.3062858905470074999 ) ) ;
#5583 = CARTESIAN_POINT ( 'NONE',  ( 0.1558691573355118209, 0.2264251416490909441, 0.2515614810981878224 ) ) ;
#5584 = EDGE_CURVE ( 'NONE', #11220, #9896, #8859, .T. ) ;
#5585 = ORIENTED_EDGE ( 'NONE', *, *, #3424, .T. ) ;
#5586 = EDGE_CURVE ( 'NONE', #11143, #8364, #12952, .T. ) ;
#5587 = VECTOR ( 'NONE', #6519, 39.37007874015748143 ) ;
#5588 = CARTESIAN_POINT ( 'NONE',  ( 0.1558691573354860360, 0.3760314408617059234, 0.4007740795233709075 ) ) ;
#5589 = DIRECTION ( 'NONE',  ( 0.0000000000000000000, 0.0000000000000000000, 1.000000000000000000 ) ) ;
#5590 = VECTOR ( 'NONE', #1693, 39.37007874015748143 ) ;
#5591 = CARTESIAN_POINT ( 'NONE',  ( 0.3920896297764417393, 0.05713380306642400902, 0.4873882527517283680 ) ) ;
#5592 = CARTESIAN_POINT ( 'NONE',  ( 0.2483888423748523422, 0.7897218048774075072, 0.2236087251926807129 ) ) ;
#5593 = CARTESIAN_POINT ( 'NONE',  ( 0.2405148266268504198, 0.3760314408617052018, 0.2456559692871496114 ) ) ;
#5594 = CARTESIAN_POINT ( 'NONE',  ( 0.2326408108788039775, 0.1988660865309964665, 0.1684906149564565081 ) ) ;
#5595 = VECTOR ( 'NONE', #9177, 39.37007874015748143 ) ;
#5596 = DIRECTION ( 'NONE',  ( -0.7071067811865475727, -0.7071067811865475727, 1.787619878552792927E-16 ) ) ;
#5597 = CIRCLE ( 'NONE', #12859, 0.05610236220472441387 ) ;
#5598 = DIRECTION ( 'NONE',  ( -1.174096724532128111E-16, 1.000000000000000000, -1.665334536937734811E-16 ) ) ;
#5599 = VERTEX_POINT ( 'NONE', #8796 ) ;
#5600 = CYLINDRICAL_SURFACE ( 'NONE', #7889, 0.05610236220472444857 ) ;
#5601 = ORIENTED_EDGE ( 'NONE', *, *, #85, .T. ) ;
#5602 = ADVANCED_FACE ( 'NONE', ( #12884 ), #7794, .T. ) ;
#5603 = LINE ( 'NONE', #12746, #3836 ) ;
#5604 = DIRECTION ( 'NONE',  ( -1.000000000000000000, -1.316334802367149914E-16, 1.608386623408234722E-17 ) ) ;
#5605 = VERTEX_POINT ( 'NONE', #6876 ) ;
#5606 = CARTESIAN_POINT ( 'NONE',  ( 0.2483888423748704388, 0.2185511259010751717, 0.5385693551139408841 ) ) ;
#5607 = CARTESIAN_POINT ( 'NONE',  ( 0.3100686324011165396, 0.4049028319378220608, 0.2879131871349315253 ) ) ;
#5608 = CARTESIAN_POINT ( 'NONE',  ( 0.3310660077292019721, 0.3839054566097366283, 0.3102228984210196883 ) ) ;
#5609 = VERTEX_POINT ( 'NONE', #10949 ) ;
#5610 = EDGE_CURVE ( 'NONE', #2287, #7949, #9945, .T. ) ;
#5611 = DIRECTION ( 'NONE',  ( -1.000000000000000000, -1.408738150179759833E-16, 6.014894242100889598E-18 ) ) ;
#5612 = ADVANCED_FACE ( 'NONE', ( #2331 ), #7059, .F. ) ;
#5614 = EDGE_CURVE ( 'NONE', #9286, #2579, #5435, .T. ) ;
#5613 =( NAMED_UNIT ( * ) PLANE_ANGLE_UNIT ( ) SI_UNIT ( $, .RADIAN. ) );
#5615 = DIRECTION ( 'NONE',  ( -0.5144957554275257916, 0.8574929257125446513, 0.0000000000000000000 ) ) ;
#5616 = ORIENTED_EDGE ( 'NONE', *, *, #6693, .T. ) ;
#5617 = VECTOR ( 'NONE', #9446, 39.37007874015748143 ) ;
#5618 = ORIENTED_EDGE ( 'NONE', *, *, #12437, .F. ) ;
#5619 = FACE_OUTER_BOUND ( 'NONE', #3091, .T. ) ;
#5620 = ORIENTED_EDGE ( 'NONE', *, *, #10672, .T. ) ;
#5621 = EDGE_CURVE ( 'NONE', #2812, #3630, #4430, .T. ) ;
#5622 = VERTEX_POINT ( 'NONE', #11139 ) ;
#5623 = DIRECTION ( 'NONE',  ( 6.014894242100854160E-18, 2.498001805406600244E-16, 1.000000000000000000 ) ) ;
#5624 = FACE_OUTER_BOUND ( 'NONE', #8007, .T. ) ;
#5625 = CARTESIAN_POINT ( 'NONE',  ( 0.2483888423748523422, 0.3760314408617059234, 0.4224276228305008374 ) ) ;
#5626 = FACE_OUTER_BOUND ( 'NONE', #9739, .T. ) ;
#5627 = LINE ( 'NONE', #5694, #7229 ) ;
#5628 = AXIS2_PLACEMENT_3D ( 'NONE', #2043, #8220, #6069 ) ;
#5629 = ADVANCED_FACE ( 'NONE', ( #12213 ), #7493, .F. ) ;
#5630 = PLANE ( 'NONE',  #7722 ) ;
#5631 = ORIENTED_EDGE ( 'NONE', *, *, #9964, .F. ) ;
#5632 = UNCERTAINTY_MEASURE_WITH_UNIT (LENGTH_MEASURE( 1.000000000000000082E-05 ), #1233, 'distance_accuracy_value', 'NONE');
#5633 = VECTOR ( 'NONE', #460, 39.37007874015748143 ) ;
#5634 = CARTESIAN_POINT ( 'NONE',  ( 0.2326408108788161622, 0.1555589999168269788, 0.4554984889722086816 ) ) ;
#5635 = AXIS2_PLACEMENT_3D ( 'NONE', #9184, #8099, #7051 ) ;
#5636 = CARTESIAN_POINT ( 'NONE',  ( 0.2326408108788039775, 0.5295747479483133846, 0.3456559692871649658 ) ) ;
#5637 = VERTEX_POINT ( 'NONE', #4003 ) ;
#5638 = SURFACE_SIDE_STYLE ('',( #3512 ) ) ;
#5639 = DIMENSIONAL_EXPONENTS ( 1.000000000000000000, 0.0000000000000000000, 0.0000000000000000000, 0.0000000000000000000, 0.0000000000000000000, 0.0000000000000000000, 0.0000000000000000000 ) ;
#5640 = LINE ( 'NONE', #4576, #491 ) ;
#5641 = LINE ( 'NONE', #480, #6170 ) ;
#5642 = DIRECTION ( 'NONE',  ( -1.937287448275559661E-17, -1.000000000000000000, -8.220413448604588965E-18 ) ) ;
#5643 = VERTEX_POINT ( 'NONE', #2463 ) ;
#5644 = EDGE_CURVE ( 'NONE', #11504, #1966, #9427, .T. ) ;
#5645 =( LENGTH_UNIT ( ) NAMED_UNIT ( * ) SI_UNIT ( $, .METRE. ) );
#5646 = DIRECTION ( 'NONE',  ( 0.4472135955000935970, -0.8944271909998480208, 4.898503433089539809E-16 ) ) ;
#5647 = ADVANCED_FACE ( 'NONE', ( #2050 ), #7292, .F. ) ;
#5648 = PLANE ( 'NONE',  #4736 ) ;
#5649 = CARTESIAN_POINT ( 'NONE',  ( 0.3444518345008468208, 0.05713380306641543255, 0.2515614810981878224 ) ) ;
#5650 = ORIENTED_EDGE ( 'NONE', *, *, #2881, .T. ) ;
#5651 = CARTESIAN_POINT ( 'NONE',  ( 0.2326408108788039775, 0.5571338030664291230, 0.2472307724367716342 ) ) ;
#5652 = LINE ( 'NONE', #5583, #10392 ) ;
#5653 = VECTOR ( 'NONE', #6000, 39.37007874015748143 ) ;
#5654 = CARTESIAN_POINT ( 'NONE',  ( 0.3113809683591188815, 0.5728818345624920871, 0.3299079377910984490 ) ) ;
#5655 = DIRECTION ( 'NONE',  ( -1.316334802367149914E-16, 1.000000000000000000, -1.526556658859589750E-16 ) ) ;
#5656 = ORIENTED_EDGE ( 'NONE', *, *, #5379, .T. ) ;
#5657 = CARTESIAN_POINT ( 'NONE',  ( 0.2090187636347251854, 0.1279999447987059114, 0.3456559692871708500 ) ) ;
#5658 = DIRECTION ( 'NONE',  ( 0.0000000000000000000, -8.220413448604739958E-18, 1.000000000000000000 ) ) ;
#5659 = VECTOR ( 'NONE', #13024, 39.37007874015748143 ) ;
#5660 = EDGE_CURVE ( 'NONE', #12442, #11249, #9497, .T. ) ;
#5661 = DIRECTION ( 'NONE',  ( 1.000000000000000000, 1.174096724532128111E-16, -4.283287147278279229E-17 ) ) ;
#5662 = CARTESIAN_POINT ( 'NONE',  ( 0.2405148266268504198, 0.3091023070034267795, 0.2515614810981767757 ) ) ;
#5663 = DIRECTION ( 'NONE',  ( 3.376070039848299626E-16, -1.000000000000000000, 4.302114220422480115E-16 ) ) ;
#5664 = CARTESIAN_POINT ( 'NONE',  ( 0.2326408108788039775, 0.5610708109404448640, 0.3456559692871649658 ) ) ;
#5665 = ORIENTED_EDGE ( 'NONE', *, *, #628, .F. ) ;
#5666 = FACE_OUTER_BOUND ( 'NONE', #4360, .T. ) ;
#5667 = ORIENTED_EDGE ( 'NONE', *, *, #2713, .T. ) ;
#5668 = ORIENTED_EDGE ( 'NONE', *, *, #8444, .T. ) ;
#5669 = FILL_AREA_STYLE ('',( #8723 ) ) ;
#5670 = CIRCLE ( 'NONE', #8200, 0.05610236220472441387 ) ;
#5671 = CARTESIAN_POINT ( 'NONE',  ( 0.2405148266268504198, 0.1555589999168271731, 0.4397504574761377794 ) ) ;
#5672 = ORIENTED_EDGE ( 'NONE', *, *, #6764, .T. ) ;
#5673 = FACE_OUTER_BOUND ( 'NONE', #9290, .T. ) ;
#5674 = LINE ( 'NONE', #3754, #11858 ) ;
#5675 = FACE_OUTER_BOUND ( 'NONE', #4438, .T. ) ;
#5676 = EDGE_LOOP ( 'NONE', ( #1590, #7814, #7366, #2152 ) ) ;
#5677 = DIRECTION ( 'NONE',  ( -2.359223927328455183E-16, 3.885780586188049864E-16, 1.000000000000000000 ) ) ;
#5678 = EDGE_CURVE ( 'NONE', #8840, #10338, #332, .T. ) ;
#5679 = PLANE ( 'NONE',  #12184 ) ;
#5680 = ADVANCED_FACE ( 'NONE', ( #3242 ), #10578, .T. ) ;
#5681 = VECTOR ( 'NONE', #12780, 39.37007874015748143 ) ;
#5682 = DIRECTION ( 'NONE',  ( 4.283287147278279229E-17, 1.665334536937734811E-16, 1.000000000000000000 ) ) ;
#5683 = ORIENTED_EDGE ( 'NONE', *, *, #3326, .T. ) ;
#5684 = ORIENTED_EDGE ( 'NONE', *, *, #7903, .T. ) ;
#5685 = CARTESIAN_POINT ( 'NONE',  ( 0.2956329368630822851, 0.08862986605855728561, 0.5011677803107913443 ) ) ;
#5686 = ORIENTED_EDGE ( 'NONE', *, *, #1188, .T. ) ;
#5687 = VERTEX_POINT ( 'NONE', #10435 ) ;
#5688 = LINE ( 'NONE', #6752, #9335 ) ;
#5689 = EDGE_LOOP ( 'NONE', ( #12223, #8937, #4559, #10874 ) ) ;
#5690 = ADVANCED_FACE ( 'NONE', ( #32 ), #13144, .T. ) ;
#5691 = VECTOR ( 'NONE', #5531, 39.37007874015748854 ) ;
#5692 = CARTESIAN_POINT ( 'NONE',  ( 0.2405148266268504198, 0.3681574251136630060, 0.4397504574761377794 ) ) ;
#5693 = VERTEX_POINT ( 'NONE', #3375 ) ;
#5694 = CARTESIAN_POINT ( 'NONE',  ( 0.2562628581229023927, 0.08862986605856634781, 0.2397504574761405716 ) ) ;
#5695 = EDGE_CURVE ( 'NONE', #11490, #11886, #7429, .T. ) ;
#5696 = CARTESIAN_POINT ( 'NONE',  ( 0.1558691573354938908, 0.3681574251136630060, 0.2397504574761405716 ) ) ;
#5697 = EDGE_LOOP ( 'NONE', ( #13045, #9928, #5701, #6084 ) ) ;
#5698 = VECTOR ( 'NONE', #9040, 39.37007874015748143 ) ;
#5699 = CARTESIAN_POINT ( 'NONE',  ( 0.3208297872567559272, -0.05703942528003581869, 0.4397504574761377794 ) ) ;
#5700 = CARTESIAN_POINT ( 'NONE',  ( 0.2916959289890401763, 0.09256687393256948782, 0.1901441582635393646 ) ) ;
#5701 = ORIENTED_EDGE ( 'NONE', *, *, #968, .F. ) ;
#5702 = FILL_AREA_STYLE_COLOUR ( '', #2774 ) ;
#5703 = SURFACE_SIDE_STYLE ('',( #11575 ) ) ;
#5704 = DIRECTION ( 'NONE',  ( 2.359223927328455183E-16, -3.885780586188049864E-16, -1.000000000000000000 ) ) ;
#5705 = PLANE ( 'NONE',  #10990 ) ;
#5706 = EDGE_CURVE ( 'NONE', #10830, #11826, #6365, .T. ) ;
#5707 = LINE ( 'NONE', #2930, #1480 ) ;
#5708 = CARTESIAN_POINT ( 'NONE',  ( 0.3562628581229011493, 0.08075585031051535356, 0.4397504574761377794 ) ) ;
#5709 = ADVANCED_FACE ( 'NONE', ( #8478 ), #9361, .F. ) ;
#5710 = CARTESIAN_POINT ( 'NONE',  ( 0.3763415982803858806, 0.2579212046412326376, 0.4243961267674803417 ) ) ;
#5711 = CARTESIAN_POINT ( 'NONE',  ( 0.2090187636347129729, 0.4272125432239181064, 0.4224276228305008374 ) ) ;
#5712 = VERTEX_POINT ( 'NONE', #2398 ) ;
#5713 = PRESENTATION_STYLE_ASSIGNMENT (( #11717 ) ) ;
#5714 = DIRECTION ( 'NONE',  ( -2.152236195923769863E-14, -2.498001805406629826E-16, -1.000000000000000000 ) ) ;
#5715 = DIRECTION ( 'NONE',  ( -1.000000000000000000, 0.0000000000000000000, 0.0000000000000000000 ) ) ;
#5716 = VECTOR ( 'NONE', #7357, 39.37007874015748143 ) ;
#5717 = DIRECTION ( 'NONE',  ( -1.000000000000000000, 1.937287448275559661E-17, 0.0000000000000000000 ) ) ;
#5718 = ADVANCED_FACE ( 'NONE', ( #3307 ), #7359, .T. ) ;
#5719 = FACE_OUTER_BOUND ( 'NONE', #760, .T. ) ;
#5720 = FACE_BOUND ( 'NONE', #10326, .T. ) ;
#5721 = EDGE_CURVE ( 'NONE', #10158, #10100, #12579, .T. ) ;
#5722 = CARTESIAN_POINT ( 'NONE',  ( 0.3313688544887177234, 0.2972912833813901590, 0.1975639038722385721 ) ) ;
#5723 = DIMENSIONAL_EXPONENTS ( 1.000000000000000000, 0.0000000000000000000, 0.0000000000000000000, 0.0000000000000000000, 0.0000000000000000000, 0.0000000000000000000, 0.0000000000000000000 ) ;
#5724 = VECTOR ( 'NONE', #2530, 39.37007874015748143 ) ;
#5725 = LINE ( 'NONE', #2619, #1774 ) ;
#5726 = VECTOR ( 'NONE', #3647, 39.37007874015748143 ) ;
#5727 = CARTESIAN_POINT ( 'NONE',  ( 0.3468140392252720416, 0.1555589999168269788, 0.4850260480273039243 ) ) ;
#5728 = FILL_AREA_STYLE_COLOUR ( '', #3728 ) ;
#5729 = CARTESIAN_POINT ( 'NONE',  ( 0.2578500329941763591, 0.5295747479483133846, 0.2669158347218779648 ) ) ;
#5730 = DIRECTION ( 'NONE',  ( -1.000000000000000000, -1.408738150179759833E-16, 3.007447121050474843E-18 ) ) ;
#5731 = CARTESIAN_POINT ( 'NONE',  ( 0.3444518345008468208, 0.05713380306641550888, 0.4515614810981850025 ) ) ;
#5732 = ORIENTED_EDGE ( 'NONE', *, *, #9952, .F. ) ;
#5733 = DIRECTION ( 'NONE',  ( 1.000000000000000000, 0.0000000000000000000, 0.0000000000000000000 ) ) ;
#5734 = EDGE_LOOP ( 'NONE', ( #6055, #2418, #11874, #11325 ) ) ;
#5735 = ORIENTED_EDGE ( 'NONE', *, *, #11548, .F. ) ;
#5736 = VECTOR ( 'NONE', #2448, 39.37007874015748143 ) ;
#5737 = CARTESIAN_POINT ( 'NONE',  ( 0.1208297872567765802, 0.05713380306641543255, 0.4397504574761377794 ) ) ;
#5738 = VECTOR ( 'NONE', #12490, 39.37007874015748143 ) ;
#5739 = PLANE ( 'NONE',  #10077 ) ;
#5740 = ORIENTED_EDGE ( 'NONE', *, *, #6196, .F. ) ;
#5741 = EDGE_CURVE ( 'NONE', #4752, #5843, #3515, .T. ) ;
#5742 = CARTESIAN_POINT ( 'NONE',  ( 0.3920896297764417393, 0.05713380306642400902, 0.2039236858226015914 ) ) ;
#5743 = FACE_OUTER_BOUND ( 'NONE', #5172, .T. ) ;
#5744 = CARTESIAN_POINT ( 'NONE',  ( 0.3645305746583386020, 0.3760314408617052018, 0.3456559692871649658 ) ) ;
#5745 = CARTESIAN_POINT ( 'NONE',  ( 0.3330345116662205007, 0.3130393148774570644, 0.2062465204682519537 ) ) ;
#5746 = ORIENTED_EDGE ( 'NONE', *, *, #7029, .T. ) ;
#5747 = CARTESIAN_POINT ( 'NONE',  ( 0.2483888423748523422, 0.1988660865309976600, 0.3850260480273224872 ) ) ;
#5748 =( LENGTH_UNIT ( ) NAMED_UNIT ( * ) SI_UNIT ( $, .METRE. ) );
#5749 = VECTOR ( 'NONE', #3219, 39.37007874015748143 ) ;
#5750 = CARTESIAN_POINT ( 'NONE',  ( 0.2326408108788039775, 0.1988660865309964665, 0.1527425834603897692 ) ) ;
#5751 = ORIENTED_EDGE ( 'NONE', *, *, #9964, .T. ) ;
#5752 = VERTEX_POINT ( 'NONE', #11642 ) ;
#5753 = CARTESIAN_POINT ( 'NONE',  ( 0.1558691573354938908, 0.3091023070034267795, 0.2515614810981878224 ) ) ;
#5754 = ORIENTED_EDGE ( 'NONE', *, *, #6673, .T. ) ;
#5755 = EDGE_LOOP ( 'NONE', ( #7253, #7528, #9972, #8805 ) ) ;
#5756 = DIRECTION ( 'NONE',  ( -1.937287448275559661E-17, -1.000000000000000000, -8.220413448604739958E-18 ) ) ;
#5757 = VECTOR ( 'NONE', #1662, 39.37007874015748143 ) ;
#5758 = LINE ( 'NONE', #2970, #4513 ) ;
#5759 = ORIENTED_EDGE ( 'NONE', *, *, #9516, .T. ) ;
#5760 = ADVANCED_FACE ( 'NONE', ( #10639 ), #8685, .F. ) ;
#5761 = ADVANCED_FACE ( 'NONE', ( #5573 ), #9709, .T. ) ;
#5762 = AXIS2_PLACEMENT_3D ( 'NONE', #8131, #12108, #3101 ) ;
#5763 = CARTESIAN_POINT ( 'NONE',  ( 0.3290975037921822777, 0.3760314408617059234, 0.4007740795234071007 ) ) ;
#5764 = DIRECTION ( 'NONE',  ( 0.0000000000000000000, 0.9922778767136850586, 0.1240347345890696062 ) ) ;
#5765 = SURFACE_STYLE_FILL_AREA ( #11972 ) ;
#5766 = ORIENTED_EDGE ( 'NONE', *, *, #6092, .T. ) ;
#5767 = CARTESIAN_POINT ( 'NONE',  ( 0.08106600772921163101, 0.1555589999168269788, 0.4554984889722086816 ) ) ;
#5768 = VECTOR ( 'NONE', #6027, 39.37007874015748143 ) ;
#5769 = FACE_OUTER_BOUND ( 'NONE', #8431, .T. ) ;
#5770 = VERTEX_POINT ( 'NONE', #10712 ) ;
#5771 = AXIS2_PLACEMENT_3D ( 'NONE', #6606, #2569, #3755 ) ;
#5772 = DIRECTION ( 'NONE',  ( 0.0000000000000000000, 8.220413448604739958E-18, -1.000000000000000000 ) ) ;
#5773 = ORIENTED_EDGE ( 'NONE', *, *, #5366, .F. ) ;
#5774 = SURFACE_STYLE_USAGE ( .BOTH. , #5638 ) ;
#5775 = CARTESIAN_POINT ( 'NONE',  ( 0.2208297872567571152, 0.05713380306641550888, 0.4515614810981850025 ) ) ;
#5776 = DIRECTION ( 'NONE',  ( -1.000000000000000000, 0.0000000000000000000, 0.0000000000000000000 ) ) ;
#5777 =( CONVERSION_BASED_UNIT ( 'INCH', #1756 ) LENGTH_UNIT ( ) NAMED_UNIT ( #11866 ) );
#5778 = VECTOR ( 'NONE', #3314, 39.37007874015748143 ) ;
#5779 = EDGE_LOOP ( 'NONE', ( #7983, #6496, #784, #2456 ) ) ;
#5780 = LINE ( 'NONE', #9103, #6321 ) ;
#5781 = CARTESIAN_POINT ( 'NONE',  ( 0.2385862224436741119, 0.5520926333236827466, 0.4243961267674756233 ) ) ;
#5782 = CARTESIAN_POINT ( 'NONE',  ( 0.1027195510362848424, 0.1476849841687954967, 0.2180969141690468349 ) ) ;
#5783 = EDGE_LOOP ( 'NONE', ( #11116, #9474, #7443, #7612, #12522, #2212, #9478, #12228, #3147, #2063, #2971, #423, #7543, #6094, #9498 ) ) ;
#5784 = CARTESIAN_POINT ( 'NONE',  ( 0.0000000000000000000, 0.0000000000000000000, 0.0000000000000000000 ) ) ;
#5785 = EDGE_CURVE ( 'NONE', #10130, #9792, #549, .T. ) ;
#5786 = CARTESIAN_POINT ( 'NONE',  ( 0.1558691573354860360, 0.3583149054286425272, 0.2905378590509232195 ) ) ;
#5787 = VERTEX_POINT ( 'NONE', #6568 ) ;
#5788 =( NAMED_UNIT ( * ) SI_UNIT ( $, .STERADIAN. ) SOLID_ANGLE_UNIT ( ) );
#5789 = VECTOR ( 'NONE', #8806, 39.37007874015748143 ) ;
#5790 = LINE ( 'NONE', #8629, #3165 ) ;
#5791 = ORIENTED_EDGE ( 'NONE', *, *, #1099, .T. ) ;
#5792 = EDGE_CURVE ( 'NONE', #3137, #8045, #5641, .T. ) ;
#5793 = LINE ( 'NONE', #1700, #1806 ) ;
#5794 = CARTESIAN_POINT ( 'NONE',  ( 0.2405148266268504198, 0.2933542755073783592, 0.4397504574761377794 ) ) ;
#5795 = ORIENTED_EDGE ( 'NONE', *, *, #8982, .T. ) ;
#5796 = CARTESIAN_POINT ( 'NONE',  ( 0.2483888423748476515, 0.7897218048774075072, 0.4007740795233795117 ) ) ;
#5797 = AXIS2_PLACEMENT_3D ( 'NONE', #10015, #12087, #11880 ) ;
#5798 =( GEOMETRIC_REPRESENTATION_CONTEXT ( 3 ) GLOBAL_UNCERTAINTY_ASSIGNED_CONTEXT ( ( #11224 ) ) GLOBAL_UNIT_ASSIGNED_CONTEXT ( ( #10662, #3534, #1567 ) ) REPRESENTATION_CONTEXT ( 'NONE', 'WORKASPACE' ) );
#5799 = CARTESIAN_POINT ( 'NONE',  ( 0.2090187636347027589, 0.08075585031051535356, 0.4397504574761377794 ) ) ;
#5800 = ADVANCED_FACE ( 'NONE', ( #1544 ), #9644, .F. ) ;
#5801 =( CONVERSION_BASED_UNIT ( 'INCH', #1775 ) LENGTH_UNIT ( ) NAMED_UNIT ( #6242 ) );
#5802 = LINE ( 'NONE', #1639, #6570 ) ;
#5803 = EDGE_CURVE ( 'NONE', #1890, #3616, #12715, .T. ) ;
#5804 = EDGE_CURVE ( 'NONE', #10760, #9261, #7334, .T. ) ;
#5805 = CARTESIAN_POINT ( 'NONE',  ( 0.08106600772921163101, 0.1555589999168269788, 0.5011677803107859042 ) ) ;
#5806 = CARTESIAN_POINT ( 'NONE',  ( 0.2385463226898389966, -0.07278745677610257148, 0.2397504574761405716 ) ) ;
#5807 = CIRCLE ( 'NONE', #7488, 0.08267716535433068670 ) ;
#5808 = EDGE_LOOP ( 'NONE', ( #9828, #10462, #10027, #11321, #539, #9396, #3557, #11212, #9633, #435 ) ) ;
#5809 = CARTESIAN_POINT ( 'NONE',  ( 0.1090187636347222516, 0.08075585031049743734, 0.4397504574761377794 ) ) ;
#5810 = ORIENTED_EDGE ( 'NONE', *, *, #11828, .F. ) ;
#5811 = VECTOR ( 'NONE', #11584, 39.37007874015748143 ) ;
#5812 = ORIENTED_EDGE ( 'NONE', *, *, #9135, .T. ) ;
#5813 = FACE_OUTER_BOUND ( 'NONE', #11058, .T. ) ;
#5814 = LINE ( 'NONE', #9882, #4952 ) ;
#5815 = ORIENTED_EDGE ( 'NONE', *, *, #1547, .T. ) ;
#5816 = FILL_AREA_STYLE ('',( #12025 ) ) ;
#5817 = LINE ( 'NONE', #8728, #7783 ) ;
#5818 = CARTESIAN_POINT ( 'NONE',  ( 0.05547545654809511728, 0.3861465226303464338, 0.4462616628062850421 ) ) ;
#5819 = VERTEX_POINT ( 'NONE', #4339 ) ;
#5820 = CIRCLE ( 'NONE', #95, 0.02165354330709372277 ) ;
#5821 = SURFACE_STYLE_FILL_AREA ( #3885 ) ;
#5822 = AXIS2_PLACEMENT_3D ( 'NONE', #11699, #1468, #2522 ) ;
#5823 = DIMENSIONAL_EXPONENTS ( 1.000000000000000000, 0.0000000000000000000, 0.0000000000000000000, 0.0000000000000000000, 0.0000000000000000000, 0.0000000000000000000, 0.0000000000000000000 ) ;
#5824 = DIRECTION ( 'NONE',  ( 0.0000000000000000000, 1.000000000000000000, 0.0000000000000000000 ) ) ;
#5825 = EDGE_CURVE ( 'NONE', #2384, #6078, #8522, .T. ) ;
#5826 = ORIENTED_EDGE ( 'NONE', *, *, #12424, .T. ) ;
#5827 = VERTEX_POINT ( 'NONE', #6544 ) ;
#5828 = FACE_OUTER_BOUND ( 'NONE', #3026, .T. ) ;
#5829 = ORIENTED_EDGE ( 'NONE', *, *, #11611, .T. ) ;
#5830 = VERTEX_POINT ( 'NONE', #2371 ) ;
#5831 = DIRECTION ( 'NONE',  ( -1.937287448275559661E-17, -1.000000000000000000, -8.220413448604588965E-18 ) ) ;
#5832 = VECTOR ( 'NONE', #10951, 39.37007874015748143 ) ;
#5833 = CARTESIAN_POINT ( 'NONE',  ( 0.1267352990678039526, -0.07278745677611142550, 0.2515614810981878224 ) ) ;
#5834 = ORIENTED_EDGE ( 'NONE', *, *, #5371, .T. ) ;
#5835 = FACE_OUTER_BOUND ( 'NONE', #991, .T. ) ;
#5836 = CARTESIAN_POINT ( 'NONE',  ( 0.1090187636347222516, 0.08075585031049743734, 0.4515614810981850025 ) ) ;
#5837 = CARTESIAN_POINT ( 'NONE',  ( 0.4098061652095126295, 0.3861465226303464338, 0.4462616628062850421 ) ) ;
#5838 = VERTEX_POINT ( 'NONE', #3285 ) ;
#5839 = CARTESIAN_POINT ( 'NONE',  ( 0.1027195510362948899, 0.2165826219640791250, 0.4007740795234071007 ) ) ;
#5840 = VECTOR ( 'NONE', #10635, 39.37007874015748143 ) ;
#5841 = EDGE_CURVE ( 'NONE', #1145, #8452, #8706, .T. ) ;
#5842 = DIRECTION ( 'NONE',  ( 0.0000000000000000000, -8.220413448604739958E-18, 1.000000000000000000 ) ) ;
#5843 = VERTEX_POINT ( 'NONE', #11412 ) ;
#5844 = EDGE_CURVE ( 'NONE', #7686, #7936, #10350, .T. ) ;
#5845 = DIRECTION ( 'NONE',  ( 0.0000000000000000000, -8.220413448604739958E-18, 1.000000000000000000 ) ) ;
#5846 =( NAMED_UNIT ( * ) SI_UNIT ( $, .STERADIAN. ) SOLID_ANGLE_UNIT ( ) );
#5847 = ORIENTED_EDGE ( 'NONE', *, *, #266, .F. ) ;
#5848 = SURFACE_STYLE_FILL_AREA ( #8758 ) ;
#5849 = CARTESIAN_POINT ( 'NONE',  ( 0.3330345116662205007, 0.1555589999168269788, 0.2397504574761405716 ) ) ;
#5850 = LINE ( 'NONE', #10912, #7804 ) ;
#5851 = VECTOR ( 'NONE', #5302, 39.37007874015748143 ) ;
#5852 = ORIENTED_EDGE ( 'NONE', *, *, #1393, .F. ) ;
#5853 = ORIENTED_EDGE ( 'NONE', *, *, #6829, .T. ) ;
#5854 = FACE_OUTER_BOUND ( 'NONE', #10179, .T. ) ;
#5855 = EDGE_CURVE ( 'NONE', #5197, #787, #9543, .T. ) ;
#5856 = CARTESIAN_POINT ( 'NONE',  ( 0.2405148266268504198, 0.1555589999168271731, 0.4456559692871464584 ) ) ;
#5857 = EDGE_CURVE ( 'NONE', #8197, #2071, #4477, .T. ) ;
#5858 = ORIENTED_EDGE ( 'NONE', *, *, #1158, .F. ) ;
#5859 = CARTESIAN_POINT ( 'NONE',  ( 0.2483888423748767671, 0.3760314408617059234, 0.1940811661375716479 ) ) ;
#5860 = CARTESIAN_POINT ( 'NONE',  ( 0.1558691573355118209, 0.1791810471608999700, 0.2397504574761405716 ) ) ;
#5861 = ORIENTED_EDGE ( 'NONE', *, *, #2169, .F. ) ;
#5862 = DIRECTION ( 'NONE',  ( 1.937287448275559661E-17, 1.000000000000000000, 8.220413448604739958E-18 ) ) ;
#5863 =( NAMED_UNIT ( * ) PLANE_ANGLE_UNIT ( ) SI_UNIT ( $, .RADIAN. ) );
#5864 = VERTEX_POINT ( 'NONE', #6410 ) ;
#5865 = AXIS2_PLACEMENT_3D ( 'NONE', #5873, #10941, #12552 ) ;
#5866 = DIRECTION ( 'NONE',  ( -3.007447121050439791E-18, -2.498001805406600244E-16, -1.000000000000000000 ) ) ;
#5867 = EDGE_CURVE ( 'NONE', #12718, #11610, #1521, .T. ) ;
#5868 = CARTESIAN_POINT ( 'NONE',  ( 0.2326408108788039775, 0.5728818345624920871, 0.3456559692871649658 ) ) ;
#5869 = PLANE ( 'NONE',  #8986 ) ;
#5870 = ADVANCED_FACE ( 'NONE', ( #5480 ), #9337, .F. ) ;
#5871 = LINE ( 'NONE', #8851, #12446 ) ;
#5872 = VECTOR ( 'NONE', #2037, 39.37007874015748143 ) ;
#5873 = CARTESIAN_POINT ( 'NONE',  ( 0.3310660077292019721, 0.5295747479483133846, 0.3456559692871649658 ) ) ;
#5874 = CARTESIAN_POINT ( 'NONE',  ( 0.3090187636347015987, 0.08075585031051535356, 0.2397504574761405716 ) ) ;
#5875 = LINE ( 'NONE', #3676, #11928 ) ;
#5876 = ORIENTED_EDGE ( 'NONE', *, *, #11828, .T. ) ;
#5877 = CARTESIAN_POINT ( 'NONE',  ( 0.4255541967055787023, 0.1988660865309964665, 0.3456559692871649658 ) ) ;
#5878 = VERTEX_POINT ( 'NONE', #11617 ) ;
#5879 = EDGE_LOOP ( 'NONE', ( #8405, #6168, #872, #2466 ) ) ;
#5880 = DIRECTION ( 'NONE',  ( 2.865203769218833733E-48, -8.220413448604588965E-18, 1.000000000000000000 ) ) ;
#5881 = ORIENTED_EDGE ( 'NONE', *, *, #9712, .F. ) ;
#5882 = DIRECTION ( 'NONE',  ( -1.000000000000000000, 0.0000000000000000000, 0.0000000000000000000 ) ) ;
#5883 = VECTOR ( 'NONE', #10545, 39.37007874015748143 ) ;
#5884 = DIRECTION ( 'NONE',  ( 1.174096724532128111E-16, -1.000000000000000000, 1.665334536937734811E-16 ) ) ;
#5885 = ADVANCED_FACE ( 'NONE', ( #2505 ), #10618, .T. ) ;
#5886 = DIRECTION ( 'NONE',  ( 1.174096724532128111E-16, -1.000000000000000000, 1.665334536937734811E-16 ) ) ;
#5887 = ORIENTED_EDGE ( 'NONE', *, *, #7168, .T. ) ;
#5888 = CARTESIAN_POINT ( 'NONE',  ( 0.07516049591817382247, 0.3861465226303464338, 0.4462616628062850421 ) ) ;
#5889 = DIRECTION ( 'NONE',  ( 1.000000000000000000, 0.0000000000000000000, 0.0000000000000000000 ) ) ;
#5890 = ORIENTED_EDGE ( 'NONE', *, *, #5930, .F. ) ;
#5891 = ORIENTED_EDGE ( 'NONE', *, *, #3547, .T. ) ;
#5892 = VECTOR ( 'NONE', #11013, 39.37007874015748143 ) ;
#5893 = CARTESIAN_POINT ( 'NONE',  ( 0.2483888423748476515, 0.3760314408617059234, 0.2905378590509508085 ) ) ;
#5894 = ORIENTED_EDGE ( 'NONE', *, *, #10505, .F. ) ;
#5895 = VERTEX_POINT ( 'NONE', #9403 ) ;
#5896 = CARTESIAN_POINT ( 'NONE',  ( 0.3330345116662205007, 0.3130393148774570644, 0.2515614810981767757 ) ) ;
#5897 = EDGE_LOOP ( 'NONE', ( #1197, #10963, #12097, #10066 ) ) ;
#5898 = EDGE_CURVE ( 'NONE', #7585, #4834, #378, .T. ) ;
#5899 = CARTESIAN_POINT ( 'NONE',  ( 0.3920896297764417393, 0.1791810471609177058, 0.3456559692871649658 ) ) ;
#5900 = LINE ( 'NONE', #4953, #8618 ) ;
#5901 = VERTEX_POINT ( 'NONE', #525 ) ;
#5902 = EDGE_CURVE ( 'NONE', #9998, #6314, #5264, .T. ) ;
#5903 = CARTESIAN_POINT ( 'NONE',  ( 0.1361841179654072753, 0.3760314408617059234, 0.2688843157438653431 ) ) ;
#5904 = VECTOR ( 'NONE', #836, 39.37007874015748143 ) ;
#5905 = CARTESIAN_POINT ( 'NONE',  ( 0.1558691573355118209, 0.1791810471609003863, 0.4515614810981850025 ) ) ;
#5906 = ORIENTED_EDGE ( 'NONE', *, *, #3901, .T. ) ;
#5907 = CARTESIAN_POINT ( 'NONE',  ( 0.1027195510362948899, 0.1988660865309976600, 0.2905378590509232195 ) ) ;
#5908 = CARTESIAN_POINT ( 'NONE',  ( 0.2326408108788039775, 0.5295747479483133846, 0.3456559692871649658 ) ) ;
#5909 = ORIENTED_EDGE ( 'NONE', *, *, #3410, .F. ) ;
#5910 = LINE ( 'NONE', #930, #9129 ) ;
#5911 = VECTOR ( 'NONE', #7276, 39.37007874015748143 ) ;
#5912 = CARTESIAN_POINT ( 'NONE',  ( 0.1558691573354938908, 0.2933542755073602626, 0.2515614810981878224 ) ) ;
#5913 = FACE_OUTER_BOUND ( 'NONE', #6881, .T. ) ;
#5914 = EDGE_CURVE ( 'NONE', #3449, #10362, #3423, .T. ) ;
#5915 = ORIENTED_EDGE ( 'NONE', *, *, #10415, .T. ) ;
#5916 = CARTESIAN_POINT ( 'NONE',  ( 0.2405148266268504198, 0.3563464014916267741, 0.2062858905469921178 ) ) ;
#5917 = DIRECTION ( 'NONE',  ( 1.316334802367149914E-16, -1.000000000000000000, 1.526556658859589750E-16 ) ) ;
#5918 = PRESENTATION_STYLE_ASSIGNMENT (( #1895 ) ) ;
#5919 = AXIS2_PLACEMENT_3D ( 'NONE', #8180, #44, #1226 ) ;
#5920 = DIRECTION ( 'NONE',  ( -1.000000000000000000, -1.408738150179759833E-16, 6.014894242100889598E-18 ) ) ;
#5921 =( NAMED_UNIT ( * ) PLANE_ANGLE_UNIT ( ) SI_UNIT ( $, .RADIAN. ) );
#5922 = ORIENTED_EDGE ( 'NONE', *, *, #3672, .T. ) ;
#5923 = DIRECTION ( 'NONE',  ( -1.937287448275559661E-17, -1.000000000000000000, -8.220413448604588965E-18 ) ) ;
#5924 = CARTESIAN_POINT ( 'NONE',  ( 0.07122348804415806756, 0.3957164802317834629, 0.5070732921218070732 ) ) ;
#5925 = VECTOR ( 'NONE', #7213, 39.37007874015748143 ) ;
#5926 = CARTESIAN_POINT ( 'NONE',  ( 0.2405148266268504198, 0.1555589999168271731, 0.4850260480273039243 ) ) ;
#5927 = CARTESIAN_POINT ( 'NONE',  ( 0.1164990785953285424, 0.2165826219640791250, 0.3456559692871649658 ) ) ;
#5928 = ORIENTED_EDGE ( 'NONE', *, *, #8493, .F. ) ;
#5929 = EDGE_CURVE ( 'NONE', #113, #183, #4079, .T. ) ;
#5930 = EDGE_CURVE ( 'NONE', #7354, #13125, #8381, .T. ) ;
#5931 = DIRECTION ( 'NONE',  ( -1.937287448275559661E-17, -1.000000000000000000, -8.220413448604739958E-18 ) ) ;
#5932 = PLANE ( 'NONE',  #1179 ) ;
#5933 = COLOUR_RGB ( '',0.7529411764705882248, 0.7529411764705882248, 0.0000000000000000000 ) ;
#5934 = AXIS2_PLACEMENT_3D ( 'NONE', #12201, #8094, #3069 ) ;
#5935 =( LENGTH_UNIT ( ) NAMED_UNIT ( * ) SI_UNIT ( $, .METRE. ) );
#5936 = DIRECTION ( 'NONE',  ( 1.000000000000000000, -1.937287448275559661E-17, 0.0000000000000000000 ) ) ;
#5937 = DIRECTION ( 'NONE',  ( 3.518308117683324880E-16, -1.000000000000000000, 4.163336342344335054E-16 ) ) ;
#5938 = EDGE_CURVE ( 'NONE', #1201, #4735, #10864, .T. ) ;
#5939 = ORIENTED_EDGE ( 'NONE', *, *, #9381, .T. ) ;
#5940 = DIRECTION ( 'NONE',  ( 0.0000000000000000000, 1.000000000000000000, 0.0000000000000000000 ) ) ;
#5941 = ORIENTED_EDGE ( 'NONE', *, *, #4169, .T. ) ;
#5942 = ORIENTED_EDGE ( 'NONE', *, *, #12607, .T. ) ;
#5943 = DIRECTION ( 'NONE',  ( 1.000000000000000000, 1.408738150179760079E-16, -6.014894242100877272E-18 ) ) ;
#5944 = DIRECTION ( 'NONE',  ( 0.0000000000000000000, -1.000000000000000000, 0.0000000000000000000 ) ) ;
#5945 = VERTEX_POINT ( 'NONE', #9484 ) ;
#5946 = EDGE_CURVE ( 'NONE', #984, #1779, #5563, .T. ) ;
#5947 = MECHANICAL_DESIGN_GEOMETRIC_PRESENTATION_REPRESENTATION (  '', ( #5078 ), #9780 ) ;
#5948 = PLANE ( 'NONE',  #9872 ) ;
#5949 = DIRECTION ( 'NONE',  ( 0.0000000000000000000, 0.0000000000000000000, -1.000000000000000000 ) ) ;
#5950 = DIRECTION ( 'NONE',  ( 0.0000000000000000000, 0.0000000000000000000, -1.000000000000000000 ) ) ;
#5951 = ORIENTED_EDGE ( 'NONE', *, *, #7285, .F. ) ;
#5952 =( LENGTH_UNIT ( ) NAMED_UNIT ( * ) SI_UNIT ( $, .METRE. ) );
#5953 = DIRECTION ( 'NONE',  ( 3.376070039848299626E-16, -1.000000000000000000, 4.302114220422480115E-16 ) ) ;
#5954 = VERTEX_POINT ( 'NONE', #3502 ) ;
#5955 = VECTOR ( 'NONE', #4204, 39.37007874015748143 ) ;
#5956 = VECTOR ( 'NONE', #9109, 39.37007874015748143 ) ;
#5957 = ORIENTED_EDGE ( 'NONE', *, *, #12467, .F. ) ;
#5958 = ADVANCED_FACE ( 'NONE', ( #4418 ), #6556, .F. ) ;
#5959 = LINE ( 'NONE', #7876, #6822 ) ;
#5960 = VERTEX_POINT ( 'NONE', #12434 ) ;
#5961 = VERTEX_POINT ( 'NONE', #5425 ) ;
#5962 = LINE ( 'NONE', #4877, #4670 ) ;
#5963 = FILL_AREA_STYLE ('',( #1666 ) ) ;
#5964 = EDGE_CURVE ( 'NONE', #8567, #179, #12703, .T. ) ;
#5965 = CARTESIAN_POINT ( 'NONE',  ( 0.2916959289890523888, 0.1437479762947814765, 0.3456559692871527534 ) ) ;
#5966 = DIRECTION ( 'NONE',  ( 0.0000000000000000000, 0.7999999999998902434, -0.6000000000001461942 ) ) ;
#5967 = CARTESIAN_POINT ( 'NONE',  ( 0.2326408108788039775, 0.6219124963820453766, 0.3456559692871649658 ) ) ;
#5968 = ORIENTED_EDGE ( 'NONE', *, *, #420, .F. ) ;
#5969 =( GEOMETRIC_REPRESENTATION_CONTEXT ( 3 ) GLOBAL_UNCERTAINTY_ASSIGNED_CONTEXT ( ( #1135 ) ) GLOBAL_UNIT_ASSIGNED_CONTEXT ( ( #2897, #13020, #7729 ) ) REPRESENTATION_CONTEXT ( 'NONE', 'WORKASPACE' ) );
#5970 = LINE ( 'NONE', #9214, #4053 ) ;
#5971 = ADVANCED_FACE ( 'NONE', ( #9558 ), #1324, .F. ) ;
#5972 = CARTESIAN_POINT ( 'NONE',  ( 0.3267352990678007996, -0.07278745677610257148, 0.2397504574761405716 ) ) ;
#5973 = VERTEX_POINT ( 'NONE', #3439 ) ;
#5974 =( GEOMETRIC_REPRESENTATION_CONTEXT ( 3 ) GLOBAL_UNCERTAINTY_ASSIGNED_CONTEXT ( ( #4959 ) ) GLOBAL_UNIT_ASSIGNED_CONTEXT ( ( #1389, #5418, #4484 ) ) REPRESENTATION_CONTEXT ( 'NONE', 'WORKASPACE' ) );
#5975 = DIRECTION ( 'NONE',  ( -1.937287448275559661E-17, -1.000000000000000000, -8.220413448604588965E-18 ) ) ;
#5976 = EDGE_CURVE ( 'NONE', #4325, #3205, #8537, .T. ) ;
#5977 = DIRECTION ( 'NONE',  ( 1.000000000000000000, 0.0000000000000000000, 0.0000000000000000000 ) ) ;
#5978 = EDGE_CURVE ( 'NONE', #661, #12374, #12640, .T. ) ;
#5979 = VECTOR ( 'NONE', #12843, 39.37007874015748143 ) ;
#5980 = VERTEX_POINT ( 'NONE', #8329 ) ;
#5981 = DIRECTION ( 'NONE',  ( 1.408738150179759833E-16, -1.000000000000000000, 3.469446951953615175E-16 ) ) ;
#5982 = CARTESIAN_POINT ( 'NONE',  ( 0.3208297872567559272, -0.05703942528003581869, 0.2397504574761405716 ) ) ;
#5983 = DIRECTION ( 'NONE',  ( -1.608386623408229791E-17, -1.526556658859589750E-16, -1.000000000000000000 ) ) ;
#5984 = EDGE_LOOP ( 'NONE', ( #8757, #2529 ) ) ;
#5985 = VERTEX_POINT ( 'NONE', #321 ) ;
#5986 = AXIS2_PLACEMENT_3D ( 'NONE', #9599, #12679, #8434 ) ;
#5987 = DIRECTION ( 'NONE',  ( 0.0000000000000000000, 8.220413448604739958E-18, -1.000000000000000000 ) ) ;
#5988 = DIRECTION ( 'NONE',  ( -1.000000000000000000, -1.174096724532128111E-16, 4.283287147278279229E-17 ) ) ;
#5989 = VECTOR ( 'NONE', #799, 39.37007874015748143 ) ;
#5990 = LINE ( 'NONE', #5856, #4525 ) ;
#5991 = ORIENTED_EDGE ( 'NONE', *, *, #691, .F. ) ;
#5992 = DIRECTION ( 'NONE',  ( 0.0000000000000000000, 0.0000000000000000000, 1.000000000000000000 ) ) ;
#5993 = ORIENTED_EDGE ( 'NONE', *, *, #12608, .F. ) ;
#5994 = CARTESIAN_POINT ( 'NONE',  ( 0.1027195510362938907, 0.1476849841687954967, 0.3456559692871708500 ) ) ;
#5995 = EDGE_CURVE ( 'NONE', #5343, #757, #9630, .T. ) ;
#5996 = SURFACE_STYLE_FILL_AREA ( #11054 ) ;
#5997 = ORIENTED_EDGE ( 'NONE', *, *, #9318, .F. ) ;
#5998 = VECTOR ( 'NONE', #7868, 39.37007874015748143 ) ;
#5999 = FILL_AREA_STYLE ('',( #1143 ) ) ;
#6000 = DIRECTION ( 'NONE',  ( 0.0000000000000000000, 0.0000000000000000000, 1.000000000000000000 ) ) ;
#6001 = ORIENTED_EDGE ( 'NONE', *, *, #3971, .F. ) ;
#6002 = CARTESIAN_POINT ( 'NONE',  ( 0.1164990785953285424, 0.3583149054286425272, 0.3456559692871649658 ) ) ;
#6003 = LINE ( 'NONE', #10072, #8325 ) ;
#6004 = VECTOR ( 'NONE', #9504, 39.37007874015748143 ) ;
#6005 = SURFACE_STYLE_FILL_AREA ( #9120 ) ;
#6006 = DIRECTION ( 'NONE',  ( -1.174096724532128111E-16, 1.000000000000000000, -1.665334536937734811E-16 ) ) ;
#6007 = EDGE_CURVE ( 'NONE', #1053, #2353, #11629, .T. ) ;
#6008 = EDGE_CURVE ( 'NONE', #1304, #8223, #2520, .T. ) ;
#6009 = CARTESIAN_POINT ( 'NONE',  ( 0.2483888423748523422, 0.3760314408617059234, 0.2688843157438653431 ) ) ;
#6010 = VERTEX_POINT ( 'NONE', #540 ) ;
#6011 = ORIENTED_EDGE ( 'NONE', *, *, #10267, .T. ) ;
#6012 = ORIENTED_EDGE ( 'NONE', *, *, #10429, .T. ) ;
#6013 = DIRECTION ( 'NONE',  ( -0.8944271909997802972, 0.4472135955002290997, -4.211305021373336332E-16 ) ) ;
#6014 = VECTOR ( 'NONE', #4205, 39.37007874015748143 ) ;
#6015 = CARTESIAN_POINT ( 'NONE',  ( 0.2326408108788039775, 0.05713380306642409229, 0.4991992763737755912 ) ) ;
#6016 = ORIENTED_EDGE ( 'NONE', *, *, #9588, .F. ) ;
#6017 = LINE ( 'NONE', #10085, #103 ) ;
#6018 = ORIENTED_EDGE ( 'NONE', *, *, #12906, .F. ) ;
#6019 = DIRECTION ( 'NONE',  ( 1.316334802367149914E-16, -1.000000000000000000, 1.526556658859589750E-16 ) ) ;
#6020 = CARTESIAN_POINT ( 'NONE',  ( 0.3562628581229011493, 0.08862986605856654210, 0.2397504574761405716 ) ) ;
#6021 = AXIS2_PLACEMENT_3D ( 'NONE', #3879, #6938, #3018 ) ;
#6022 = LINE ( 'NONE', #10095, #6979 ) ;
#6023 = ORIENTED_EDGE ( 'NONE', *, *, #7441, .T. ) ;
#6024 = EDGE_CURVE ( 'NONE', #6846, #6991, #4565, .T. ) ;
#6025 = MECHANICAL_DESIGN_GEOMETRIC_PRESENTATION_REPRESENTATION (  '', ( #6423 ), #5798 ) ;
#6026 = VERTEX_POINT ( 'NONE', #6289 ) ;
#6027 = DIRECTION ( 'NONE',  ( 1.000000000000000000, 0.0000000000000000000, 0.0000000000000000000 ) ) ;
#6028 = ORIENTED_EDGE ( 'NONE', *, *, #13166, .T. ) ;
#6029 = ORIENTED_EDGE ( 'NONE', *, *, #4701, .T. ) ;
#6030 = LINE ( 'NONE', #7813, #7696 ) ;
#6031 = ORIENTED_EDGE ( 'NONE', *, *, #9167, .T. ) ;
#6032 = DIRECTION ( 'NONE',  ( 0.0000000000000000000, 0.0000000000000000000, -1.000000000000000000 ) ) ;
#6033 = DIRECTION ( 'NONE',  ( 0.0000000000000000000, 0.0000000000000000000, -1.000000000000000000 ) ) ;
#6034 = VECTOR ( 'NONE', #11436, 39.37007874015748143 ) ;
#6035 = LINE ( 'NONE', #4208, #7348 ) ;
#6036 = EDGE_LOOP ( 'NONE', ( #4014, #11021, #3841, #1577 ) ) ;
#6037 = VECTOR ( 'NONE', #4043, 39.37007874015748854 ) ;
#6038 = EDGE_CURVE ( 'NONE', #9892, #8526, #10424, .T. ) ;
#6039 = LINE ( 'NONE', #990, #10284 ) ;
#6040 = ORIENTED_EDGE ( 'NONE', *, *, #3283, .T. ) ;
#6041 = EDGE_CURVE ( 'NONE', #10338, #5254, #10564, .T. ) ;
#6042 = CARTESIAN_POINT ( 'NONE',  ( 0.2326408108788039775, 0.05713380306642409229, 0.5228213236178701484 ) ) ;
#6043 = LENGTH_MEASURE_WITH_UNIT ( LENGTH_MEASURE( 0.02539999999999999897 ), #4963 );
#6044 = ORIENTED_EDGE ( 'NONE', *, *, #10227, .F. ) ;
#6045 = FACE_OUTER_BOUND ( 'NONE', #7725, .T. ) ;
#6046 = LINE ( 'NONE', #12987, #4260 ) ;
#6047 = ORIENTED_EDGE ( 'NONE', *, *, #3931, .T. ) ;
#6048 = ORIENTED_EDGE ( 'NONE', *, *, #6441, .T. ) ;
#6049 = VECTOR ( 'NONE', #6601, 39.37007874015748143 ) ;
#6050 = PLANE ( 'NONE',  #10812 ) ;
#6051 = EDGE_CURVE ( 'NONE', #7584, #433, #10363, .T. ) ;
#6052 = DIRECTION ( 'NONE',  ( -1.174096724532128111E-16, 1.000000000000000000, -1.665334536937734811E-16 ) ) ;
#6053 =( LENGTH_UNIT ( ) NAMED_UNIT ( * ) SI_UNIT ( $, .METRE. ) );
#6054 = DIRECTION ( 'NONE',  ( 1.000000000000000000, 0.0000000000000000000, 0.0000000000000000000 ) ) ;
#6055 = ORIENTED_EDGE ( 'NONE', *, *, #3931, .F. ) ;
#6056 = UNCERTAINTY_MEASURE_WITH_UNIT (LENGTH_MEASURE( 1.000000000000000082E-05 ), #810, 'distance_accuracy_value', 'NONE');
#6057 = VERTEX_POINT ( 'NONE', #1253 ) ;
#6058 = FACE_OUTER_BOUND ( 'NONE', #2963, .T. ) ;
#6059 = DIRECTION ( 'NONE',  ( -1.000000000000000000, -1.408738150179759833E-16, 6.014894242100889598E-18 ) ) ;
#6060 = VECTOR ( 'NONE', #424, 39.37007874015748854 ) ;
#6061 = ORIENTED_EDGE ( 'NONE', *, *, #10570, .T. ) ;
#6062 = SURFACE_SIDE_STYLE ('',( #2883 ) ) ;
#6063 = EDGE_LOOP ( 'NONE', ( #8610, #9113, #3874, #242 ) ) ;
#6064 = EDGE_CURVE ( 'NONE', #3626, #1008, #3363, .T. ) ;
#6065 = PLANE ( 'NONE',  #12175 ) ;
#6066 = DIRECTION ( 'NONE',  ( -1.000000000000000000, 0.0000000000000000000, 0.0000000000000000000 ) ) ;
#6067 = AXIS2_PLACEMENT_3D ( 'NONE', #633, #4662, #8712 ) ;
#6068 = LENGTH_MEASURE_WITH_UNIT ( LENGTH_MEASURE( 0.02539999999999999897 ), #2157 );
#6069 = DIRECTION ( 'NONE',  ( -1.000000000000000000, 0.0000000000000000000, 0.0000000000000000000 ) ) ;
#6070 = PLANE ( 'NONE',  #6922 ) ;
#6071 = CARTESIAN_POINT ( 'NONE',  ( 0.07319199198116595195, 0.05713380306642400902, 0.4873882527517283680 ) ) ;
#6072 = CARTESIAN_POINT ( 'NONE',  ( 0.2861956974003468379, 0.4081643727746306904, 0.5011677803107913443 ) ) ;
#6073 = VECTOR ( 'NONE', #8991, 39.37007874015748854 ) ;
#6074 = ORIENTED_EDGE ( 'NONE', *, *, #8634, .T. ) ;
#6075 = VERTEX_POINT ( 'NONE', #249 ) ;
#6076 = DIRECTION ( 'NONE',  ( 0.0000000000000000000, 1.000000000000000000, 0.0000000000000000000 ) ) ;
#6077 = LINE ( 'NONE', #10262, #3048 ) ;
#6078 = VERTEX_POINT ( 'NONE', #4283 ) ;
#6079 = DIRECTION ( 'NONE',  ( 0.8320502943379406435, 0.0000000000000000000, -0.5547001962250837082 ) ) ;
#6080 = EDGE_CURVE ( 'NONE', #9400, #13104, #11491, .T. ) ;
#6081 = DIRECTION ( 'NONE',  ( 0.03905116345756680374, -0.9992372123938392248, 3.466800500818432695E-16 ) ) ;
#6082 = DIRECTION ( 'NONE',  ( -0.7071067811865475727, 0.7071067811865475727, -1.745088153485698425E-16 ) ) ;
#6083 = ORIENTED_EDGE ( 'NONE', *, *, #4461, .F. ) ;
#6084 = ORIENTED_EDGE ( 'NONE', *, *, #2736, .F. ) ;
#6085 = FACE_OUTER_BOUND ( 'NONE', #3799, .T. ) ;
#6086 = ORIENTED_EDGE ( 'NONE', *, *, #860, .T. ) ;
#6087 =( CONVERSION_BASED_UNIT ( 'INCH', #5195 ) LENGTH_UNIT ( ) NAMED_UNIT ( #7491 ) );
#6088 =( GEOMETRIC_REPRESENTATION_CONTEXT ( 3 ) GLOBAL_UNCERTAINTY_ASSIGNED_CONTEXT ( ( #10568 ) ) GLOBAL_UNIT_ASSIGNED_CONTEXT ( ( #3989, #5863, #12132 ) ) REPRESENTATION_CONTEXT ( 'NONE', 'WORKASPACE' ) );
#6089 = SURFACE_STYLE_FILL_AREA ( #229 ) ;
#6090 = SURFACE_STYLE_FILL_AREA ( #1112 ) ;
#6091 = EDGE_CURVE ( 'NONE', #3323, #12489, #6424, .T. ) ;
#6092 = EDGE_CURVE ( 'NONE', #7496, #3877, #734, .T. ) ;
#6093 = DIRECTION ( 'NONE',  ( 1.000000000000000000, 3.518308117683324880E-16, 2.626713979715460250E-16 ) ) ;
#6094 = ORIENTED_EDGE ( 'NONE', *, *, #7196, .F. ) ;
#6095 = VERTEX_POINT ( 'NONE', #8884 ) ;
#6096 = LINE ( 'NONE', #11168, #11895 ) ;
#6097 = CARTESIAN_POINT ( 'NONE',  ( 0.3920896297764417393, 0.3760314408617052018, 0.5011677803107913443 ) ) ;
#6098 = VERTEX_POINT ( 'NONE', #3566 ) ;
#6099 = EDGE_CURVE ( 'NONE', #8595, #6026, #6830, .T. ) ;
#6100 = CARTESIAN_POINT ( 'NONE',  ( 0.1558691573354860360, 0.3760314408617059234, 0.2905378590509590797 ) ) ;
#6101 = DIRECTION ( 'NONE',  ( 7.190187815859614570E-17, -0.7071067811865475727, 0.7071067811865475727 ) ) ;
#6102 =( CONVERSION_BASED_UNIT ( 'INCH', #2080 ) LENGTH_UNIT ( ) NAMED_UNIT ( #9642 ) );
#6103 = VERTEX_POINT ( 'NONE', #4764 ) ;
#6104 = DIRECTION ( 'NONE',  ( -1.000000000000000000, -1.408738150179759833E-16, 6.014894242100889598E-18 ) ) ;
#6105 = DIRECTION ( 'NONE',  ( -1.000000000000000000, 0.0000000000000000000, 0.0000000000000000000 ) ) ;
#6106 = VERTEX_POINT ( 'NONE', #5839 ) ;
#6107 = VECTOR ( 'NONE', #2256, 39.37007874015748854 ) ;
#6108 = ORIENTED_EDGE ( 'NONE', *, *, #12656, .F. ) ;
#6109 = FACE_OUTER_BOUND ( 'NONE', #4202, .T. ) ;
#6110 = CARTESIAN_POINT ( 'NONE',  ( 0.2129557715087252168, 0.1279999447987147654, 0.1901441582635393646 ) ) ;
#6111 = EDGE_CURVE ( 'NONE', #10563, #5712, #2860, .T. ) ;
#6112 = ORIENTED_EDGE ( 'NONE', *, *, #6111, .F. ) ;
#6113 = LINE ( 'NONE', #7226, #11135 ) ;
#6114 = CARTESIAN_POINT ( 'NONE',  ( 0.2326408108788039775, 0.5531967951924309235, 0.4243961267674777327 ) ) ;
#6115 = ORIENTED_EDGE ( 'NONE', *, *, #126, .F. ) ;
#6116 = EDGE_CURVE ( 'NONE', #11435, #640, #12770, .T. ) ;
#6117 = ORIENTED_EDGE ( 'NONE', *, *, #7731, .T. ) ;
#6118 = AXIS2_PLACEMENT_3D ( 'NONE', #363, #2356, #8641 ) ;
#6119 = PLANE ( 'NONE',  #8741 ) ;
#6120 = CARTESIAN_POINT ( 'NONE',  ( 0.1208297872567765802, 0.05713380306641543255, 0.4515614810981850025 ) ) ;
#6121 = CARTESIAN_POINT ( 'NONE',  ( 0.1558691573354860360, 0.2165826219640791250, 0.4007740795233709075 ) ) ;
#6122 = CARTESIAN_POINT ( 'NONE',  ( 0.2385463226898389966, -0.07278745677610237719, 0.4515614810981850025 ) ) ;
#6123 = DIRECTION ( 'NONE',  ( 0.0000000000000000000, -1.000000000000000000, 0.0000000000000000000 ) ) ;
#6124 = ADVANCED_FACE ( 'NONE', ( #7756 ), #1877, .T. ) ;
#6125 = LINE ( 'NONE', #10145, #12968 ) ;
#6126 = VECTOR ( 'NONE', #9986, 39.37007874015748143 ) ;
#6127 = EDGE_CURVE ( 'NONE', #11007, #11996, #4695, .T. ) ;
#6128 = ORIENTED_EDGE ( 'NONE', *, *, #8379, .T. ) ;
#6129 = PLANE ( 'NONE',  #11897 ) ;
#6130 = DIRECTION ( 'NONE',  ( 0.0000000000000000000, -1.000000000000000000, 0.0000000000000000000 ) ) ;
#6131 = DIRECTION ( 'NONE',  ( -1.000000000000000000, -1.174096724532128111E-16, 4.283287147278279229E-17 ) ) ;
#6132 = EDGE_LOOP ( 'NONE', ( #12159, #5134 ) ) ;
#6133 = DIRECTION ( 'NONE',  ( -1.316334802367149914E-16, 1.000000000000000000, -1.526556658859589750E-16 ) ) ;
#6134 = VECTOR ( 'NONE', #6154, 39.37007874015748854 ) ;
#6135 = AXIS2_PLACEMENT_3D ( 'NONE', #4458, #1364, #7384 ) ;
#6136 = LENGTH_MEASURE_WITH_UNIT ( LENGTH_MEASURE( 0.02539999999999999897 ), #5952 );
#6137 = CARTESIAN_POINT ( 'NONE',  ( 0.2129557715087252168, 0.1279999447987147654, 0.1901441582635393646 ) ) ;
#6138 = ORIENTED_EDGE ( 'NONE', *, *, #12375, .T. ) ;
#6139 = ORIENTED_EDGE ( 'NONE', *, *, #3589, .F. ) ;
#6140 = EDGE_CURVE ( 'NONE', #9962, #8883, #9970, .T. ) ;
#6141 = DIRECTION ( 'NONE',  ( 0.0000000000000000000, 0.0000000000000000000, 1.000000000000000000 ) ) ;
#6142 = ORIENTED_EDGE ( 'NONE', *, *, #9238, .F. ) ;
#6143 = ORIENTED_EDGE ( 'NONE', *, *, #9625, .T. ) ;
#6144 = VECTOR ( 'NONE', #2088, 39.37007874015748143 ) ;
#6145 = AXIS2_PLACEMENT_3D ( 'NONE', #5651, #11652, #5715 ) ;
#6146 =( NAMED_UNIT ( * ) SI_UNIT ( $, .STERADIAN. ) SOLID_ANGLE_UNIT ( ) );
#6147 = ORIENTED_EDGE ( 'NONE', *, *, #7235, .T. ) ;
#6148 = FACE_OUTER_BOUND ( 'NONE', #5879, .T. ) ;
#6149 = FACE_OUTER_BOUND ( 'NONE', #2223, .T. ) ;
#6150 = CARTESIAN_POINT ( 'NONE',  ( 0.1090187636347222516, 0.08075585031049743734, 0.2515614810981878224 ) ) ;
#6151 = PRESENTATION_LAYER_ASSIGNMENT (  '', '', ( #12988 ) ) ;
#6152 = AXIS2_PLACEMENT_3D ( 'NONE', #11365, #3369, #2264 ) ;
#6153 = ORIENTED_EDGE ( 'NONE', *, *, #8461, .T. ) ;
#6154 = DIRECTION ( 'NONE',  ( -0.7071067811865474617, -0.7071067811865474617, 2.495801191760493122E-16 ) ) ;
#6155 = EDGE_CURVE ( 'NONE', #8807, #11759, #9769, .T. ) ;
#6156 = PLANE ( 'NONE',  #9803 ) ;
#6157 = ADVANCED_FACE ( 'NONE', ( #2721 ), #2785, .F. ) ;
#6158 = ORIENTED_EDGE ( 'NONE', *, *, #6993, .T. ) ;
#6159 =( LENGTH_UNIT ( ) NAMED_UNIT ( * ) SI_UNIT ( $, .METRE. ) );
#6160 = LINE ( 'NONE', #6220, #2396 ) ;
#6161 = VECTOR ( 'NONE', #5557, 39.37007874015748143 ) ;
#6162 = DIRECTION ( 'NONE',  ( -3.518308117683324880E-16, 1.000000000000000000, -4.163336342344335054E-16 ) ) ;
#6163 = VECTOR ( 'NONE', #8008, 39.37007874015748143 ) ;
#6164 =( NAMED_UNIT ( * ) PLANE_ANGLE_UNIT ( ) SI_UNIT ( $, .RADIAN. ) );
#6165 = ORIENTED_EDGE ( 'NONE', *, *, #9440, .T. ) ;
#6166 = FACE_OUTER_BOUND ( 'NONE', #7745, .T. ) ;
#6167 = LINE ( 'NONE', #5281, #523 ) ;
#6168 = ORIENTED_EDGE ( 'NONE', *, *, #12991, .F. ) ;
#6169 = UNCERTAINTY_MEASURE_WITH_UNIT (LENGTH_MEASURE( 1.000000000000000082E-05 ), #9744, 'distance_accuracy_value', 'NONE');
#6170 = VECTOR ( 'NONE', #4505, 39.37007874015748143 ) ;
#6171 = LINE ( 'NONE', #5285, #12336 ) ;
#6172 = CARTESIAN_POINT ( 'NONE',  ( 0.2726091976981878107, -0.07318115756351298296, 0.3850260480273224872 ) ) ;
#6173 = DIRECTION ( 'NONE',  ( -1.356991020290373981E-16, 1.000000000000000000, -3.469446951953615175E-16 ) ) ;
#6174 = ORIENTED_EDGE ( 'NONE', *, *, #586, .T. ) ;
#6175 = VECTOR ( 'NONE', #5342, 39.37007874015748143 ) ;
#6176 = CARTESIAN_POINT ( 'NONE',  ( 0.2326408108788039775, 0.3760314408617052018, 0.5011677803107913443 ) ) ;
#6177 = VECTOR ( 'NONE', #10614, 39.37007874015748143 ) ;
#6178 = FILL_AREA_STYLE ('',( #10140 ) ) ;
#6179 = EDGE_CURVE ( 'NONE', #1201, #179, #1539, .T. ) ;
#6180 = EDGE_CURVE ( 'NONE', #11826, #8526, #3837, .T. ) ;
#6181 = DIRECTION ( 'NONE',  ( -1.000000000000000000, -3.518308117683324880E-16, -2.626713979715460250E-16 ) ) ;
#6182 = CARTESIAN_POINT ( 'NONE',  ( 0.3267352990678007996, -0.07278745677610237719, 0.4515614810981850025 ) ) ;
#6183 = VECTOR ( 'NONE', #3875, 39.37007874015748143 ) ;
#6184 = LINE ( 'NONE', #11130, #13112 ) ;
#6185 = CARTESIAN_POINT ( 'NONE',  ( 0.2221780689370909390, -0.07318115756351298296, 0.2905378590509531400 ) ) ;
#6186 = EDGE_CURVE ( 'NONE', #7289, #10876, #2587, .T. ) ;
#6187 = VECTOR ( 'NONE', #3345, 39.37007874015748143 ) ;
#6188 = DIRECTION ( 'NONE',  ( 1.174096724532128111E-16, -1.000000000000000000, 1.665334536937734811E-16 ) ) ;
#6189 = ORIENTED_EDGE ( 'NONE', *, *, #2354, .T. ) ;
#6190 = DIRECTION ( 'NONE',  ( 0.0000000000000000000, 8.220413448604739958E-18, -1.000000000000000000 ) ) ;
#6191 = LINE ( 'NONE', #7061, #7925 ) ;
#6192 = VECTOR ( 'NONE', #3122, 39.37007874015748143 ) ;
#6193 = EDGE_CURVE ( 'NONE', #4540, #639, #10701, .T. ) ;
#6194 = VECTOR ( 'NONE', #8093, 39.37007874015748143 ) ;
#6195 = CARTESIAN_POINT ( 'NONE',  ( 0.2405148266268504198, 0.1555589999168271731, 0.4456559692871464584 ) ) ;
#6196 = EDGE_CURVE ( 'NONE', #906, #12680, #9699, .T. ) ;
#6197 = CARTESIAN_POINT ( 'NONE',  ( 0.2129557715087252168, 0.3957164802317834629, 0.3456559692871649658 ) ) ;
#6198 = CARTESIAN_POINT ( 'NONE',  ( 0.07319199198118012117, 0.1476849841687954967, 0.3456559692871708500 ) ) ;
#6199 = ORIENTED_EDGE ( 'NONE', *, *, #8022, .F. ) ;
#6200 = COLOUR_RGB ( '',0.7529411764705882248, 0.7529411764705882248, 0.0000000000000000000 ) ;
#6201 = ORIENTED_EDGE ( 'NONE', *, *, #4612, .F. ) ;
#6202 = LINE ( 'NONE', #10275, #12163 ) ;
#6203 = ORIENTED_EDGE ( 'NONE', *, *, #1999, .F. ) ;
#6204 = VECTOR ( 'NONE', #686, 39.37007874015748143 ) ;
#6205 = ORIENTED_EDGE ( 'NONE', *, *, #2122, .F. ) ;
#6206 = PLANE ( 'NONE',  #9563 ) ;
#6207 = SURFACE_SIDE_STYLE ('',( #11277 ) ) ;
#6208 =( NAMED_UNIT ( * ) PLANE_ANGLE_UNIT ( ) SI_UNIT ( $, .RADIAN. ) );
#6209 = LENGTH_MEASURE_WITH_UNIT ( LENGTH_MEASURE( 0.02539999999999999897 ), #6330 );
#6210 = DIRECTION ( 'NONE',  ( -1.000000000000000000, 1.937287448275559661E-17, 0.0000000000000000000 ) ) ;
#6211 = EDGE_CURVE ( 'NONE', #896, #3709, #1670, .T. ) ;
#6212 = COLOUR_RGB ( '',0.7529411764705882248, 0.7529411764705882248, 0.0000000000000000000 ) ;
#6213 = DIRECTION ( 'NONE',  ( 0.0000000000000000000, -1.000000000000000000, 0.0000000000000000000 ) ) ;
#6214 = ORIENTED_EDGE ( 'NONE', *, *, #4436, .F. ) ;
#6215 = DIRECTION ( 'NONE',  ( -1.937287448275559661E-17, -1.000000000000000000, -8.220413448604739958E-18 ) ) ;
#6216 = DIRECTION ( 'NONE',  ( 0.0000000000000000000, 1.000000000000000000, 0.0000000000000000000 ) ) ;
#6217 = ORIENTED_EDGE ( 'NONE', *, *, #11527, .F. ) ;
#6218 = DIRECTION ( 'NONE',  ( 0.0000000000000000000, 0.0000000000000000000, 1.000000000000000000 ) ) ;
#6219 = CIRCLE ( 'NONE', #7712, 0.05610236220472441387 ) ;
#6220 = CARTESIAN_POINT ( 'NONE',  ( 0.1558691573355116267, 0.2264251416490909441, 0.4515614810981850025 ) ) ;
#6221 = VECTOR ( 'NONE', #8, 39.37007874015748143 ) ;
#6222 = FACE_OUTER_BOUND ( 'NONE', #9467, .T. ) ;
#6223 = ORIENTED_EDGE ( 'NONE', *, *, #2942, .F. ) ;
#6224 = EDGE_CURVE ( 'NONE', #5325, #6283, #5627, .T. ) ;
#6225 = SURFACE_STYLE_USAGE ( .BOTH. , #7279 ) ;
#6226 = EDGE_CURVE ( 'NONE', #10042, #3169, #671, .T. ) ;
#6227 = VECTOR ( 'NONE', #6367, 39.37007874015748143 ) ;
#6228 = CARTESIAN_POINT ( 'NONE',  ( 0.2916959289890401763, 0.1279999447987147654, 0.4893567566887362386 ) ) ;
#6229 = VERTEX_POINT ( 'NONE', #5767 ) ;
#6230 = VECTOR ( 'NONE', #12980, 39.37007874015748143 ) ;
#6231 = VERTEX_POINT ( 'NONE', #8821 ) ;
#6232 =( CONVERSION_BASED_UNIT ( 'INCH', #4171 ) LENGTH_UNIT ( ) NAMED_UNIT ( #3781 ) );
#6233 = VERTEX_POINT ( 'NONE', #12911 ) ;
#6234 = DIRECTION ( 'NONE',  ( 2.359223927328455183E-16, -3.885780586188049864E-16, -1.000000000000000000 ) ) ;
#6235 = LINE ( 'NONE', #7428, #4909 ) ;
#6236 = ORIENTED_EDGE ( 'NONE', *, *, #8022, .T. ) ;
#6237 =( GEOMETRIC_REPRESENTATION_CONTEXT ( 3 ) GLOBAL_UNCERTAINTY_ASSIGNED_CONTEXT ( ( #2726 ) ) GLOBAL_UNIT_ASSIGNED_CONTEXT ( ( #10482, #10060, #6338 ) ) REPRESENTATION_CONTEXT ( 'NONE', 'WORKASPACE' ) );
#6238 = PRESENTATION_STYLE_ASSIGNMENT (( #7165 ) ) ;
#6239 = CARTESIAN_POINT ( 'NONE',  ( 0.2326408108788126095, -0.1446865674942330871, 0.2515614810981878224 ) ) ;
#6240 = ORIENTED_EDGE ( 'NONE', *, *, #11291, .T. ) ;
#6241 = VERTEX_POINT ( 'NONE', #3773 ) ;
#6242 = DIMENSIONAL_EXPONENTS ( 1.000000000000000000, 0.0000000000000000000, 0.0000000000000000000, 0.0000000000000000000, 0.0000000000000000000, 0.0000000000000000000, 0.0000000000000000000 ) ;
#6243 = ADVANCED_FACE ( 'NONE', ( #7818 ), #5201, .T. ) ;
#6244 = ADVANCED_FACE ( 'NONE', ( #3904 ), #2007, .F. ) ;
#6245 = LINE ( 'NONE', #4239, #4920 ) ;
#6246 = CARTESIAN_POINT ( 'NONE',  ( 0.2326408108788039775, 0.6949290786569842782, 0.3456559692871649658 ) ) ;
#6247 = VECTOR ( 'NONE', #10599, 39.37007874015748854 ) ;
#6248 = CARTESIAN_POINT ( 'NONE',  ( 0.2483888423748523422, 0.1988660865309976600, 0.4972307724367677761 ) ) ;
#6249 = DIRECTION ( 'NONE',  ( -7.190187815859577592E-17, 0.7071067811865469066, -0.7071067811865479058 ) ) ;
#6250 = CARTESIAN_POINT ( 'NONE',  ( 0.2431035528203590590, 0.4272125432239181064, 0.4007740795234071007 ) ) ;
#6251 = ORIENTED_EDGE ( 'NONE', *, *, #7471, .F. ) ;
#6252 = EDGE_CURVE ( 'NONE', #4233, #1931, #5970, .T. ) ;
#6253 = LINE ( 'NONE', #8106, #3899 ) ;
#6254 = DIRECTION ( 'NONE',  ( 1.356991020290373981E-16, -1.000000000000000000, 3.469446951953615175E-16 ) ) ;
#6255 = EDGE_LOOP ( 'NONE', ( #9965, #2064, #4990, #3016 ) ) ;
#6256 =( NAMED_UNIT ( * ) SI_UNIT ( $, .STERADIAN. ) SOLID_ANGLE_UNIT ( ) );
#6257 = VECTOR ( 'NONE', #4597, 39.37007874015748143 ) ;
#6258 = ADVANCED_FACE ( 'NONE', ( #4956 ), #10286, .T. ) ;
#6259 = PLANE ( 'NONE',  #10663 ) ;
#6260 = LINE ( 'NONE', #1501, #7071 ) ;
#6261 = VECTOR ( 'NONE', #5179, 39.37007874015748143 ) ;
#6262 = ORIENTED_EDGE ( 'NONE', *, *, #12315, .F. ) ;
#6263 = ORIENTED_EDGE ( 'NONE', *, *, #1403, .T. ) ;
#6264 = CARTESIAN_POINT ( 'NONE',  ( 0.4098061652095126295, 0.05713380306642409229, 0.1842386464525193057 ) ) ;
#6265 = VERTEX_POINT ( 'NONE', #120 ) ;
#6266 = ORIENTED_EDGE ( 'NONE', *, *, #10040, .F. ) ;
#6267 = PRESENTATION_STYLE_ASSIGNMENT (( #2118 ) ) ;
#6268 = LENGTH_MEASURE_WITH_UNIT ( LENGTH_MEASURE( 0.02539999999999999897 ), #7259 );
#6269 = EDGE_CURVE ( 'NONE', #11743, #8446, #9025, .T. ) ;
#6270 = DIRECTION ( 'NONE',  ( 8.833616147085620181E-14, -8.220413448606448643E-18, 1.000000000000000000 ) ) ;
#6271 = CARTESIAN_POINT ( 'NONE',  ( 0.3090187636347015987, 0.08075585031051535356, 0.4515614810981850025 ) ) ;
#6272 = DIRECTION ( 'NONE',  ( -1.937287448275559661E-17, -1.000000000000000000, -8.220413448604588965E-18 ) ) ;
#6273 = EDGE_CURVE ( 'NONE', #1523, #1808, #11283, .T. ) ;
#6274 = DIRECTION ( 'NONE',  ( 1.000000000000000000, 0.0000000000000000000, 0.0000000000000000000 ) ) ;
#6275 = DIRECTION ( 'NONE',  ( 0.9363291775690009144, 0.3511234415885080007, -6.866077602695148829E-17 ) ) ;
#6276 = CARTESIAN_POINT ( 'NONE',  ( 0.2483888423748523422, 0.3583149054286425272, 0.2236087251926807129 ) ) ;
#6277 = CARTESIAN_POINT ( 'NONE',  ( 0.1401211258394373937, 0.1988660865309976600, 0.3161284102320469080 ) ) ;
#6278 = ORIENTED_EDGE ( 'NONE', *, *, #3560, .F. ) ;
#6279 = PRESENTATION_LAYER_ASSIGNMENT (  '', '', ( #7776 ) ) ;
#6280 = DIRECTION ( 'NONE',  ( -1.000000000000000000, -1.408738150179759833E-16, 6.014894242100889598E-18 ) ) ;
#6281 = EDGE_CURVE ( 'NONE', #10763, #3717, #3154, .T. ) ;
#6282 = DIRECTION ( 'NONE',  ( 1.356991020290373981E-16, -1.000000000000000000, 3.469446951953615175E-16 ) ) ;
#6283 = VERTEX_POINT ( 'NONE', #11096 ) ;
#6284 = CARTESIAN_POINT ( 'NONE',  ( 0.2405148266268504198, 0.1555589999168269788, 0.2456559692871496114 ) ) ;
#6285 = EDGE_CURVE ( 'NONE', #4873, #1469, #4090, .T. ) ;
#6286 =( LENGTH_UNIT ( ) NAMED_UNIT ( * ) SI_UNIT ( $, .METRE. ) );
#6287 = DIRECTION ( 'NONE',  ( 1.000000000000000000, 1.316334802367149914E-16, -1.608386623408234722E-17 ) ) ;
#6288 = ORIENTED_EDGE ( 'NONE', *, *, #11203, .T. ) ;
#6289 = CARTESIAN_POINT ( 'NONE',  ( 0.1361841179654072753, 0.3760314408617059234, 0.3751835283422830791 ) ) ;
#6290 = STYLED_ITEM ( 'NONE', ( #10764 ), #907 ) ;
#6291 = LINE ( 'NONE', #6357, #1600 ) ;
#6292 = ORIENTED_EDGE ( 'NONE', *, *, #9453, .T. ) ;
#6293 = UNCERTAINTY_MEASURE_WITH_UNIT (LENGTH_MEASURE( 1.000000000000000082E-05 ), #8560, 'distance_accuracy_value', 'NONE');
#6294 = ORIENTED_EDGE ( 'NONE', *, *, #5902, .T. ) ;
#6295 = PLANE ( 'NONE',  #2979 ) ;
#6296 = ORIENTED_EDGE ( 'NONE', *, *, #9429, .T. ) ;
#6297 = CARTESIAN_POINT ( 'NONE',  ( 0.2090187636347251854, 0.08862986605855749378, 0.3456559692871708500 ) ) ;
#6298 = VECTOR ( 'NONE', #11883, 39.37007874015748143 ) ;
#6299 = DIRECTION ( 'NONE',  ( -3.376070039848299626E-16, 1.000000000000000000, -4.302114220422480115E-16 ) ) ;
#6300 = ADVANCED_FACE ( 'NONE', ( #10226 ), #13164, .F. ) ;
#6301 = CARTESIAN_POINT ( 'NONE',  ( 0.2267352990677846403, -0.07278745677610257148, 0.2515614810981878224 ) ) ;
#6302 = ORIENTED_EDGE ( 'NONE', *, *, #12532, .F. ) ;
#6303 = CARTESIAN_POINT ( 'NONE',  ( 0.4098061652095126295, 0.1988660865309964665, 0.4007740795233890041 ) ) ;
#6304 = CARTESIAN_POINT ( 'NONE',  ( 0.2129557715087252168, 0.1083149054286360186, 0.2019551818855940817 ) ) ;
#6305 = ORIENTED_EDGE ( 'NONE', *, *, #1147, .F. ) ;
#6306 = CARTESIAN_POINT ( 'NONE',  ( 0.3940581337134496653, 0.3957164802317834629, 0.1842386464525193057 ) ) ;
#6307 = VECTOR ( 'NONE', #2928, 39.37007874015748143 ) ;
#6308 = CARTESIAN_POINT ( 'NONE',  ( 0.2090187636347129729, 0.3760314408617059234, 0.2905378590509232195 ) ) ;
#6309 =( LENGTH_UNIT ( ) NAMED_UNIT ( * ) SI_UNIT ( $, .METRE. ) );
#6310 = CARTESIAN_POINT ( 'NONE',  ( 0.3350030156032094419, 0.5571338030664291230, 0.2472307724367716342 ) ) ;
#6311 = SURFACE_STYLE_USAGE ( .BOTH. , #5180 ) ;
#6312 = DIRECTION ( 'NONE',  ( 1.000000000000000000, 0.0000000000000000000, 0.0000000000000000000 ) ) ;
#6313 = EDGE_CURVE ( 'NONE', #3890, #3542, #3036, .T. ) ;
#6314 = VERTEX_POINT ( 'NONE', #1050 ) ;
#6315 = EDGE_CURVE ( 'NONE', #13125, #2269, #1114, .T. ) ;
#6316 = CARTESIAN_POINT ( 'NONE',  ( 0.1401211258394373937, 0.3760314408617059234, 0.3456559692871649658 ) ) ;
#6317 = LINE ( 'NONE', #1160, #3940 ) ;
#6318 = LINE ( 'NONE', #3081, #1823 ) ;
#6319 = DIRECTION ( 'NONE',  ( -1.000000000000000000, 0.0000000000000000000, 0.0000000000000000000 ) ) ;
#6320 = EDGE_CURVE ( 'NONE', #2850, #1523, #11614, .T. ) ;
#6321 = VECTOR ( 'NONE', #3786, 39.37007874015748143 ) ;
#6322 = CARTESIAN_POINT ( 'NONE',  ( 0.3444518345008468208, 0.05713380306641550888, 0.4515614810981850025 ) ) ;
#6323 = LINE ( 'NONE', #3144, #12095 ) ;
#6324 = ORIENTED_EDGE ( 'NONE', *, *, #7454, .F. ) ;
#6325 = LINE ( 'NONE', #3272, #9165 ) ;
#6326 = ORIENTED_EDGE ( 'NONE', *, *, #5841, .T. ) ;
#6327 = VERTEX_POINT ( 'NONE', #9538 ) ;
#6328 = CARTESIAN_POINT ( 'NONE',  ( 0.1893337242646519758, 0.2165826219640791250, 0.2905378590509232195 ) ) ;
#6329 = LENGTH_MEASURE_WITH_UNIT ( LENGTH_MEASURE( 0.02539999999999999897 ), #9329 );
#6330 =( LENGTH_UNIT ( ) NAMED_UNIT ( * ) SI_UNIT ( $, .METRE. ) );
#6331 = AXIS2_PLACEMENT_3D ( 'NONE', #11267, #1994, #2059 ) ;
#6332 = LINE ( 'NONE', #9399, #6177 ) ;
#6333 = ORIENTED_EDGE ( 'NONE', *, *, #10425, .T. ) ;
#6334 = FILL_AREA_STYLE_COLOUR ( '', #2009 ) ;
#6336 = EDGE_CURVE ( 'NONE', #8722, #10042, #8376, .T. ) ;
#6335 = CARTESIAN_POINT ( 'NONE',  ( 0.2326408108788039775, 0.5531967951924051663, 0.2669158118068478691 ) ) ;
#6337 = DIRECTION ( 'NONE',  ( -1.000000000000000000, 1.937287448275559661E-17, 0.0000000000000000000 ) ) ;
#6338 =( NAMED_UNIT ( * ) SI_UNIT ( $, .STERADIAN. ) SOLID_ANGLE_UNIT ( ) );
#6339 = ORIENTED_EDGE ( 'NONE', *, *, #8970, .T. ) ;
#6340 =( GEOMETRIC_REPRESENTATION_CONTEXT ( 3 ) GLOBAL_UNCERTAINTY_ASSIGNED_CONTEXT ( ( #11363 ) ) GLOBAL_UNIT_ASSIGNED_CONTEXT ( ( #11501, #8269, #4230 ) ) REPRESENTATION_CONTEXT ( 'NONE', 'WORKASPACE' ) );
#6341 = VECTOR ( 'NONE', #11196, 39.37007874015748143 ) ;
#6342 = CARTESIAN_POINT ( 'NONE',  ( 0.2483888423748523422, 0.1988660865309976600, 0.3456559692871649658 ) ) ;
#6343 = LINE ( 'NONE', #2251, #4888 ) ;
#6344 = EDGE_CURVE ( 'NONE', #6075, #3630, #4209, .T. ) ;
#6345 = VERTEX_POINT ( 'NONE', #12545 ) ;
#6346 = DIRECTION ( 'NONE',  ( 0.0000000000000000000, 1.000000000000000000, 0.0000000000000000000 ) ) ;
#6347 = B_SPLINE_CURVE_WITH_KNOTS ( 'NONE', 3,
 ( #6888, #10757, #4816, #8810, #10819, #3957, #12099, #10026 ),
 .UNSPECIFIED., .F., .F.,
 ( 4, 2, 2, 4 ),
 ( 5.903796921905580903E-17, 0.0002285047224588067610, 0.0004570094449175544872, 0.0009140188898350460906 ),
 .UNSPECIFIED. ) ;
#6348 = DIRECTION ( 'NONE',  ( 1.316334802367149914E-16, -1.000000000000000000, 1.526556658859589750E-16 ) ) ;
#6349 = FILL_AREA_STYLE ('',( #9284 ) ) ;
#6350 = DIRECTION ( 'NONE',  ( 1.000000000000000000, 1.174096724532128111E-16, -4.283287147278279229E-17 ) ) ;
#6351 = ORIENTED_EDGE ( 'NONE', *, *, #6959, .T. ) ;
#6352 = DIRECTION ( 'NONE',  ( 0.0000000000000000000, 0.0000000000000000000, 1.000000000000000000 ) ) ;
#6353 = AXIS2_PLACEMENT_3D ( 'NONE', #11844, #1677, #10772 ) ;
#6354 = ADVANCED_FACE ( 'NONE', ( #4265 ), #2367, .F. ) ;
#6355 = SURFACE_STYLE_FILL_AREA ( #1255 ) ;
#6356 = EDGE_CURVE ( 'NONE', #3346, #7306, #2438, .T. ) ;
#6357 = CARTESIAN_POINT ( 'NONE',  ( 0.1444518345008675153, 0.05713380306640645362, 0.4515614810981850025 ) ) ;
#6358 = ORIENTED_EDGE ( 'NONE', *, *, #6772, .T. ) ;
#6359 = ORIENTED_EDGE ( 'NONE', *, *, #3778, .F. ) ;
#6360 = DIRECTION ( 'NONE',  ( -1.356991020290373981E-16, 1.000000000000000000, -3.469446951953615175E-16 ) ) ;
#6361 = VECTOR ( 'NONE', #9146, 39.37007874015748143 ) ;
#6362 = VERTEX_POINT ( 'NONE', #6407 ) ;
#6363 = LINE ( 'NONE', #1264, #10404 ) ;
#6364 = AXIS2_PLACEMENT_3D ( 'NONE', #5025, #10044, #4032 ) ;
#6365 = LINE ( 'NONE', #1265, #4682 ) ;
#6366 = ORIENTED_EDGE ( 'NONE', *, *, #9038, .T. ) ;
#6367 = DIRECTION ( 'NONE',  ( 0.0000000000000000000, 1.000000000000000000, 0.0000000000000000000 ) ) ;
#6368 = DIRECTION ( 'NONE',  ( 0.0000000000000000000, 1.000000000000000000, 0.0000000000000000000 ) ) ;
#6369 = VERTEX_POINT ( 'NONE', #9272 ) ;
#6370 = ORIENTED_EDGE ( 'NONE', *, *, #9919, .F. ) ;
#6371 = AXIS2_PLACEMENT_3D ( 'NONE', #11949, #2833, #5943 ) ;
#6372 = DIRECTION ( 'NONE',  ( 0.0000000000000000000, 1.000000000000000000, 0.0000000000000000000 ) ) ;
#6373 = ADVANCED_FACE ( 'NONE', ( #6541 ), #12483, .F. ) ;
#6374 = CARTESIAN_POINT ( 'NONE',  ( 0.3940581337134496653, 0.05713380306642409229, 0.5228213236178701484 ) ) ;
#6375 = FACE_OUTER_BOUND ( 'NONE', #8469, .T. ) ;
#6376 = PLANE ( 'NONE',  #2685 ) ;
#6377 = CARTESIAN_POINT ( 'NONE',  ( 0.2405148266268504198, 0.2756377400743059147, 0.5657347094446252278 ) ) ;
#6378 = LINE ( 'NONE', #8490, #9546 ) ;
#6379 = VECTOR ( 'NONE', #9691, 39.37007874015748143 ) ;
#6380 = VERTEX_POINT ( 'NONE', #12419 ) ;
#6381 = AXIS2_PLACEMENT_3D ( 'NONE', #8673, #4824, #11903 ) ;
#6382 = DIRECTION ( 'NONE',  ( 0.0000000000000000000, 0.0000000000000000000, 1.000000000000000000 ) ) ;
#6383 = CARTESIAN_POINT ( 'NONE',  ( 0.2483888423748704388, 0.7897218048774075072, 0.3850260480273224872 ) ) ;
#6384 = ORIENTED_EDGE ( 'NONE', *, *, #1724, .F. ) ;
#6385 = VERTEX_POINT ( 'NONE', #175 ) ;
#6386 = ADVANCED_FACE ( 'NONE', ( #6475 ), #5475, .T. ) ;
#6387 = PLANE ( 'NONE',  #1346 ) ;
#6388 = EDGE_CURVE ( 'NONE', #773, #7201, #6332, .T. ) ;
#6389 = VECTOR ( 'NONE', #4744, 39.37007874015748143 ) ;
#6390 = LINE ( 'NONE', #7649, #5178 ) ;
#6391 = DIRECTION ( 'NONE',  ( -1.000000000000000000, -1.408738150179759833E-16, 6.014894242100889598E-18 ) ) ;
#6392 = ORIENTED_EDGE ( 'NONE', *, *, #13058, .T. ) ;
#6393 = FACE_OUTER_BOUND ( 'NONE', #9006, .T. ) ;
#6394 = CARTESIAN_POINT ( 'NONE',  ( 0.1145305746583313022, 0.5571338030664260144, 0.4440811661375591024 ) ) ;
#6395 = VERTEX_POINT ( 'NONE', #1517 ) ;
#6396 = CARTESIAN_POINT ( 'NONE',  ( 0.3920896297764488447, 0.08862986605855749378, 0.3456559692871673528 ) ) ;
#6397 = ORIENTED_EDGE ( 'NONE', *, *, #4886, .T. ) ;
#6398 = EDGE_LOOP ( 'NONE', ( #1272, #3569, #12814, #7385 ) ) ;
#6399 = FACE_OUTER_BOUND ( 'NONE', #6398, .T. ) ;
#6400 = VECTOR ( 'NONE', #2730, 39.37007874015748143 ) ;
#6401 =( CONVERSION_BASED_UNIT ( 'INCH', #514 ) LENGTH_UNIT ( ) NAMED_UNIT ( #7671 ) );
#6402 = EDGE_LOOP ( 'NONE', ( #12538, #8721, #2993, #7470, #8798 ) ) ;
#6403 = VECTOR ( 'NONE', #4304, 39.37007874015748143 ) ;
#6404 = PLANE ( 'NONE',  #11568 ) ;
#6405 = DIRECTION ( 'NONE',  ( 0.8944271909997800751, 0.4472135955002295438, 4.875037915001671238E-17 ) ) ;
#6406 = DIRECTION ( 'NONE',  ( -1.937287448275559661E-17, -1.000000000000000000, -8.220413448604739958E-18 ) ) ;
#6407 = CARTESIAN_POINT ( 'NONE',  ( 0.2956329368630822851, 0.1279999447987149597, 0.1901441582635378102 ) ) ;
#6408 = ORIENTED_EDGE ( 'NONE', *, *, #10711, .F. ) ;
#6409 = CARTESIAN_POINT ( 'NONE',  ( 0.2326408108788039775, 0.1988660865309976600, 0.3456559692871649658 ) ) ;
#6410 = CARTESIAN_POINT ( 'NONE',  ( 0.3625620707213386140, 0.3563464014916267741, 0.4062858905469889370 ) ) ;
#6411 = ORIENTED_EDGE ( 'NONE', *, *, #5080, .T. ) ;
#6412 = STYLED_ITEM ( 'NONE', ( #2024 ), #7422 ) ;
#6413 = ORIENTED_EDGE ( 'NONE', *, *, #10759, .F. ) ;
#6414 = LINE ( 'NONE', #11807, #672 ) ;
#6415 = CARTESIAN_POINT ( 'NONE',  ( 0.1558691573354938908, 0.3091023070034267795, 0.2397504574761405716 ) ) ;
#6416 = ORIENTED_EDGE ( 'NONE', *, *, #5398, .T. ) ;
#6417 =( NAMED_UNIT ( * ) SI_UNIT ( $, .STERADIAN. ) SOLID_ANGLE_UNIT ( ) );
#6418 = FILL_AREA_STYLE_COLOUR ( '', #10681 ) ;
#6419 = CARTESIAN_POINT ( 'NONE',  ( 0.1562628581229041358, 0.08862986605856634781, 0.2515614810981878224 ) ) ;
#6420 = EDGE_CURVE ( 'NONE', #2579, #9760, #4474, .T. ) ;
#6421 = STYLED_ITEM ( 'NONE', ( #10608 ), #11014 ) ;
#6422 = VERTEX_POINT ( 'NONE', #12353 ) ;
#6423 = STYLED_ITEM ( 'NONE', ( #10531 ), #7778 ) ;
#6424 = LINE ( 'NONE', #10496, #4902 ) ;
#6425 = ADVANCED_FACE ( 'NONE', ( #3215 ), #445, .T. ) ;
#6426 = CARTESIAN_POINT ( 'NONE',  ( 0.2326408108788039775, 0.5295747479483235987, 0.4007740795233854514 ) ) ;
#6427 = ORIENTED_EDGE ( 'NONE', *, *, #8668, .T. ) ;
#6428 = VECTOR ( 'NONE', #4248, 39.37007874015748143 ) ;
#6429 = ORIENTED_EDGE ( 'NONE', *, *, #3102, .T. ) ;
#6430 = FILL_AREA_STYLE ('',( #9233 ) ) ;
#6431 = DIRECTION ( 'NONE',  ( -1.000000000000000000, 1.937287448275559661E-17, 0.0000000000000000000 ) ) ;
#6432 = VECTOR ( 'NONE', #4713, 39.37007874015748143 ) ;
#6433 = VERTEX_POINT ( 'NONE', #1380 ) ;
#6434 = CARTESIAN_POINT ( 'NONE',  ( 0.3625620707213386140, 0.1555589999168269788, 0.2850260480273070773 ) ) ;
#6435 = DIRECTION ( 'NONE',  ( 0.0000000000000000000, 0.0000000000000000000, 1.000000000000000000 ) ) ;
#6436 = DIRECTION ( 'NONE',  ( 1.133085894446545629E-16, -0.7071067811865469066, 0.7071067811865479058 ) ) ;
#6437 = ORIENTED_EDGE ( 'NONE', *, *, #4378, .T. ) ;
#6438 = CARTESIAN_POINT ( 'NONE',  ( 0.3507510470992764029, 0.5571338030664260144, 0.2472307724367716342 ) ) ;
#6439 = FACE_OUTER_BOUND ( 'NONE', #5755, .T. ) ;
#6440 = ORIENTED_EDGE ( 'NONE', *, *, #9779, .T. ) ;
#6441 = EDGE_CURVE ( 'NONE', #11632, #10552, #5543, .T. ) ;
#6442 = ORIENTED_EDGE ( 'NONE', *, *, #9032, .T. ) ;
#6443 = AXIS2_PLACEMENT_3D ( 'NONE', #11899, #3035, #9901 ) ;
#6444 = DIRECTION ( 'NONE',  ( 1.000000000000000000, 0.0000000000000000000, 0.0000000000000000000 ) ) ;
#6445 = VECTOR ( 'NONE', #7890, 39.37007874015748143 ) ;
#6446 = CARTESIAN_POINT ( 'NONE',  ( 0.3385463226898373645, -0.07278745677610237719, 0.4515614810981850025 ) ) ;
#6447 = CARTESIAN_POINT ( 'NONE',  ( 0.1027195510362848424, 0.1555589999168269788, 0.2732150244052708454 ) ) ;
#6448 = CARTESIAN_POINT ( 'NONE',  ( 0.1145305746583313022, 0.3957164802317834629, 0.2472307724367716342 ) ) ;
#6449 = DIRECTION ( 'NONE',  ( 0.0000000000000000000, 0.0000000000000000000, 1.000000000000000000 ) ) ;
#6450 = STYLED_ITEM ( 'NONE', ( #12749 ), #12123 ) ;
#6451 = ORIENTED_EDGE ( 'NONE', *, *, #5044, .T. ) ;
#6452 = DIRECTION ( 'NONE',  ( 1.000000000000000000, 0.0000000000000000000, 0.0000000000000000000 ) ) ;
#6453 = PLANE ( 'NONE',  #8186 ) ;
#6454 = EDGE_LOOP ( 'NONE', ( #8978, #512, #10189, #10113 ) ) ;
#6455 = EDGE_CURVE ( 'NONE', #8998, #10148, #10475, .T. ) ;
#6456 = CARTESIAN_POINT ( 'NONE',  ( 0.1893337242646342400, 0.3760314408617052018, 0.2236087251926807129 ) ) ;
#6457 = VERTEX_POINT ( 'NONE', #1309 ) ;
#6458 = CARTESIAN_POINT ( 'NONE',  ( 0.05547545654809511728, 0.2776062440113113983, 0.4007740795233928899 ) ) ;
#6459 = VECTOR ( 'NONE', #2663, 39.37007874015748143 ) ;
#6460 = PLANE ( 'NONE',  #5362 ) ;
#6461 = DIRECTION ( 'NONE',  ( -1.000000000000000000, 0.0000000000000000000, 0.0000000000000000000 ) ) ;
#6462 = LINE ( 'NONE', #11329, #2959 ) ;
#6463 = CARTESIAN_POINT ( 'NONE',  ( 0.1893337242646342400, 0.1988660865309976600, 0.4677032133816496073 ) ) ;
#6464 = EDGE_LOOP ( 'NONE', ( #6012, #7894, #11606, #5204, #11958, #9106, #5068 ) ) ;
#6465 = LINE ( 'NONE', #6534, #3010 ) ;
#6466 = ORIENTED_EDGE ( 'NONE', *, *, #3941, .F. ) ;
#6467 = ORIENTED_EDGE ( 'NONE', *, *, #6871, .T. ) ;
#6468 = PLANE ( 'NONE',  #11927 ) ;
#6469 = LINE ( 'NONE', #9529, #9389 ) ;
#6470 = ORIENTED_EDGE ( 'NONE', *, *, #11799, .F. ) ;
#6471 = EDGE_CURVE ( 'NONE', #9014, #12699, #1236, .T. ) ;
#6472 = FILL_AREA_STYLE_COLOUR ( '', #8137 ) ;
#6473 = DIRECTION ( 'NONE',  ( -1.592530379361727744E-34, -8.220413448604588965E-18, 1.000000000000000000 ) ) ;
#6474 = LINE ( 'NONE', #4400, #5883 ) ;
#6475 = FACE_OUTER_BOUND ( 'NONE', #3178, .T. ) ;
#6476 = VERTEX_POINT ( 'NONE', #5261 ) ;
#6477 = FILL_AREA_STYLE ('',( #6334 ) ) ;
#6478 = DIMENSIONAL_EXPONENTS ( 1.000000000000000000, 0.0000000000000000000, 0.0000000000000000000, 0.0000000000000000000, 0.0000000000000000000, 0.0000000000000000000, 0.0000000000000000000 ) ;
#6479 = CARTESIAN_POINT ( 'NONE',  ( 0.2074316603377434065, 0.5295747479483138287, 0.2669158118068457042 ) ) ;
#6480 = CARTESIAN_POINT ( 'NONE',  ( 0.2326408108788039775, 0.3760314408617052018, 0.2669158118068504226 ) ) ;
#6481 = EDGE_LOOP ( 'NONE', ( #5019, #8858, #13143, #5457 ) ) ;
#6482 = ORIENTED_EDGE ( 'NONE', *, *, #2976, .F. ) ;
#6483 = DIRECTION ( 'NONE',  ( 0.3511234415886834714, -0.9363291775689350782, 1.372885316240751804E-16 ) ) ;
#6484 = ORIENTED_EDGE ( 'NONE', *, *, #11938, .F. ) ;
#6485 = FACE_OUTER_BOUND ( 'NONE', #9074, .T. ) ;
#6486 = SURFACE_STYLE_USAGE ( .BOTH. , #4561 ) ;
#6487 = EDGE_CURVE ( 'NONE', #12304, #1663, #5334, .T. ) ;
#6488 = VECTOR ( 'NONE', #8523, 39.37007874015748143 ) ;
#6489 = PLANE ( 'NONE',  #11177 ) ;
#6490 = EDGE_CURVE ( 'NONE', #5297, #9601, #4910, .T. ) ;
#6491 = LINE ( 'NONE', #8391, #1682 ) ;
#6492 = CARTESIAN_POINT ( 'NONE',  ( 0.07319199198116595195, 0.05713380306642409229, 0.1901441582635393646 ) ) ;
#6493 = ORIENTED_EDGE ( 'NONE', *, *, #2227, .F. ) ;
#6494 = DIRECTION ( 'NONE',  ( -1.937287448275559661E-17, -1.000000000000000000, -8.220413448604588965E-18 ) ) ;
#6495 = CARTESIAN_POINT ( 'NONE',  ( 0.1444518345008675153, 0.05713380306640645362, 0.4397504574761377794 ) ) ;
#6496 = ORIENTED_EDGE ( 'NONE', *, *, #7235, .F. ) ;
#6497 = EDGE_CURVE ( 'NONE', #5360, #9788, #12690, .T. ) ;
#6498 = ORIENTED_EDGE ( 'NONE', *, *, #6064, .T. ) ;
#6499 =( LENGTH_UNIT ( ) NAMED_UNIT ( * ) SI_UNIT ( $, .METRE. ) );
#6500 = CARTESIAN_POINT ( 'NONE',  ( 0.1342156140284145593, 0.3760314408617052018, 0.2590417960588141666 ) ) ;
#6501 = ORIENTED_EDGE ( 'NONE', *, *, #7163, .T. ) ;
#6502 = PRESENTATION_STYLE_ASSIGNMENT (( #5774 ) ) ;
#6503 = PLANE ( 'NONE',  #7898 ) ;
#6504 = CARTESIAN_POINT ( 'NONE',  ( 0.1558691573354938908, 0.2421731731451575165, 0.2397504574761405716 ) ) ;
#6505 = DIRECTION ( 'NONE',  ( 0.0000000000000000000, 0.0000000000000000000, 1.000000000000000000 ) ) ;
#6506 = VECTOR ( 'NONE', #10713, 39.37007874015748143 ) ;
#6507 = CARTESIAN_POINT ( 'NONE',  ( 0.2326408108788039775, 0.4272125432239181064, 0.3456559692871649658 ) ) ;
#6508 = VERTEX_POINT ( 'NONE', #7800 ) ;
#6509 = LINE ( 'NONE', #6641, #7169 ) ;
#6510 = FACE_OUTER_BOUND ( 'NONE', #8922, .T. ) ;
#6511 = ADVANCED_FACE ( 'NONE', ( #2703 ), #11750, .F. ) ;
#6512 = DIRECTION ( 'NONE',  ( -1.356991020290373981E-16, 1.000000000000000000, -3.469446951953615175E-16 ) ) ;
#6513 = COLOUR_RGB ( '',0.7529411764705882248, 0.7529411764705882248, 0.0000000000000000000 ) ;
#6514 = DIRECTION ( 'NONE',  ( -1.000000000000000000, -1.408738150179707817E-16, 2.099402731964120217E-14 ) ) ;
#6515 = LINE ( 'NONE', #10588, #1512 ) ;
#6516 = ADVANCED_FACE ( 'NONE', ( #10678 ), #11885, .F. ) ;
#6517 = FACE_OUTER_BOUND ( 'NONE', #4751, .T. ) ;
#6518 = ADVANCED_FACE ( 'NONE', ( #717 ), #12823, .T. ) ;
#6519 = DIRECTION ( 'NONE',  ( 1.000000000000000000, 3.376070039848299626E-16, 2.359223927328455183E-16 ) ) ;
#6520 = LINE ( 'NONE', #3734, #11600 ) ;
#6521 = VERTEX_POINT ( 'NONE', #5608 ) ;
#6522 = CARTESIAN_POINT ( 'NONE',  ( 0.2726091976981878107, -0.07318115756351298296, 0.3062858905470074999 ) ) ;
#6523 = VECTOR ( 'NONE', #9748, 39.37007874015748143 ) ;
#6524 = CARTESIAN_POINT ( 'NONE',  ( 0.3468140392252720416, 0.1555589999168271731, 0.4062858905469889370 ) ) ;
#6525 = EDGE_CURVE ( 'NONE', #5287, #12630, #3689, .T. ) ;
#6526 = PLANE ( 'NONE',  #11770 ) ;
#6527 = DIRECTION ( 'NONE',  ( 0.0000000000000000000, 8.220413448604739958E-18, -1.000000000000000000 ) ) ;
#6528 = CARTESIAN_POINT ( 'NONE',  ( 0.1558691573355116267, 0.2264251416490909441, 0.4397504574761377794 ) ) ;
#6529 = EDGE_CURVE ( 'NONE', #4755, #876, #12752, .T. ) ;
#6530 = EDGE_CURVE ( 'NONE', #8764, #6385, #10810, .T. ) ;
#6531 = FACE_OUTER_BOUND ( 'NONE', #5182, .T. ) ;
#6532 = EDGE_LOOP ( 'NONE', ( #9144, #8468, #10801, #11430, #3197 ) ) ;
#6533 = VECTOR ( 'NONE', #5704, 39.37007874015748143 ) ;
#6534 = CARTESIAN_POINT ( 'NONE',  ( 0.2916959289890401763, 0.1279999447987147654, 0.5011677803107913443 ) ) ;
#6535 = VERTEX_POINT ( 'NONE', #9680 ) ;
#6536 = EDGE_LOOP ( 'NONE', ( #9277, #2426, #254, #2373 ) ) ;
#6537 = DIRECTION ( 'NONE',  ( 1.000000000000000000, 3.518308117683324880E-16, 2.626713979715460250E-16 ) ) ;
#6538 =( NAMED_UNIT ( * ) SI_UNIT ( $, .STERADIAN. ) SOLID_ANGLE_UNIT ( ) );
#6539 = CARTESIAN_POINT ( 'NONE',  ( 0.1263415982803830773, 0.3760314408617052018, 0.3456559692871649658 ) ) ;
#6540 = DIRECTION ( 'NONE',  ( 1.000000000000000000, 0.0000000000000000000, 0.0000000000000000000 ) ) ;
#6541 = FACE_OUTER_BOUND ( 'NONE', #3148, .T. ) ;
#6542 = VERTEX_POINT ( 'NONE', #7737 ) ;
#6543 = TOROIDAL_SURFACE ( 'NONE', #8216, 0.04724409448818897572, 0.007874015748031495954 ) ;
#6544 = CARTESIAN_POINT ( 'NONE',  ( 0.3468140392252720416, 0.1555589999168269788, 0.2515614810981878224 ) ) ;
#6545 = EDGE_CURVE ( 'NONE', #12380, #3699, #5544, .T. ) ;
#6546 = LINE ( 'NONE', #6480, #3518 ) ;
#6547 = ORIENTED_EDGE ( 'NONE', *, *, #204, .T. ) ;
#6548 = EDGE_LOOP ( 'NONE', ( #6467, #3409, #6878, #10991 ) ) ;
#6549 = ORIENTED_EDGE ( 'NONE', *, *, #7250, .F. ) ;
#6550 = CARTESIAN_POINT ( 'NONE',  ( 0.3113809683591188815, 0.5610708109404448640, 0.3299079377910984490 ) ) ;
#6551 = AXIS2_PLACEMENT_3D ( 'NONE', #5034, #748, #3724 ) ;
#6552 = PLANE ( 'NONE',  #8299 ) ;
#6553 = CARTESIAN_POINT ( 'NONE',  ( 0.3330345116662205007, 0.1555589999168269788, 0.2515614810981767757 ) ) ;
#6554 = CARTESIAN_POINT ( 'NONE',  ( 0.05547545654809511728, 0.05713380306642409229, 0.4991992763737755912 ) ) ;
#6555 = ORIENTED_EDGE ( 'NONE', *, *, #7981, .F. ) ;
#6556 = PLANE ( 'NONE',  #11943 ) ;
#6557 = VECTOR ( 'NONE', #4049, 39.37007874015748143 ) ;
#6558 =( GEOMETRIC_REPRESENTATION_CONTEXT ( 3 ) GLOBAL_UNCERTAINTY_ASSIGNED_CONTEXT ( ( #4045 ) ) GLOBAL_UNIT_ASSIGNED_CONTEXT ( ( #12339, #3204, #7318 ) ) REPRESENTATION_CONTEXT ( 'NONE', 'WORKASPACE' ) );
#6559 = ADVANCED_FACE ( 'NONE', ( #12892 ), #6741, .T. ) ;
#6560 = LINE ( 'NONE', #4696, #6883 ) ;
#6561 = ORIENTED_EDGE ( 'NONE', *, *, #11701, .F. ) ;
#6562 = UNCERTAINTY_MEASURE_WITH_UNIT (LENGTH_MEASURE( 1.000000000000000082E-05 ), #1396, 'distance_accuracy_value', 'NONE');
#6563 = EDGE_CURVE ( 'NONE', #7496, #5297, #6811, .T. ) ;
#6564 = DIRECTION ( 'NONE',  ( -1.000000000000000000, -1.174096724532128111E-16, 4.283287147278279229E-17 ) ) ;
#6565 = CARTESIAN_POINT ( 'NONE',  ( 0.2019548713747023605, 0.5295747479483133846, 0.4224276228305008374 ) ) ;
#6566 = ORIENTED_EDGE ( 'NONE', *, *, #3994, .F. ) ;
#6567 = DIMENSIONAL_EXPONENTS ( 1.000000000000000000, 0.0000000000000000000, 0.0000000000000000000, 0.0000000000000000000, 0.0000000000000000000, 0.0000000000000000000, 0.0000000000000000000 ) ;
#6568 = CARTESIAN_POINT ( 'NONE',  ( 0.1755541967055905817, 0.1791810471609003863, 0.4515614810981850025 ) ) ;
#6569 = VECTOR ( 'NONE', #1901, 39.37007874015748143 ) ;
#6570 = VECTOR ( 'NONE', #5663, 39.37007874015748143 ) ;
#6571 = LINE ( 'NONE', #2402, #2915 ) ;
#6572 = ORIENTED_EDGE ( 'NONE', *, *, #1148, .T. ) ;
#6573 = VERTEX_POINT ( 'NONE', #10747 ) ;
#6574 = FACE_BOUND ( 'NONE', #1867, .T. ) ;
#6575 = PLANE ( 'NONE',  #8118 ) ;
#6576 = DIRECTION ( 'NONE',  ( 1.174096724532128111E-16, -1.000000000000000000, 1.665334536937734811E-16 ) ) ;
#6577 = MECHANICAL_DESIGN_GEOMETRIC_PRESENTATION_REPRESENTATION (  '', ( #11064 ), #1289 ) ;
#6578 = FILL_AREA_STYLE_COLOUR ( '', #1423 ) ;
#6579 = CARTESIAN_POINT ( 'NONE',  ( 0.1558691573354938908, 0.3091023070034267795, 0.2515614810981878224 ) ) ;
#6580 = CARTESIAN_POINT ( 'NONE',  ( 0.2326408108788039775, 0.4272125432239181064, 0.3456559692871649658 ) ) ;
#6581 = CARTESIAN_POINT ( 'NONE',  ( 0.1444518345008675153, 0.05713380306640645362, 0.2515614810981878224 ) ) ;
#6582 = VECTOR ( 'NONE', #9898, 39.37007874015748143 ) ;
#6583 = CARTESIAN_POINT ( 'NONE',  ( 0.1385463226898582811, -0.07278745677611142550, 0.4515614810981850025 ) ) ;
#6584 = VERTEX_POINT ( 'NONE', #584 ) ;
#6585 = EDGE_CURVE ( 'NONE', #8393, #8740, #1791, .T. ) ;
#6586 = PRODUCT_DEFINITION ( 'UNKNOWN', '', #9218, #5083 ) ;
#6587 = DIRECTION ( 'NONE',  ( -3.518308117683324880E-16, 1.000000000000000000, -4.163336342344335054E-16 ) ) ;
#6588 = CARTESIAN_POINT ( 'NONE',  ( 0.3290975037921822777, 0.3760314408617059234, 0.3850260480273224872 ) ) ;
#6589 = EDGE_CURVE ( 'NONE', #1779, #1808, #4549, .T. ) ;
#6590 = CARTESIAN_POINT ( 'NONE',  ( 0.3919583961806503702, 0.1770813096281075028, 0.3887005887097318979 ) ) ;
#6591 = VECTOR ( 'NONE', #10115, 39.37007874015748143 ) ;
#6592 = CARTESIAN_POINT ( 'NONE',  ( 0.4255541967055787023, 0.2972912833813901590, 0.3771520322792893953 ) ) ;
#6593 = VECTOR ( 'NONE', #3017, 39.37007874015748143 ) ;
#6594 = LINE ( 'NONE', #8432, #9511 ) ;
#6595 = EDGE_LOOP ( 'NONE', ( #7345, #4928, #10948, #9473 ) ) ;
#6596 = FACE_OUTER_BOUND ( 'NONE', #4679, .T. ) ;
#6597 = VERTEX_POINT ( 'NONE', #8653 ) ;
#6598 = ORIENTED_EDGE ( 'NONE', *, *, #3941, .T. ) ;
#6599 = DIRECTION ( 'NONE',  ( 1.356991020290373981E-16, -1.000000000000000000, 3.469446951953615175E-16 ) ) ;
#6600 = EDGE_CURVE ( 'NONE', #3517, #3428, #8863, .T. ) ;
#6601 = DIRECTION ( 'NONE',  ( -1.000000000000000000, -1.174096724532128111E-16, 4.283287147278279229E-17 ) ) ;
#6602 = PLANE ( 'NONE',  #10793 ) ;
#6603 = VECTOR ( 'NONE', #7808, 39.37007874015748143 ) ;
#6604 = EDGE_CURVE ( 'NONE', #1796, #10771, #7667, .T. ) ;
#6605 = VECTOR ( 'NONE', #11566, 39.37007874015748854 ) ;
#6606 = CARTESIAN_POINT ( 'NONE',  ( 0.2326408108788039775, 0.1791810471609177058, 0.3259709299170831520 ) ) ;
#6607 = ORIENTED_EDGE ( 'NONE', *, *, #3297, .T. ) ;
#6608 = CARTESIAN_POINT ( 'NONE',  ( 0.1893337242646342400, 0.3583149054286425272, 0.4007740795234071007 ) ) ;
#6609 = DIRECTION ( 'NONE',  ( 0.0000000000000000000, 0.1240347345890695785, 0.9922778767136850586 ) ) ;
#6610 =( CONVERSION_BASED_UNIT ( 'INCH', #6682 ) LENGTH_UNIT ( ) NAMED_UNIT ( #8591 ) );
#6611 = DIRECTION ( 'NONE',  ( 0.4472135955000932084, 0.8944271909998482428, -1.437323020766760377E-16 ) ) ;
#6612 = ORIENTED_EDGE ( 'NONE', *, *, #4288, .T. ) ;
#6613 = AXIS2_PLACEMENT_3D ( 'NONE', #12949, #3809, #10875 ) ;
#6614 = ORIENTED_EDGE ( 'NONE', *, *, #9167, .F. ) ;
#6615 = DIRECTION ( 'NONE',  ( 3.007447121050439791E-18, 2.498001805406600244E-16, 1.000000000000000000 ) ) ;
#6616 = VERTEX_POINT ( 'NONE', #1653 ) ;
#6617 = AXIS2_PLACEMENT_3D ( 'NONE', #2768, #9609, #518 ) ;
#6618 = ORIENTED_EDGE ( 'NONE', *, *, #1027, .T. ) ;
#6619 = DIRECTION ( 'NONE',  ( -0.8320502943378443872, 0.0000000000000000000, -0.5547001962252282592 ) ) ;
#6620 = LINE ( 'NONE', #2382, #338 ) ;
#6621 = CARTESIAN_POINT ( 'NONE',  ( 0.1755541967055724573, 0.1555589999168269788, 0.4456559692871464584 ) ) ;
#6622 = CARTESIAN_POINT ( 'NONE',  ( 0.2326408108788126095, -0.1446865674942328650, 0.4515614810981850025 ) ) ;
#6623 = ORIENTED_EDGE ( 'NONE', *, *, #11845, .F. ) ;
#6624 = ADVANCED_FACE ( 'NONE', ( #5675 ), #9752, .F. ) ;
#6625 = DIRECTION ( 'NONE',  ( 1.000000000000000000, 0.0000000000000000000, 0.0000000000000000000 ) ) ;
#6626 = AXIS2_PLACEMENT_3D ( 'NONE', #8830, #12055, #3916 ) ;
#6627 = VECTOR ( 'NONE', #3670, 39.37007874015748143 ) ;
#6628 = DIRECTION ( 'NONE',  ( 0.0000000000000000000, 0.0000000000000000000, 1.000000000000000000 ) ) ;
#6629 = ORIENTED_EDGE ( 'NONE', *, *, #5173, .T. ) ;
#6630 = CARTESIAN_POINT ( 'NONE',  ( 0.3133494722961461809, 0.1437479762947814765, 0.3456559692871527534 ) ) ;
#6631 = CARTESIAN_POINT ( 'NONE',  ( 0.05547545654809511728, 0.3957164802317834629, 0.5228213236178701484 ) ) ;
#6632 = ORIENTED_EDGE ( 'NONE', *, *, #13092, .T. ) ;
#6633 = DIRECTION ( 'NONE',  ( 1.000000000000000000, 3.518308117683324880E-16, 2.626713979715460250E-16 ) ) ;
#6634 = CARTESIAN_POINT ( 'NONE',  ( 0.2326408108788039775, 0.3760314408617052018, 0.4322701425155078825 ) ) ;
#6635 = CARTESIAN_POINT ( 'NONE',  ( 0.3208297872567559272, 0.05713380306642441148, 0.2515614810981878224 ) ) ;
#6636 = DIRECTION ( 'NONE',  ( 1.000000000000000000, 1.408738150179759833E-16, -6.014894242100889598E-18 ) ) ;
#6637 = PLANE ( 'NONE',  #11392 ) ;
#6638 = ORIENTED_EDGE ( 'NONE', *, *, #1341, .F. ) ;
#6639 = ADVANCED_FACE ( 'NONE', ( #9953 ), #8047, .T. ) ;
#6640 = ORIENTED_EDGE ( 'NONE', *, *, #9093, .F. ) ;
#6641 = CARTESIAN_POINT ( 'NONE',  ( 0.2877589211150314852, 0.2185511259010751717, 0.5228213236178709256 ) ) ;
#6642 = DIRECTION ( 'NONE',  ( -1.000000000000000000, 1.937287448275559661E-17, 0.0000000000000000000 ) ) ;
#6643 = DIRECTION ( 'NONE',  ( 0.0000000000000000000, 0.7071067811865510144, 0.7071067811865440200 ) ) ;
#6644 = ORIENTED_EDGE ( 'NONE', *, *, #10123, .T. ) ;
#6645 =( LENGTH_UNIT ( ) NAMED_UNIT ( * ) SI_UNIT ( $, .METRE. ) );
#6646 = ORIENTED_EDGE ( 'NONE', *, *, #8878, .F. ) ;
#6647 = PLANE ( 'NONE',  #10631 ) ;
#6648 = CARTESIAN_POINT ( 'NONE',  ( 0.3444518345008468208, 0.05713380306641550888, 0.4515614810981850025 ) ) ;
#6649 = VECTOR ( 'NONE', #1354, 39.37007874015748143 ) ;
#6650 = LINE ( 'NONE', #8907, #5153 ) ;
#6651 = CARTESIAN_POINT ( 'NONE',  ( 0.1893337242646342400, 0.7897218048774075072, 0.3456559692871649658 ) ) ;
#6652 = ADVANCED_FACE ( 'NONE', ( #3139 ), #3023, .T. ) ;
#6653 = EDGE_CURVE ( 'NONE', #3273, #162, #10155, .T. ) ;
#6654 = VECTOR ( 'NONE', #4184, 39.37007874015748143 ) ;
#6655 = CARTESIAN_POINT ( 'NONE',  ( 0.1263415982803830773, 0.3760314408617052018, 0.3456559692871649658 ) ) ;
#6656 = ORIENTED_EDGE ( 'NONE', *, *, #21, .F. ) ;
#6657 = DIMENSIONAL_EXPONENTS ( 1.000000000000000000, 0.0000000000000000000, 0.0000000000000000000, 0.0000000000000000000, 0.0000000000000000000, 0.0000000000000000000, 0.0000000000000000000 ) ;
#6658 = LINE ( 'NONE', #7718, #13025 ) ;
#6659 = CARTESIAN_POINT ( 'NONE',  ( 0.2090187636347129729, 0.4272125432239181064, 0.2905378590509232195 ) ) ;
#6660 = CARTESIAN_POINT ( 'NONE',  ( 0.3208297872567559272, -0.05703942528003581869, 0.4515614810981850025 ) ) ;
#6661 = VECTOR ( 'NONE', #6505, 39.37007874015748143 ) ;
#6662 = DIRECTION ( 'NONE',  ( 1.174096724532128111E-16, -1.000000000000000000, 1.665334536937734811E-16 ) ) ;
#6663 = COLOUR_RGB ( '',0.7529411764705882248, 0.7529411764705882248, 0.0000000000000000000 ) ;
#6664 = DIRECTION ( 'NONE',  ( -0.5773502691896237327, -0.5773502691896247319, -0.5773502691896287287 ) ) ;
#6665 = EDGE_CURVE ( 'NONE', #6616, #3221, #2902, .T. ) ;
#6666 = ORIENTED_EDGE ( 'NONE', *, *, #10514, .F. ) ;
#6667 = FACE_OUTER_BOUND ( 'NONE', #3922, .T. ) ;
#6668 = EDGE_LOOP ( 'NONE', ( #8211, #5322, #10430, #11351 ) ) ;
#6669 = ORIENTED_EDGE ( 'NONE', *, *, #36, .T. ) ;
#6670 = DIRECTION ( 'NONE',  ( -0.4472135955002294883, 0.8944271909997799641, -1.293464547804905723E-16 ) ) ;
#6671 = CARTESIAN_POINT ( 'NONE',  ( 0.1164990785953285424, 0.3583149054286425272, 0.2669158118068500340 ) ) ;
#6672 = ORIENTED_EDGE ( 'NONE', *, *, #12608, .T. ) ;
#6673 = EDGE_CURVE ( 'NONE', #12133, #13016, #4865, .T. ) ;
#6674 = CARTESIAN_POINT ( 'NONE',  ( 0.1604623331885183246, 0.4101521757698401993, 0.3981494076073716637 ) ) ;
#6675 = DIRECTION ( 'NONE',  ( 3.007447121050439791E-18, 2.498001805406600244E-16, 1.000000000000000000 ) ) ;
#6676 = PRESENTATION_LAYER_ASSIGNMENT (  '', '', ( #11339 ) ) ;
#6677 = LINE ( 'NONE', #10953, #9075 ) ;
#6678 = DIRECTION ( 'NONE',  ( 4.283287147278279229E-17, 1.665334536937734811E-16, 1.000000000000000000 ) ) ;
#6679 = ORIENTED_EDGE ( 'NONE', *, *, #11764, .F. ) ;
#6680 = DIRECTION ( 'NONE',  ( -1.000000000000000000, 1.937287448275559661E-17, 0.0000000000000000000 ) ) ;
#6681 = PRESENTATION_STYLE_ASSIGNMENT (( #10680 ) ) ;
#6682 = LENGTH_MEASURE_WITH_UNIT ( LENGTH_MEASURE( 0.02539999999999999897 ), #2844 );
#6683 = VERTEX_POINT ( 'NONE', #9196 ) ;
#6684 = VECTOR ( 'NONE', #698, 39.37007874015748143 ) ;
#6685 = ORIENTED_EDGE ( 'NONE', *, *, #11313, .T. ) ;
#6686 = ADVANCED_FACE ( 'NONE', ( #8112 ), #837, .F. ) ;
#6687 = CARTESIAN_POINT ( 'NONE',  ( 0.07712899985517106261, 0.7897218048774075072, 0.4972307724367677761 ) ) ;
#6688 = ORIENTED_EDGE ( 'NONE', *, *, #10092, .F. ) ;
#6689 = ORIENTED_EDGE ( 'NONE', *, *, #4500, .T. ) ;
#6690 = DIRECTION ( 'NONE',  ( 0.0000000000000000000, 0.0000000000000000000, -1.000000000000000000 ) ) ;
#6691 = CARTESIAN_POINT ( 'NONE',  ( 0.1558691573355118209, 0.1791810471609003863, 0.4397504574761377794 ) ) ;
#6692 = ORIENTED_EDGE ( 'NONE', *, *, #1676, .T. ) ;
#6693 = EDGE_CURVE ( 'NONE', #28, #6380, #1924, .T. ) ;
#6694 = CARTESIAN_POINT ( 'NONE',  ( 0.3330345116662205007, 0.1555589999168269788, 0.2062858905469921178 ) ) ;
#6695 = ORIENTED_EDGE ( 'NONE', *, *, #1606, .F. ) ;
#6696 = CARTESIAN_POINT ( 'NONE',  ( 0.2405148266268504198, 0.1555589999168269788, 0.4062858905469889370 ) ) ;
#6697 = VECTOR ( 'NONE', #4921, 39.37007874015748143 ) ;
#6698 = EDGE_CURVE ( 'NONE', #1664, #2575, #4935, .T. ) ;
#6699 = DIRECTION ( 'NONE',  ( -1.608386623408229791E-17, -1.526556658859589750E-16, -1.000000000000000000 ) ) ;
#6700 = VERTEX_POINT ( 'NONE', #9134 ) ;
#6701 = UNCERTAINTY_MEASURE_WITH_UNIT (LENGTH_MEASURE( 1.000000000000000082E-05 ), #12379, 'distance_accuracy_value', 'NONE');
#6702 = ADVANCED_FACE ( 'NONE', ( #3950 ), #12092, .T. ) ;
#6703 = VECTOR ( 'NONE', #9307, 39.37007874015748854 ) ;
#6704 = DIRECTION ( 'NONE',  ( 2.626713979715460250E-16, -3.747002708109905789E-16, -1.000000000000000000 ) ) ;
#6705 = ORIENTED_EDGE ( 'NONE', *, *, #5174, .F. ) ;
#6706 = FACE_OUTER_BOUND ( 'NONE', #10219, .T. ) ;
#6707 = PLANE ( 'NONE',  #9174 ) ;
#6708 = CARTESIAN_POINT ( 'NONE',  ( 0.07319199198116595195, 0.3760314408617052018, 0.3456559692871649658 ) ) ;
#6709 = CARTESIAN_POINT ( 'NONE',  ( 0.2405148266268504198, 0.1555589999168269788, 0.4062858905469889370 ) ) ;
#6710 = ORIENTED_EDGE ( 'NONE', *, *, #3075, .F. ) ;
#6711 = PLANE ( 'NONE',  #7472 ) ;
#6712 = FACE_OUTER_BOUND ( 'NONE', #3458, .T. ) ;
#6713 =( NAMED_UNIT ( * ) PLANE_ANGLE_UNIT ( ) SI_UNIT ( $, .RADIAN. ) );
#6714 = CARTESIAN_POINT ( 'NONE',  ( 0.1027195510362948899, 0.1988660865309976600, 0.4007740795234071007 ) ) ;
#6715 = CARTESIAN_POINT ( 'NONE',  ( 0.2090187636347251854, 0.1279999447987149597, 0.1901441582635378102 ) ) ;
#6716 = EDGE_CURVE ( 'NONE', #2490, #6573, #11077, .T. ) ;
#6717 = CARTESIAN_POINT ( 'NONE',  ( 0.3763415982803858806, 0.2579212046412326376, 0.4243961267674803417 ) ) ;
#6718 = CARTESIAN_POINT ( 'NONE',  ( 0.2431035528203586704, 0.4272125432239181064, 0.2905378590509232195 ) ) ;
#6719 = DIRECTION ( 'NONE',  ( 0.0000000000000000000, 0.0000000000000000000, 1.000000000000000000 ) ) ;
#6720 = ORIENTED_EDGE ( 'NONE', *, *, #3441, .T. ) ;
#6721 = DIRECTION ( 'NONE',  ( 0.0000000000000000000, -8.220413448604739958E-18, 1.000000000000000000 ) ) ;
#6722 = CARTESIAN_POINT ( 'NONE',  ( 0.3310660077292019721, 0.3839054566097366283, 0.4243961267674756233 ) ) ;
#6723 = LINE ( 'NONE', #8711, #281 ) ;
#6724 = FACE_OUTER_BOUND ( 'NONE', #10378, .T. ) ;
#6725 = DIRECTION ( 'NONE',  ( 0.0000000000000000000, 8.220413448604739958E-18, -1.000000000000000000 ) ) ;
#6726 = EDGE_CURVE ( 'NONE', #8207, #737, #12218, .T. ) ;
#6727 = ADVANCED_FACE ( 'NONE', ( #4384 ), #2167, .T. ) ;
#6728 = SURFACE_SIDE_STYLE ('',( #12878 ) ) ;
#6729 = CARTESIAN_POINT ( 'NONE',  ( 0.1267352990678039526, -0.07278745677611142550, 0.2515614810981878224 ) ) ;
#6730 = EDGE_LOOP ( 'NONE', ( #802, #5324, #10403, #9209 ) ) ;
#6731 = DIRECTION ( 'NONE',  ( 0.0000000000000000000, 0.0000000000000000000, -1.000000000000000000 ) ) ;
#6732 = ORIENTED_EDGE ( 'NONE', *, *, #7327, .T. ) ;
#6733 = ORIENTED_EDGE ( 'NONE', *, *, #9429, .F. ) ;
#6734 = CARTESIAN_POINT ( 'NONE',  ( 0.08454874546390196699, 0.2185511259010751717, 0.4443840128970992231 ) ) ;
#6735 = AXIS2_PLACEMENT_3D ( 'NONE', #3098, #2005, #6957 ) ;
#6736 = DIRECTION ( 'NONE',  ( -3.518308117683324880E-16, 1.000000000000000000, -4.163336342344335054E-16 ) ) ;
#6737 = EDGE_LOOP ( 'NONE', ( #136, #12474, #10097, #12043 ) ) ;
#6738 = LINE ( 'NONE', #2764, #7509 ) ;
#6739 = CARTESIAN_POINT ( 'NONE',  ( 0.3920896297764417393, 0.3760314408617052018, 0.3102228984210196883 ) ) ;
#6740 = DIRECTION ( 'NONE',  ( -1.937287448275559661E-17, -1.000000000000000000, -8.220413448604588965E-18 ) ) ;
#6741 = PLANE ( 'NONE',  #6617 ) ;
#6742 = ORIENTED_EDGE ( 'NONE', *, *, #2172, .F. ) ;
#6743 = DIRECTION ( 'NONE',  ( 2.626713979715460250E-16, -3.747002708109905789E-16, -1.000000000000000000 ) ) ;
#6744 = DIMENSIONAL_EXPONENTS ( 1.000000000000000000, 0.0000000000000000000, 0.0000000000000000000, 0.0000000000000000000, 0.0000000000000000000, 0.0000000000000000000, 0.0000000000000000000 ) ;
#6745 = STYLED_ITEM ( 'NONE', ( #3915 ), #1655 ) ;
#6746 = PLANE ( 'NONE',  #9535 ) ;
#6747 = ORIENTED_EDGE ( 'NONE', *, *, #12742, .T. ) ;
#6748 = ORIENTED_EDGE ( 'NONE', *, *, #3088, .T. ) ;
#6749 = DIRECTION ( 'NONE',  ( 1.000000000000000000, 0.0000000000000000000, 0.0000000000000000000 ) ) ;
#6750 = ORIENTED_EDGE ( 'NONE', *, *, #6665, .F. ) ;
#6751 = ORIENTED_EDGE ( 'NONE', *, *, #922, .T. ) ;
#6752 = CARTESIAN_POINT ( 'NONE',  ( 0.3920896297764417393, 0.3760314408617052018, 0.3456559692871649658 ) ) ;
#6753 = DIRECTION ( 'NONE',  ( -1.000000000000000000, -1.408738150179759833E-16, 6.014894242100889598E-18 ) ) ;
#6754 = ORIENTED_EDGE ( 'NONE', *, *, #8820, .T. ) ;
#6755 = LINE ( 'NONE', #7361, #13071 ) ;
#6756 = CARTESIAN_POINT ( 'NONE',  ( 0.3330345116662205007, 0.1555589999168269788, 0.2102228984210153528 ) ) ;
#6757 =( GEOMETRIC_REPRESENTATION_CONTEXT ( 3 ) GLOBAL_UNCERTAINTY_ASSIGNED_CONTEXT ( ( #11633 ) ) GLOBAL_UNIT_ASSIGNED_CONTEXT ( ( #7072, #9260, #1040 ) ) REPRESENTATION_CONTEXT ( 'NONE', 'WORKASPACE' ) );
#6758 =( NAMED_UNIT ( * ) SI_UNIT ( $, .STERADIAN. ) SOLID_ANGLE_UNIT ( ) );
#6759 = ORIENTED_EDGE ( 'NONE', *, *, #5461, .F. ) ;
#6760 = ADVANCED_FACE ( 'NONE', ( #10530 ), #6259, .F. ) ;
#6761 = CARTESIAN_POINT ( 'NONE',  ( 0.07712899985517106261, 0.1988660865309976600, 0.3456559692871649658 ) ) ;
#6762 = PLANE ( 'NONE',  #4964 ) ;
#6763 = VERTEX_POINT ( 'NONE', #3401 ) ;
#6764 = EDGE_CURVE ( 'NONE', #6875, #12354, #4319, .T. ) ;
#6765 = VECTOR ( 'NONE', #11752, 39.37007874015748143 ) ;
#6766 = LINE ( 'NONE', #3908, #10411 ) ;
#6767 = CARTESIAN_POINT ( 'NONE',  ( 0.09484553528826220048, 0.1555589999168269788, 0.4180969141690433211 ) ) ;
#6768 = EDGE_LOOP ( 'NONE', ( #12698, #2896, #8145, #5221 ) ) ;
#6769 = LINE ( 'NONE', #9707, #2978 ) ;
#6770 = DIRECTION ( 'NONE',  ( 1.000000000000000000, 0.0000000000000000000, 0.0000000000000000000 ) ) ;
#6771 = EDGE_LOOP ( 'NONE', ( #2300, #5231, #10213, #4416 ) ) ;
#6772 = EDGE_CURVE ( 'NONE', #146, #3680, #4252, .T. ) ;
#6773 = VECTOR ( 'NONE', #5772, 39.37007874015748143 ) ;
#6774 = AXIS2_PLACEMENT_3D ( 'NONE', #361, #7519, #3269 ) ;
#6775 = ADVANCED_FACE ( 'NONE', ( #1430 ), #11453, .F. ) ;
#6776 = SURFACE_STYLE_USAGE ( .BOTH. , #2800 ) ;
#6777 = CARTESIAN_POINT ( 'NONE',  ( 0.3507510470992764029, 0.3957164802317834629, 0.4440811661375591024 ) ) ;
#6778 = DIRECTION ( 'NONE',  ( -1.000000000000000000, 0.0000000000000000000, 0.0000000000000000000 ) ) ;
#6779 = ORIENTED_EDGE ( 'NONE', *, *, #13153, .F. ) ;
#6780 = CARTESIAN_POINT ( 'NONE',  ( 0.3920896297764488447, 0.1476849841687954967, 0.3456559692871673528 ) ) ;
#6781 = VERTEX_POINT ( 'NONE', #12464 ) ;
#6782 = DIRECTION ( 'NONE',  ( 1.000000000000000000, 3.376070039848299626E-16, 2.359223927328455183E-16 ) ) ;
#6783 = AXIS2_PLACEMENT_3D ( 'NONE', #11654, #4718, #2544 ) ;
#6784 = FACE_OUTER_BOUND ( 'NONE', #11534, .T. ) ;
#6785 = VECTOR ( 'NONE', #4375, 39.37007874015748143 ) ;
#6786 = ORIENTED_EDGE ( 'NONE', *, *, #4594, .F. ) ;
#6787 = DIRECTION ( 'NONE',  ( 1.000000000000000000, 1.408738150179759833E-16, -6.014894242100889598E-18 ) ) ;
#6788 = LINE ( 'NONE', #5722, #2880 ) ;
#6789 = EDGE_CURVE ( 'NONE', #8272, #8595, #427, .T. ) ;
#6790 = VECTOR ( 'NONE', #1613, 39.37007874015748143 ) ;
#6791 = CARTESIAN_POINT ( 'NONE',  ( 0.1562628581229039137, 0.08075585031049743734, 0.4397504574761377794 ) ) ;
#6792 = VECTOR ( 'NONE', #2145, 39.37007874015748143 ) ;
#6793 = CARTESIAN_POINT ( 'NONE',  ( 0.1444518345008675153, 0.05713380306640645362, 0.2397504574761405716 ) ) ;
#6794 = CARTESIAN_POINT ( 'NONE',  ( 0.2916959289890523888, 0.2448335284032795434, 0.3456559692871527534 ) ) ;
#6795 = LINE ( 'NONE', #7578, #2969 ) ;
#6796 = FILL_AREA_STYLE_COLOUR ( '', #13151 ) ;
#6797 = DIRECTION ( 'NONE',  ( 0.4472135955003642693, -0.8944271909997126846, 1.293464547804779505E-16 ) ) ;
#6798 = VERTEX_POINT ( 'NONE', #12603 ) ;
#6799 = PLANE ( 'NONE',  #6613 ) ;
#6800 = EDGE_LOOP ( 'NONE', ( #12185, #333, #4977, #6223, #5991, #8725 ) ) ;
#6801 = EDGE_LOOP ( 'NONE', ( #2034, #6828, #2469, #10669, #4958, #532, #10052, #8517 ) ) ;
#6802 = VECTOR ( 'NONE', #6599, 39.37007874015748143 ) ;
#6803 = LINE ( 'NONE', #1716, #4892 ) ;
#6804 = VECTOR ( 'NONE', #1314, 39.37007874015748143 ) ;
#6805 = LINE ( 'NONE', #2835, #7704 ) ;
#6806 = ORIENTED_EDGE ( 'NONE', *, *, #12994, .F. ) ;
#6807 =( NAMED_UNIT ( * ) PLANE_ANGLE_UNIT ( ) SI_UNIT ( $, .RADIAN. ) );
#6808 = CARTESIAN_POINT ( 'NONE',  ( 0.3468140392252720416, 0.1555589999168269788, 0.2515614810981767757 ) ) ;
#6809 = EDGE_CURVE ( 'NONE', #3974, #8207, #7314, .T. ) ;
#6810 = EDGE_CURVE ( 'NONE', #12470, #222, #9449, .T. ) ;
#6811 = LINE ( 'NONE', #4613, #7666 ) ;
#6812 = ORIENTED_EDGE ( 'NONE', *, *, #13075, .F. ) ;
#6813 = CARTESIAN_POINT ( 'NONE',  ( 0.07122348804415806756, 0.05713380306642409229, 0.1684906149564565081 ) ) ;
#6814 = VECTOR ( 'NONE', #12487, 39.37007874015748143 ) ;
#6815 = CARTESIAN_POINT ( 'NONE',  ( 0.2326408108788039775, 0.2185511259010751717, 0.3456559692871649658 ) ) ;
#6816 = EDGE_LOOP ( 'NONE', ( #11400, #1734, #11827, #3089 ) ) ;
#6817 = ORIENTED_EDGE ( 'NONE', *, *, #13043, .T. ) ;
#6818 = DIRECTION ( 'NONE',  ( 0.0000000000000000000, 0.0000000000000000000, -1.000000000000000000 ) ) ;
#6819 = ORIENTED_EDGE ( 'NONE', *, *, #2667, .T. ) ;
#6820 = ORIENTED_EDGE ( 'NONE', *, *, #4397, .T. ) ;
#6821 = CARTESIAN_POINT ( 'NONE',  ( 0.2326408108788039775, 0.3957164802317834629, 0.5228213236178701484 ) ) ;
#6822 = VECTOR ( 'NONE', #2964, 39.37007874015748143 ) ;
#6823 = PRESENTATION_STYLE_ASSIGNMENT (( #7748 ) ) ;
#6824 = VERTEX_POINT ( 'NONE', #6458 ) ;
#6825 = VECTOR ( 'NONE', #9151, 39.37007874015748143 ) ;
#6826 = LINE ( 'NONE', #9836, #4302 ) ;
#6827 = CARTESIAN_POINT ( 'NONE',  ( 0.2405148266268504198, 0.1555589999168271731, 0.4515614810981740113 ) ) ;
#6828 = ORIENTED_EDGE ( 'NONE', *, *, #6871, .F. ) ;
#6829 = EDGE_CURVE ( 'NONE', #9501, #6314, #7246, .T. ) ;
#6830 = LINE ( 'NONE', #5903, #4692 ) ;
#6831 = VECTOR ( 'NONE', #7074, 39.37007874015748143 ) ;
#6832 = CARTESIAN_POINT ( 'NONE',  ( 0.1558691573354860360, 0.1988660865309976600, 0.3456559692871649658 ) ) ;
#6833 = VERTEX_POINT ( 'NONE', #1221 ) ;
#6834 = UNCERTAINTY_MEASURE_WITH_UNIT (LENGTH_MEASURE( 1.000000000000000082E-05 ), #1897, 'distance_accuracy_value', 'NONE');
#6835 =( GEOMETRIC_REPRESENTATION_CONTEXT ( 3 ) GLOBAL_UNCERTAINTY_ASSIGNED_CONTEXT ( ( #9231 ) ) GLOBAL_UNIT_ASSIGNED_CONTEXT ( ( #9518, #3265, #7380 ) ) REPRESENTATION_CONTEXT ( 'NONE', 'WORKASPACE' ) );
#6836 = LINE ( 'NONE', #8069, #6163 ) ;
#6837 = DIRECTION ( 'NONE',  ( -1.000000000000000000, -1.356991020290373981E-16, 1.224646799147353207E-16 ) ) ;
#6838 = VERTEX_POINT ( 'NONE', #1290 ) ;
#6840 = EDGE_CURVE ( 'NONE', #255, #4468, #10393, .T. ) ;
#6839 = DIMENSIONAL_EXPONENTS ( 1.000000000000000000, 0.0000000000000000000, 0.0000000000000000000, 0.0000000000000000000, 0.0000000000000000000, 0.0000000000000000000, 0.0000000000000000000 ) ;
#6841 = CARTESIAN_POINT ( 'NONE',  ( 0.3090187636347015987, 0.08075585031051535356, 0.4515614810981850025 ) ) ;
#6842 = DIRECTION ( 'NONE',  ( -1.174096724532128111E-16, 1.000000000000000000, -1.665334536937734811E-16 ) ) ;
#6843 = AXIS2_PLACEMENT_3D ( 'NONE', #81, #10246, #5226 ) ;
#6844 = EDGE_CURVE ( 'NONE', #2559, #11259, #10794, .T. ) ;
#6845 = VECTOR ( 'NONE', #699, 39.37007874015748143 ) ;
#6846 = VERTEX_POINT ( 'NONE', #8638 ) ;
#6847 = FACE_OUTER_BOUND ( 'NONE', #10304, .T. ) ;
#6848 = DIRECTION ( 'NONE',  ( 0.4472135955000932084, 0.8944271909998482428, -2.549099026651720438E-16 ) ) ;
#6849 = ORIENTED_EDGE ( 'NONE', *, *, #4055, .T. ) ;
#6850 =( NAMED_UNIT ( * ) SI_UNIT ( $, .STERADIAN. ) SOLID_ANGLE_UNIT ( ) );
#6851 = ORIENTED_EDGE ( 'NONE', *, *, #7963, .F. ) ;
#6852 = FACE_OUTER_BOUND ( 'NONE', #337, .T. ) ;
#6853 = DIRECTION ( 'NONE',  ( -1.937287448275559661E-17, -1.000000000000000000, -8.220413448604588965E-18 ) ) ;
#6854 = EDGE_CURVE ( 'NONE', #11461, #10370, #6658, .T. ) ;
#6855 = VERTEX_POINT ( 'NONE', #11867 ) ;
#6856 = CARTESIAN_POINT ( 'NONE',  ( 0.07319199198118012117, 0.1476849841687954967, 0.3456559692871708500 ) ) ;
#6857 = DIRECTION ( 'NONE',  ( 1.000000000000000000, 1.408738150179759833E-16, -6.014894242100889598E-18 ) ) ;
#6858 = ORIENTED_EDGE ( 'NONE', *, *, #13107, .T. ) ;
#6859 = FACE_OUTER_BOUND ( 'NONE', #11108, .T. ) ;
#6860 = EDGE_LOOP ( 'NONE', ( #11914, #4002, #9320, #6759 ) ) ;
#6861 =( GEOMETRIC_REPRESENTATION_CONTEXT ( 3 ) GLOBAL_UNCERTAINTY_ASSIGNED_CONTEXT ( ( #8678 ) ) GLOBAL_UNIT_ASSIGNED_CONTEXT ( ( #7248, #1432, #8296 ) ) REPRESENTATION_CONTEXT ( 'NONE', 'WORKASPACE' ) );
#6862 = LINE ( 'NONE', #3993, #3869 ) ;
#6863 = LINE ( 'NONE', #6793, #12613 ) ;
#6864 = CARTESIAN_POINT ( 'NONE',  ( 0.1444518345008675153, 0.05713380306640645362, 0.4397504574761377794 ) ) ;
#6865 = DIRECTION ( 'NONE',  ( 0.0000000000000000000, 8.220413448604739958E-18, -1.000000000000000000 ) ) ;
#6866 = LINE ( 'NONE', #8992, #9119 ) ;
#6867 = EDGE_CURVE ( 'NONE', #11366, #4509, #11802, .T. ) ;
#6868 = CARTESIAN_POINT ( 'NONE',  ( 0.1558691573355118209, 0.2264251416490909441, 0.2515614810981878224 ) ) ;
#6869 = AXIS2_PLACEMENT_3D ( 'NONE', #6919, #13002, #4845 ) ;
#6870 = ORIENTED_EDGE ( 'NONE', *, *, #7933, .F. ) ;
#6871 = EDGE_CURVE ( 'NONE', #11565, #1000, #568, .T. ) ;
#6872 = PLANE ( 'NONE',  #8085 ) ;
#6873 = ORIENTED_EDGE ( 'NONE', *, *, #2957, .T. ) ;
#6874 = VECTOR ( 'NONE', #3995, 39.37007874015748143 ) ;
#6875 = VERTEX_POINT ( 'NONE', #1499 ) ;
#6876 = CARTESIAN_POINT ( 'NONE',  ( 0.3645305746583386020, 0.2776062440113113983, 0.5011677803107913443 ) ) ;
#6877 = FACE_OUTER_BOUND ( 'NONE', #5008, .T. ) ;
#6878 = ORIENTED_EDGE ( 'NONE', *, *, #11075, .F. ) ;
#6879 = LINE ( 'NONE', #12955, #11209 ) ;
#6880 = DIRECTION ( 'NONE',  ( -2.626713979715460250E-16, 4.163336342344334068E-16, 1.000000000000000000 ) ) ;
#6881 = EDGE_LOOP ( 'NONE', ( #9822, #852, #6278, #9548 ) ) ;
#6882 = CARTESIAN_POINT ( 'NONE',  ( 0.2405148266268504198, 0.1555589999168269788, 0.2810890401533023275 ) ) ;
#6883 = VECTOR ( 'NONE', #11842, 39.37007874015748143 ) ;
#6884 = DIRECTION ( 'NONE',  ( -1.316334802367149914E-16, 1.000000000000000000, -1.526556658859589750E-16 ) ) ;
#6885 = ORIENTED_EDGE ( 'NONE', *, *, #5914, .F. ) ;
#6886 = ORIENTED_EDGE ( 'NONE', *, *, #7743, .F. ) ;
#6887 = EDGE_CURVE ( 'NONE', #7413, #1669, #5526, .T. ) ;
#6888 = CARTESIAN_POINT ( 'NONE',  ( 0.2326408108788039775, 0.5531967951924051663, 0.2669158118068478691 ) ) ;
#6889 = ORIENTED_EDGE ( 'NONE', *, *, #4580, .F. ) ;
#6890 = LINE ( 'NONE', #10965, #1081 ) ;
#6891 = COLOUR_RGB ( '',0.7529411764705882248, 0.7529411764705882248, 0.0000000000000000000 ) ;
#6892 = PLANE ( 'NONE',  #10061 ) ;
#6893 = ORIENTED_EDGE ( 'NONE', *, *, #1293, .F. ) ;
#6894 = DIRECTION ( 'NONE',  ( -0.9363291775693507457, 0.3511234415875753578, -3.921313925347464333E-16 ) ) ;
#6895 = PLANE ( 'NONE',  #8627 ) ;
#6896 = ORIENTED_EDGE ( 'NONE', *, *, #11749, .F. ) ;
#6897 = DIRECTION ( 'NONE',  ( -1.937287448275559661E-17, -1.000000000000000000, -8.220413448604588965E-18 ) ) ;
#6898 = AXIS2_PLACEMENT_3D ( 'NONE', #5796, #7847, #11865 ) ;
#6899 = CARTESIAN_POINT ( 'NONE',  ( 0.2326408108788039775, 0.2579212046412326376, 0.3456559692871649658 ) ) ;
#6900 = ORIENTED_EDGE ( 'NONE', *, *, #7497, .F. ) ;
#6901 = CARTESIAN_POINT ( 'NONE',  ( 0.3290975037921822777, 0.4272125432239181064, 0.2688843157438653431 ) ) ;
#6902 = EDGE_CURVE ( 'NONE', #1407, #2012, #9664, .T. ) ;
#6903 = EDGE_CURVE ( 'NONE', #3457, #10024, #4790, .T. ) ;
#6904 = ORIENTED_EDGE ( 'NONE', *, *, #2772, .F. ) ;
#6905 = DIRECTION ( 'NONE',  ( -2.359223927328455183E-16, 3.885780586188049864E-16, 1.000000000000000000 ) ) ;
#6906 = CARTESIAN_POINT ( 'NONE',  ( 0.3625620707213386140, 0.1555589999168269788, 0.2397504574761405716 ) ) ;
#6907 = PLANE ( 'NONE',  #7368 ) ;
#6908 = VECTOR ( 'NONE', #1554, 39.37007874015748143 ) ;
#6909 = SURFACE_SIDE_STYLE ('',( #7495 ) ) ;
#6910 = EDGE_LOOP ( 'NONE', ( #7459, #5810, #6199, #9861, #7433, #3413, #2429, #3727 ) ) ;
#6911 = LINE ( 'NONE', #10847, #5698 ) ;
#6912 = PLANE ( 'NONE',  #10685 ) ;
#6913 = EDGE_CURVE ( 'NONE', #4870, #8771, #7782, .T. ) ;
#6914 = VECTOR ( 'NONE', #5549, 39.37007874015748143 ) ;
#6915 = CARTESIAN_POINT ( 'NONE',  ( 0.3468140392252570536, 0.5610708109404448640, 0.4440811661375591024 ) ) ;
#6916 = ORIENTED_EDGE ( 'NONE', *, *, #3956, .F. ) ;
#6917 = DIRECTION ( 'NONE',  ( 0.0000000000000000000, 0.0000000000000000000, -1.000000000000000000 ) ) ;
#6918 = CARTESIAN_POINT ( 'NONE',  ( 0.2090187636347027589, 0.08862986605856654210, 0.4397504574761377794 ) ) ;
#6919 = CARTESIAN_POINT ( 'NONE',  ( 0.3920896297764417393, 0.3760314408617052018, 0.3456559692871649658 ) ) ;
#6920 = FILL_AREA_STYLE_COLOUR ( '', #7337 ) ;
#6921 = VERTEX_POINT ( 'NONE', #9591 ) ;
#6922 = AXIS2_PLACEMENT_3D ( 'NONE', #6930, #11002, #8164 ) ;
#6923 = VERTEX_POINT ( 'NONE', #12736 ) ;
#6924 = EDGE_CURVE ( 'NONE', #12950, #9152, #7576, .T. ) ;
#6925 = FACE_OUTER_BOUND ( 'NONE', #9015, .T. ) ;
#6926 = EDGE_CURVE ( 'NONE', #10738, #436, #4659, .T. ) ;
#6927 = DIRECTION ( 'NONE',  ( -1.000000000000000000, -1.408738150179759833E-16, 6.014894242100889598E-18 ) ) ;
#6928 = DIRECTION ( 'NONE',  ( -3.007447121050439791E-18, -2.498001805406600244E-16, -1.000000000000000000 ) ) ;
#6929 = VECTOR ( 'NONE', #12511, 39.37007874015748143 ) ;
#6930 = CARTESIAN_POINT ( 'NONE',  ( 0.1558691573354860360, 0.7897218048774075072, 0.3456559692871649658 ) ) ;
#6931 = CARTESIAN_POINT ( 'NONE',  ( 0.2405148266268504198, 0.1555589999168269788, 0.2456559692871496114 ) ) ;
#6932 = EDGE_CURVE ( 'NONE', #6010, #3210, #12801, .T. ) ;
#6933 = PLANE ( 'NONE',  #1520 ) ;
#6934 = ORIENTED_EDGE ( 'NONE', *, *, #3761, .T. ) ;
#6935 = FACE_OUTER_BOUND ( 'NONE', #3690, .T. ) ;
#6936 = EDGE_LOOP ( 'NONE', ( #12967, #396, #4431, #3112 ) ) ;
#6937 = ORIENTED_EDGE ( 'NONE', *, *, #5120, .T. ) ;
#6938 = DIRECTION ( 'NONE',  ( -1.000000000000000000, 0.0000000000000000000, 0.0000000000000000000 ) ) ;
#6939 = VERTEX_POINT ( 'NONE', #5799 ) ;
#6940 = CARTESIAN_POINT ( 'NONE',  ( 0.1385463226898582811, -0.07278745677611142550, 0.2515614810981878224 ) ) ;
#6941 = LINE ( 'NONE', #7664, #7144 ) ;
#6942 = EDGE_CURVE ( 'NONE', #12032, #737, #502, .T. ) ;
#6943 = ORIENTED_EDGE ( 'NONE', *, *, #3547, .F. ) ;
#6944 = EDGE_CURVE ( 'NONE', #6433, #5599, #4529, .T. ) ;
#6945 = DIRECTION ( 'NONE',  ( 1.000000000000000000, 3.518308117683325866E-16, 2.626713979715460250E-16 ) ) ;
#6946 = LINE ( 'NONE', #2111, #11676 ) ;
#6947 = ORIENTED_EDGE ( 'NONE', *, *, #2886, .T. ) ;
#6948 = ORIENTED_EDGE ( 'NONE', *, *, #8139, .F. ) ;
#6949 = VECTOR ( 'NONE', #9819, 39.37007874015748143 ) ;
#6950 = LINE ( 'NONE', #9013, #5551 ) ;
#6951 = ORIENTED_EDGE ( 'NONE', *, *, #5978, .F. ) ;
#6952 = ORIENTED_EDGE ( 'NONE', *, *, #9588, .T. ) ;
#6953 = PLANE ( 'NONE',  #5523 ) ;
#6954 = DIRECTION ( 'NONE',  ( -1.316334802367149914E-16, 1.000000000000000000, -1.526556658859589750E-16 ) ) ;
#6955 = EDGE_LOOP ( 'NONE', ( #9419, #12831, #3831, #13006 ) ) ;
#6956 = DIRECTION ( 'NONE',  ( 0.0000000000000000000, -8.220413448604739958E-18, 1.000000000000000000 ) ) ;
#6957 = DIRECTION ( 'NONE',  ( 1.000000000000000000, 0.0000000000000000000, 0.0000000000000000000 ) ) ;
#6958 = VERTEX_POINT ( 'NONE', #6722 ) ;
#6959 = EDGE_CURVE ( 'NONE', #5945, #2060, #8568, .T. ) ;
#6960 = PRESENTATION_STYLE_ASSIGNMENT (( #2073 ) ) ;
#6961 = ORIENTED_EDGE ( 'NONE', *, *, #3264, .T. ) ;
#6962 = CARTESIAN_POINT ( 'NONE',  ( 0.1090187636347222516, 0.08075585031049743734, 0.4515614810981850025 ) ) ;
#6963 = EDGE_LOOP ( 'NONE', ( #2608, #1263, #2759, #2741 ) ) ;
#6964 = FACE_OUTER_BOUND ( 'NONE', #3263, .T. ) ;
#6965 = CARTESIAN_POINT ( 'NONE',  ( 0.07516049591817382247, 0.4297564560040102455, 0.2505015174397472455 ) ) ;
#6966 =( LENGTH_UNIT ( ) NAMED_UNIT ( * ) SI_UNIT ( $, .METRE. ) );
#6967 = VERTEX_POINT ( 'NONE', #10597 ) ;
#6968 = EDGE_LOOP ( 'NONE', ( #3005, #508, #4620, #11890 ) ) ;
#6969 = DIRECTION ( 'NONE',  ( 0.0000000000000000000, -8.220413448604739958E-18, 1.000000000000000000 ) ) ;
#6970 = ADVANCED_FACE ( 'NONE', ( #11661 ), #7646, .T. ) ;
#6971 = EDGE_CURVE ( 'NONE', #3949, #3273, #5725, .T. ) ;
#6972 = FILL_AREA_STYLE_COLOUR ( '', #4506 ) ;
#6973 = DIRECTION ( 'NONE',  ( 1.000000000000000000, 0.0000000000000000000, 0.0000000000000000000 ) ) ;
#6974 = ORIENTED_EDGE ( 'NONE', *, *, #11379, .F. ) ;
#6975 = ORIENTED_EDGE ( 'NONE', *, *, #11662, .T. ) ;
#6976 = CARTESIAN_POINT ( 'NONE',  ( 0.2916959289890401763, 0.09256687393256948782, 0.5011677803107913443 ) ) ;
#6977 = FACE_OUTER_BOUND ( 'NONE', #7220, .T. ) ;
#6978 = ORIENTED_EDGE ( 'NONE', *, *, #13166, .F. ) ;
#6979 = VECTOR ( 'NONE', #5006, 39.37007874015748143 ) ;
#6980 = DIRECTION ( 'NONE',  ( 0.1240347345890696062, 0.9922778767136850586, 0.0000000000000000000 ) ) ;
#6981 = CARTESIAN_POINT ( 'NONE',  ( 0.3330345116662205007, 0.1555589999168269788, 0.2850260480273070773 ) ) ;
#6982 = ORIENTED_EDGE ( 'NONE', *, *, #6487, .T. ) ;
#6983 = CARTESIAN_POINT ( 'NONE',  ( 0.2726091976981878107, 0.4547715983420212993, 0.3850260480273224872 ) ) ;
#6984 =( NAMED_UNIT ( * ) PLANE_ANGLE_UNIT ( ) SI_UNIT ( $, .RADIAN. ) );
#6985 = VECTOR ( 'NONE', #8165, 39.37007874015748143 ) ;
#6986 = DIRECTION ( 'NONE',  ( -1.608386623408229791E-17, -1.526556658859589750E-16, -1.000000000000000000 ) ) ;
#6987 = CARTESIAN_POINT ( 'NONE',  ( 0.2405148266268504198, 0.1555589999168269788, 0.2397504574761405716 ) ) ;
#6988 = LINE ( 'NONE', #4063, #12342 ) ;
#6989 = ORIENTED_EDGE ( 'NONE', *, *, #4288, .F. ) ;
#6990 = ORIENTED_EDGE ( 'NONE', *, *, #10071, .F. ) ;
#6991 = VERTEX_POINT ( 'NONE', #10731 ) ;
#6992 = CARTESIAN_POINT ( 'NONE',  ( 0.3920896297764417393, 0.3760314408617052018, 0.3456559692871649658 ) ) ;
#6993 = EDGE_CURVE ( 'NONE', #12554, #2789, #1636, .T. ) ;
#6994 = DIRECTION ( 'NONE',  ( 0.5547001962250837082, 0.0000000000000000000, 0.8320502943379406435 ) ) ;
#6995 = ORIENTED_EDGE ( 'NONE', *, *, #2273, .F. ) ;
#6996 = AXIS2_PLACEMENT_3D ( 'NONE', #9565, #12779, #7552 ) ;
#6997 = DIRECTION ( 'NONE',  ( 0.0000000000000000000, 0.0000000000000000000, 1.000000000000000000 ) ) ;
#6998 = VECTOR ( 'NONE', #11735, 39.37007874015748143 ) ;
#6999 = CARTESIAN_POINT ( 'NONE',  ( 0.3625620707213386140, 0.1555589999168271731, 0.4180969141690433211 ) ) ;
#7000 = EDGE_CURVE ( 'NONE', #9933, #9944, #12873, .T. ) ;
#7001 = DIRECTION ( 'NONE',  ( 1.000000000000000000, 1.174096724532128111E-16, -4.283287147278279229E-17 ) ) ;
#7002 = FACE_OUTER_BOUND ( 'NONE', #1134, .T. ) ;
#7003 = CARTESIAN_POINT ( 'NONE',  ( 0.1893337242646342400, 0.7897218048774075072, 0.1940811661375622388 ) ) ;
#7004 = ORIENTED_EDGE ( 'NONE', *, *, #8419, .T. ) ;
#7005 = VECTOR ( 'NONE', #728, 39.37007874015748143 ) ;
#7006 = VECTOR ( 'NONE', #8084, 39.37007874015748143 ) ;
#7007 = ORIENTED_EDGE ( 'NONE', *, *, #10011, .T. ) ;
#7008 = LINE ( 'NONE', #11085, #11722 ) ;
#7009 = ORIENTED_EDGE ( 'NONE', *, *, #4320, .F. ) ;
#7010 = VERTEX_POINT ( 'NONE', #9055 ) ;
#7011 = FACE_OUTER_BOUND ( 'NONE', #4396, .T. ) ;
#7012 = FACE_OUTER_BOUND ( 'NONE', #3381, .T. ) ;
#7013 = EDGE_CURVE ( 'NONE', #6542, #2403, #5107, .T. ) ;
#7014 = ORIENTED_EDGE ( 'NONE', *, *, #5844, .F. ) ;
#7015 =( NAMED_UNIT ( * ) PLANE_ANGLE_UNIT ( ) SI_UNIT ( $, .RADIAN. ) );
#7016 = PLANE ( 'NONE',  #5225 ) ;
#7017 = SHAPE_REPRESENTATION ( 'MPB04 HOUSING(3.3 ACTUATOR)', ( #7280 ), #10938 ) ;
#7018 = LINE ( 'NONE', #9332, #1661 ) ;
#7019 = ORIENTED_EDGE ( 'NONE', *, *, #7013, .F. ) ;
#7020 = VECTOR ( 'NONE', #1311, 39.37007874015748143 ) ;
#7021 = CARTESIAN_POINT ( 'NONE',  ( 0.2483888423748523422, 0.1988660865309976600, 0.2669158118068500340 ) ) ;
#7022 = CARTESIAN_POINT ( 'NONE',  ( 0.1090187636347222516, 0.08862986605856634781, 0.2515614810981771643 ) ) ;
#7023 = ORIENTED_EDGE ( 'NONE', *, *, #6600, .F. ) ;
#7024 = AXIS2_PLACEMENT_3D ( 'NONE', #5908, #2728, #3972 ) ;
#7025 = CARTESIAN_POINT ( 'NONE',  ( 0.1267352990678039526, -0.07278745677611142550, 0.2515614810981878224 ) ) ;
#7026 = VECTOR ( 'NONE', #10901, 39.37007874015748143 ) ;
#7027 = EDGE_LOOP ( 'NONE', ( #6128, #380, #10206, #1856 ) ) ;
#7028 = DIRECTION ( 'NONE',  ( -1.937287448275559661E-17, -1.000000000000000000, -8.220413448604588965E-18 ) ) ;
#7029 = EDGE_CURVE ( 'NONE', #4422, #10042, #9934, .T. ) ;
#7030 =( NAMED_UNIT ( * ) SI_UNIT ( $, .STERADIAN. ) SOLID_ANGLE_UNIT ( ) );
#7031 = ORIENTED_EDGE ( 'NONE', *, *, #9750, .T. ) ;
#7032 = AXIS2_PLACEMENT_3D ( 'NONE', #4257, #10161, #12286 ) ;
#7033 = CARTESIAN_POINT ( 'NONE',  ( 0.2129557715087252168, 0.1279999447987147654, 0.4893567566887362386 ) ) ;
#7034 = AXIS2_PLACEMENT_3D ( 'NONE', #3549, #1583, #10954 ) ;
#7035 = CARTESIAN_POINT ( 'NONE',  ( 0.2517718562799923232, 0.5400093426232999150, 0.4243961267674756233 ) ) ;
#7036 = LINE ( 'NONE', #11111, #11995 ) ;
#7037 = VERTEX_POINT ( 'NONE', #4056 ) ;
#7038 = LINE ( 'NONE', #7969, #7006 ) ;
#7039 = PLANE ( 'NONE',  #11673 ) ;
#7040 = AXIS2_PLACEMENT_3D ( 'NONE', #10434, #1408, #7291 ) ;
#7041 = EDGE_CURVE ( 'NONE', #11610, #7137, #8968, .T. ) ;
#7042 = VECTOR ( 'NONE', #2484, 39.37007874015748143 ) ;
#7043 = CARTESIAN_POINT ( 'NONE',  ( 0.2483888423748523422, 0.5295747479483235987, 0.4224276228305008374 ) ) ;
#7044 = CARTESIAN_POINT ( 'NONE',  ( 0.2326408108788039775, 0.05713380306642409229, 0.1684906149564565081 ) ) ;
#7045 = ORIENTED_EDGE ( 'NONE', *, *, #9410, .T. ) ;
#7046 = CARTESIAN_POINT ( 'NONE',  ( 0.2444518345008480364, 0.05713380306641550888, 0.4515614810981850025 ) ) ;
#7047 = CARTESIAN_POINT ( 'NONE',  ( 0.07516049591817382247, 0.05713380306642400902, 0.2039236858226015914 ) ) ;
#7048 = AXIS2_PLACEMENT_3D ( 'NONE', #3633, #7682, #7604 ) ;
#7049 = VECTOR ( 'NONE', #2873, 39.37007874015748143 ) ;
#7050 = SURFACE_SIDE_STYLE ('',( #12139 ) ) ;
#7051 = DIRECTION ( 'NONE',  ( 3.518308117683324880E-16, -1.000000000000000000, 4.163336342344335054E-16 ) ) ;
#7052 = PLANE ( 'NONE',  #12978 ) ;
#7053 = CARTESIAN_POINT ( 'NONE',  ( 0.2916959289890401763, 0.1083149054286360186, 0.4893567566887362386 ) ) ;
#7054 = EDGE_CURVE ( 'NONE', #10634, #4755, #956, .T. ) ;
#7055 = ORIENTED_EDGE ( 'NONE', *, *, #9572, .T. ) ;
#7056 = EDGE_CURVE ( 'NONE', #13155, #4394, #7689, .T. ) ;
#7057 = DIRECTION ( 'NONE',  ( -0.5773502691896257311, -0.5773502691896257311, -0.5773502691896257311 ) ) ;
#7058 = ORIENTED_EDGE ( 'NONE', *, *, #8214, .T. ) ;
#7059 = PLANE ( 'NONE',  #8266 ) ;
#7060 =( GEOMETRIC_REPRESENTATION_CONTEXT ( 3 ) GLOBAL_UNCERTAINTY_ASSIGNED_CONTEXT ( ( #1675 ) ) GLOBAL_UNIT_ASSIGNED_CONTEXT ( ( #13106, #2002, #1736 ) ) REPRESENTATION_CONTEXT ( 'NONE', 'WORKASPACE' ) );
#7061 = CARTESIAN_POINT ( 'NONE',  ( 0.1342156140284145593, 0.5295747479483133846, 0.2669158118068457042 ) ) ;
#7062 = ORIENTED_EDGE ( 'NONE', *, *, #9704, .T. ) ;
#7063 = AXIS2_PLACEMENT_3D ( 'NONE', #6197, #39, #5123 ) ;
#7064 =( CONVERSION_BASED_UNIT ( 'INCH', #12400 ) LENGTH_UNIT ( ) NAMED_UNIT ( #12054 ) );
#7065 = DIRECTION ( 'NONE',  ( 2.865203769218833733E-48, -8.220413448604588965E-18, 1.000000000000000000 ) ) ;
#7066 = LINE ( 'NONE', #12220, #10265 ) ;
#7067 = ADVANCED_FACE ( 'NONE', ( #2097 ), #6119, .T. ) ;
#7068 = VECTOR ( 'NONE', #12275, 39.37007874015748143 ) ;
#7069 = DIRECTION ( 'NONE',  ( -1.000000000000000000, -3.518308117683324880E-16, -2.626713979715460250E-16 ) ) ;
#7070 = VERTEX_POINT ( 'NONE', #4847 ) ;
#7071 = VECTOR ( 'NONE', #221, 39.37007874015748143 ) ;
#7072 =( CONVERSION_BASED_UNIT ( 'INCH', #12410 ) LENGTH_UNIT ( ) NAMED_UNIT ( #1862 ) );
#7073 = ORIENTED_EDGE ( 'NONE', *, *, #3161, .F. ) ;
#7074 = DIRECTION ( 'NONE',  ( -1.000000000000000000, -1.408738150179759833E-16, 6.014894242100889598E-18 ) ) ;
#7075 = ORIENTED_EDGE ( 'NONE', *, *, #11922, .T. ) ;
#7076 = EDGE_CURVE ( 'NONE', #7190, #3356, #4991, .T. ) ;
#7077 = ORIENTED_EDGE ( 'NONE', *, *, #766, .T. ) ;
#7078 = FILL_AREA_STYLE_COLOUR ( '', #9626 ) ;
#7079 = CARTESIAN_POINT ( 'NONE',  ( 0.2090187636347027589, 0.08862986605856634781, 0.2515614810981878224 ) ) ;
#7080 = VECTOR ( 'NONE', #10826, 39.37007874015748143 ) ;
#7081 = VECTOR ( 'NONE', #9506, 39.37007874015748143 ) ;
#7082 = DIRECTION ( 'NONE',  ( 1.000000000000000000, 1.408738150179760079E-16, -6.014894242100877272E-18 ) ) ;
#7083 = ORIENTED_EDGE ( 'NONE', *, *, #8214, .F. ) ;
#7084 = EDGE_CURVE ( 'NONE', #8452, #1145, #11100, .T. ) ;
#7085 = EDGE_CURVE ( 'NONE', #7848, #843, #6862, .T. ) ;
#7086 = CARTESIAN_POINT ( 'NONE',  ( 0.3920896297764417393, 0.3760314408617052018, 0.4243961267674803417 ) ) ;
#7087 = ORIENTED_EDGE ( 'NONE', *, *, #4642, .F. ) ;
#7088 = UNCERTAINTY_MEASURE_WITH_UNIT (LENGTH_MEASURE( 1.000000000000000082E-05 ), #4121, 'distance_accuracy_value', 'NONE');
#7089 = AXIS2_PLACEMENT_3D ( 'NONE', #4334, #3214, #4264 ) ;
#7090 = LINE ( 'NONE', #10292, #6804 ) ;
#7091 = DIRECTION ( 'NONE',  ( 0.0000000000000000000, 0.0000000000000000000, 1.000000000000000000 ) ) ;
#7092 = EDGE_CURVE ( 'NONE', #3877, #11582, #912, .T. ) ;
#7093 = VECTOR ( 'NONE', #10770, 39.37007874015748143 ) ;
#7094 = ORIENTED_EDGE ( 'NONE', *, *, #750, .T. ) ;
#7095 = DIRECTION ( 'NONE',  ( 4.283287147278279229E-17, 1.665334536937734811E-16, 1.000000000000000000 ) ) ;
#7096 = CARTESIAN_POINT ( 'NONE',  ( 0.1558691573354860360, 0.3760314408617059234, 0.4243961267674803417 ) ) ;
#7097 = CARTESIAN_POINT ( 'NONE',  ( 0.1893337242646342400, 0.3760314408617052018, 0.1940811661375622388 ) ) ;
#7098 = ORIENTED_EDGE ( 'NONE', *, *, #6673, .F. ) ;
#7099 = VECTOR ( 'NONE', #7447, 39.37007874015748143 ) ;
#7100 = CARTESIAN_POINT ( 'NONE',  ( 0.2326408108788161622, 0.1437479762947814765, 0.3456559692871708500 ) ) ;
#7101 = EDGE_CURVE ( 'NONE', #11582, #10335, #11062, .T. ) ;
#7102 = FACE_OUTER_BOUND ( 'NONE', #4034, .T. ) ;
#7103 = EDGE_CURVE ( 'NONE', #11040, #7686, #885, .T. ) ;
#7104 = CARTESIAN_POINT ( 'NONE',  ( 0.1558691573354938908, 0.2933542755073602626, 0.2397504574761405716 ) ) ;
#7105 = ORIENTED_EDGE ( 'NONE', *, *, #7250, .T. ) ;
#7106 = ORIENTED_EDGE ( 'NONE', *, *, #4652, .T. ) ;
#7107 = DIRECTION ( 'NONE',  ( -1.937287448275559661E-17, -1.000000000000000000, -8.220413448604739958E-18 ) ) ;
#7108 = LINE ( 'NONE', #6110, #6557 ) ;
#7109 =( GEOMETRIC_REPRESENTATION_CONTEXT ( 3 ) GLOBAL_UNCERTAINTY_ASSIGNED_CONTEXT ( ( #7613 ) ) GLOBAL_UNIT_ASSIGNED_CONTEXT ( ( #5801, #4792, #2825 ) ) REPRESENTATION_CONTEXT ( 'NONE', 'WORKASPACE' ) );
#7110 = ORIENTED_EDGE ( 'NONE', *, *, #12712, .F. ) ;
#7111 = LINE ( 'NONE', #4116, #12847 ) ;
#7112 = DIRECTION ( 'NONE',  ( -1.608386623408229791E-17, -1.526556658859589750E-16, -1.000000000000000000 ) ) ;
#7113 = EDGE_LOOP ( 'NONE', ( #4913, #11773, #4653, #3216 ) ) ;
#7114 = ORIENTED_EDGE ( 'NONE', *, *, #9768, .T. ) ;
#7115 = DIRECTION ( 'NONE',  ( 1.174096724532128111E-16, -1.000000000000000000, 1.665334536937734811E-16 ) ) ;
#7116 = EDGE_CURVE ( 'NONE', #2849, #12612, #1838, .T. ) ;
#7117 = DIRECTION ( 'NONE',  ( -0.4472135954996860341, -0.8944271910000517467, 2.549099026653634905E-16 ) ) ;
#7118 = DIRECTION ( 'NONE',  ( -1.937287448275559661E-17, -1.000000000000000000, -8.220413448604588965E-18 ) ) ;
#7119 = LINE ( 'NONE', #11195, #1416 ) ;
#7120 = LINE ( 'NONE', #2102, #4222 ) ;
#7121 = CARTESIAN_POINT ( 'NONE',  ( 0.2326408108788039775, 0.4272125432239181064, 0.2895536070824405450 ) ) ;
#7122 = VECTOR ( 'NONE', #3322, 39.37007874015748143 ) ;
#7123 = VECTOR ( 'NONE', #12271, 39.37007874015748143 ) ;
#7124 = ORIENTED_EDGE ( 'NONE', *, *, #7207, .T. ) ;
#7125 = DIRECTION ( 'NONE',  ( -3.007447121050439791E-18, -2.498001805406600244E-16, -1.000000000000000000 ) ) ;
#7126 = ORIENTED_EDGE ( 'NONE', *, *, #6099, .T. ) ;
#7127 = CARTESIAN_POINT ( 'NONE',  ( 0.2405148266268504198, 0.2756377400743055262, 0.3657347094446283253 ) ) ;
#7128 = ORIENTED_EDGE ( 'NONE', *, *, #12534, .F. ) ;
#7129 = CARTESIAN_POINT ( 'NONE',  ( 0.3625620707213386140, 0.1476849841687954967, 0.3456559692871708500 ) ) ;
#7130 = ADVANCED_FACE ( 'NONE', ( #13079 ), #13007, .F. ) ;
#7131 = ADVANCED_FACE ( 'NONE', ( #6925 ), #1908, .F. ) ;
#7132 = LINE ( 'NONE', #8935, #5064 ) ;
#7133 = ORIENTED_EDGE ( 'NONE', *, *, #7076, .T. ) ;
#7134 = ORIENTED_EDGE ( 'NONE', *, *, #6600, .T. ) ;
#7135 = LINE ( 'NONE', #8235, #10653 ) ;
#7136 = ORIENTED_EDGE ( 'NONE', *, *, #4437, .T. ) ;
#7137 = VERTEX_POINT ( 'NONE', #6983 ) ;
#7138 = FACE_OUTER_BOUND ( 'NONE', #3969, .T. ) ;
#7139 = VECTOR ( 'NONE', #8275, 39.37007874015748143 ) ;
#7140 = PLANE ( 'NONE',  #1344 ) ;
#7141 = PLANE ( 'NONE',  #2222 ) ;
#7142 = SURFACE_SIDE_STYLE ('',( #8064 ) ) ;
#7143 = ORIENTED_EDGE ( 'NONE', *, *, #12906, .T. ) ;
#7144 = VECTOR ( 'NONE', #4864, 39.37007874015748143 ) ;
#7145 = SURFACE_STYLE_FILL_AREA ( #1180 ) ;
#7146 = ORIENTED_EDGE ( 'NONE', *, *, #7911, .F. ) ;
#7147 = CARTESIAN_POINT ( 'NONE',  ( 0.07319199198118012117, 0.1476849841687954967, 0.2358134496021149773 ) ) ;
#7148 = CARTESIAN_POINT ( 'NONE',  ( 0.1342156140284145593, 0.3839054566097366283, 0.2669158118068457042 ) ) ;
#7149 = VERTEX_POINT ( 'NONE', #1972 ) ;
#7150 = SURFACE_STYLE_FILL_AREA ( #4159 ) ;
#7151 = CARTESIAN_POINT ( 'NONE',  ( 0.1558691573355118209, 0.1791810471609003863, 0.4515614810981850025 ) ) ;
#7152 = CARTESIAN_POINT ( 'NONE',  ( 0.1090187636347222516, 0.08075585031049743734, 0.2515614810981878224 ) ) ;
#7153 = EDGE_CURVE ( 'NONE', #7037, #9933, #10070, .T. ) ;
#7154 = VECTOR ( 'NONE', #11884, 39.37007874015748143 ) ;
#7155 = EDGE_LOOP ( 'NONE', ( #1065, #4301 ) ) ;
#7156 = LINE ( 'NONE', #10180, #9754 ) ;
#7157 = ADVANCED_FACE ( 'NONE', ( #2040 ), #6065, .T. ) ;
#7158 = DIRECTION ( 'NONE',  ( 0.0000000000000000000, 0.0000000000000000000, -1.000000000000000000 ) ) ;
#7159 = VERTEX_POINT ( 'NONE', #7231 ) ;
#7160 = AXIS2_PLACEMENT_3D ( 'NONE', #9035, #6101, #3977 ) ;
#7161 = CARTESIAN_POINT ( 'NONE',  ( 0.2326408108788126095, -0.1446865674942330871, 0.2397504574761405716 ) ) ;
#7162 = SURFACE_SIDE_STYLE ('',( #11502 ) ) ;
#7163 = EDGE_CURVE ( 'NONE', #11759, #11458, #9243, .T. ) ;
#7164 = ORIENTED_EDGE ( 'NONE', *, *, #1937, .T. ) ;
#7165 = SURFACE_STYLE_USAGE ( .BOTH. , #4177 ) ;
#7166 = FACE_OUTER_BOUND ( 'NONE', #13121, .T. ) ;
#7167 = ORIENTED_EDGE ( 'NONE', *, *, #5263, .T. ) ;
#7168 = EDGE_CURVE ( 'NONE', #2287, #4710, #2276, .T. ) ;
#7169 = VECTOR ( 'NONE', #11711, 39.37007874015748143 ) ;
#7170 = PLANE ( 'NONE',  #11586 ) ;
#7171 = CARTESIAN_POINT ( 'NONE',  ( 0.2129557715087252168, 0.1279999447987147654, 0.5011677803107913443 ) ) ;
#7172 = FILL_AREA_STYLE_COLOUR ( '', #10834 ) ;
#7173 = CARTESIAN_POINT ( 'NONE',  ( 0.2221780689370913553, -0.07318115756351298296, 0.4007740795233771802 ) ) ;
#7174 =( GEOMETRIC_REPRESENTATION_CONTEXT ( 3 ) GLOBAL_UNCERTAINTY_ASSIGNED_CONTEXT ( ( #1538 ) ) GLOBAL_UNIT_ASSIGNED_CONTEXT ( ( #5159, #1192, #133 ) ) REPRESENTATION_CONTEXT ( 'NONE', 'WORKASPACE' ) );
#7175 = ORIENTED_EDGE ( 'NONE', *, *, #10028, .F. ) ;
#7176 = PLANE ( 'NONE',  #11125 ) ;
#7177 = LINE ( 'NONE', #1217, #3099 ) ;
#7178 = EDGE_LOOP ( 'NONE', ( #194, #1017, #11619, #2183 ) ) ;
#7179 = ADVANCED_FACE ( 'NONE', ( #11250 ), #2338, .T. ) ;
#7180 = CARTESIAN_POINT ( 'NONE',  ( 0.2405148266268504198, 0.1555589999168269788, 0.2456559692871496114 ) ) ;
#7181 = VECTOR ( 'NONE', #993, 39.37007874015748143 ) ;
#7182 = SURFACE_SIDE_STYLE ('',( #8730 ) ) ;
#7183 = VECTOR ( 'NONE', #11081, 39.37007874015748143 ) ;
#7184 = FILL_AREA_STYLE_COLOUR ( '', #2205 ) ;
#7185 = LINE ( 'NONE', #2961, #12112 ) ;
#7186 = ORIENTED_EDGE ( 'NONE', *, *, #11825, .F. ) ;
#7187 = DIRECTION ( 'NONE',  ( -1.000000000000000000, 1.937287448275629611E-17, -8.833616147085620181E-14 ) ) ;
#7188 = ORIENTED_EDGE ( 'NONE', *, *, #1089, .T. ) ;
#7189 = DIRECTION ( 'NONE',  ( -1.937287448275559661E-17, -1.000000000000000000, -8.220413448604588965E-18 ) ) ;
#7190 = VERTEX_POINT ( 'NONE', #2154 ) ;
#7191 = VERTEX_POINT ( 'NONE', #12322 ) ;
#7192 = VECTOR ( 'NONE', #6312, 39.37007874015748143 ) ;
#7193 = FACE_OUTER_BOUND ( 'NONE', #3411, .T. ) ;
#7194 = ORIENTED_EDGE ( 'NONE', *, *, #12714, .T. ) ;
#7195 = EDGE_CURVE ( 'NONE', #6855, #3680, #2388, .T. ) ;
#7196 = EDGE_CURVE ( 'NONE', #12612, #1928, #11312, .T. ) ;
#7197 = CARTESIAN_POINT ( 'NONE',  ( 0.3290975037921822777, 0.4547715983420212993, 0.3062858905470074999 ) ) ;
#7198 = VERTEX_POINT ( 'NONE', #3249 ) ;
#7199 = CIRCLE ( 'NONE', #218, 0.02952755905511810289 ) ;
#7200 = DIRECTION ( 'NONE',  ( 1.937287448275559661E-17, 1.000000000000000000, 8.220413448604588965E-18 ) ) ;
#7201 = VERTEX_POINT ( 'NONE', #8161 ) ;
#7202 = UNCERTAINTY_MEASURE_WITH_UNIT (LENGTH_MEASURE( 1.000000000000000082E-05 ), #3757, 'distance_accuracy_value', 'NONE');
#7203 = FACE_OUTER_BOUND ( 'NONE', #10995, .T. ) ;
#7204 = LINE ( 'NONE', #1245, #8262 ) ;
#7205 = ORIENTED_EDGE ( 'NONE', *, *, #5610, .F. ) ;
#7206 =( CONVERSION_BASED_UNIT ( 'INCH', #1250 ) LENGTH_UNIT ( ) NAMED_UNIT ( #2867 ) );
#7207 = EDGE_CURVE ( 'NONE', #7010, #7537, #6245, .T. ) ;
#7208 = EDGE_CURVE ( 'NONE', #11638, #12057, #1273, .T. ) ;
#7209 = VECTOR ( 'NONE', #10625, 39.37007874015748143 ) ;
#7210 = LENGTH_MEASURE_WITH_UNIT ( LENGTH_MEASURE( 0.02539999999999999897 ), #5275 );
#7211 = VECTOR ( 'NONE', #12428, 39.37007874015748143 ) ;
#7212 = ORIENTED_EDGE ( 'NONE', *, *, #5208, .F. ) ;
#7213 = DIRECTION ( 'NONE',  ( 3.376070039848299626E-16, -1.000000000000000000, 4.302114220422480115E-16 ) ) ;
#7214 = LINE ( 'NONE', #253, #5163 ) ;
#7215 = ORIENTED_EDGE ( 'NONE', *, *, #6007, .F. ) ;
#7216 = VECTOR ( 'NONE', #3483, 39.37007874015748143 ) ;
#7217 = EDGE_CURVE ( 'NONE', #2360, #8038, #1206, .T. ) ;
#7218 = ORIENTED_EDGE ( 'NONE', *, *, #10613, .F. ) ;
#7219 = FACE_BOUND ( 'NONE', #8552, .T. ) ;
#7220 = EDGE_LOOP ( 'NONE', ( #6397, #1119, #9555, #257 ) ) ;
#7221 = DIRECTION ( 'NONE',  ( 1.937287448275559661E-17, 1.000000000000000000, 8.220413448604739958E-18 ) ) ;
#7222 = LINE ( 'NONE', #9296, #6192 ) ;
#7223 = VERTEX_POINT ( 'NONE', #7299 ) ;
#7224 = EDGE_CURVE ( 'NONE', #1890, #4540, #8346, .T. ) ;
#7225 = VECTOR ( 'NONE', #3289, 39.37007874015748143 ) ;
#7226 = CARTESIAN_POINT ( 'NONE',  ( 0.1027195510362848424, 0.1555589999168269788, 0.2732150244052708454 ) ) ;
#7227 = DIRECTION ( 'NONE',  ( -1.316334802367149914E-16, 1.000000000000000000, -1.526556658859589750E-16 ) ) ;
#7228 = ORIENTED_EDGE ( 'NONE', *, *, #8491, .T. ) ;
#7229 = VECTOR ( 'NONE', #604, 39.37007874015748143 ) ;
#7230 = ORIENTED_EDGE ( 'NONE', *, *, #11289, .T. ) ;
#7231 = CARTESIAN_POINT ( 'NONE',  ( 0.3310660077292019721, 0.5295747479483133846, 0.4243961267674756233 ) ) ;
#7232 = CARTESIAN_POINT ( 'NONE',  ( 0.3350030156032094419, 0.5728818345624920871, 0.2629788039328346261 ) ) ;
#7233 = DIRECTION ( 'NONE',  ( 2.865203769218833733E-48, -8.220413448604588965E-18, 1.000000000000000000 ) ) ;
#7234 = CARTESIAN_POINT ( 'NONE',  ( 0.05547545654809685201, 0.2776062440113113983, 0.3456559692871669642 ) ) ;
#7235 = EDGE_CURVE ( 'NONE', #5838, #3273, #7367, .T. ) ;
#7236 = VECTOR ( 'NONE', #5658, 39.37007874015748143 ) ;
#7237 = CARTESIAN_POINT ( 'NONE',  ( 0.4255541967055787023, 0.1988660865309964665, 0.3771520322792893953 ) ) ;
#7238 = EDGE_LOOP ( 'NONE', ( #8123, #4127, #6288, #6117 ) ) ;
#7239 = ADVANCED_FACE ( 'NONE', ( #9434 ), #340, .T. ) ;
#7240 = FACE_OUTER_BOUND ( 'NONE', #169, .T. ) ;
#7241 = DIRECTION ( 'NONE',  ( 0.0000000000000000000, -1.000000000000000000, 0.0000000000000000000 ) ) ;
#7242 = VERTEX_POINT ( 'NONE', #11648 ) ;
#7243 =( LENGTH_UNIT ( ) NAMED_UNIT ( * ) SI_UNIT ( $, .METRE. ) );
#7244 = ORIENTED_EDGE ( 'NONE', *, *, #4101, .F. ) ;
#7245 = VECTOR ( 'NONE', #5646, 39.37007874015748854 ) ;
#7246 = LINE ( 'NONE', #2289, #485 ) ;
#7247 = EDGE_CURVE ( 'NONE', #2060, #3609, #11789, .T. ) ;
#7248 =( CONVERSION_BASED_UNIT ( 'INCH', #9451 ) LENGTH_UNIT ( ) NAMED_UNIT ( #2596 ) );
#7249 = DIMENSIONAL_EXPONENTS ( 1.000000000000000000, 0.0000000000000000000, 0.0000000000000000000, 0.0000000000000000000, 0.0000000000000000000, 0.0000000000000000000, 0.0000000000000000000 ) ;
#7250 = EDGE_CURVE ( 'NONE', #8473, #4326, #2471, .T. ) ;
#7251 = ORIENTED_EDGE ( 'NONE', *, *, #2096, .T. ) ;
#7252 = VECTOR ( 'NONE', #4160, 39.37007874015748143 ) ;
#7253 = ORIENTED_EDGE ( 'NONE', *, *, #4612, .T. ) ;
#7254 = DIRECTION ( 'NONE',  ( 1.000000000000000000, 0.0000000000000000000, 0.0000000000000000000 ) ) ;
#7255 = EDGE_LOOP ( 'NONE', ( #9718, #5815, #847, #3170 ) ) ;
#7256 = AXIS2_PLACEMENT_3D ( 'NONE', #8835, #7264, #6 ) ;
#7257 = ORIENTED_EDGE ( 'NONE', *, *, #1200, .F. ) ;
#7258 = SURFACE_STYLE_FILL_AREA ( #9265 ) ;
#7259 =( LENGTH_UNIT ( ) NAMED_UNIT ( * ) SI_UNIT ( $, .METRE. ) );
#7260 = DIRECTION ( 'NONE',  ( -1.000000000000000000, 1.937287448275484781E-17, 8.833616147085620181E-14 ) ) ;
#7261 =( NAMED_UNIT ( * ) PLANE_ANGLE_UNIT ( ) SI_UNIT ( $, .RADIAN. ) );
#7262 = DIRECTION ( 'NONE',  ( 0.0000000000000000000, 0.0000000000000000000, 1.000000000000000000 ) ) ;
#7263 = VECTOR ( 'NONE', #9017, 39.37007874015748143 ) ;
#7264 = DIRECTION ( 'NONE',  ( -1.937287448275559661E-17, -1.000000000000000000, -8.220413448604739958E-18 ) ) ;
#7265 = CARTESIAN_POINT ( 'NONE',  ( 0.1558691573354938908, 0.2421731731451575165, 0.2515614810981878224 ) ) ;
#7266 = EDGE_CURVE ( 'NONE', #13091, #1169, #11713, .T. ) ;
#7267 = CARTESIAN_POINT ( 'NONE',  ( 0.3208297872567559272, 0.05713380306642441148, 0.2397504574761405716 ) ) ;
#7268 = ORIENTED_EDGE ( 'NONE', *, *, #7749, .T. ) ;
#7269 = DIRECTION ( 'NONE',  ( -1.000000000000000000, -3.376070039848300612E-16, -2.359223927328455183E-16 ) ) ;
#7270 = DIRECTION ( 'NONE',  ( 0.0000000000000000000, 0.0000000000000000000, -1.000000000000000000 ) ) ;
#7271 = VERTEX_POINT ( 'NONE', #8556 ) ;
#7272 = DIRECTION ( 'NONE',  ( 2.865203769218833733E-48, -8.220413448604588965E-18, 1.000000000000000000 ) ) ;
#7273 = AXIS2_PLACEMENT_3D ( 'NONE', #11815, #5880, #901 ) ;
#7274 = PLANE ( 'NONE',  #12816 ) ;
#7275 = CIRCLE ( 'NONE', #3050, 0.02952755905511810289 ) ;
#7276 = DIRECTION ( 'NONE',  ( 1.000000000000000000, 0.0000000000000000000, 0.0000000000000000000 ) ) ;
#7277 = ORIENTED_EDGE ( 'NONE', *, *, #8781, .F. ) ;
#7278 = CARTESIAN_POINT ( 'NONE',  ( 0.2405148266268504198, 0.2756377400743055262, 0.1255772291296712584 ) ) ;
#7279 = SURFACE_SIDE_STYLE ('',( #6355 ) ) ;
#7280 = AXIS2_PLACEMENT_3D ( 'NONE', #12723, #12862, #3586 ) ;
#7281 = VECTOR ( 'NONE', #2401, 39.37007874015748143 ) ;
#7282 = ADVANCED_FACE ( 'NONE', ( #6574, #555 ), #5577, .T. ) ;
#7283 = DIRECTION ( 'NONE',  ( 2.865203769218833733E-48, -8.220413448604588965E-18, 1.000000000000000000 ) ) ;
#7284 = ORIENTED_EDGE ( 'NONE', *, *, #2946, .T. ) ;
#7285 = EDGE_CURVE ( 'NONE', #4931, #12193, #2673, .T. ) ;
#7286 = COLOUR_RGB ( '',0.7529411764705882248, 0.7529411764705882248, 0.0000000000000000000 ) ;
#7287 = EDGE_LOOP ( 'NONE', ( #10228, #952, #8981, #1123 ) ) ;
#7288 = SURFACE_STYLE_USAGE ( .BOTH. , #5361 ) ;
#7289 = VERTEX_POINT ( 'NONE', #7503 ) ;
#7290 = CARTESIAN_POINT ( 'NONE',  ( 0.3468140392252720416, 0.1555589999168271731, 0.4062465204682488285 ) ) ;
#7291 = DIRECTION ( 'NONE',  ( 0.0000000000000000000, 0.0000000000000000000, -1.000000000000000000 ) ) ;
#7292 = PLANE ( 'NONE',  #31 ) ;
#7293 = ORIENTED_EDGE ( 'NONE', *, *, #6155, .T. ) ;
#7294 = AXIS2_PLACEMENT_3D ( 'NONE', #6940, #965, #4006 ) ;
#7295 = DIRECTION ( 'NONE',  ( 1.000000000000000000, -1.937287448275559661E-17, -2.565854121688507820E-49 ) ) ;
#7296 = LINE ( 'NONE', #11187, #9918 ) ;
#7297 = ORIENTED_EDGE ( 'NONE', *, *, #341, .F. ) ;
#7298 = EDGE_CURVE ( 'NONE', #6939, #4984, #8485, .T. ) ;
#7299 = CARTESIAN_POINT ( 'NONE',  ( 0.1444518345008675153, -0.05703942528005377655, 0.2397504574761405716 ) ) ;
#7300 = CARTESIAN_POINT ( 'NONE',  ( 0.1558691573355116267, 0.2264251416490909441, 0.4397504574761377794 ) ) ;
#7301 = FACE_OUTER_BOUND ( 'NONE', #9904, .T. ) ;
#7302 = VECTOR ( 'NONE', #8545, 39.37007874015748143 ) ;
#7303 = LINE ( 'NONE', #12591, #8826 ) ;
#7304 = DIRECTION ( 'NONE',  ( -0.0000000000000000000, -1.000000000000000000, -0.0000000000000000000 ) ) ;
#7305 = CARTESIAN_POINT ( 'NONE',  ( 0.2916959289890523888, 0.1437479762947814765, 0.3456559692871527534 ) ) ;
#7306 = VERTEX_POINT ( 'NONE', #12658 ) ;
#7307 = CARTESIAN_POINT ( 'NONE',  ( 0.1267352990678039526, -0.07278745677611142550, 0.4515614810981850025 ) ) ;
#7308 = LINE ( 'NONE', #33, #941 ) ;
#7309 = LINE ( 'NONE', #156, #5422 ) ;
#7310 = FILL_AREA_STYLE_COLOUR ( '', #6891 ) ;
#7311 = VERTEX_POINT ( 'NONE', #7561 ) ;
#7312 = VECTOR ( 'NONE', #10257, 39.37007874015748143 ) ;
#7313 = ADVANCED_FACE ( 'NONE', ( #10781 ), #1552, .T. ) ;
#7314 = LINE ( 'NONE', #5390, #10238 ) ;
#7315 = DIRECTION ( 'NONE',  ( 1.937287448275559661E-17, 1.000000000000000000, 8.220413448604588965E-18 ) ) ;
#7316 = EDGE_CURVE ( 'NONE', #10879, #5576, #1760, .T. ) ;
#7317 = VECTOR ( 'NONE', #7241, 39.37007874015748143 ) ;
#7318 =( NAMED_UNIT ( * ) SI_UNIT ( $, .STERADIAN. ) SOLID_ANGLE_UNIT ( ) );
#7319 = VECTOR ( 'NONE', #4341, 39.37007874015748143 ) ;
#7320 = ORIENTED_EDGE ( 'NONE', *, *, #878, .F. ) ;
#7321 = ORIENTED_EDGE ( 'NONE', *, *, #10351, .T. ) ;
#7322 = LINE ( 'NONE', #6396, #10236 ) ;
#7323 = EDGE_LOOP ( 'NONE', ( #4708, #7764, #1266, #9404 ) ) ;
#7324 = ORIENTED_EDGE ( 'NONE', *, *, #10134, .F. ) ;
#7325 = DIRECTION ( 'NONE',  ( -1.000000000000000000, -3.518308117683324880E-16, -2.626713979715460250E-16 ) ) ;
#7326 = DIRECTION ( 'NONE',  ( -1.937287448275559661E-17, -1.000000000000000000, -8.220413448604588965E-18 ) ) ;
#7327 = EDGE_CURVE ( 'NONE', #6422, #11571, #263, .T. ) ;
#7328 = CARTESIAN_POINT ( 'NONE',  ( 0.1027195510362848424, 0.1555589999168269788, 0.2456559692871496114 ) ) ;
#7329 = LINE ( 'NONE', #5406, #4825 ) ;
#7330 = ADVANCED_FACE ( 'NONE', ( #6510 ), #6711, .T. ) ;
#7331 = EDGE_CURVE ( 'NONE', #6345, #4422, #5512, .T. ) ;
#7332 = CARTESIAN_POINT ( 'NONE',  ( 0.2326408108788161622, 0.1476849841687954967, 0.2554984889721937380 ) ) ;
#7333 = FACE_OUTER_BOUND ( 'NONE', #7676, .T. ) ;
#7334 = LINE ( 'NONE', #2247, #7020 ) ;
#7335 = CARTESIAN_POINT ( 'NONE',  ( 0.2431035528203590590, 0.4272125432239181064, 0.4007740795234071007 ) ) ;
#7336 = ORIENTED_EDGE ( 'NONE', *, *, #12656, .T. ) ;
#7337 = COLOUR_RGB ( '',0.7529411764705882248, 0.7529411764705882248, 0.0000000000000000000 ) ;
#7338 = CARTESIAN_POINT ( 'NONE',  ( 0.1302786061543980412, 0.5728818345624920871, 0.2629788039328346261 ) ) ;
#7339 = DIRECTION ( 'NONE',  ( -1.000000000000000000, 1.937287448275559661E-17, 0.0000000000000000000 ) ) ;
#7340 = ORIENTED_EDGE ( 'NONE', *, *, #8845, .T. ) ;
#7341 = LENGTH_MEASURE_WITH_UNIT ( LENGTH_MEASURE( 0.02539999999999999897 ), #6159 );
#7342 = DIRECTION ( 'NONE',  ( 1.174096724532128111E-16, -1.000000000000000000, 1.665334536937734811E-16 ) ) ;
#7343 = DIRECTION ( 'NONE',  ( 0.0000000000000000000, -0.7071067811865470176, -0.7071067811865480168 ) ) ;
#7344 = DIRECTION ( 'NONE',  ( 0.3511234415894409766, -0.9363291775686509721, 1.372885316240195903E-16 ) ) ;
#7345 = ORIENTED_EDGE ( 'NONE', *, *, #4765, .F. ) ;
#7346 = EDGE_CURVE ( 'NONE', #2648, #2579, #412, .T. ) ;
#7347 = DIRECTION ( 'NONE',  ( 1.937287448275559661E-17, 1.000000000000000000, 8.220413448604588965E-18 ) ) ;
#7348 = VECTOR ( 'NONE', #6272, 39.37007874015748143 ) ;
#7349 = PLANE ( 'NONE',  #1699 ) ;
#7350 = CARTESIAN_POINT ( 'NONE',  ( 0.1558691573354936966, 0.3681574251136630060, 0.4515614810981850025 ) ) ;
#7351 = LINE ( 'NONE', #2323, #8130 ) ;
#7352 = ORIENTED_EDGE ( 'NONE', *, *, #4086, .T. ) ;
#7353 = UNCERTAINTY_MEASURE_WITH_UNIT (LENGTH_MEASURE( 1.000000000000000082E-05 ), #6087, 'distance_accuracy_value', 'NONE');
#7354 = VERTEX_POINT ( 'NONE', #12587 ) ;
#7355 = PLANE ( 'NONE',  #6353 ) ;
#7356 = VERTEX_POINT ( 'NONE', #6777 ) ;
#7357 = DIRECTION ( 'NONE',  ( -0.5773502691896237327, 0.5773502691896247319, 0.5773502691896287287 ) ) ;
#7358 = VECTOR ( 'NONE', #9951, 39.37007874015748143 ) ;
#7359 = PLANE ( 'NONE',  #5299 ) ;
#7360 = VERTEX_POINT ( 'NONE', #4711 ) ;
#7361 = CARTESIAN_POINT ( 'NONE',  ( 0.1558691573355118209, 0.2264251416490909441, 0.2397504574761405716 ) ) ;
#7362 = LINE ( 'NONE', #3310, #9701 ) ;
#7363 = VERTEX_POINT ( 'NONE', #8624 ) ;
#7364 = EDGE_CURVE ( 'NONE', #11249, #10362, #2606, .T. ) ;
#7365 = ADVANCED_FACE ( 'NONE', ( #7703 ), #9786, .F. ) ;
#7366 = ORIENTED_EDGE ( 'NONE', *, *, #7700, .T. ) ;
#7367 = LINE ( 'NONE', #1343, #493 ) ;
#7368 = AXIS2_PLACEMENT_3D ( 'NONE', #186, #246, #7479 ) ;
#7369 = DIRECTION ( 'NONE',  ( 0.0000000000000000000, 0.0000000000000000000, 1.000000000000000000 ) ) ;
#7370 = FACE_BOUND ( 'NONE', #2392, .T. ) ;
#7371 = DIRECTION ( 'NONE',  ( -1.316334802367149914E-16, 1.000000000000000000, -1.526556658859589750E-16 ) ) ;
#7372 =( NAMED_UNIT ( * ) PLANE_ANGLE_UNIT ( ) SI_UNIT ( $, .RADIAN. ) );
#7373 = CARTESIAN_POINT ( 'NONE',  ( 0.3920896297764417393, 0.4575997454093465033, 0.2669158118068504226 ) ) ;
#7374 = ORIENTED_EDGE ( 'NONE', *, *, #5041, .F. ) ;
#7375 = PRESENTATION_LAYER_ASSIGNMENT (  '', '', ( #1238 ) ) ;
#7376 = CARTESIAN_POINT ( 'NONE',  ( 0.3113809683591188815, 0.5610708109404448640, 0.3614040007832315382 ) ) ;
#7377 = CARTESIAN_POINT ( 'NONE',  ( 0.4098061652095126295, 0.08862986605855728561, 0.2078606936966137797 ) ) ;
#7378 = DIRECTION ( 'NONE',  ( 1.000000000000000000, 0.0000000000000000000, 0.0000000000000000000 ) ) ;
#7379 = ORIENTED_EDGE ( 'NONE', *, *, #292, .F. ) ;
#7380 =( NAMED_UNIT ( * ) SI_UNIT ( $, .STERADIAN. ) SOLID_ANGLE_UNIT ( ) );
#7381 = SURFACE_STYLE_FILL_AREA ( #3328 ) ;
#7382 = DIRECTION ( 'NONE',  ( 1.000000000000000000, 1.408738150179759833E-16, -6.014894242100889598E-18 ) ) ;
#7383 = VECTOR ( 'NONE', #6969, 39.37007874015748143 ) ;
#7384 = DIRECTION ( 'NONE',  ( 1.174096724532128111E-16, -1.000000000000000000, 1.665334536937734811E-16 ) ) ;
#7385 = ORIENTED_EDGE ( 'NONE', *, *, #6273, .T. ) ;
#7386 = LINE ( 'NONE', #4537, #9302 ) ;
#7387 = EDGE_CURVE ( 'NONE', #9014, #2849, #7771, .T. ) ;
#7388 = ORIENTED_EDGE ( 'NONE', *, *, #7163, .F. ) ;
#7389 = DIRECTION ( 'NONE',  ( 0.0000000000000000000, -1.000000000000000000, 0.0000000000000000000 ) ) ;
#7390 = ORIENTED_EDGE ( 'NONE', *, *, #10312, .F. ) ;
#7391 = EDGE_LOOP ( 'NONE', ( #12706, #4140, #8436, #7136 ) ) ;
#7392 = PLANE ( 'NONE',  #7631 ) ;
#7393 = ADVANCED_BREP_SHAPE_REPRESENTATION ( '', ( #3118, #12157, #7280 ), #10938 ) ;
#7394 = ORIENTED_EDGE ( 'NONE', *, *, #2160, .T. ) ;
#7395 = ADVANCED_FACE ( 'NONE', ( #6847 ), #2991, .T. ) ;
#7396 = LINE ( 'NONE', #2363, #6298 ) ;
#7397 = VECTOR ( 'NONE', #7805, 39.37007874015748143 ) ;
#7398 = CARTESIAN_POINT ( 'NONE',  ( 0.3940581337134496653, 0.3957164802317834629, 0.5070732921218070732 ) ) ;
#7399 = ORIENTED_EDGE ( 'NONE', *, *, #12916, .F. ) ;
#7400 = CARTESIAN_POINT ( 'NONE',  ( 0.1558691573355118209, 0.1791810471608999700, 0.2515614810981878224 ) ) ;
#7401 = DIRECTION ( 'NONE',  ( 0.3511234415875753578, 0.9363291775693505237, -1.485833765564465269E-16 ) ) ;
#7402 = CARTESIAN_POINT ( 'NONE',  ( 0.2326408108788039775, 0.5728818345624920871, 0.3456559692871649658 ) ) ;
#7403 = CARTESIAN_POINT ( 'NONE',  ( 0.1090187636347222516, 0.08075585031049743734, 0.4397504574761377794 ) ) ;
#7404 = VERTEX_POINT ( 'NONE', #12355 ) ;
#7405 = VECTOR ( 'NONE', #9509, 39.37007874015748143 ) ;
#7406 = VECTOR ( 'NONE', #11806, 39.37007874015748143 ) ;
#7407 = CARTESIAN_POINT ( 'NONE',  ( 0.2326408108788039775, 0.5295747479483133846, 0.2669158118068457042 ) ) ;
#7408 = EDGE_CURVE ( 'NONE', #3062, #4998, #2467, .T. ) ;
#7409 = EDGE_LOOP ( 'NONE', ( #11110, #5162, #9322, #10333, #11451, #8524, #5243, #3696, #7992, #2144 ) ) ;
#7410 = CYLINDRICAL_SURFACE ( 'NONE', #1743, 0.01574803149606296415 ) ;
#7411 = DIRECTION ( 'NONE',  ( -1.608386623408229791E-17, -1.526556658859589750E-16, -1.000000000000000000 ) ) ;
#7412 = CARTESIAN_POINT ( 'NONE',  ( 0.2326408108788039775, 0.05713380306642409229, 0.1684906149564565081 ) ) ;
#7413 = VERTEX_POINT ( 'NONE', #13123 ) ;
#7414 = VECTOR ( 'NONE', #10419, 39.37007874015748143 ) ;
#7415 = DIRECTION ( 'NONE',  ( 3.518308117683324880E-16, -1.000000000000000000, 4.163336342344335054E-16 ) ) ;
#7416 = CIRCLE ( 'NONE', #4872, 0.05610236220472441387 ) ;
#7417 = EDGE_CURVE ( 'NONE', #4931, #5830, #8246, .T. ) ;
#7418 = CARTESIAN_POINT ( 'NONE',  ( 0.3468140392252720416, 0.3130393148774570644, 0.2515614810981767757 ) ) ;
#7419 = ORIENTED_EDGE ( 'NONE', *, *, #8623, .F. ) ;
#7420 = EDGE_LOOP ( 'NONE', ( #1873, #8636, #7268, #10978, #10758, #782 ) ) ;
#7421 = CARTESIAN_POINT ( 'NONE',  ( 0.2877589211150314852, 0.2776062440113113983, 0.5228213236178709256 ) ) ;
#7422 = ADVANCED_FACE ( 'NONE', ( #811 ), #7834, .F. ) ;
#7423 = FACE_BOUND ( 'NONE', #4281, .T. ) ;
#7424 = VECTOR ( 'NONE', #296, 39.37007874015748143 ) ;
#7425 = ORIENTED_EDGE ( 'NONE', *, *, #985, .F. ) ;
#7426 = CARTESIAN_POINT ( 'NONE',  ( 0.2405148266268504198, 0.1555589999168269788, 0.2732150244052708454 ) ) ;
#7427 = VECTOR ( 'NONE', #12113, 39.37007874015748143 ) ;
#7428 = CARTESIAN_POINT ( 'NONE',  ( 0.2483888423748523422, 0.3583149054286425272, 0.2905378590509232195 ) ) ;
#7429 = LINE ( 'NONE', #6301, #9574 ) ;
#7430 = EDGE_LOOP ( 'NONE', ( #2725, #2512, #2362, #4521, #8236 ) ) ;
#7431 = FACE_OUTER_BOUND ( 'NONE', #13165, .T. ) ;
#7432 = CARTESIAN_POINT ( 'NONE',  ( 0.3330345116662205007, 0.1555589999168269788, 0.2062465204682519537 ) ) ;
#7433 = ORIENTED_EDGE ( 'NONE', *, *, #7628, .T. ) ;
#7434 = VERTEX_POINT ( 'NONE', #9104 ) ;
#7435 = DIRECTION ( 'NONE',  ( 3.518308117683324880E-16, -1.000000000000000000, 4.163336342344335054E-16 ) ) ;
#7436 = AXIS2_PLACEMENT_3D ( 'NONE', #6992, #10014, #9881 ) ;
#7437 = DIRECTION ( 'NONE',  ( -8.833616147085620181E-14, -8.220413448603018947E-18, 1.000000000000000000 ) ) ;
#7438 = CARTESIAN_POINT ( 'NONE',  ( 0.2483888423748523422, 0.2165826219640791250, 0.4007740795234071007 ) ) ;
#7439 = LINE ( 'NONE', #6248, #11378 ) ;
#7440 = FACE_OUTER_BOUND ( 'NONE', #1979, .T. ) ;
#7441 = EDGE_CURVE ( 'NONE', #11083, #787, #7904, .T. ) ;
#7442 = DIRECTION ( 'NONE',  ( -6.014894242100854160E-18, -2.498001805406600244E-16, -1.000000000000000000 ) ) ;
#7443 = ORIENTED_EDGE ( 'NONE', *, *, #12556, .T. ) ;
#7444 = VECTOR ( 'NONE', #5020, 39.37007874015748143 ) ;
#7445 = CARTESIAN_POINT ( 'NONE',  ( 0.2916959289890401763, 0.3957164802317834629, 0.3456559692871649658 ) ) ;
#7446 = LINE ( 'NONE', #1284, #11376 ) ;
#7447 = DIRECTION ( 'NONE',  ( -3.007447121050439791E-18, -2.498001805406600244E-16, -1.000000000000000000 ) ) ;
#7448 = FILL_AREA_STYLE ('',( #220 ) ) ;
#7449 = FILL_AREA_STYLE_COLOUR ( '', #9851 ) ;
#7450 = COLOUR_RGB ( '',0.7529411764705882248, 0.7529411764705882248, 0.0000000000000000000 ) ;
#7451 = CARTESIAN_POINT ( 'NONE',  ( 0.2326408108788039775, 0.4272125432239181064, 0.3456559692871649658 ) ) ;
#7452 = PLANE ( 'NONE',  #8231 ) ;
#7453 = ADVANCED_FACE ( 'NONE', ( #11992 ), #6912, .F. ) ;
#7454 = EDGE_CURVE ( 'NONE', #7860, #109, #3454, .T. ) ;
#7455 = FACE_OUTER_BOUND ( 'NONE', #5039, .T. ) ;
#7456 = ORIENTED_EDGE ( 'NONE', *, *, #180, .F. ) ;
#7457 = CARTESIAN_POINT ( 'NONE',  ( 0.2562628581229027813, 0.08862986605856654210, 0.4397504574761377794 ) ) ;
#7458 = EDGE_LOOP ( 'NONE', ( #10774, #8828, #12512, #10276 ) ) ;
#7459 = ORIENTED_EDGE ( 'NONE', *, *, #11513, .T. ) ;
#7460 = DIRECTION ( 'NONE',  ( -3.518308117683323894E-16, 1.000000000000000000, -4.163336342344335547E-16 ) ) ;
#7461 = VECTOR ( 'NONE', #12941, 39.37007874015748143 ) ;
#7462 = CARTESIAN_POINT ( 'NONE',  ( 0.3920896297764417393, 0.08862986605855749378, 0.5011677803107913443 ) ) ;
#7463 = CARTESIAN_POINT ( 'NONE',  ( 0.1027195510362848424, 0.1555589999168269788, 0.2180969141690468349 ) ) ;
#7464 = DIRECTION ( 'NONE',  ( 4.283287147278277380E-17, 1.665334536937734811E-16, 1.000000000000000000 ) ) ;
#7465 = ORIENTED_EDGE ( 'NONE', *, *, #5741, .F. ) ;
#7466 = EDGE_CURVE ( 'NONE', #2208, #203, #9611, .T. ) ;
#7467 = VECTOR ( 'NONE', #11762, 39.37007874015748143 ) ;
#7468 = DIRECTION ( 'NONE',  ( 1.000000000000000000, 1.174096724532128111E-16, -4.283287147278279229E-17 ) ) ;
#7469 = LINE ( 'NONE', #8658, #9454 ) ;
#7470 = ORIENTED_EDGE ( 'NONE', *, *, #1435, .F. ) ;
#7471 = EDGE_CURVE ( 'NONE', #5569, #9831, #522, .T. ) ;
#7472 = AXIS2_PLACEMENT_3D ( 'NONE', #1621, #4582, #4440 ) ;
#7473 = EDGE_LOOP ( 'NONE', ( #8763, #12996, #3685, #936, #12411, #1225, #11095, #6302 ) ) ;
#7474 = CARTESIAN_POINT ( 'NONE',  ( 0.3920896297764417393, 0.2677637243262696587, 0.4539236858226000648 ) ) ;
#7475 = CARTESIAN_POINT ( 'NONE',  ( 0.3290975037921822777, 0.3760314408617059234, 0.3062858905470074999 ) ) ;
#7476 = EDGE_LOOP ( 'NONE', ( #6351, #12083, #6948, #6629 ) ) ;
#7477 = LINE ( 'NONE', #9551, #9139 ) ;
#7478 = DIRECTION ( 'NONE',  ( 1.608386623408229791E-17, 1.526556658859589750E-16, 1.000000000000000000 ) ) ;
#7479 = DIRECTION ( 'NONE',  ( -0.3511234415875753578, -0.9363291775693507457, 1.485833765564465515E-16 ) ) ;
#7480 = DIRECTION ( 'NONE',  ( -1.937287448275559661E-17, -1.000000000000000000, -8.220413448604739958E-18 ) ) ;
#7481 = EDGE_LOOP ( 'NONE', ( #1390, #10622, #5957, #4987 ) ) ;
#7482 = VECTOR ( 'NONE', #2229, 39.37007874015748143 ) ;
#7483 = CARTESIAN_POINT ( 'NONE',  ( 0.2326408108788039775, 0.6219124963820453766, 0.4007740795233854514 ) ) ;
#7484 = ADVANCED_FACE ( 'NONE', ( #7333 ), #2441, .F. ) ;
#7485 = DIRECTION ( 'NONE',  ( 1.000000000000000000, 0.0000000000000000000, 0.0000000000000000000 ) ) ;
#7486 = ORIENTED_EDGE ( 'NONE', *, *, #10046, .F. ) ;
#7487 = ADVANCED_FACE ( 'NONE', ( #1239 ), #12422, .T. ) ;
#7488 = AXIS2_PLACEMENT_3D ( 'NONE', #1834, #1631, #4719 ) ;
#7489 = CARTESIAN_POINT ( 'NONE',  ( 0.2385463226898389966, -0.07278745677610257148, 0.2515614810981878224 ) ) ;
#7490 = ORIENTED_EDGE ( 'NONE', *, *, #1704, .T. ) ;
#7491 = DIMENSIONAL_EXPONENTS ( 1.000000000000000000, 0.0000000000000000000, 0.0000000000000000000, 0.0000000000000000000, 0.0000000000000000000, 0.0000000000000000000, 0.0000000000000000000 ) ;
#7492 = DIRECTION ( 'NONE',  ( -1.000000000000000000, -3.376070039848299626E-16, -2.359223927328455183E-16 ) ) ;
#7493 = PLANE ( 'NONE',  #5530 ) ;
#7494 = CARTESIAN_POINT ( 'NONE',  ( 0.3330345116662205007, 0.1555589999168271731, 0.4850260480273039243 ) ) ;
#7495 = SURFACE_STYLE_FILL_AREA ( #3456 ) ;
#7496 = VERTEX_POINT ( 'NONE', #1383 ) ;
#7497 = EDGE_CURVE ( 'NONE', #6838, #9977, #4082, .T. ) ;
#7498 = ORIENTED_EDGE ( 'NONE', *, *, #4224, .T. ) ;
#7499 = AXIS2_PLACEMENT_3D ( 'NONE', #12105, #3963, #2973 ) ;
#7500 = ADVANCED_FACE ( 'NONE', ( #9469 ), #3421, .T. ) ;
#7501 = PRESENTATION_STYLE_ASSIGNMENT (( #8554 ) ) ;
#7502 = STYLED_ITEM ( 'NONE', ( #6960 ), #8716 ) ;
#7503 = CARTESIAN_POINT ( 'NONE',  ( 0.2483888423748704388, 0.2972912833813901590, 0.1527425834603897692 ) ) ;
#7504 = FACE_OUTER_BOUND ( 'NONE', #2263, .T. ) ;
#7505 = CARTESIAN_POINT ( 'NONE',  ( 0.2405148266268504198, 0.1555589999168269788, 0.2456559692871496114 ) ) ;
#7506 = LINE ( 'NONE', #3188, #4787 ) ;
#7507 = LINE ( 'NONE', #7709, #4660 ) ;
#7508 = DIRECTION ( 'NONE',  ( 0.0000000000000000000, 1.000000000000000000, 0.0000000000000000000 ) ) ;
#7509 = VECTOR ( 'NONE', #5882, 39.37007874015748143 ) ;
#7510 = ORIENTED_EDGE ( 'NONE', *, *, #10643, .F. ) ;
#7511 = CARTESIAN_POINT ( 'NONE',  ( 0.1444518345008675153, -0.05703942528005377655, 0.2515614810981878224 ) ) ;
#7512 = CARTESIAN_POINT ( 'NONE',  ( 0.2326408108788039775, 0.08862986605855728561, 0.5228213236178701484 ) ) ;
#7513 = DIRECTION ( 'NONE',  ( 0.0000000000000000000, 1.000000000000000000, 0.0000000000000000000 ) ) ;
#7514 = EDGE_CURVE ( 'NONE', #10765, #4931, #12959, .T. ) ;
#7515 = CARTESIAN_POINT ( 'NONE',  ( 0.1755541967055905817, 0.1437479762947635742, 0.2397504574761405716 ) ) ;
#7516 = VECTOR ( 'NONE', #7693, 39.37007874015748143 ) ;
#7517 =( LENGTH_UNIT ( ) NAMED_UNIT ( * ) SI_UNIT ( $, .METRE. ) );
#7518 = DIRECTION ( 'NONE',  ( 4.283287147278279229E-17, 1.665334536937734811E-16, 1.000000000000000000 ) ) ;
#7519 = DIRECTION ( 'NONE',  ( -1.596249935350384935E-13, -8.220413448601639982E-18, 1.000000000000000000 ) ) ;
#7520 = CARTESIAN_POINT ( 'NONE',  ( 0.1208297872567765802, -0.05703942528004480456, 0.4397504574761377794 ) ) ;
#7521 = ORIENTED_EDGE ( 'NONE', *, *, #10645, .F. ) ;
#7522 = PLANE ( 'NONE',  #2374 ) ;
#7523 = ORIENTED_EDGE ( 'NONE', *, *, #524, .T. ) ;
#7524 = VERTEX_POINT ( 'NONE', #6813 ) ;
#7525 = PLANE ( 'NONE',  #13005 ) ;
#7526 = VECTOR ( 'NONE', #8503, 39.37007874015748143 ) ;
#7527 = LINE ( 'NONE', #1647, #4279 ) ;
#7528 = ORIENTED_EDGE ( 'NONE', *, *, #1374, .T. ) ;
#7529 = ADVANCED_FACE ( 'NONE', ( #13029 ), #5679, .F. ) ;
#7530 = ADVANCED_FACE ( 'NONE', ( #7871 ), #1586, .F. ) ;
#7531 = CARTESIAN_POINT ( 'NONE',  ( 0.1558691573354936966, 0.3681574251136630060, 0.4515614810981850025 ) ) ;
#7532 = ORIENTED_EDGE ( 'NONE', *, *, #5332, .T. ) ;
#7533 = DIRECTION ( 'NONE',  ( 1.000000000000000000, 0.0000000000000000000, 0.0000000000000000000 ) ) ;
#7534 = CARTESIAN_POINT ( 'NONE',  ( 0.3290975037921822777, 0.4272125432239181064, 0.2905378590509232195 ) ) ;
#7535 = EDGE_LOOP ( 'NONE', ( #1424, #1332, #2292, #9155, #12585, #7007, #4689, #11931, #4510, #12340, #11045, #11891, #11690, #5400, #6632, #662, #10629, #1051, #7668, #10540, #884, #12731, #294, #11334, #1449, #9078, #7926, #1178, #6817, #7045, #2428, #11303, #989, #60, #10408, #10641, #9628, #3682, #3825, #1296, #406, #12745, #4152, #4114, #8241, #8408, #6392, #2493, #11951, #7465, #10124, #3433 ) ) ;
#7536 = EDGE_LOOP ( 'NONE', ( #128, #12972, #324, #6416 ) ) ;
#7537 = VERTEX_POINT ( 'NONE', #11888 ) ;
#7538 = CARTESIAN_POINT ( 'NONE',  ( 0.3807328762937055022, 0.1988660865309964665, 0.4443840128970992231 ) ) ;
#7539 = VECTOR ( 'NONE', #9661, 39.37007874015748143 ) ;
#7540 = LINE ( 'NONE', #10560, #2834 ) ;
#7541 = DIRECTION ( 'NONE',  ( 0.0000000000000000000, 0.0000000000000000000, -1.000000000000000000 ) ) ;
#7542 = CARTESIAN_POINT ( 'NONE',  ( 0.2916959289890523888, 0.1437479762947814765, 0.3456559692871527534 ) ) ;
#7543 = ORIENTED_EDGE ( 'NONE', *, *, #11060, .T. ) ;
#7544 = CARTESIAN_POINT ( 'NONE',  ( 0.2090187636347251854, 0.1279999447987149597, 0.3456559692871708500 ) ) ;
#7545 = VECTOR ( 'NONE', #9783, 39.37007874015748854 ) ;
#7546 = CARTESIAN_POINT ( 'NONE',  ( 0.1893337242646519758, 0.2165826219640791250, 0.4677032133816496073 ) ) ;
#7547 = ORIENTED_EDGE ( 'NONE', *, *, #10996, .F. ) ;
#7548 = ORIENTED_EDGE ( 'NONE', *, *, #12221, .T. ) ;
#7549 =( NAMED_UNIT ( * ) SI_UNIT ( $, .STERADIAN. ) SOLID_ANGLE_UNIT ( ) );
#7550 = CARTESIAN_POINT ( 'NONE',  ( 0.1090187636347222516, 0.08075585031049743734, 0.2515614810981878224 ) ) ;
#7551 = VERTEX_POINT ( 'NONE', #10884 ) ;
#7552 = DIRECTION ( 'NONE',  ( 0.0000000000000000000, 8.220413448604739958E-18, -1.000000000000000000 ) ) ;
#7553 = EDGE_CURVE ( 'NONE', #527, #984, #587, .T. ) ;
#7554 = FILL_AREA_STYLE ('',( #4429 ) ) ;
#7555 = AXIS2_PLACEMENT_3D ( 'NONE', #5967, #12909, #3708 ) ;
#7556 = LINE ( 'NONE', #4578, #1004 ) ;
#7557 = ORIENTED_EDGE ( 'NONE', *, *, #1580, .T. ) ;
#7558 = EDGE_CURVE ( 'NONE', #12413, #3001, #2771, .T. ) ;
#7559 = EDGE_LOOP ( 'NONE', ( #9455, #12681, #298, #12484 ) ) ;
#7560 = CARTESIAN_POINT ( 'NONE',  ( 0.1893337242646342400, 0.7897218048774075072, 0.3456559692871649658 ) ) ;
#7561 = CARTESIAN_POINT ( 'NONE',  ( 0.3468140392252570536, 0.5610708109404448640, 0.3614040007832315382 ) ) ;
#7562 = PLANE ( 'NONE',  #2419 ) ;
#7563 = PLANE ( 'NONE',  #330 ) ;
#7564 = VECTOR ( 'NONE', #8802, 39.37007874015748143 ) ;
#7565 = DIRECTION ( 'NONE',  ( -1.937287448275559661E-17, -1.000000000000000000, -8.220413448604588965E-18 ) ) ;
#7566 = DIRECTION ( 'NONE',  ( 3.518308117683324880E-16, -1.000000000000000000, 4.163336342344335054E-16 ) ) ;
#7567 = EDGE_CURVE ( 'NONE', #2850, #1779, #4748, .T. ) ;
#7568 = LINE ( 'NONE', #8700, #11452 ) ;
#7569 = EDGE_CURVE ( 'NONE', #3428, #6798, #9755, .T. ) ;
#7570 = CARTESIAN_POINT ( 'NONE',  ( 0.2326408108788161622, 0.1555589999168269788, 0.3456559692871708500 ) ) ;
#7571 = DIRECTION ( 'NONE',  ( 3.376070039848299626E-16, -1.000000000000000000, 4.302114220422480115E-16 ) ) ;
#7572 = CARTESIAN_POINT ( 'NONE',  ( 0.2326408108788039775, 0.6949290786569842782, 0.3929000637753539138 ) ) ;
#7573 = ORIENTED_EDGE ( 'NONE', *, *, #7995, .F. ) ;
#7574 = DIMENSIONAL_EXPONENTS ( 1.000000000000000000, 0.0000000000000000000, 0.0000000000000000000, 0.0000000000000000000, 0.0000000000000000000, 0.0000000000000000000, 0.0000000000000000000 ) ;
#7575 = AXIS2_PLACEMENT_3D ( 'NONE', #3720, #1755, #9852 ) ;
#7576 = LINE ( 'NONE', #631, #12805 ) ;
#7577 = LINE ( 'NONE', #286, #2238 ) ;
#7578 = CARTESIAN_POINT ( 'NONE',  ( 0.1558691573354860360, 0.3760314408617059234, 0.3456559692871649658 ) ) ;
#7579 = CARTESIAN_POINT ( 'NONE',  ( 0.2641368738709188868, 0.2776062440113113983, 0.5385693551139408841 ) ) ;
#7580 = ORIENTED_EDGE ( 'NONE', *, *, #8970, .F. ) ;
#7581 = CIRCLE ( 'NONE', #7575, 0.05511811023622047861 ) ;
#7582 = EDGE_CURVE ( 'NONE', #11356, #10377, #2842, .T. ) ;
#7583 = DIRECTION ( 'NONE',  ( 0.0000000000000000000, 0.0000000000000000000, -1.000000000000000000 ) ) ;
#7584 = VERTEX_POINT ( 'NONE', #1657 ) ;
#7585 = VERTEX_POINT ( 'NONE', #6882 ) ;
#7586 = CARTESIAN_POINT ( 'NONE',  ( 0.1558691573355118209, 0.2264251416490909441, 0.2515614810981878224 ) ) ;
#7587 = CARTESIAN_POINT ( 'NONE',  ( 0.2483888423748523422, 0.3760314408617059234, 0.4972307724367677761 ) ) ;
#7588 = ORIENTED_EDGE ( 'NONE', *, *, #5314, .F. ) ;
#7589 = DIRECTION ( 'NONE',  ( -1.000000000000000000, -1.408738150179759833E-16, 6.014894242100889598E-18 ) ) ;
#7590 = DIRECTION ( 'NONE',  ( 3.518308117683324880E-16, -1.000000000000000000, 4.163336342344335054E-16 ) ) ;
#7591 = ORIENTED_EDGE ( 'NONE', *, *, #5283, .T. ) ;
#7592 = CIRCLE ( 'NONE', #8880, 0.05610236220472441387 ) ;
#7593 =( NAMED_UNIT ( * ) SI_UNIT ( $, .STERADIAN. ) SOLID_ANGLE_UNIT ( ) );
#7594 = CARTESIAN_POINT ( 'NONE',  ( 0.3468140392252720416, 0.1555589999168269788, 0.2180969141690468349 ) ) ;
#7595 = ORIENTED_EDGE ( 'NONE', *, *, #11256, .F. ) ;
#7596 = ORIENTED_EDGE ( 'NONE', *, *, #3193, .F. ) ;
#7597 = EDGE_CURVE ( 'NONE', #5130, #6369, #1860, .T. ) ;
#7598 = SURFACE_STYLE_USAGE ( .BOTH. , #11758 ) ;
#7599 = EDGE_CURVE ( 'NONE', #6241, #6763, #11679, .T. ) ;
#7600 = ORIENTED_EDGE ( 'NONE', *, *, #8785, .T. ) ;
#7601 = ORIENTED_EDGE ( 'NONE', *, *, #12192, .T. ) ;
#7602 = DIRECTION ( 'NONE',  ( -1.000000000000000000, 1.937287448275559661E-17, 2.565854121688507820E-49 ) ) ;
#7603 = COLOUR_RGB ( '',0.7529411764705882248, 0.7529411764705882248, 0.0000000000000000000 ) ;
#7604 = DIRECTION ( 'NONE',  ( 1.937287448275559661E-17, 1.000000000000000000, 8.220413448604588965E-18 ) ) ;
#7605 = LINE ( 'NONE', #3359, #5633 ) ;
#7606 = FACE_OUTER_BOUND ( 'NONE', #13086, .T. ) ;
#7607 = ORIENTED_EDGE ( 'NONE', *, *, #9153, .T. ) ;
#7608 = CARTESIAN_POINT ( 'NONE',  ( 0.07122348804415806756, 0.05713380306642409229, 0.5228213236178701484 ) ) ;
#7609 = STYLED_ITEM ( 'NONE', ( #10063 ), #4729 ) ;
#7610 = VECTOR ( 'NONE', #6391, 39.37007874015748143 ) ;
#7611 = LINE ( 'NONE', #4631, #537 ) ;
#7612 = ORIENTED_EDGE ( 'NONE', *, *, #3044, .F. ) ;
#7613 = UNCERTAINTY_MEASURE_WITH_UNIT (LENGTH_MEASURE( 1.000000000000000082E-05 ), #5801, 'distance_accuracy_value', 'NONE');
#7614 = ADVANCED_FACE ( 'NONE', ( #7670 ), #12826, .F. ) ;
#7615 = CARTESIAN_POINT ( 'NONE',  ( 0.09484553528826220048, 0.1555589999168269788, 0.2554984889721937380 ) ) ;
#7616 = ADVANCED_FACE ( 'NONE', ( #4867 ), #2642, .F. ) ;
#7617 = ORIENTED_EDGE ( 'NONE', *, *, #3956, .T. ) ;
#7618 = CARTESIAN_POINT ( 'NONE',  ( 0.1208297872567765802, 0.05713380306641543255, 0.2397504574761405716 ) ) ;
#7619 = DIRECTION ( 'NONE',  ( -2.359223927328455183E-16, 3.885780586188049864E-16, 1.000000000000000000 ) ) ;
#7620 = DIRECTION ( 'NONE',  ( -4.283287147278279229E-17, -1.665334536937734811E-16, -1.000000000000000000 ) ) ;
#7621 = VECTOR ( 'NONE', #8389, 39.37007874015748143 ) ;
#7622 = VECTOR ( 'NONE', #5936, 39.37007874015748143 ) ;
#7623 = LINE ( 'NONE', #8480, #3961 ) ;
#7624 = ORIENTED_EDGE ( 'NONE', *, *, #9946, .T. ) ;
#7625 = ORIENTED_EDGE ( 'NONE', *, *, #7514, .T. ) ;
#7626 = DIRECTION ( 'NONE',  ( -1.937287448275559661E-17, -1.000000000000000000, -8.220413448604588965E-18 ) ) ;
#7627 = DIRECTION ( 'NONE',  ( 0.0000000000000000000, 0.0000000000000000000, 1.000000000000000000 ) ) ;
#7628 = EDGE_CURVE ( 'NONE', #7891, #8764, #3086, .T. ) ;
#7629 = LINE ( 'NONE', #489, #7929 ) ;
#7630 = DIRECTION ( 'NONE',  ( 2.359223927328455183E-16, -3.885780586188049864E-16, -1.000000000000000000 ) ) ;
#7631 = AXIS2_PLACEMENT_3D ( 'NONE', #12682, #11465, #513 ) ;
#7632 = AXIS2_PLACEMENT_3D ( 'NONE', #13129, #5040, #6917 ) ;
#7633 =( NAMED_UNIT ( * ) SI_UNIT ( $, .STERADIAN. ) SOLID_ANGLE_UNIT ( ) );
#7634 = ORIENTED_EDGE ( 'NONE', *, *, #110, .T. ) ;
#7635 = LINE ( 'NONE', #10787, #3615 ) ;
#7636 = EDGE_CURVE ( 'NONE', #9773, #3546, #8113, .T. ) ;
#7637 = DIRECTION ( 'NONE',  ( 0.1240347345890696062, 0.9922778767136850586, 0.0000000000000000000 ) ) ;
#7638 = ORIENTED_EDGE ( 'NONE', *, *, #11744, .F. ) ;
#7639 = CARTESIAN_POINT ( 'NONE',  ( 0.3305208835620728758, 0.4079514893171787282, 0.1921126622005507878 ) ) ;
#7640 = LINE ( 'NONE', #1492, #9910 ) ;
#7641 = ORIENTED_EDGE ( 'NONE', *, *, #8459, .T. ) ;
#7642 = AXIS2_PLACEMENT_3D ( 'NONE', #9065, #3878, #4738 ) ;
#7643 = DIRECTION ( 'NONE',  ( -1.000000000000000000, 0.0000000000000000000, 0.0000000000000000000 ) ) ;
#7644 = ORIENTED_EDGE ( 'NONE', *, *, #10795, .F. ) ;
#7645 = EDGE_CURVE ( 'NONE', #9314, #4984, #7066, .T. ) ;
#7646 = PLANE ( 'NONE',  #1327 ) ;
#7647 = ADVANCED_FACE ( 'NONE', ( #3140 ), #7937, .F. ) ;
#7648 = CARTESIAN_POINT ( 'NONE',  ( 0.2326408108788126095, -0.1446865674942330871, 0.2515614810981878224 ) ) ;
#7649 = CARTESIAN_POINT ( 'NONE',  ( 0.3090187636347015987, 0.08075585031051535356, 0.2515614810981878224 ) ) ;
#7650 = VECTOR ( 'NONE', #11688, 39.37007874015748143 ) ;
#7651 = DIRECTION ( 'NONE',  ( 1.000000000000000000, 1.174096724532128111E-16, -4.283287147278279229E-17 ) ) ;
#7652 = EDGE_CURVE ( 'NONE', #5752, #5007, #12280, .T. ) ;
#7653 = AXIS2_PLACEMENT_3D ( 'NONE', #6696, #1810, #857 ) ;
#7654 = CARTESIAN_POINT ( 'NONE',  ( 0.3842156140284138099, 0.1555589999168269788, 0.1901441582635314820 ) ) ;
#7655 = EDGE_LOOP ( 'NONE', ( #1593, #1718, #6732 ) ) ;
#7656 = DIRECTION ( 'NONE',  ( 1.000000000000000000, 0.0000000000000000000, 0.0000000000000000000 ) ) ;
#7657 = ORIENTED_EDGE ( 'NONE', *, *, #8454, .T. ) ;
#7658 = ORIENTED_EDGE ( 'NONE', *, *, #11000, .T. ) ;
#7659 = DIRECTION ( 'NONE',  ( -1.000000000000000000, -3.518308117683324880E-16, -2.626713979715460250E-16 ) ) ;
#7660 = DIRECTION ( 'NONE',  ( -1.316334802367149914E-16, 1.000000000000000000, -1.526556658859589750E-16 ) ) ;
#7661 = ORIENTED_EDGE ( 'NONE', *, *, #9751, .F. ) ;
#7662 = LENGTH_MEASURE_WITH_UNIT ( LENGTH_MEASURE( 0.02539999999999999897 ), #2498 );
#7663 = AXIS2_PLACEMENT_3D ( 'NONE', #7726, #1643, #10803 ) ;
#7664 = CARTESIAN_POINT ( 'NONE',  ( 0.1558691573354860360, 0.3760314408617059234, 0.3456559692871649658 ) ) ;
#7665 = ADVANCED_FACE ( 'NONE', ( #7002 ), #11146, .F. ) ;
#7666 = VECTOR ( 'NONE', #10882, 39.37007874015748143 ) ;
#7667 = LINE ( 'NONE', #2638, #1977 ) ;
#7668 = ORIENTED_EDGE ( 'NONE', *, *, #12803, .T. ) ;
#7669 = EDGE_CURVE ( 'NONE', #9152, #6078, #1992, .T. ) ;
#7670 = FACE_OUTER_BOUND ( 'NONE', #2917, .T. ) ;
#7671 = DIMENSIONAL_EXPONENTS ( 1.000000000000000000, 0.0000000000000000000, 0.0000000000000000000, 0.0000000000000000000, 0.0000000000000000000, 0.0000000000000000000, 0.0000000000000000000 ) ;
#7672 = DIRECTION ( 'NONE',  ( 0.0000000000000000000, 0.0000000000000000000, 1.000000000000000000 ) ) ;
#7673 = LINE ( 'NONE', #92, #6261 ) ;
#7674 = ORIENTED_EDGE ( 'NONE', *, *, #6563, .F. ) ;
#7675 = VECTOR ( 'NONE', #2984, 39.37007874015748854 ) ;
#7676 = EDGE_LOOP ( 'NONE', ( #9223, #3031, #6886, #12475 ) ) ;
#7677 = LINE ( 'NONE', #11555, #11941 ) ;
#7678 = EDGE_LOOP ( 'NONE', ( #6165, #6820, #11200, #9730 ) ) ;
#7679 = VECTOR ( 'NONE', #8516, 39.37007874015748143 ) ;
#7680 = VERTEX_POINT ( 'NONE', #1100 ) ;
#7681 = DIRECTION ( 'NONE',  ( 1.000000000000000000, 0.0000000000000000000, 0.0000000000000000000 ) ) ;
#7682 = DIRECTION ( 'NONE',  ( -1.000000000000000000, 1.937287448275559661E-17, 2.565854121688507820E-49 ) ) ;
#7683 = ORIENTED_EDGE ( 'NONE', *, *, #5430, .T. ) ;
#7684 = LINE ( 'NONE', #5560, #5240 ) ;
#7685 = CARTESIAN_POINT ( 'NONE',  ( 0.1027195510362848424, 0.1555589999168269788, 0.2180969141690468349 ) ) ;
#7686 = VERTEX_POINT ( 'NONE', #8048 ) ;
#7687 = CARTESIAN_POINT ( 'NONE',  ( 0.2483888423748476515, 0.3760314408617059234, 0.2905378590509508085 ) ) ;
#7688 = ADVANCED_FACE ( 'NONE', ( #2057 ), #1037, .F. ) ;
#7689 = CIRCLE ( 'NONE', #11519, 0.01771653543307086243 ) ;
#7690 = SURFACE_SIDE_STYLE ('',( #3642 ) ) ;
#7691 = VERTEX_POINT ( 'NONE', #10268 ) ;
#7692 = DIRECTION ( 'NONE',  ( 1.000000000000000000, -1.937287448275559661E-17, 0.0000000000000000000 ) ) ;
#7693 = DIRECTION ( 'NONE',  ( -1.000000000000000000, 1.937287448275559661E-17, 0.0000000000000000000 ) ) ;
#7694 = ORIENTED_EDGE ( 'NONE', *, *, #6116, .F. ) ;
#7695 = LINE ( 'NONE', #11780, #8686 ) ;
#7696 = VECTOR ( 'NONE', #12103, 39.37007874015748854 ) ;
#7697 = AXIS2_PLACEMENT_3D ( 'NONE', #2906, #6945, #9008 ) ;
#7698 = DIRECTION ( 'NONE',  ( -1.608386623408229791E-17, -1.526556658859589750E-16, -1.000000000000000000 ) ) ;
#7699 = ORIENTED_EDGE ( 'NONE', *, *, #9975, .F. ) ;
#7700 = EDGE_CURVE ( 'NONE', #7137, #3137, #5188, .T. ) ;
#7701 = CARTESIAN_POINT ( 'NONE',  ( 0.2090187636347027589, 0.08075585031051535356, 0.4515614810981850025 ) ) ;
#7702 = ADVANCED_FACE ( 'NONE', ( #11393 ), #6387, .F. ) ;
#7703 = FACE_OUTER_BOUND ( 'NONE', #1550, .T. ) ;
#7704 = VECTOR ( 'NONE', #9000, 39.37007874015748143 ) ;
#7705 = DIRECTION ( 'NONE',  ( 0.0000000000000000000, 0.0000000000000000000, 1.000000000000000000 ) ) ;
#7706 = VECTOR ( 'NONE', #8784, 39.37007874015748143 ) ;
#7707 = FILL_AREA_STYLE ('',( #4780 ) ) ;
#7708 = LENGTH_MEASURE_WITH_UNIT ( LENGTH_MEASURE( 0.02539999999999999897 ), #1762 );
#7709 = CARTESIAN_POINT ( 'NONE',  ( 0.3625620707213386140, 0.1555589999168271731, 0.4515614810981740113 ) ) ;
#7710 = LINE ( 'NONE', #8838, #3377 ) ;
#7711 = EDGE_CURVE ( 'NONE', #659, #7223, #1222, .T. ) ;
#7712 = AXIS2_PLACEMENT_3D ( 'NONE', #8841, #5862, #9929 ) ;
#7713 = CARTESIAN_POINT ( 'NONE',  ( 0.2326408108788039775, 0.5531967951924180449, 0.3456559692871649658 ) ) ;
#7714 = DIRECTION ( 'NONE',  ( 0.0000000000000000000, -1.000000000000000000, 0.0000000000000000000 ) ) ;
#7715 = ORIENTED_EDGE ( 'NONE', *, *, #3854, .T. ) ;
#7716 = AXIS2_PLACEMENT_3D ( 'NONE', #9922, #2875, #7905 ) ;
#7717 = CARTESIAN_POINT ( 'NONE',  ( 0.2483888423748523422, 0.3760314408617059234, 0.3751835283422830791 ) ) ;
#7718 = CARTESIAN_POINT ( 'NONE',  ( 0.3468140392252720416, 0.1555589999168271731, 0.4062465204682488285 ) ) ;
#7719 = CARTESIAN_POINT ( 'NONE',  ( 0.2326408108788130258, 0.1476849841687954967, 0.1901441582635346739 ) ) ;
#7720 = CARTESIAN_POINT ( 'NONE',  ( 0.07319199198118012117, 0.1476849841687954967, 0.3456559692871708500 ) ) ;
#7721 = LINE ( 'NONE', #1776, #1722 ) ;
#7722 = AXIS2_PLACEMENT_3D ( 'NONE', #8752, #8467, #12568 ) ;
#7723 = DIRECTION ( 'NONE',  ( 0.0000000000000000000, 0.0000000000000000000, -1.000000000000000000 ) ) ;
#7724 = LINE ( 'NONE', #9807, #5495 ) ;
#7725 = EDGE_LOOP ( 'NONE', ( #10920, #3206, #7167, #1508, #8648, #11877 ) ) ;
#7726 = CARTESIAN_POINT ( 'NONE',  ( 0.2326408108788039775, 0.5295747479483235987, 0.3456559692871649658 ) ) ;
#7727 = ORIENTED_EDGE ( 'NONE', *, *, #10687, .T. ) ;
#7728 = ORIENTED_EDGE ( 'NONE', *, *, #12514, .F. ) ;
#7729 =( NAMED_UNIT ( * ) SI_UNIT ( $, .STERADIAN. ) SOLID_ANGLE_UNIT ( ) );
#7730 = DIRECTION ( 'NONE',  ( 3.007447121050439791E-18, 2.498001805406600244E-16, 1.000000000000000000 ) ) ;
#7731 = EDGE_CURVE ( 'NONE', #96, #224, #8359, .T. ) ;
#7732 = ORIENTED_EDGE ( 'NONE', *, *, #311, .T. ) ;
#7733 = DIRECTION ( 'NONE',  ( 0.3511234415875753578, 0.9363291775693505237, -1.485833765564465269E-16 ) ) ;
#7734 = CIRCLE ( 'NONE', #12867, 0.007874015748031449116 ) ;
#7735 = LINE ( 'NONE', #11820, #7358 ) ;
#7736 = ADVANCED_FACE ( 'NONE', ( #4456 ), #6526, .F. ) ;
#7737 = CARTESIAN_POINT ( 'NONE',  ( 0.3586250628473003355, 0.3760314408617059234, 0.3062858905470074999 ) ) ;
#7738 = EDGE_LOOP ( 'NONE', ( #5010, #12899, #5350, #11655 ) ) ;
#7739 = FACE_OUTER_BOUND ( 'NONE', #2760, .T. ) ;
#7740 = ORIENTED_EDGE ( 'NONE', *, *, #6487, .F. ) ;
#7741 = VECTOR ( 'NONE', #8778, 39.37007874015748143 ) ;
#7742 = ORIENTED_EDGE ( 'NONE', *, *, #3641, .F. ) ;
#7743 = EDGE_CURVE ( 'NONE', #12902, #2633, #285, .T. ) ;
#7744 = DIRECTION ( 'NONE',  ( 0.0000000000000000000, 0.0000000000000000000, 1.000000000000000000 ) ) ;
#7745 = EDGE_LOOP ( 'NONE', ( #3955, #7257, #6598, #11207, #2379, #6408 ) ) ;
#7746 = VERTEX_POINT ( 'NONE', #12529 ) ;
#7747 = PLANE ( 'NONE',  #670 ) ;
#7748 = SURFACE_STYLE_USAGE ( .BOTH. , #851 ) ;
#7749 = EDGE_CURVE ( 'NONE', #866, #6010, #6260, .T. ) ;
#7750 = ORIENTED_EDGE ( 'NONE', *, *, #2976, .T. ) ;
#7751 = EDGE_CURVE ( 'NONE', #708, #113, #8428, .T. ) ;
#7752 = CARTESIAN_POINT ( 'NONE',  ( 0.3625620707213386140, 0.1555589999168271731, 0.4180969141690433211 ) ) ;
#7753 = DIRECTION ( 'NONE',  ( -2.359223927328455183E-16, 3.885780586188049864E-16, 1.000000000000000000 ) ) ;
#7754 = CARTESIAN_POINT ( 'NONE',  ( 0.08106600772921163101, 0.1555589999168269788, 0.4932937645627543666 ) ) ;
#7755 = EDGE_LOOP ( 'NONE', ( #2952, #4558, #364, #4462 ) ) ;
#7756 = FACE_OUTER_BOUND ( 'NONE', #1747, .T. ) ;
#7757 = VECTOR ( 'NONE', #3603, 39.37007874015748143 ) ;
#7758 = CARTESIAN_POINT ( 'NONE',  ( 0.2090187636347027589, 0.08075585031051535356, 0.2515614810981878224 ) ) ;
#7759 = VERTEX_POINT ( 'NONE', #3268 ) ;
#7760 = UNCERTAINTY_MEASURE_WITH_UNIT (LENGTH_MEASURE( 1.000000000000000082E-05 ), #10776, 'distance_accuracy_value', 'NONE');
#7761 = CARTESIAN_POINT ( 'NONE',  ( 0.03972742505202851021, 0.2185511259010751717, 0.3614040007832315382 ) ) ;
#7762 = PRESENTATION_LAYER_ASSIGNMENT (  '', '', ( #134 ) ) ;
#7763 = LINE ( 'NONE', #8959, #1757 ) ;
#7764 = ORIENTED_EDGE ( 'NONE', *, *, #6993, .F. ) ;
#7765 = DIMENSIONAL_EXPONENTS ( 1.000000000000000000, 0.0000000000000000000, 0.0000000000000000000, 0.0000000000000000000, 0.0000000000000000000, 0.0000000000000000000, 0.0000000000000000000 ) ;
#7766 = CARTESIAN_POINT ( 'NONE',  ( 0.2405148266268504198, 0.1555589999168271731, 0.4456559692871464584 ) ) ;
#7767 = EDGE_CURVE ( 'NONE', #7837, #6921, #3402, .T. ) ;
#7768 = CARTESIAN_POINT ( 'NONE',  ( 0.3090187636347015987, 0.08075585031051535356, 0.4515614810981850025 ) ) ;
#7769 = DIRECTION ( 'NONE',  ( -0.4472135955000934859, 0.8944271909998480208, -1.293464547805031941E-16 ) ) ;
#7770 =( NAMED_UNIT ( * ) SI_UNIT ( $, .STERADIAN. ) SOLID_ANGLE_UNIT ( ) );
#7771 = LINE ( 'NONE', #3981, #5340 ) ;
#7772 = CARTESIAN_POINT ( 'NONE',  ( 0.1558691573354938908, 0.2933542755073602626, 0.2397504574761405716 ) ) ;
#7773 = PLANE ( 'NONE',  #9580 ) ;
#7774 = CARTESIAN_POINT ( 'NONE',  ( 0.2326408108788130258, 0.08862986605855749378, 0.1901441582635346739 ) ) ;
#7775 = CARTESIAN_POINT ( 'NONE',  ( 0.2208297872567575038, -0.05703942528004488088, 0.2515614810981878224 ) ) ;
#7776 = STYLED_ITEM ( 'NONE', ( #9051 ), #459 ) ;
#7777 = EDGE_CURVE ( 'NONE', #4394, #9773, #9193, .T. ) ;
#7778 = ADVANCED_FACE ( 'NONE', ( #11528 ), #6460, .T. ) ;
#7779 = CARTESIAN_POINT ( 'NONE',  ( 0.1090187636347222516, 0.08075585031049743734, 0.2397504574761405716 ) ) ;
#7780 = LINE ( 'NONE', #2616, #1857 ) ;
#7781 = LINE ( 'NONE', #8846, #10300 ) ;
#7782 = LINE ( 'NONE', #3532, #8513 ) ;
#7783 = VECTOR ( 'NONE', #9749, 39.37007874015748143 ) ;
#7784 = DIRECTION ( 'NONE',  ( 2.359223927328455183E-16, -3.885780586188049864E-16, -1.000000000000000000 ) ) ;
#7785 = PLANE ( 'NONE',  #6067 ) ;
#7786 = DIRECTION ( 'NONE',  ( 3.518308117683324880E-16, -1.000000000000000000, 4.163336342344335054E-16 ) ) ;
#7787 = SURFACE_STYLE_USAGE ( .BOTH. , #6728 ) ;
#7788 = LINE ( 'NONE', #3429, #3185 ) ;
#7789 = ORIENTED_EDGE ( 'NONE', *, *, #9700, .T. ) ;
#7790 = DIRECTION ( 'NONE',  ( 1.000000000000000000, 3.376070039848299626E-16, 2.359223927328455183E-16 ) ) ;
#7791 = ORIENTED_EDGE ( 'NONE', *, *, #7408, .F. ) ;
#7792 = ADVANCED_FACE ( 'NONE', ( #4791 ), #5869, .T. ) ;
#7793 = ORIENTED_EDGE ( 'NONE', *, *, #3102, .F. ) ;
#7794 = PLANE ( 'NONE',  #6371 ) ;
#7795 = VECTOR ( 'NONE', #8190, 39.37007874015748143 ) ;
#7796 = CARTESIAN_POINT ( 'NONE',  ( 0.2405148266268504198, 0.1555589999168269788, 0.2062858905469921178 ) ) ;
#7797 = ORIENTED_EDGE ( 'NONE', *, *, #7767, .T. ) ;
#7798 = DIRECTION ( 'NONE',  ( -4.283287147278279229E-17, -1.665334536937734811E-16, -1.000000000000000000 ) ) ;
#7799 = CARTESIAN_POINT ( 'NONE',  ( 0.3310660077292019721, 0.5295747479483133846, 0.3456559692871649658 ) ) ;
#7800 = CARTESIAN_POINT ( 'NONE',  ( 0.1893337242646342400, 0.1988660865309976600, 0.4972307724367677761 ) ) ;
#7801 = ORIENTED_EDGE ( 'NONE', *, *, #3592, .F. ) ;
#7802 =( NAMED_UNIT ( * ) PLANE_ANGLE_UNIT ( ) SI_UNIT ( $, .RADIAN. ) );
#7803 = EDGE_CURVE ( 'NONE', #5339, #12965, #6863, .T. ) ;
#7804 = VECTOR ( 'NONE', #6636, 39.37007874015748143 ) ;
#7805 = DIRECTION ( 'NONE',  ( -1.608386623408229791E-17, -1.526556658859589750E-16, -1.000000000000000000 ) ) ;
#7806 = ORIENTED_EDGE ( 'NONE', *, *, #8285, .T. ) ;
#7807 = ORIENTED_EDGE ( 'NONE', *, *, #5142, .T. ) ;
#7808 = DIRECTION ( 'NONE',  ( 1.000000000000000000, -1.937287448275484781E-17, -8.833616147085620181E-14 ) ) ;
#7809 = ORIENTED_EDGE ( 'NONE', *, *, #7645, .F. ) ;
#7810 = EDGE_CURVE ( 'NONE', #384, #6846, #4661, .T. ) ;
#7811 = ORIENTED_EDGE ( 'NONE', *, *, #9655, .F. ) ;
#7812 =( LENGTH_UNIT ( ) NAMED_UNIT ( * ) SI_UNIT ( $, .METRE. ) );
#7813 = CARTESIAN_POINT ( 'NONE',  ( 0.2982576087790693165, 0.2277374776071133811, 0.4138974391034433431 ) ) ;
#7814 = ORIENTED_EDGE ( 'NONE', *, *, #7041, .T. ) ;
#7815 = DIRECTION ( 'NONE',  ( 0.0000000000000000000, 1.000000000000000000, 0.0000000000000000000 ) ) ;
#7816 = LINE ( 'NONE', #3834, #1209 ) ;
#7817 = EDGE_LOOP ( 'NONE', ( #5650, #12358, #2841, #5754 ) ) ;
#7818 = FACE_OUTER_BOUND ( 'NONE', #1070, .T. ) ;
#7819 = EDGE_CURVE ( 'NONE', #11988, #1796, #765, .T. ) ;
#7820 = LINE ( 'NONE', #5905, #9420 ) ;
#7821 = VERTEX_POINT ( 'NONE', #12672 ) ;
#7822 = AXIS2_PLACEMENT_3D ( 'NONE', #8378, #12547, #12485 ) ;
#7823 = CARTESIAN_POINT ( 'NONE',  ( 0.1164990785953285424, 0.1988660865309976600, 0.2669158118068500340 ) ) ;
#7824 = CARTESIAN_POINT ( 'NONE',  ( 0.3444518345008468208, 0.05713380306641550888, 0.4515614810981850025 ) ) ;
#7825 = ORIENTED_EDGE ( 'NONE', *, *, #8166, .F. ) ;
#7826 = DIRECTION ( 'NONE',  ( 1.000000000000000000, 1.408738150179759833E-16, -6.014894242100889598E-18 ) ) ;
#7827 = DIRECTION ( 'NONE',  ( 0.0000000000000000000, 0.0000000000000000000, -1.000000000000000000 ) ) ;
#7828 =( LENGTH_UNIT ( ) NAMED_UNIT ( * ) SI_UNIT ( $, .METRE. ) );
#7829 = EDGE_LOOP ( 'NONE', ( #12131, #11740, #11152, #11791, #5476, #12151, #7591, #7146, #7293, #1876, #7244, #9917 ) ) ;
#7830 = VECTOR ( 'NONE', #4889, 39.37007874015748143 ) ;
#7831 = VERTEX_POINT ( 'NONE', #503 ) ;
#7832 = VECTOR ( 'NONE', #5682, 39.37007874015748143 ) ;
#7833 = LINE ( 'NONE', #1956, #3357 ) ;
#7834 = PLANE ( 'NONE',  #11315 ) ;
#7835 = EDGE_CURVE ( 'NONE', #11504, #11337, #2554, .T. ) ;
#7836 = CARTESIAN_POINT ( 'NONE',  ( 0.1444518345008675153, 0.05713380306640645362, 0.2515614810981878224 ) ) ;
#7837 = VERTEX_POINT ( 'NONE', #6588 ) ;
#7838 = LINE ( 'NONE', #12788, #9871 ) ;
#7839 = ORIENTED_EDGE ( 'NONE', *, *, #4113, .T. ) ;
#7840 = CARTESIAN_POINT ( 'NONE',  ( 0.3645305746583386020, 0.3760314408617052018, 0.1901441582635393646 ) ) ;
#7841 = VECTOR ( 'NONE', #3794, 39.37007874015748143 ) ;
#7842 = DIRECTION ( 'NONE',  ( -2.359223927328455183E-16, 3.885780586188049864E-16, 1.000000000000000000 ) ) ;
#7843 = VECTOR ( 'NONE', #346, 39.37007874015748143 ) ;
#7844 = CARTESIAN_POINT ( 'NONE',  ( 0.2090187636347129729, 0.4272125432239181064, 0.2905378590509232195 ) ) ;
#7845 = DIRECTION ( 'NONE',  ( 0.9363291775686510832, 0.3511234415894410321, -6.866077602708833101E-17 ) ) ;
#7846 = VERTEX_POINT ( 'NONE', #9665 ) ;
#7847 = DIRECTION ( 'NONE',  ( -8.833616147085620181E-14, -8.220413448603018947E-18, 1.000000000000000000 ) ) ;
#7848 = VERTEX_POINT ( 'NONE', #632 ) ;
#7849 = DIMENSIONAL_EXPONENTS ( 1.000000000000000000, 0.0000000000000000000, 0.0000000000000000000, 0.0000000000000000000, 0.0000000000000000000, 0.0000000000000000000, 0.0000000000000000000 ) ;
#7850 = VECTOR ( 'NONE', #7956, 39.37007874015748854 ) ;
#7851 = DIRECTION ( 'NONE',  ( 0.0000000000000000000, 8.220413448604739958E-18, -1.000000000000000000 ) ) ;
#7852 = AXIS2_PLACEMENT_3D ( 'NONE', #12443, #3303, #4361 ) ;
#7853 = EDGE_CURVE ( 'NONE', #1282, #6283, #12942, .T. ) ;
#7854 = DIRECTION ( 'NONE',  ( 0.4472135954996860341, 0.8944271910000517467, -2.549099026653634905E-16 ) ) ;
#7855 = CARTESIAN_POINT ( 'NONE',  ( 0.1444518345008675153, 0.05713380306640645362, 0.4397504574761377794 ) ) ;
#7856 = LINE ( 'NONE', #11873, #5090 ) ;
#7857 = EDGE_LOOP ( 'NONE', ( #7175, #10892, #10846, #1493 ) ) ;
#7858 = CARTESIAN_POINT ( 'NONE',  ( 0.1444518345008675153, 0.05713380306640645362, 0.2397504574761405716 ) ) ;
#7859 = ORIENTED_EDGE ( 'NONE', *, *, #1843, .T. ) ;
#7860 = VERTEX_POINT ( 'NONE', #9735 ) ;
#7861 = COLOUR_RGB ( '',0.7529411764705882248, 0.7529411764705882248, 0.0000000000000000000 ) ;
#7862 = DIRECTION ( 'NONE',  ( -3.376070039848299626E-16, 1.000000000000000000, -4.302114220422480115E-16 ) ) ;
#7863 = VECTOR ( 'NONE', #1978, 39.37007874015748143 ) ;
#7864 = CARTESIAN_POINT ( 'NONE',  ( 0.3090187636347015987, 0.08862986605856654210, 0.4515614810981850025 ) ) ;
#7865 = ORIENTED_EDGE ( 'NONE', *, *, #8444, .F. ) ;
#7866 = CARTESIAN_POINT ( 'NONE',  ( 0.2326408108788039775, 0.4272125432239181064, 0.3456559692871649658 ) ) ;
#7867 = CARTESIAN_POINT ( 'NONE',  ( 0.2483888423748523422, 0.4272125432239181064, 0.4007740795234071007 ) ) ;
#7868 = DIRECTION ( 'NONE',  ( 2.359223927328455183E-16, -3.885780586188049864E-16, -1.000000000000000000 ) ) ;
#7869 = ORIENTED_EDGE ( 'NONE', *, *, #11698, .T. ) ;
#7870 = EDGE_CURVE ( 'NONE', #5266, #4834, #6723, .T. ) ;
#7871 = FACE_OUTER_BOUND ( 'NONE', #7323, .T. ) ;
#7872 = EDGE_CURVE ( 'NONE', #4540, #9640, #12804, .T. ) ;
#7873 = LINE ( 'NONE', #12828, #9763 ) ;
#7874 = ORIENTED_EDGE ( 'NONE', *, *, #3589, .T. ) ;
#7875 = ORIENTED_EDGE ( 'NONE', *, *, #10331, .T. ) ;
#7876 = CARTESIAN_POINT ( 'NONE',  ( 0.2483888423748523422, 0.3760314408617059234, 0.3161284102320469080 ) ) ;
#7877 = ORIENTED_EDGE ( 'NONE', *, *, #7995, .T. ) ;
#7878 = EDGE_LOOP ( 'NONE', ( #2938, #3481 ) ) ;
#7879 =( NAMED_UNIT ( * ) SI_UNIT ( $, .STERADIAN. ) SOLID_ANGLE_UNIT ( ) );
#7880 = AXIS2_PLACEMENT_3D ( 'NONE', #5649, #9721, #8696 ) ;
#7881 = LINE ( 'NONE', #13039, #3038 ) ;
#7882 = ORIENTED_EDGE ( 'NONE', *, *, #12900, .F. ) ;
#7883 = AXIS2_PLACEMENT_3D ( 'NONE', #10407, #1448, #7262 ) ;
#7884 = LINE ( 'NONE', #9270, #12704 ) ;
#7885 = EDGE_CURVE ( 'NONE', #577, #787, #10796, .T. ) ;
#7886 = FACE_OUTER_BOUND ( 'NONE', #7409, .T. ) ;
#7887 = ORIENTED_EDGE ( 'NONE', *, *, #2904, .T. ) ;
#7888 = CARTESIAN_POINT ( 'NONE',  ( 0.2326408108788039775, 0.2972912833813901590, 0.1527425834603897692 ) ) ;
#7889 = AXIS2_PLACEMENT_3D ( 'NONE', #9526, #434, #4463 ) ;
#7890 = DIRECTION ( 'NONE',  ( 1.000000000000000000, 0.0000000000000000000, 0.0000000000000000000 ) ) ;
#7891 = VERTEX_POINT ( 'NONE', #5727 ) ;
#7892 = FACE_OUTER_BOUND ( 'NONE', #6801, .T. ) ;
#7893 = CARTESIAN_POINT ( 'NONE',  ( 0.3468140392252720416, 0.1555589999168271731, 0.4515614810981740113 ) ) ;
#7894 = ORIENTED_EDGE ( 'NONE', *, *, #4638, .T. ) ;
#7895 = LINE ( 'NONE', #10175, #12539 ) ;
#7896 = DIRECTION ( 'NONE',  ( -0.5773502691896257311, 0.5773502691896257311, 0.5773502691896257311 ) ) ;
#7897 = CARTESIAN_POINT ( 'NONE',  ( 0.3625620707213386140, 0.1555589999168271731, 0.4456559692871464584 ) ) ;
#7898 = AXIS2_PLACEMENT_3D ( 'NONE', #10577, #8615, #548 ) ;
#7899 = EDGE_CURVE ( 'NONE', #4691, #10025, #9801, .T. ) ;
#7900 = AXIS2_PLACEMENT_3D ( 'NONE', #3519, #10850, #1482 ) ;
#7901 = ORIENTED_EDGE ( 'NONE', *, *, #5902, .F. ) ;
#7902 =( NAMED_UNIT ( * ) SI_UNIT ( $, .STERADIAN. ) SOLID_ANGLE_UNIT ( ) );
#7903 = EDGE_CURVE ( 'NONE', #10100, #4574, #3740, .T. ) ;
#7904 = LINE ( 'NONE', #12061, #7049 ) ;
#7905 = DIRECTION ( 'NONE',  ( -1.937287448275559661E-17, -1.000000000000000000, -8.220413448604588965E-18 ) ) ;
#7906 =( LENGTH_UNIT ( ) NAMED_UNIT ( * ) SI_UNIT ( $, .METRE. ) );
#7907 = VECTOR ( 'NONE', #67, 39.37007874015748143 ) ;
#7908 = DIRECTION ( 'NONE',  ( 3.007447121050439791E-18, 2.498001805406600244E-16, 1.000000000000000000 ) ) ;
#7909 =( GEOMETRIC_REPRESENTATION_CONTEXT ( 3 ) GLOBAL_UNCERTAINTY_ASSIGNED_CONTEXT ( ( #10290 ) ) GLOBAL_UNIT_ASSIGNED_CONTEXT ( ( #10478, #8380, #2370 ) ) REPRESENTATION_CONTEXT ( 'NONE', 'WORKASPACE' ) );
#7910 = LINE ( 'NONE', #10133, #9983 ) ;
#7911 = EDGE_CURVE ( 'NONE', #8807, #3974, #10937, .T. ) ;
#7912 = CARTESIAN_POINT ( 'NONE',  ( 0.1385463226898582811, -0.07278745677611142550, 0.4397504574761377794 ) ) ;
#7913 = CARTESIAN_POINT ( 'NONE',  ( 0.3468140392252720416, 0.3130393148774570644, 0.4062465204682488285 ) ) ;
#7914 = VERTEX_POINT ( 'NONE', #1085 ) ;
#7915 = EDGE_CURVE ( 'NONE', #7537, #8215, #5108, .T. ) ;
#7916 = EDGE_CURVE ( 'NONE', #12084, #10964, #8096, .T. ) ;
#7917 = VECTOR ( 'NONE', #12231, 39.37007874015748143 ) ;
#7918 = MECHANICAL_DESIGN_GEOMETRIC_PRESENTATION_REPRESENTATION (  '', ( #4943 ), #6861 ) ;
#7919 = DIRECTION ( 'NONE',  ( 0.0000000000000000000, 1.000000000000000000, 0.0000000000000000000 ) ) ;
#7920 = CARTESIAN_POINT ( 'NONE',  ( 0.3385463226898373645, -0.07278745677610237719, 0.4397504574761377794 ) ) ;
#7921 = LINE ( 'NONE', #888, #6697 ) ;
#7922 =( LENGTH_UNIT ( ) NAMED_UNIT ( * ) SI_UNIT ( $, .METRE. ) );
#7923 = LINE ( 'NONE', #2888, #4863 ) ;
#7924 = LINE ( 'NONE', #1026, #3839 ) ;
#7925 = VECTOR ( 'NONE', #6130, 39.37007874015748143 ) ;
#7926 = ORIENTED_EDGE ( 'NONE', *, *, #11513, .F. ) ;
#7927 = CARTESIAN_POINT ( 'NONE',  ( 0.3389400234772386167, 0.2008345904680078620, 0.4480181740115732336 ) ) ;
#7928 = VERTEX_POINT ( 'NONE', #10999 ) ;
#7929 = VECTOR ( 'NONE', #12659, 39.37007874015748143 ) ;
#7930 = ORIENTED_EDGE ( 'NONE', *, *, #2084, .F. ) ;
#7931 = PLANE ( 'NONE',  #1530 ) ;
#7932 = PLANE ( 'NONE',  #1794 ) ;
#7933 = EDGE_CURVE ( 'NONE', #10222, #6958, #3934, .T. ) ;
#7934 = CARTESIAN_POINT ( 'NONE',  ( 0.3313688544887177234, 0.1988660865309964665, 0.1975639038722385721 ) ) ;
#7935 = CARTESIAN_POINT ( 'NONE',  ( 0.4098061652095126295, 0.08862986605855728561, 0.5228213236178701484 ) ) ;
#7936 = VERTEX_POINT ( 'NONE', #12202 ) ;
#7937 = PLANE ( 'NONE',  #2628 ) ;
#7938 = CARTESIAN_POINT ( 'NONE',  ( 0.1558691573354936966, 0.2421731731451575165, 0.4397504574761377794 ) ) ;
#7939 = EDGE_LOOP ( 'NONE', ( #10894, #3143, #10821, #2966, #3258, #3108, #12017 ) ) ;
#7940 = ORIENTED_EDGE ( 'NONE', *, *, #5621, .T. ) ;
#7941 = CARTESIAN_POINT ( 'NONE',  ( 0.3389400234772338982, 0.3760314408617052018, 0.3810890401533106320 ) ) ;
#7942 = ORIENTED_EDGE ( 'NONE', *, *, #347, .T. ) ;
#7943 = ORIENTED_EDGE ( 'NONE', *, *, #10355, .F. ) ;
#7944 = CARTESIAN_POINT ( 'NONE',  ( 0.1558691573354936966, 0.2933542755073602626, 0.4515614810981850025 ) ) ;
#7945 = ADVANCED_FACE ( 'NONE', ( #3129 ), #90, .F. ) ;
#7946 = EDGE_CURVE ( 'NONE', #3680, #6838, #13080, .T. ) ;
#7947 = PRESENTATION_STYLE_ASSIGNMENT (( #13042 ) ) ;
#7948 = DIRECTION ( 'NONE',  ( 1.000000000000000000, 1.316334802367149914E-16, -1.608386623408234722E-17 ) ) ;
#7949 = VERTEX_POINT ( 'NONE', #7920 ) ;
#7950 = LENGTH_MEASURE_WITH_UNIT ( LENGTH_MEASURE( 0.02539999999999999897 ), #10168 );
#7951 = VECTOR ( 'NONE', #11734, 39.37007874015748143 ) ;
#7952 = VERTEX_POINT ( 'NONE', #8162 ) ;
#7953 = DIRECTION ( 'NONE',  ( -1.000000000000000000, 0.0000000000000000000, 0.0000000000000000000 ) ) ;
#7954 = CARTESIAN_POINT ( 'NONE',  ( 0.2483888423748523422, 0.5295747479483235987, 0.2688843157438653431 ) ) ;
#7955 = ORIENTED_EDGE ( 'NONE', *, *, #6320, .F. ) ;
#7956 = DIRECTION ( 'NONE',  ( 0.0000000000000000000, 0.7071067811865444641, -0.7071067811865504593 ) ) ;
#7957 = CARTESIAN_POINT ( 'NONE',  ( 0.3208297872567559272, -0.05703942528003581869, 0.2515614810981878224 ) ) ;
#7958 = CIRCLE ( 'NONE', #11165, 0.05610236220472441387 ) ;
#7959 = ORIENTED_EDGE ( 'NONE', *, *, #7968, .T. ) ;
#7960 = CARTESIAN_POINT ( 'NONE',  ( 0.3290975037921822777, 0.3760314408617059234, 0.2688843157438653431 ) ) ;
#7961 = CARTESIAN_POINT ( 'NONE',  ( 0.2326408108788161622, 0.1555589999168269788, 0.2810890401533023275 ) ) ;
#7962 = DIRECTION ( 'NONE',  ( 0.0000000000000000000, -1.000000000000000000, 0.0000000000000000000 ) ) ;
#7963 = EDGE_CURVE ( 'NONE', #8103, #3119, #8913, .T. ) ;
#7964 = CLOSED_SHELL ( 'NONE', ( #10139, #1892, #926, #6518, #1321, #8715, #11998, #5055, #12482, #4359, #9995, #10, #5037, #5267, #8570, #5870, #4857 ) ) ;
#7965 = VECTOR ( 'NONE', #11587, 39.37007874015748143 ) ;
#7966 = DIRECTION ( 'NONE',  ( 0.0000000000000000000, 0.0000000000000000000, -1.000000000000000000 ) ) ;
#7967 = ORIENTED_EDGE ( 'NONE', *, *, #21, .T. ) ;
#7968 = EDGE_CURVE ( 'NONE', #9022, #7010, #9116, .T. ) ;
#7969 = CARTESIAN_POINT ( 'NONE',  ( 0.3586250628473003355, 0.1988660865309976600, 0.3456559692871649658 ) ) ;
#7970 = LINE ( 'NONE', #12068, #6144 ) ;
#7971 = EDGE_CURVE ( 'NONE', #6229, #963, #11251, .T. ) ;
#7972 = LINE ( 'NONE', #7043, #3257 ) ;
#7973 = CARTESIAN_POINT ( 'NONE',  ( 0.1558691573354860360, 0.3760314408617059234, 0.2669158118068500340 ) ) ;
#7974 = VERTEX_POINT ( 'NONE', #1973 ) ;
#7975 = EDGE_LOOP ( 'NONE', ( #11947, #7094, #12763, #3962 ) ) ;
#7976 = CARTESIAN_POINT ( 'NONE',  ( 0.1558691573354938908, 0.2933542755073602626, 0.2515614810981878224 ) ) ;
#7977 = DIRECTION ( 'NONE',  ( 0.0000000000000000000, -1.000000000000000000, 0.0000000000000000000 ) ) ;
#7978 = DIRECTION ( 'NONE',  ( -4.283287147278279229E-17, -1.665334536937734811E-16, -1.000000000000000000 ) ) ;
#7979 = SURFACE_SIDE_STYLE ('',( #6005 ) ) ;
#7980 = DIRECTION ( 'NONE',  ( -1.174096724532128111E-16, 1.000000000000000000, -1.665334536937734811E-16 ) ) ;
#7981 = EDGE_CURVE ( 'NONE', #7198, #2559, #6003, .T. ) ;
#7982 = DIRECTION ( 'NONE',  ( -1.000000000000000000, -1.174096724532128111E-16, 4.283287147278279229E-17 ) ) ;
#7983 = ORIENTED_EDGE ( 'NONE', *, *, #6971, .T. ) ;
#7984 = ORIENTED_EDGE ( 'NONE', *, *, #5371, .F. ) ;
#7985 = ORIENTED_EDGE ( 'NONE', *, *, #828, .F. ) ;
#7986 = DIRECTION ( 'NONE',  ( 2.626713979715460250E-16, -3.747002708109905789E-16, -1.000000000000000000 ) ) ;
#7987 = CARTESIAN_POINT ( 'NONE',  ( 0.1558691573354860360, 0.7897218048774075072, 0.2669158118068500340 ) ) ;
#7988 = CARTESIAN_POINT ( 'NONE',  ( 0.1558691573355116267, 0.2264251416490909441, 0.4515614810981850025 ) ) ;
#7989 = AXIS2_PLACEMENT_3D ( 'NONE', #9697, #1397, #11627 ) ;
#7990 = CARTESIAN_POINT ( 'NONE',  ( 0.1755541967055905817, 0.1437479762947637685, 0.4515614810981850025 ) ) ;
#7991 = DIRECTION ( 'NONE',  ( -1.000000000000000000, 0.0000000000000000000, 0.0000000000000000000 ) ) ;
#7992 = ORIENTED_EDGE ( 'NONE', *, *, #4886, .F. ) ;
#7993 = DIRECTION ( 'NONE',  ( -1.000000000000000000, -3.518308117683325866E-16, -2.626713979715460250E-16 ) ) ;
#7994 = DIRECTION ( 'NONE',  ( 0.3511234415886834714, -0.9363291775689350782, 1.372885316240751804E-16 ) ) ;
#7995 = EDGE_CURVE ( 'NONE', #3917, #1181, #9056, .T. ) ;
#7996 = ORIENTED_EDGE ( 'NONE', *, *, #7885, .T. ) ;
#7997 = ORIENTED_EDGE ( 'NONE', *, *, #2542, .F. ) ;
#7998 = VECTOR ( 'NONE', #9398, 39.37007874015748143 ) ;
#7999 = CARTESIAN_POINT ( 'NONE',  ( 0.3330345116662205007, 0.3130393148774570644, 0.4850260480273039243 ) ) ;
#8000 = ORIENTED_EDGE ( 'NONE', *, *, #8092, .F. ) ;
#8001 = ORIENTED_EDGE ( 'NONE', *, *, #12712, .T. ) ;
#8002 = DIRECTION ( 'NONE',  ( 0.0000000000000000000, -1.000000000000000000, 0.0000000000000000000 ) ) ;
#8003 =( LENGTH_UNIT ( ) NAMED_UNIT ( * ) SI_UNIT ( $, .METRE. ) );
#8004 = CARTESIAN_POINT ( 'NONE',  ( 0.1145305746583313022, 0.3957164802317834629, 0.4440811661375591024 ) ) ;
#8005 = CARTESIAN_POINT ( 'NONE',  ( 0.1558691573354936966, 0.3091023070034267795, 0.4515614810981850025 ) ) ;
#8006 = EDGE_CURVE ( 'NONE', #12680, #7914, #12199, .T. ) ;
#8007 = EDGE_LOOP ( 'NONE', ( #7498, #3822, #8583, #3588 ) ) ;
#8008 = DIRECTION ( 'NONE',  ( 4.283287147278279229E-17, 1.665334536937734811E-16, 1.000000000000000000 ) ) ;
#8009 = LINE ( 'NONE', #7954, #11710 ) ;
#8010 = ORIENTED_EDGE ( 'NONE', *, *, #5280, .T. ) ;
#8011 = DIRECTION ( 'NONE',  ( 0.0000000000000000000, -1.000000000000000000, 0.0000000000000000000 ) ) ;
#8012 = LINE ( 'NONE', #11106, #4493 ) ;
#8013 = LINE ( 'NONE', #7152, #1898 ) ;
#8014 = ORIENTED_EDGE ( 'NONE', *, *, #5202, .F. ) ;
#8015 = ORIENTED_EDGE ( 'NONE', *, *, #3805, .F. ) ;
#8016 = DIRECTION ( 'NONE',  ( 1.174096724532128111E-16, -1.000000000000000000, 1.665334536937734811E-16 ) ) ;
#8017 = FILL_AREA_STYLE_COLOUR ( '', #1130 ) ;
#8018 =( GEOMETRIC_REPRESENTATION_CONTEXT ( 3 ) GLOBAL_UNCERTAINTY_ASSIGNED_CONTEXT ( ( #10184 ) ) GLOBAL_UNIT_ASSIGNED_CONTEXT ( ( #3920, #11923, #7770 ) ) REPRESENTATION_CONTEXT ( 'NONE', 'WORKASPACE' ) );
#8019 = ADVANCED_FACE ( 'NONE', ( #4058 ), #9370, .T. ) ;
#8020 = LINE ( 'NONE', #12125, #2859 ) ;
#8021 = VERTEX_POINT ( 'NONE', #206 ) ;
#8022 = EDGE_CURVE ( 'NONE', #2921, #9853, #1418, .T. ) ;
#8023 = CARTESIAN_POINT ( 'NONE',  ( 0.2090187636347027589, 0.08862986605856634781, 0.2397504574761405716 ) ) ;
#8024 = PLANE ( 'NONE',  #11044 ) ;
#8025 = ORIENTED_EDGE ( 'NONE', *, *, #1431, .T. ) ;
#8026 = VECTOR ( 'NONE', #11459, 39.37007874015748143 ) ;
#8027 = LINE ( 'NONE', #9298, #10715 ) ;
#8028 = ORIENTED_EDGE ( 'NONE', *, *, #6530, .T. ) ;
#8029 = EDGE_CURVE ( 'NONE', #1966, #876, #4240, .T. ) ;
#8030 = DIRECTION ( 'NONE',  ( 0.0000000000000000000, 0.0000000000000000000, 1.000000000000000000 ) ) ;
#8031 = LINE ( 'NONE', #11063, #6765 ) ;
#8032 = EDGE_CURVE ( 'NONE', #10619, #10019, #5375, .T. ) ;
#8033 = LINE ( 'NONE', #6182, #11368 ) ;
#8034 = AXIS2_PLACEMENT_3D ( 'NONE', #7290, #8402, #1198 ) ;
#8035 = VECTOR ( 'NONE', #93, 39.37007874015748143 ) ;
#8036 = CARTESIAN_POINT ( 'NONE',  ( 0.3468140392252720416, 0.3130393148774570644, 0.2062465204682519537 ) ) ;
#8037 = DIRECTION ( 'NONE',  ( 0.0000000000000000000, 0.0000000000000000000, -1.000000000000000000 ) ) ;
#8038 = VERTEX_POINT ( 'NONE', #12456 ) ;
#8039 = ORIENTED_EDGE ( 'NONE', *, *, #4534, .T. ) ;
#8040 = DIRECTION ( 'NONE',  ( -1.937287448275559661E-17, -1.000000000000000000, -8.220413448604588965E-18 ) ) ;
#8041 = LINE ( 'NONE', #9127, #7068 ) ;
#8042 = VERTEX_POINT ( 'NONE', #7232 ) ;
#8043 = VECTOR ( 'NONE', #3912, 39.37007874015748143 ) ;
#8044 = CIRCLE ( 'NONE', #5515, 0.01574803149606299885 ) ;
#8045 = VERTEX_POINT ( 'NONE', #8280 ) ;
#8046 = EDGE_CURVE ( 'NONE', #4130, #11632, #11440, .T. ) ;
#8047 = PLANE ( 'NONE',  #8729 ) ;
#8048 = CARTESIAN_POINT ( 'NONE',  ( 0.1164990785953285424, 0.3583149054286425272, 0.2236087251926807129 ) ) ;
#8049 = EDGE_CURVE ( 'NONE', #10163, #6824, #3384, .T. ) ;
#8050 = DIRECTION ( 'NONE',  ( 1.000000000000000000, 0.0000000000000000000, 0.0000000000000000000 ) ) ;
#8051 = ORIENTED_EDGE ( 'NONE', *, *, #6336, .T. ) ;
#8052 = COLOUR_RGB ( '',0.7529411764705882248, 0.7529411764705882248, 0.0000000000000000000 ) ;
#8053 = AXIS2_PLACEMENT_3D ( 'NONE', #6342, #6215, #4095 ) ;
#8054 = ORIENTED_EDGE ( 'NONE', *, *, #3645, .F. ) ;
#8055 = CARTESIAN_POINT ( 'NONE',  ( 0.1164990785953285424, 0.7897218048774075072, 0.2669158118068500340 ) ) ;
#8056 = ORIENTED_EDGE ( 'NONE', *, *, #11102, .F. ) ;
#8057 = ORIENTED_EDGE ( 'NONE', *, *, #7387, .F. ) ;
#8058 = CYLINDRICAL_SURFACE ( 'NONE', #8984, 0.05610236220472441387 ) ;
#8059 = ORIENTED_EDGE ( 'NONE', *, *, #5314, .T. ) ;
#8060 = EDGE_CURVE ( 'NONE', #5266, #3497, #5445, .T. ) ;
#8061 = ORIENTED_EDGE ( 'NONE', *, *, #10849, .T. ) ;
#8062 = ADVANCED_FACE ( 'NONE', ( #7504 ), #3462, .F. ) ;
#8063 = VECTOR ( 'NONE', #710, 39.37007874015748143 ) ;
#8064 = SURFACE_STYLE_FILL_AREA ( #10038 ) ;
#8065 = EDGE_LOOP ( 'NONE', ( #9677, #3790, #3550, #1532 ) ) ;
#8066 = LINE ( 'NONE', #11035, #2039 ) ;
#8067 = ORIENTED_EDGE ( 'NONE', *, *, #9619, .T. ) ;
#8068 = VECTOR ( 'NONE', #5209, 39.37007874015748143 ) ;
#8069 = CARTESIAN_POINT ( 'NONE',  ( 0.3090187636347193068, 0.08862986605856634781, 0.2397504574761405716 ) ) ;
#8070 = LINE ( 'NONE', #5026, #1535 ) ;
#8071 =( GEOMETRIC_REPRESENTATION_CONTEXT ( 3 ) GLOBAL_UNCERTAINTY_ASSIGNED_CONTEXT ( ( #5358 ) ) GLOBAL_UNIT_ASSIGNED_CONTEXT ( ( #4148, #988, #10109 ) ) REPRESENTATION_CONTEXT ( 'NONE', 'WORKASPACE' ) );
#8072 = ORIENTED_EDGE ( 'NONE', *, *, #922, .F. ) ;
#8073 = SURFACE_SIDE_STYLE ('',( #5848 ) ) ;
#8074 = CARTESIAN_POINT ( 'NONE',  ( 0.3645305746583386020, 0.2776062440113113983, 0.2669158118068504226 ) ) ;
#8075 = FILL_AREA_STYLE_COLOUR ( '', #1443 ) ;
#8076 = EDGE_LOOP ( 'NONE', ( #1007, #8433, #7955, #8719 ) ) ;
#8077 = EDGE_CURVE ( 'NONE', #5687, #974, #2339, .T. ) ;
#8078 = ORIENTED_EDGE ( 'NONE', *, *, #12366, .F. ) ;
#8079 = VECTOR ( 'NONE', #12473, 39.37007874015748143 ) ;
#8080 = VECTOR ( 'NONE', #5950, 39.37007874015748143 ) ;
#8081 = CARTESIAN_POINT ( 'NONE',  ( 0.2326408108788039775, 0.5728818345624920871, 0.3299079377910984490 ) ) ;
#8082 = VERTEX_POINT ( 'NONE', #10381 ) ;
#8083 = ORIENTED_EDGE ( 'NONE', *, *, #10943, .T. ) ;
#8084 = DIRECTION ( 'NONE',  ( 0.0000000000000000000, -8.220413448604739958E-18, 1.000000000000000000 ) ) ;
#8085 = AXIS2_PLACEMENT_3D ( 'NONE', #1846, #5940, #2758 ) ;
#8086 = ORIENTED_EDGE ( 'NONE', *, *, #4218, .T. ) ;
#8087 = VECTOR ( 'NONE', #3866, 39.37007874015748143 ) ;
#8088 = CARTESIAN_POINT ( 'NONE',  ( 0.2326408108788039775, -0.07318115756351298296, 0.3456559692871649658 ) ) ;
#8089 = DIRECTION ( 'NONE',  ( -1.937287448275559661E-17, -1.000000000000000000, -8.220413448604588965E-18 ) ) ;
#8090 = VERTEX_POINT ( 'NONE', #6374 ) ;
#8091 = EDGE_CURVE ( 'NONE', #8364, #2847, #2408, .T. ) ;
#8092 = EDGE_CURVE ( 'NONE', #866, #6923, #1150, .T. ) ;
#8093 = DIRECTION ( 'NONE',  ( 1.000000000000000000, 0.0000000000000000000, 0.0000000000000000000 ) ) ;
#8094 = DIRECTION ( 'NONE',  ( 1.174096724532128111E-16, -1.000000000000000000, 1.665334536937734811E-16 ) ) ;
#8095 = CIRCLE ( 'NONE', #6626, 0.05610236220472441387 ) ;
#8096 = LINE ( 'NONE', #6120, #4292 ) ;
#8097 = AXIS2_PLACEMENT_3D ( 'NONE', #6409, #377, #7533 ) ;
#8098 = DIRECTION ( 'NONE',  ( -4.283287147278279229E-17, -1.665334536937734811E-16, -1.000000000000000000 ) ) ;
#8099 = DIRECTION ( 'NONE',  ( -1.000000000000000000, -3.518308117683325866E-16, -2.626713979715460250E-16 ) ) ;
#8100 = CARTESIAN_POINT ( 'NONE',  ( 0.07319199198118012117, 0.1476849841687952747, 0.1901441582635378102 ) ) ;
#8101 = LINE ( 'NONE', #11197, #10191 ) ;
#8102 = ORIENTED_EDGE ( 'NONE', *, *, #2557, .F. ) ;
#8103 = VERTEX_POINT ( 'NONE', #9244 ) ;
#8104 = CARTESIAN_POINT ( 'NONE',  ( 0.2090187636347129729, 0.1988660865309976600, 0.2905378590509232195 ) ) ;
#8105 = COLOUR_RGB ( '',0.7529411764705882248, 0.7529411764705882248, 0.0000000000000000000 ) ;
#8106 = CARTESIAN_POINT ( 'NONE',  ( 0.3625620707213386140, 0.1476849841687954967, 0.3456559692871708500 ) ) ;
#8107 = ORIENTED_EDGE ( 'NONE', *, *, #4566, .T. ) ;
#8108 = EDGE_CURVE ( 'NONE', #880, #4714, #2216, .T. ) ;
#8109 = AXIS2_PLACEMENT_3D ( 'NONE', #10156, #104, #13150 ) ;
#8110 = PLANE ( 'NONE',  #322 ) ;
#8111 = CARTESIAN_POINT ( 'NONE',  ( 0.2483888423748523422, 0.4272125432239181064, 0.4007740795234071007 ) ) ;
#8112 = FACE_OUTER_BOUND ( 'NONE', #7975, .T. ) ;
#8113 = LINE ( 'NONE', #9197, #1576 ) ;
#8114 = EDGE_CURVE ( 'NONE', #179, #1201, #11331, .T. ) ;
#8115 = AXIS2_PLACEMENT_3D ( 'NONE', #11522, #12597, #11591 ) ;
#8116 = DIRECTION ( 'NONE',  ( 0.0000000000000000000, 0.0000000000000000000, 1.000000000000000000 ) ) ;
#8117 = ORIENTED_EDGE ( 'NONE', *, *, #2723, .T. ) ;
#8118 = AXIS2_PLACEMENT_3D ( 'NONE', #11649, #11855, #6778 ) ;
#8119 = CARTESIAN_POINT ( 'NONE',  ( 0.2483888423748476515, 0.1988660865309976600, 0.4007740795233795117 ) ) ;
#8120 = EDGE_CURVE ( 'NONE', #4984, #11182, #5301, .T. ) ;
#8121 = ORIENTED_EDGE ( 'NONE', *, *, #455, .F. ) ;
#8122 = DIRECTION ( 'NONE',  ( -0.5773502691896137407, 0.5773502691896257311, 0.5773502691896377215 ) ) ;
#8123 = ORIENTED_EDGE ( 'NONE', *, *, #4534, .F. ) ;
#8124 = VERTEX_POINT ( 'NONE', #4305 ) ;
#8125 = DIRECTION ( 'NONE',  ( -0.4472135955000934859, 0.8944271909998480208, -4.898503433089539809E-16 ) ) ;
#8126 = EDGE_CURVE ( 'NONE', #544, #7198, #11514, .T. ) ;
#8127 = CARTESIAN_POINT ( 'NONE',  ( 0.1558691573355118209, 0.2264251416490909441, 0.2397504574761405716 ) ) ;
#8128 = PLANE ( 'NONE',  #10349 ) ;
#8129 = AXIS2_PLACEMENT_3D ( 'NONE', #12168, #6894, #9966 ) ;
#8130 = VECTOR ( 'NONE', #12307, 39.37007874015748143 ) ;
#8131 = CARTESIAN_POINT ( 'NONE',  ( 0.07122348804415806756, 0.3957164802317834629, 0.1842386464525193057 ) ) ;
#8132 = EDGE_CURVE ( 'NONE', #9949, #6026, #343, .T. ) ;
#8133 = CARTESIAN_POINT ( 'NONE',  ( 0.3090187636347015987, 0.08075585031051535356, 0.4515614810981850025 ) ) ;
#8134 = ORIENTED_EDGE ( 'NONE', *, *, #12885, .F. ) ;
#8135 = UNCERTAINTY_MEASURE_WITH_UNIT (LENGTH_MEASURE( 1.000000000000000082E-05 ), #4715, 'distance_accuracy_value', 'NONE');
#8136 = MECHANICAL_DESIGN_GEOMETRIC_PRESENTATION_REPRESENTATION (  '', ( #3255 ), #10087 ) ;
#8137 = COLOUR_RGB ( '',0.7529411764705882248, 0.7529411764705882248, 0.0000000000000000000 ) ;
#8138 = DIRECTION ( 'NONE',  ( 4.283287147278277380E-17, 1.665334536937734811E-16, 1.000000000000000000 ) ) ;
#8139 = EDGE_CURVE ( 'NONE', #4710, #3958, #12517, .T. ) ;
#8140 = LINE ( 'NONE', #1058, #5306 ) ;
#8141 = ORIENTED_EDGE ( 'NONE', *, *, #9537, .F. ) ;
#8142 = CARTESIAN_POINT ( 'NONE',  ( 0.2483888423748523422, 0.4272125432239181064, 0.2905378590509232195 ) ) ;
#8143 = LINE ( 'NONE', #7151, #3659 ) ;
#8144 = DIRECTION ( 'NONE',  ( -3.376070039848299626E-16, 1.000000000000000000, -4.302114220422480115E-16 ) ) ;
#8145 = ORIENTED_EDGE ( 'NONE', *, *, #11189, .F. ) ;
#8146 = VECTOR ( 'NONE', #1034, 39.37007874015748143 ) ;
#8147 = DIRECTION ( 'NONE',  ( 1.000000000000000000, 1.174096724532128111E-16, -4.283287147278279229E-17 ) ) ;
#8148 = DIRECTION ( 'NONE',  ( 1.000000000000000000, 3.376070039848299626E-16, 2.359223927328455183E-16 ) ) ;
#8149 = VERTEX_POINT ( 'NONE', #8219 ) ;
#8150 = UNCERTAINTY_MEASURE_WITH_UNIT (LENGTH_MEASURE( 1.000000000000000082E-05 ), #9778, 'distance_accuracy_value', 'NONE');
#8151 = ORIENTED_EDGE ( 'NONE', *, *, #3114, .F. ) ;
#8152 = ADVANCED_FACE ( 'NONE', ( #12323 ), #2472, .T. ) ;
#8153 = DIRECTION ( 'NONE',  ( 4.283287147278279229E-17, 1.665334536937734811E-16, 1.000000000000000000 ) ) ;
#8154 = DIRECTION ( 'NONE',  ( -1.608386623408229791E-17, -1.526556658859589750E-16, -1.000000000000000000 ) ) ;
#8155 = ORIENTED_EDGE ( 'NONE', *, *, #3991, .F. ) ;
#8156 = PLANE ( 'NONE',  #10282 ) ;
#8157 = CARTESIAN_POINT ( 'NONE',  ( 0.2216368973819996535, 0.5488435097386674677, 0.4243961267674756233 ) ) ;
#8158 = ORIENTED_EDGE ( 'NONE', *, *, #5976, .F. ) ;
#8159 = ORIENTED_EDGE ( 'NONE', *, *, #2239, .F. ) ;
#8160 = AXIS2_PLACEMENT_3D ( 'NONE', #3021, #7065, #13094 ) ;
#8161 = CARTESIAN_POINT ( 'NONE',  ( 0.2129557715087252168, 0.1083149054286360186, 0.2019551818855940817 ) ) ;
#8162 = CARTESIAN_POINT ( 'NONE',  ( 0.07319199198116595195, 0.3760314408617052018, 0.1901441582635393646 ) ) ;
#8163 = LINE ( 'NONE', #12269, #7312 ) ;
#8164 = DIRECTION ( 'NONE',  ( 1.937287448275559661E-17, 1.000000000000000000, 8.220413448604588965E-18 ) ) ;
#8165 = DIRECTION ( 'NONE',  ( -2.359223927328455183E-16, 3.885780586188049864E-16, 1.000000000000000000 ) ) ;
#8166 = EDGE_CURVE ( 'NONE', #8293, #12442, #10648, .T. ) ;
#8167 = ADVANCED_FACE ( 'NONE', ( #1553 ), #6575, .F. ) ;
#8168 = LINE ( 'NONE', #2047, #1054 ) ;
#8169 = AXIS2_PLACEMENT_3D ( 'NONE', #9797, #10593, #11659 ) ;
#8170 = ORIENTED_EDGE ( 'NONE', *, *, #1395, .T. ) ;
#8171 = DIRECTION ( 'NONE',  ( -1.000000000000000000, -1.408738150179759833E-16, 6.014894242100889598E-18 ) ) ;
#8172 = LINE ( 'NONE', #2225, #2068 ) ;
#8173 = SURFACE_STYLE_USAGE ( .BOTH. , #4131 ) ;
#8174 = DIRECTION ( 'NONE',  ( 0.0000000000000000000, -0.9922778767136850586, -0.1240347345890696062 ) ) ;
#8175 = VECTOR ( 'NONE', #5655, 39.37007874015748143 ) ;
#8176 = PLANE ( 'NONE',  #6331 ) ;
#8177 = ADVANCED_FACE ( 'NONE', ( #5579 ), #4646, .F. ) ;
#8178 = ORIENTED_EDGE ( 'NONE', *, *, #4989, .F. ) ;
#8179 = EDGE_CURVE ( 'NONE', #11375, #607, #9717, .T. ) ;
#8180 = CARTESIAN_POINT ( 'NONE',  ( 0.2326408108788126095, -0.1446865674942330871, 0.2515614810981878224 ) ) ;
#8181 = ORIENTED_EDGE ( 'NONE', *, *, #1213, .F. ) ;
#8182 = CARTESIAN_POINT ( 'NONE',  ( 0.2405148266268504198, 0.3760314408617052018, 0.2653410086572283721 ) ) ;
#8183 = ORIENTED_EDGE ( 'NONE', *, *, #9682, .T. ) ;
#8184 = ORIENTED_EDGE ( 'NONE', *, *, #7103, .T. ) ;
#8185 = LINE ( 'NONE', #228, #12549 ) ;
#8186 = AXIS2_PLACEMENT_3D ( 'NONE', #11725, #627, #5454 ) ;
#8187 = FACE_OUTER_BOUND ( 'NONE', #3083, .T. ) ;
#8188 = ORIENTED_EDGE ( 'NONE', *, *, #9450, .F. ) ;
#8189 = DIRECTION ( 'NONE',  ( -1.937287448275559661E-17, -1.000000000000000000, -8.220413448604739958E-18 ) ) ;
#8190 = DIRECTION ( 'NONE',  ( 1.000000000000000000, 0.0000000000000000000, 0.0000000000000000000 ) ) ;
#8191 = EDGE_CURVE ( 'NONE', #10974, #5878, #9651, .T. ) ;
#8192 = VECTOR ( 'NONE', #3437, 39.37007874015748143 ) ;
#8193 = CARTESIAN_POINT ( 'NONE',  ( 0.3507510470992764029, 0.3957164802317834629, 0.4440811661375591024 ) ) ;
#8194 = ORIENTED_EDGE ( 'NONE', *, *, #2079, .F. ) ;
#8195 = CARTESIAN_POINT ( 'NONE',  ( 0.3625620707213386140, 0.08862986605856654210, 0.2397504574761405716 ) ) ;
#8196 = DIRECTION ( 'NONE',  ( -1.937287448275559661E-17, -1.000000000000000000, -8.220413448604588965E-18 ) ) ;
#8197 = VERTEX_POINT ( 'NONE', #9576 ) ;
#8198 = SURFACE_SIDE_STYLE ('',( #2078 ) ) ;
#8199 = DIRECTION ( 'NONE',  ( -6.014894242100854160E-18, -2.498001805406600244E-16, -1.000000000000000000 ) ) ;
#8200 = AXIS2_PLACEMENT_3D ( 'NONE', #2499, #443, #6540 ) ;
#8201 = ORIENTED_EDGE ( 'NONE', *, *, #4011, .F. ) ;
#8202 = EDGE_CURVE ( 'NONE', #519, #9610, #7275, .T. ) ;
#8203 = CARTESIAN_POINT ( 'NONE',  ( 0.09484553528826220048, 0.1555589999168269788, 0.4554984889722086816 ) ) ;
#8204 = CARTESIAN_POINT ( 'NONE',  ( 0.2483888423748704388, 0.2972912833813901590, 0.3456559692871649658 ) ) ;
#8205 = ORIENTED_EDGE ( 'NONE', *, *, #479, .F. ) ;
#8206 = STYLED_ITEM ( 'NONE', ( #8259 ), #1752 ) ;
#8207 = VERTEX_POINT ( 'NONE', #5711 ) ;
#8208 = LINE ( 'NONE', #2326, #10843 ) ;
#8209 = ORIENTED_EDGE ( 'NONE', *, *, #6840, .T. ) ;
#8210 = CARTESIAN_POINT ( 'NONE',  ( 0.2326408108788161622, 0.1555589999168269788, 0.2554984889721937380 ) ) ;
#8211 = ORIENTED_EDGE ( 'NONE', *, *, #589, .F. ) ;
#8212 = DIRECTION ( 'NONE',  ( 3.518308117683324880E-16, -1.000000000000000000, 4.163336342344335054E-16 ) ) ;
#8213 = CARTESIAN_POINT ( 'NONE',  ( 0.2405148266268504198, 0.3091023070034267795, 0.4397504574761377794 ) ) ;
#8214 = EDGE_CURVE ( 'NONE', #12052, #52, #10585, .T. ) ;
#8215 = VERTEX_POINT ( 'NONE', #5782 ) ;
#8216 = AXIS2_PLACEMENT_3D ( 'NONE', #12471, #8576, #1437 ) ;
#8217 = EDGE_CURVE ( 'NONE', #2925, #9359, #8768, .T. ) ;
#8218 = DIRECTION ( 'NONE',  ( 1.000000000000000000, -1.937287448275629611E-17, 8.833616147085620181E-14 ) ) ;
#8219 = CARTESIAN_POINT ( 'NONE',  ( 0.3704360864693701516, 0.1555589999168269788, 0.4102228984210118390 ) ) ;
#8220 = DIRECTION ( 'NONE',  ( 1.937287448275559661E-17, 1.000000000000000000, 8.220413448604739958E-18 ) ) ;
#8221 = DIRECTION ( 'NONE',  ( -1.000000000000000000, 0.0000000000000000000, 0.0000000000000000000 ) ) ;
#8222 =( GEOMETRIC_REPRESENTATION_CONTEXT ( 3 ) GLOBAL_UNCERTAINTY_ASSIGNED_CONTEXT ( ( #6056 ) ) GLOBAL_UNIT_ASSIGNED_CONTEXT ( ( #810, #12992, #13122 ) ) REPRESENTATION_CONTEXT ( 'NONE', 'WORKASPACE' ) );
#8223 = VERTEX_POINT ( 'NONE', #8692 ) ;
#8224 = CARTESIAN_POINT ( 'NONE',  ( 0.07319199198118012117, 0.1476849841687952747, 0.1901441582635378102 ) ) ;
#8225 = LINE ( 'NONE', #5310, #7317 ) ;
#8226 = ORIENTED_EDGE ( 'NONE', *, *, #9704, .F. ) ;
#8227 = DIRECTION ( 'NONE',  ( 1.174096724532128111E-16, -1.000000000000000000, 1.665334536937734811E-16 ) ) ;
#8228 = ADVANCED_FACE ( 'NONE', ( #9857 ), #8836, .F. ) ;
#8229 = VECTOR ( 'NONE', #8561, 39.37007874015748854 ) ;
#8230 = DIRECTION ( 'NONE',  ( -1.000000000000000000, -1.408738150179759833E-16, 6.014894242100889598E-18 ) ) ;
#8231 = AXIS2_PLACEMENT_3D ( 'NONE', #5529, #7651, #6662 ) ;
#8232 = DIRECTION ( 'NONE',  ( -1.000000000000000000, -3.518308117683325866E-16, -2.626713979715460250E-16 ) ) ;
#8233 = ORIENTED_EDGE ( 'NONE', *, *, #12844, .T. ) ;
#8234 = ORIENTED_EDGE ( 'NONE', *, *, #893, .T. ) ;
#8235 = CARTESIAN_POINT ( 'NONE',  ( 0.3389400234772358411, 0.2008345904680063077, 0.2432937645627432921 ) ) ;
#8236 = ORIENTED_EDGE ( 'NONE', *, *, #6344, .T. ) ;
#8237 = ORIENTED_EDGE ( 'NONE', *, *, #7916, .T. ) ;
#8238 = DIRECTION ( 'NONE',  ( -1.000000000000000000, -3.518308117683324880E-16, -2.626713979715460250E-16 ) ) ;
#8239 = VECTOR ( 'NONE', #1349, 39.37007874015748143 ) ;
#8240 = PRESENTATION_STYLE_ASSIGNMENT (( #5196 ) ) ;
#8241 = ORIENTED_EDGE ( 'NONE', *, *, #3254, .T. ) ;
#8242 = PRESENTATION_STYLE_ASSIGNMENT (( #11405 ) ) ;
#8243 = ADVANCED_FACE ( 'NONE', ( #12926 ), #3789, .F. ) ;
#8244 = EDGE_CURVE ( 'NONE', #6542, #12227, #7629, .T. ) ;
#8245 = CARTESIAN_POINT ( 'NONE',  ( 0.2956329368630822851, 0.08862986605855749378, 0.3456559692871708500 ) ) ;
#8246 = LINE ( 'NONE', #2931, #923 ) ;
#8247 = AXIS2_PLACEMENT_3D ( 'NONE', #13173, #5981, #7826 ) ;
#8248 =( GEOMETRIC_REPRESENTATION_CONTEXT ( 3 ) GLOBAL_UNCERTAINTY_ASSIGNED_CONTEXT ( ( #9355 ) ) GLOBAL_UNIT_ASSIGNED_CONTEXT ( ( #5499, #473, #7549 ) ) REPRESENTATION_CONTEXT ( 'NONE', 'WORKASPACE' ) );
#8249 = DIRECTION ( 'NONE',  ( 0.3511234415894409766, -0.9363291775686509721, 4.820554145997740081E-16 ) ) ;
#8250 = SURFACE_SIDE_STYLE ('',( #7145 ) ) ;
#8251 = ORIENTED_EDGE ( 'NONE', *, *, #1610, .T. ) ;
#8252 = LINE ( 'NONE', #11225, #2349 ) ;
#8253 = FACE_OUTER_BOUND ( 'NONE', #5420, .T. ) ;
#8254 = EDGE_LOOP ( 'NONE', ( #9600, #10670, #12850, #7188, #12174 ) ) ;
#8255 = CARTESIAN_POINT ( 'NONE',  ( 0.2431035528203586704, 0.4272125432239181064, 0.2905378590509232195 ) ) ;
#8256 = ADVANCED_FACE ( 'NONE', ( #6712 ), #7562, .F. ) ;
#8257 =( NAMED_UNIT ( * ) SI_UNIT ( $, .STERADIAN. ) SOLID_ANGLE_UNIT ( ) );
#8258 = MECHANICAL_DESIGN_GEOMETRIC_PRESENTATION_REPRESENTATION (  '', ( #11695 ), #10214 ) ;
#8259 = PRESENTATION_STYLE_ASSIGNMENT (( #2383 ) ) ;
#8260 = ORIENTED_EDGE ( 'NONE', *, *, #2491, .F. ) ;
#8261 = PLANE ( 'NONE',  #8430 ) ;
#8262 = VECTOR ( 'NONE', #182, 39.37007874015748143 ) ;
#8263 = CARTESIAN_POINT ( 'NONE',  ( 0.1558691573354860360, 0.3583149054286425272, 0.4007740795234071007 ) ) ;
#8264 = ORIENTED_EDGE ( 'NONE', *, *, #11904, .F. ) ;
#8265 = UNCERTAINTY_MEASURE_WITH_UNIT (LENGTH_MEASURE( 1.000000000000000082E-05 ), #3132, 'distance_accuracy_value', 'NONE');
#8266 = AXIS2_PLACEMENT_3D ( 'NONE', #4066, #6076, #1476 ) ;
#8267 = ORIENTED_EDGE ( 'NONE', *, *, #4027, .F. ) ;
#8268 =( NAMED_UNIT ( * ) SI_UNIT ( $, .STERADIAN. ) SOLID_ANGLE_UNIT ( ) );
#8269 =( NAMED_UNIT ( * ) PLANE_ANGLE_UNIT ( ) SI_UNIT ( $, .RADIAN. ) );
#8270 = LENGTH_MEASURE_WITH_UNIT ( LENGTH_MEASURE( 0.02539999999999999897 ), #9426 );
#8271 = EDGE_CURVE ( 'NONE', #7746, #10931, #10719, .T. ) ;
#8272 = VERTEX_POINT ( 'NONE', #619 ) ;
#8273 = CIRCLE ( 'NONE', #8953, 0.08267716535433068670 ) ;
#8274 = FACE_OUTER_BOUND ( 'NONE', #8677, .T. ) ;
#8275 = DIRECTION ( 'NONE',  ( 3.007447121050439791E-18, 2.498001805406600244E-16, 1.000000000000000000 ) ) ;
#8276 = ADVANCED_FACE ( 'NONE', ( #3658 ), #5648, .T. ) ;
#8277 = VECTOR ( 'NONE', #6352, 39.37007874015748143 ) ;
#8278 = EDGE_LOOP ( 'NONE', ( #10171, #9362, #1579, #4108, #1644, #7110, #5852, #5230, #11779, #3199 ) ) ;
#8279 = DIRECTION ( 'NONE',  ( 0.0000000000000000000, 0.0000000000000000000, 1.000000000000000000 ) ) ;
#8280 = CARTESIAN_POINT ( 'NONE',  ( 0.2483888423748523422, 0.4547715983420212993, 0.3062858905470074999 ) ) ;
#8281 = FILL_AREA_STYLE_COLOUR ( '', #1400 ) ;
#8282 = VECTOR ( 'NONE', #4797, 39.37007874015748143 ) ;
#8283 = LINE ( 'NONE', #4445, #7965 ) ;
#8284 = DIRECTION ( 'NONE',  ( -1.000000000000000000, -3.376070039848299626E-16, -2.359223927328455183E-16 ) ) ;
#8285 = EDGE_CURVE ( 'NONE', #4856, #9610, #3726, .T. ) ;
#8286 = VECTOR ( 'NONE', #1726, 39.37007874015748143 ) ;
#8287 = DIRECTION ( 'NONE',  ( 1.000000000000000000, 3.376070039848305050E-16, 2.359223927328455183E-16 ) ) ;
#8288 = EDGE_CURVE ( 'NONE', #11565, #12811, #874, .T. ) ;
#8289 = EDGE_LOOP ( 'NONE', ( #11689, #11970, #679, #10684 ) ) ;
#8290 = CARTESIAN_POINT ( 'NONE',  ( 0.2405148266268504198, 0.1555589999168271731, 0.4850260480273039243 ) ) ;
#8291 = ORIENTED_EDGE ( 'NONE', *, *, #8191, .T. ) ;
#8292 = PLANE ( 'NONE',  #9219 ) ;
#8293 = VERTEX_POINT ( 'NONE', #7104 ) ;
#8294 = VECTOR ( 'NONE', #3800, 39.37007874015748143 ) ;
#8295 = SURFACE_SIDE_STYLE ('',( #11526 ) ) ;
#8296 =( NAMED_UNIT ( * ) SI_UNIT ( $, .STERADIAN. ) SOLID_ANGLE_UNIT ( ) );
#8297 = SURFACE_STYLE_FILL_AREA ( #160 ) ;
#8298 = ORIENTED_EDGE ( 'NONE', *, *, #8668, .F. ) ;
#8299 = AXIS2_PLACEMENT_3D ( 'NONE', #5833, #6954, #10102 ) ;
#8300 = VERTEX_POINT ( 'NONE', #5035 ) ;
#8301 = EDGE_CURVE ( 'NONE', #13104, #9501, #2933, .T. ) ;
#8302 = DIRECTION ( 'NONE',  ( 1.356991020290373981E-16, -1.000000000000000000, 3.469446951953615175E-16 ) ) ;
#8303 = ORIENTED_EDGE ( 'NONE', *, *, #4904, .T. ) ;
#8304 = VECTOR ( 'NONE', #12720, 39.37007874015748143 ) ;
#8305 = ORIENTED_EDGE ( 'NONE', *, *, #5398, .F. ) ;
#8306 = DIRECTION ( 'NONE',  ( -0.7071067811865475727, 0.7071067811865475727, -1.745088153485698425E-16 ) ) ;
#8307 = LINE ( 'NONE', #1649, #309 ) ;
#8308 = LINE ( 'NONE', #1306, #7998 ) ;
#8309 = DIRECTION ( 'NONE',  ( 1.000000000000000000, 1.174096724532128111E-16, -4.283287147278279229E-17 ) ) ;
#8310 = VERTEX_POINT ( 'NONE', #5094 ) ;
#8311 = AXIS2_PLACEMENT_3D ( 'NONE', #10341, #2066, #8125 ) ;
#8312 =( NAMED_UNIT ( * ) PLANE_ANGLE_UNIT ( ) SI_UNIT ( $, .RADIAN. ) );
#8313 = VECTOR ( 'NONE', #5462, 39.37007874015748143 ) ;
#8314 = CARTESIAN_POINT ( 'NONE',  ( 0.2295926222890637691, 0.5531967951923921767, 0.2669158118068457042 ) ) ;
#8315 = FACE_OUTER_BOUND ( 'NONE', #1996, .T. ) ;
#8316 = VERTEX_POINT ( 'NONE', #4905 ) ;
#8317 = LINE ( 'NONE', #2190, #11475 ) ;
#8318 = ADVANCED_FACE ( 'NONE', ( #12187 ), #942, .T. ) ;
#8319 = LINE ( 'NONE', #240, #12783 ) ;
#8320 = EDGE_CURVE ( 'NONE', #963, #9018, #12995, .T. ) ;
#8321 = ORIENTED_EDGE ( 'NONE', *, *, #10923, .F. ) ;
#8322 = PLANE ( 'NONE',  #11262 ) ;
#8323 = AXIS2_PLACEMENT_3D ( 'NONE', #7639, #12935, #10789 ) ;
#8324 = PLANE ( 'NONE',  #10314 ) ;
#8325 = VECTOR ( 'NONE', #957, 39.37007874015748143 ) ;
#8326 = CARTESIAN_POINT ( 'NONE',  ( 0.1263415982803907656, 0.2008345904680058913, 0.2432937645627472334 ) ) ;
#8327 = SURFACE_SIDE_STYLE ('',( #11355 ) ) ;
#8328 = ORIENTED_EDGE ( 'NONE', *, *, #10242, .T. ) ;
#8329 = CARTESIAN_POINT ( 'NONE',  ( 0.3763415982803858806, 0.2579212046412326376, 0.2669158118068504226 ) ) ;
#8330 = PLANE ( 'NONE',  #12958 ) ;
#8331 = VECTOR ( 'NONE', #3244, 39.37007874015748143 ) ;
#8332 = FACE_OUTER_BOUND ( 'NONE', #1288, .T. ) ;
#8333 = ORIENTED_EDGE ( 'NONE', *, *, #9921, .T. ) ;
#8334 = STYLED_ITEM ( 'NONE', ( #2312 ), #8871 ) ;
#8335 = ORIENTED_EDGE ( 'NONE', *, *, #7029, .F. ) ;
#8336 = FACE_OUTER_BOUND ( 'NONE', #3501, .T. ) ;
#8337 = EDGE_CURVE ( 'NONE', #3699, #5643, #4838, .T. ) ;
#8338 = ORIENTED_EDGE ( 'NONE', *, *, #8379, .F. ) ;
#8339 = CARTESIAN_POINT ( 'NONE',  ( 0.05547545654809511728, 0.3957164802317834629, 0.1842386464525193057 ) ) ;
#8340 = DIRECTION ( 'NONE',  ( 1.000000000000000000, 1.316334802367149914E-16, -1.608386623408234722E-17 ) ) ;
#8341 = ORIENTED_EDGE ( 'NONE', *, *, #5572, .F. ) ;
#8342 = STYLED_ITEM ( 'NONE', ( #714 ), #12157 ) ;
#8343 = CARTESIAN_POINT ( 'NONE',  ( 0.2326408108788126095, -0.1446865674942330871, 0.2397504574761405716 ) ) ;
#8344 = CARTESIAN_POINT ( 'NONE',  ( 0.2135081231390867917, 0.5400072067654886343, 0.4243961267674756233 ) ) ;
#8345 = ORIENTED_EDGE ( 'NONE', *, *, #12441, .T. ) ;
#8346 = LINE ( 'NONE', #12455, #5778 ) ;
#8347 = EDGE_CURVE ( 'NONE', #8771, #665, #5990, .T. ) ;
#8348 = CARTESIAN_POINT ( 'NONE',  ( 0.1027195510362938907, 0.1476849841687954967, 0.4358134496021299209 ) ) ;
#8349 = AXIS2_PLACEMENT_3D ( 'NONE', #11660, #1494, #1358 ) ;
#8350 = FACE_OUTER_BOUND ( 'NONE', #390, .T. ) ;
#8351 = EDGE_CURVE ( 'NONE', #3958, #5197, #3857, .T. ) ;
#8352 = LINE ( 'NONE', #5380, #9118 ) ;
#8353 = ORIENTED_EDGE ( 'NONE', *, *, #4901, .T. ) ;
#8354 = PLANE ( 'NONE',  #88 ) ;
#8355 = DIRECTION ( 'NONE',  ( 2.865203769218833733E-48, -8.220413448604588965E-18, 1.000000000000000000 ) ) ;
#8356 = ORIENTED_EDGE ( 'NONE', *, *, #86, .F. ) ;
#8357 = AXIS2_PLACEMENT_3D ( 'NONE', #2473, #8415, #4584 ) ;
#8358 = ADVANCED_FACE ( 'NONE', ( #10057 ), #9105, .F. ) ;
#8359 = LINE ( 'NONE', #9519, #3039 ) ;
#8360 = PLANE ( 'NONE',  #3503 ) ;
#8361 = VECTOR ( 'NONE', #11261, 39.37007874015748143 ) ;
#8362 = FACE_OUTER_BOUND ( 'NONE', #6968, .T. ) ;
#8363 = VECTOR ( 'NONE', #3388, 39.37007874015748143 ) ;
#8364 = VERTEX_POINT ( 'NONE', #10182 ) ;
#8365 = PRESENTATION_STYLE_ASSIGNMENT (( #3090 ) ) ;
#8366 = VERTEX_POINT ( 'NONE', #11049 ) ;
#8367 = PLANE ( 'NONE',  #693 ) ;
#8368 = ORIENTED_EDGE ( 'NONE', *, *, #4918, .F. ) ;
#8369 = ORIENTED_EDGE ( 'NONE', *, *, #10299, .F. ) ;
#8370 = SURFACE_SIDE_STYLE ('',( #7258 ) ) ;
#8371 = SURFACE_STYLE_FILL_AREA ( #2564 ) ;
#8372 = VERTEX_POINT ( 'NONE', #10919 ) ;
#8373 = LINE ( 'NONE', #55, #3701 ) ;
#8374 = DIRECTION ( 'NONE',  ( 0.0000000000000000000, 8.220413448604739958E-18, -1.000000000000000000 ) ) ;
#8375 = FACE_OUTER_BOUND ( 'NONE', #11937, .T. ) ;
#8376 = LINE ( 'NONE', #4402, #3417 ) ;
#8377 = ORIENTED_EDGE ( 'NONE', *, *, #8854, .F. ) ;
#8378 = CARTESIAN_POINT ( 'NONE',  ( 0.3310660077292019721, 0.1949290786569806977, 0.3456559692871649658 ) ) ;
#8379 = EDGE_CURVE ( 'NONE', #7311, #2858, #1069, .T. ) ;
#8380 =( NAMED_UNIT ( * ) PLANE_ANGLE_UNIT ( ) SI_UNIT ( $, .RADIAN. ) );
#8381 = LINE ( 'NONE', #9470, #6814 ) ;
#8382 = CARTESIAN_POINT ( 'NONE',  ( 0.3468140392252720416, 0.1555589999168271731, 0.4062465204682488285 ) ) ;
#8383 = APPLICATION_PROTOCOL_DEFINITION ( 'draft international standard', 'automotive_design', 1998, #10858 ) ;
#8384 = ORIENTED_EDGE ( 'NONE', *, *, #13058, .F. ) ;
#8385 = VECTOR ( 'NONE', #3180, 39.37007874015748143 ) ;
#8386 = CARTESIAN_POINT ( 'NONE',  ( 0.2090187636347027589, 0.08075585031051535356, 0.4515614810981850025 ) ) ;
#8387 = DIRECTION ( 'NONE',  ( -1.937287448275559661E-17, -1.000000000000000000, -8.220413448604588965E-18 ) ) ;
#8388 = ORIENTED_EDGE ( 'NONE', *, *, #10845, .T. ) ;
#8389 = DIRECTION ( 'NONE',  ( 1.000000000000000000, 3.376070039848299626E-16, 2.359223927328455183E-16 ) ) ;
#8390 = CARTESIAN_POINT ( 'NONE',  ( 0.2916959289890401763, 0.1279999447987147654, 0.4893567566887362386 ) ) ;
#8391 = CARTESIAN_POINT ( 'NONE',  ( 0.3625620707213386140, 0.1555589999168269788, 0.2102228984210153528 ) ) ;
#8392 = LINE ( 'NONE', #4490, #9935 ) ;
#8393 = VERTEX_POINT ( 'NONE', #9169 ) ;
#8394 = DIRECTION ( 'NONE',  ( 5.273376169246154594E-17, -0.7071067811865474617, -0.7071067811865474617 ) ) ;
#8395 = DIRECTION ( 'NONE',  ( 0.0000000000000000000, 0.7999999999998902434, -0.6000000000001461942 ) ) ;
#8396 = EDGE_CURVE ( 'NONE', #8300, #10222, #74, .T. ) ;
#8397 = CARTESIAN_POINT ( 'NONE',  ( 0.3330345116662205007, 0.3130393148774570644, 0.4062465204682488285 ) ) ;
#8398 = ORIENTED_EDGE ( 'NONE', *, *, #4832, .F. ) ;
#8399 = ORIENTED_EDGE ( 'NONE', *, *, #1533, .T. ) ;
#8400 = DIRECTION ( 'NONE',  ( -1.608386623408229791E-17, -1.526556658859589750E-16, -1.000000000000000000 ) ) ;
#8401 = ORIENTED_EDGE ( 'NONE', *, *, #5041, .T. ) ;
#8402 = DIRECTION ( 'NONE',  ( 1.000000000000000000, 3.376070039848300612E-16, 2.359223927328455183E-16 ) ) ;
#8403 = CARTESIAN_POINT ( 'NONE',  ( 0.3468140392252720416, 0.1555589999168269788, 0.4810890401532991745 ) ) ;
#8404 = DIRECTION ( 'NONE',  ( -3.007447121050439791E-18, -2.498001805406600244E-16, -1.000000000000000000 ) ) ;
#8405 = ORIENTED_EDGE ( 'NONE', *, *, #10598, .F. ) ;
#8406 = CARTESIAN_POINT ( 'NONE',  ( 0.3313688544887177234, 0.1988660865309964665, 0.1975639038722385721 ) ) ;
#8407 = DIRECTION ( 'NONE',  ( -1.000000000000000000, 0.0000000000000000000, 0.0000000000000000000 ) ) ;
#8408 = ORIENTED_EDGE ( 'NONE', *, *, #1878, .F. ) ;
#8409 = VERTEX_POINT ( 'NONE', #10985 ) ;
#8410 = EDGE_CURVE ( 'NONE', #5843, #896, #1896, .T. ) ;
#8411 = EDGE_CURVE ( 'NONE', #6476, #12032, #4976, .T. ) ;
#8412 = SURFACE_STYLE_FILL_AREA ( #6178 ) ;
#8413 = AXIS2_PLACEMENT_3D ( 'NONE', #6708, #5776, #3784 ) ;
#8414 = DIRECTION ( 'NONE',  ( 0.1240347345890696062, -0.9922778767136850586, 0.0000000000000000000 ) ) ;
#8415 = DIRECTION ( 'NONE',  ( 3.376070039848298640E-16, -1.000000000000000000, 4.302114220422480608E-16 ) ) ;
#8416 = CARTESIAN_POINT ( 'NONE',  ( 0.4098061652095126295, 0.3957164802317834629, 0.1842386464525193057 ) ) ;
#8417 = DIRECTION ( 'NONE',  ( 0.0000000000000000000, 0.0000000000000000000, -1.000000000000000000 ) ) ;
#8418 = VERTEX_POINT ( 'NONE', #9045 ) ;
#8419 = EDGE_CURVE ( 'NONE', #7271, #4704, #13063, .T. ) ;
#8420 = VECTOR ( 'NONE', #8765, 39.37007874015748143 ) ;
#8421 = DIRECTION ( 'NONE',  ( 1.316334802367149914E-16, -1.000000000000000000, 1.526556658859589750E-16 ) ) ;
#8422 = CARTESIAN_POINT ( 'NONE',  ( 0.07122348804415806756, 0.3957164802317834629, 0.1684906149564565081 ) ) ;
#8423 = ORIENTED_EDGE ( 'NONE', *, *, #10242, .F. ) ;
#8424 = EDGE_CURVE ( 'NONE', #9601, #10357, #8020, .T. ) ;
#8425 = CARTESIAN_POINT ( 'NONE',  ( 0.2444518345008484528, 0.05713380306641543255, 0.2515614810981878224 ) ) ;
#8426 = ORIENTED_EDGE ( 'NONE', *, *, #10782, .T. ) ;
#8427 = PRESENTATION_STYLE_ASSIGNMENT (( #5460 ) ) ;
#8428 = LINE ( 'NONE', #4385, #4723 ) ;
#8429 = DIRECTION ( 'NONE',  ( 1.000000000000000000, 0.0000000000000000000, 0.0000000000000000000 ) ) ;
#8430 = AXIS2_PLACEMENT_3D ( 'NONE', #2260, #12436, #73 ) ;
#8431 = EDGE_LOOP ( 'NONE', ( #2405, #6748, #8464, #2236 ) ) ;
#8432 = CARTESIAN_POINT ( 'NONE',  ( 0.2562628581229027813, 0.08075585031050630525, 0.2397504574761405716 ) ) ;
#8433 = ORIENTED_EDGE ( 'NONE', *, *, #6273, .F. ) ;
#8434 = DIRECTION ( 'NONE',  ( -1.000000000000000000, 0.0000000000000000000, 0.0000000000000000000 ) ) ;
#8435 = ORIENTED_EDGE ( 'NONE', *, *, #10859, .T. ) ;
#8436 = ORIENTED_EDGE ( 'NONE', *, *, #11447, .T. ) ;
#8437 = DIRECTION ( 'NONE',  ( -1.937287448275559661E-17, -1.000000000000000000, -8.220413448604588965E-18 ) ) ;
#8438 = CARTESIAN_POINT ( 'NONE',  ( 0.2562628581229027813, 0.08075585031050630525, 0.4397504574761377794 ) ) ;
#8439 = EDGE_CURVE ( 'NONE', #5830, #12537, #7036, .T. ) ;
#8440 = AXIS2_PLACEMENT_3D ( 'NONE', #961, #5056, #4995 ) ;
#8441 = PLANE ( 'NONE',  #7294 ) ;
#8442 = CARTESIAN_POINT ( 'NONE',  ( 0.2726091976981878107, 0.1988660865309976600, 0.3850260480273224872 ) ) ;
#8443 = MECHANICAL_DESIGN_GEOMETRIC_PRESENTATION_REPRESENTATION (  '', ( #11246 ), #9316 ) ;
#8444 = EDGE_CURVE ( 'NONE', #5036, #11461, #10129, .T. ) ;
#8445 = CARTESIAN_POINT ( 'NONE',  ( 0.1027195510362848424, 0.1555589999168269788, 0.2180969141690468349 ) ) ;
#8446 = VERTEX_POINT ( 'NONE', #5426 ) ;
#8447 = DIRECTION ( 'NONE',  ( 0.0000000000000000000, -1.000000000000000000, 0.0000000000000000000 ) ) ;
#8448 = CARTESIAN_POINT ( 'NONE',  ( 0.3920896297764417393, 0.1791810471609177058, 0.3810890401533106320 ) ) ;
#8449 = ORIENTED_EDGE ( 'NONE', *, *, #2988, .F. ) ;
#8450 = CIRCLE ( 'NONE', #12317, 0.01574803149606296415 ) ;
#8451 = VECTOR ( 'NONE', #211, 39.37007874015748143 ) ;
#8452 = VERTEX_POINT ( 'NONE', #1328 ) ;
#8453 = CARTESIAN_POINT ( 'NONE',  ( 0.3290975037921822777, 0.4272125432239181064, 0.4224276228305008374 ) ) ;
#8454 = EDGE_CURVE ( 'NONE', #3399, #8815, #6167, .T. ) ;
#8455 = CARTESIAN_POINT ( 'NONE',  ( 0.2326408108788161622, 0.1555589999168269788, 0.4810890401532991745 ) ) ;
#8456 = ORIENTED_EDGE ( 'NONE', *, *, #440, .F. ) ;
#8457 = LINE ( 'NONE', #3700, #6161 ) ;
#8458 = LENGTH_MEASURE_WITH_UNIT ( LENGTH_MEASURE( 0.02539999999999999897 ), #4488 );
#8459 = EDGE_CURVE ( 'NONE', #3626, #9944, #1401, .T. ) ;
#8460 = CARTESIAN_POINT ( 'NONE',  ( 0.1444518345008675153, 0.05713380306640645362, 0.4515614810981850025 ) ) ;
#8461 = EDGE_CURVE ( 'NONE', #8372, #10010, #10301, .T. ) ;
#8462 = CARTESIAN_POINT ( 'NONE',  ( 0.1361841179654072753, 0.5295747479483235987, 0.2688843157438653431 ) ) ;
#8463 = CARTESIAN_POINT ( 'NONE',  ( 0.3090187636347193068, 0.08862986605856654210, 0.4397504574761377794 ) ) ;
#8464 = ORIENTED_EDGE ( 'NONE', *, *, #188, .F. ) ;
#8465 = DIRECTION ( 'NONE',  ( -1.000000000000000000, 1.937287448275559661E-17, 2.565854121688507820E-49 ) ) ;
#8466 = MECHANICAL_DESIGN_GEOMETRIC_PRESENTATION_REPRESENTATION (  '', ( #5079 ), #8248 ) ;
#8467 = DIRECTION ( 'NONE',  ( -0.9922778767136850586, 0.1240347345890695785, 0.0000000000000000000 ) ) ;
#8468 = ORIENTED_EDGE ( 'NONE', *, *, #4937, .T. ) ;
#8469 = EDGE_LOOP ( 'NONE', ( #9242, #11962, #5928, #528, #13103, #5684, #3281, #5014 ) ) ;
#8470 = SURFACE_STYLE_USAGE ( .BOTH. , #9491 ) ;
#8471 = DIRECTION ( 'NONE',  ( 1.316334802367149914E-16, -1.000000000000000000, 1.526556658859589750E-16 ) ) ;
#8472 = AXIS2_PLACEMENT_3D ( 'NONE', #7538, #6619, #5487 ) ;
#8473 = VERTEX_POINT ( 'NONE', #8263 ) ;
#8474 = DIRECTION ( 'NONE',  ( -1.316334802367149914E-16, 1.000000000000000000, -1.526556658859589750E-16 ) ) ;
#8475 = AXIS2_PLACEMENT_3D ( 'NONE', #9220, #7269, #11349 ) ;
#8476 = LINE ( 'NONE', #3514, #9372 ) ;
#8477 = EDGE_CURVE ( 'NONE', #4735, #4810, #10932, .T. ) ;
#8478 = FACE_OUTER_BOUND ( 'NONE', #11496, .T. ) ;
#8479 = CARTESIAN_POINT ( 'NONE',  ( 0.1558691573355118209, 0.2264251416490909441, 0.2515614810981878224 ) ) ;
#8480 = CARTESIAN_POINT ( 'NONE',  ( 0.07319199198118012117, 0.08862986605855749378, 0.3456559692871708500 ) ) ;
#8481 = ORIENTED_EDGE ( 'NONE', *, *, #4580, .T. ) ;
#8482 = ORIENTED_EDGE ( 'NONE', *, *, #2058, .T. ) ;
#8483 = SURFACE_STYLE_FILL_AREA ( #4511 ) ;
#8484 = VECTOR ( 'NONE', #12566, 39.37007874015748143 ) ;
#8485 = LINE ( 'NONE', #9716, #7245 ) ;
#8486 = DIRECTION ( 'NONE',  ( 0.0000000000000000000, 8.220413448604739958E-18, -1.000000000000000000 ) ) ;
#8487 = PLANE ( 'NONE',  #10960 ) ;
#8488 = LINE ( 'NONE', #4242, #11823 ) ;
#8489 = CARTESIAN_POINT ( 'NONE',  ( 0.07319199198118012117, 0.1476849841687954967, 0.4358134496021299209 ) ) ;
#8490 = CARTESIAN_POINT ( 'NONE',  ( 0.1558691573355118209, 0.1791810471608999700, 0.2397504574761405716 ) ) ;
#8491 = EDGE_CURVE ( 'NONE', #12310, #2858, #135, .T. ) ;
#8492 = ORIENTED_EDGE ( 'NONE', *, *, #6944, .T. ) ;
#8493 = EDGE_CURVE ( 'NONE', #165, #12841, #1258, .T. ) ;
#8494 = AXIS2_PLACEMENT_3D ( 'NONE', #11219, #12235, #12172 ) ;
#8495 = DIRECTION ( 'NONE',  ( -1.608386623408229791E-17, -1.526556658859589750E-16, -1.000000000000000000 ) ) ;
#8496 = DIRECTION ( 'NONE',  ( 3.007447121050439791E-18, 2.498001805406600244E-16, 1.000000000000000000 ) ) ;
#8497 = CARTESIAN_POINT ( 'NONE',  ( 0.2641368738709188868, 0.2185511259010751717, 0.5385693551139408841 ) ) ;
#8498 = ORIENTED_EDGE ( 'NONE', *, *, #1059, .F. ) ;
#8499 = DIMENSIONAL_EXPONENTS ( 1.000000000000000000, 0.0000000000000000000, 0.0000000000000000000, 0.0000000000000000000, 0.0000000000000000000, 0.0000000000000000000, 0.0000000000000000000 ) ;
#8500 = VECTOR ( 'NONE', #10217, 39.37007874015748143 ) ;
#8501 = PRESENTATION_STYLE_ASSIGNMENT (( #1361 ) ) ;
#8502 = AXIS2_PLACEMENT_3D ( 'NONE', #37, #2958, #7001 ) ;
#8503 = DIRECTION ( 'NONE',  ( 2.626713979715460250E-16, -3.747002708109905789E-16, -1.000000000000000000 ) ) ;
#8504 = PLANE ( 'NONE',  #6774 ) ;
#8505 = DIRECTION ( 'NONE',  ( 0.0000000000000000000, -1.000000000000000000, 0.0000000000000000000 ) ) ;
#8506 = ORIENTED_EDGE ( 'NONE', *, *, #921, .F. ) ;
#8507 = DIRECTION ( 'NONE',  ( -1.937287448275559661E-17, -1.000000000000000000, -8.220413448604588965E-18 ) ) ;
#8508 = ORIENTED_EDGE ( 'NONE', *, *, #2404, .F. ) ;
#8509 = VERTEX_POINT ( 'NONE', #4357 ) ;
#8510 = VECTOR ( 'NONE', #11916, 39.37007874015748143 ) ;
#8511 = CARTESIAN_POINT ( 'NONE',  ( 0.1027195510362846342, 0.1555589999168269788, 0.4180969141690433211 ) ) ;
#8512 = ORIENTED_EDGE ( 'NONE', *, *, #1374, .F. ) ;
#8513 = VECTOR ( 'NONE', #2688, 39.37007874015748143 ) ;
#8514 = DIRECTION ( 'NONE',  ( 2.626713979715460250E-16, -3.747002708109905789E-16, -1.000000000000000000 ) ) ;
#8515 = DIRECTION ( 'NONE',  ( 0.5773502691896277295, -0.5773502691896217343, -0.5773502691896277295 ) ) ;
#8516 = DIRECTION ( 'NONE',  ( 0.0000000000000000000, -8.220413448604739958E-18, 1.000000000000000000 ) ) ;
#8517 = ORIENTED_EDGE ( 'NONE', *, *, #13153, .T. ) ;
#8518 = EDGE_CURVE ( 'NONE', #6921, #6875, #9229, .T. ) ;
#8519 = CARTESIAN_POINT ( 'NONE',  ( 0.3385463226898373645, -0.07278745677610257148, 0.2515614810981878224 ) ) ;
#8520 = EDGE_CURVE ( 'NONE', #11208, #8705, #6291, .T. ) ;
#8521 = VECTOR ( 'NONE', #4413, 39.37007874015748143 ) ;
#8522 = LINE ( 'NONE', #10412, #1297 ) ;
#8523 = DIRECTION ( 'NONE',  ( 1.000000000000000000, 0.0000000000000000000, 0.0000000000000000000 ) ) ;
#8524 = ORIENTED_EDGE ( 'NONE', *, *, #7711, .F. ) ;
#8525 = STYLED_ITEM ( 'NONE', ( #4338 ), #7487 ) ;
#8526 = VERTEX_POINT ( 'NONE', #4285 ) ;
#8527 = CARTESIAN_POINT ( 'NONE',  ( 0.2208297872567575038, -0.05703942528004488088, 0.2515614810981878224 ) ) ;
#8528 = EDGE_CURVE ( 'NONE', #2654, #9853, #10365, .T. ) ;
#8529 = ORIENTED_EDGE ( 'NONE', *, *, #1599, .T. ) ;
#8530 = PLANE ( 'NONE',  #4228 ) ;
#8531 = CARTESIAN_POINT ( 'NONE',  ( 0.1558691573354938908, 0.3681574251136630060, 0.2515614810981878224 ) ) ;
#8532 = CARTESIAN_POINT ( 'NONE',  ( 0.2326408108788039775, 0.4575997454093465033, 0.2669158118068504226 ) ) ;
#8533 = FACE_OUTER_BOUND ( 'NONE', #3828, .T. ) ;
#8534 = LINE ( 'NONE', #12638, #2089 ) ;
#8535 = ORIENTED_EDGE ( 'NONE', *, *, #8844, .F. ) ;
#8536 = AXIS2_PLACEMENT_3D ( 'NONE', #5317, #9385, #12466 ) ;
#8537 = LINE ( 'NONE', #10630, #8277 ) ;
#8538 = EDGE_CURVE ( 'NONE', #11220, #11763, #7214, .T. ) ;
#8539 = FACE_OUTER_BOUND ( 'NONE', #367, .T. ) ;
#8540 = EDGE_CURVE ( 'NONE', #11185, #1227, #3300, .T. ) ;
#8541 = DIRECTION ( 'NONE',  ( 1.174096724532128111E-16, -1.000000000000000000, 1.665334536937734811E-16 ) ) ;
#8542 = VERTEX_POINT ( 'NONE', #5356 ) ;
#8543 = VECTOR ( 'NONE', #12397, 39.37007874015748143 ) ;
#8544 = DIRECTION ( 'NONE',  ( -1.000000000000000000, -1.408738150179759833E-16, 6.014894242100889598E-18 ) ) ;
#8545 = DIRECTION ( 'NONE',  ( -1.000000000000000000, 0.0000000000000000000, 1.100068545741414246E-14 ) ) ;
#8546 = VECTOR ( 'NONE', #3921, 39.37007874015748143 ) ;
#8547 = DIRECTION ( 'NONE',  ( 0.3511234415894409766, -0.9363291775686509721, 4.820554145997740081E-16 ) ) ;
#8548 =( LENGTH_UNIT ( ) NAMED_UNIT ( * ) SI_UNIT ( $, .METRE. ) );
#8549 = DIRECTION ( 'NONE',  ( -0.7071067811865475727, -0.7071067811865475727, 1.787619878552792927E-16 ) ) ;
#8550 = CARTESIAN_POINT ( 'NONE',  ( 0.2483888423748704388, 0.2185511259010751717, 0.3456559692871649658 ) ) ;
#8551 = CARTESIAN_POINT ( 'NONE',  ( 0.2483888423748704388, 0.1988660865309964665, 0.3456559692871649658 ) ) ;
#8552 = EDGE_LOOP ( 'NONE', ( #10805, #1847, #2639, #5533 ) ) ;
#8553 = VECTOR ( 'NONE', #5437, 39.37007874015748143 ) ;
#8554 = SURFACE_STYLE_USAGE ( .BOTH. , #12586 ) ;
#8555 = AXIS2_PLACEMENT_3D ( 'NONE', #9843, #10633, #3444 ) ;
#8556 = CARTESIAN_POINT ( 'NONE',  ( 0.3468140392252720416, 0.1555589999168271731, 0.4180969141690433211 ) ) ;
#8557 = EDGE_CURVE ( 'NONE', #11275, #7289, #4166, .T. ) ;
#8558 = DIRECTION ( 'NONE',  ( -3.518308117683324880E-16, 1.000000000000000000, -4.163336342344335054E-16 ) ) ;
#8559 = CARTESIAN_POINT ( 'NONE',  ( 0.3389400234772338982, 0.3760314408617052018, 0.3456559692871649658 ) ) ;
#8560 =( CONVERSION_BASED_UNIT ( 'INCH', #8698 ) LENGTH_UNIT ( ) NAMED_UNIT ( #6478 ) );
#8561 = DIRECTION ( 'NONE',  ( -0.7071067811865474617, -0.7071067811865474617, 2.495801191760493122E-16 ) ) ;
#8562 = MECHANICAL_DESIGN_GEOMETRIC_PRESENTATION_REPRESENTATION (  '', ( #6450 ), #10940 ) ;
#8563 = FACE_OUTER_BOUND ( 'NONE', #12036, .T. ) ;
#8564 = FACE_OUTER_BOUND ( 'NONE', #10298, .T. ) ;
#8565 = EDGE_LOOP ( 'NONE', ( #12101, #3194, #192, #8535 ) ) ;
#8566 = CARTESIAN_POINT ( 'NONE',  ( 0.2405148266268504198, 0.3563464014916267741, 0.4062858905469889370 ) ) ;
#8567 = VERTEX_POINT ( 'NONE', #6426 ) ;
#8568 = LINE ( 'NONE', #763, #7461 ) ;
#8569 = VECTOR ( 'NONE', #4322, 39.37007874015748854 ) ;
#8570 = ADVANCED_FACE ( 'NONE', ( #8332 ), #2261, .T. ) ;
#8571 = DIRECTION ( 'NONE',  ( 1.316334802367149914E-16, -1.000000000000000000, 1.526556658859589750E-16 ) ) ;
#8572 = EDGE_CURVE ( 'NONE', #12950, #3001, #7351, .T. ) ;
#8573 = CARTESIAN_POINT ( 'NONE',  ( 0.3350030156032094419, 0.5728818345624920871, 0.3299079377910984490 ) ) ;
#8574 = DIRECTION ( 'NONE',  ( -1.937287448275559661E-17, -1.000000000000000000, -8.220413448604739958E-18 ) ) ;
#8575 = FACE_OUTER_BOUND ( 'NONE', #12031, .T. ) ;
#8576 = DIRECTION ( 'NONE',  ( 1.937287448275559661E-17, 1.000000000000000000, 8.220413448604588965E-18 ) ) ;
#8577 = ORIENTED_EDGE ( 'NONE', *, *, #12714, .F. ) ;
#8578 = DIRECTION ( 'NONE',  ( 0.0000000000000000000, -1.000000000000000000, 0.0000000000000000000 ) ) ;
#8579 = VERTEX_POINT ( 'NONE', #7418 ) ;
#8580 = ORIENTED_EDGE ( 'NONE', *, *, #8967, .T. ) ;
#8581 = CIRCLE ( 'NONE', #5628, 0.05610236220472441387 ) ;
#8582 = CARTESIAN_POINT ( 'NONE',  ( 0.2483888423748523422, 0.4272125432239181064, 0.2905378590509232195 ) ) ;
#8583 = ORIENTED_EDGE ( 'NONE', *, *, #3735, .F. ) ;
#8584 = CARTESIAN_POINT ( 'NONE',  ( 0.2483888423748523422, 0.2165826219640791250, 0.2669158118068500340 ) ) ;
#8585 = CARTESIAN_POINT ( 'NONE',  ( 0.2483888423748523422, 0.1988660865309976600, 0.4677032133816496073 ) ) ;
#8586 = CARTESIAN_POINT ( 'NONE',  ( 0.2326408108788126095, -0.1446865674942328650, 0.4397504574761377794 ) ) ;
#8587 = ORIENTED_EDGE ( 'NONE', *, *, #8166, .T. ) ;
#8588 = EDGE_CURVE ( 'NONE', #4290, #4325, #3168, .T. ) ;
#8589 = SURFACE_SIDE_STYLE ('',( #11616 ) ) ;
#8590 = EDGE_CURVE ( 'NONE', #2233, #6057, #11299, .T. ) ;
#8591 = DIMENSIONAL_EXPONENTS ( 1.000000000000000000, 0.0000000000000000000, 0.0000000000000000000, 0.0000000000000000000, 0.0000000000000000000, 0.0000000000000000000, 0.0000000000000000000 ) ;
#8592 = SURFACE_SIDE_STYLE ('',( #3085 ) ) ;
#8593 = PLANE ( 'NONE',  #5865 ) ;
#8594 = ORIENTED_EDGE ( 'NONE', *, *, #7669, .T. ) ;
#8595 = VERTEX_POINT ( 'NONE', #191 ) ;
#8596 = FILL_AREA_STYLE_COLOUR ( '', #12567 ) ;
#8597 = ORIENTED_EDGE ( 'NONE', *, *, #11728, .F. ) ;
#8598 = SURFACE_SIDE_STYLE ('',( #533 ) ) ;
#8599 = AXIS2_PLACEMENT_3D ( 'NONE', #7512, #2481, #5589 ) ;
#8600 = CARTESIAN_POINT ( 'NONE',  ( 0.1755541967055726515, 0.1555589999168269788, 0.2456559692871496114 ) ) ;
#8601 = DIRECTION ( 'NONE',  ( 0.0000000000000000000, 0.0000000000000000000, -1.000000000000000000 ) ) ;
#8602 = ADVANCED_FACE ( 'NONE', ( #4226 ), #12373, .F. ) ;
#8603 = CYLINDRICAL_SURFACE ( 'NONE', #11402, 0.02952755905511810289 ) ;
#8604 = ORIENTED_EDGE ( 'NONE', *, *, #4843, .T. ) ;
#8605 = CARTESIAN_POINT ( 'NONE',  ( 0.07712899985517106261, 0.7897218048774075072, 0.1940811661375445030 ) ) ;
#8606 = FACE_OUTER_BOUND ( 'NONE', #5779, .T. ) ;
#8607 = EDGE_CURVE ( 'NONE', #896, #10289, #11772, .T. ) ;
#8608 = VECTOR ( 'NONE', #1478, 39.37007874015748143 ) ;
#8609 = CARTESIAN_POINT ( 'NONE',  ( 0.2326408108788161622, 0.1555589999168269788, 0.2810890401533023275 ) ) ;
#8610 = ORIENTED_EDGE ( 'NONE', *, *, #7316, .T. ) ;
#8611 = DIRECTION ( 'NONE',  ( -0.4472135955002290997, -0.8944271909997802972, 1.437323020766680259E-16 ) ) ;
#8612 = DIRECTION ( 'NONE',  ( 0.0000000000000000000, 0.0000000000000000000, -1.000000000000000000 ) ) ;
#8613 = ORIENTED_EDGE ( 'NONE', *, *, #12049, .F. ) ;
#8614 = CARTESIAN_POINT ( 'NONE',  ( 0.1267352990678039526, -0.07278745677611142550, 0.4515614810981850025 ) ) ;
#8615 = DIRECTION ( 'NONE',  ( 1.000000000000000000, -1.937287448275559661E-17, -2.565854121688507820E-49 ) ) ;
#8616 = CARTESIAN_POINT ( 'NONE',  ( 0.09484553528826220048, 0.1555589999168269788, 0.3456559692871708500 ) ) ;
#8617 =( NAMED_UNIT ( * ) PLANE_ANGLE_UNIT ( ) SI_UNIT ( $, .RADIAN. ) );
#8618 = VECTOR ( 'NONE', #10829, 39.37007874015748143 ) ;
#8619 = CARTESIAN_POINT ( 'NONE',  ( 0.3645305746583386020, 0.2776062440113113983, 0.2669158118068504226 ) ) ;
#8620 = EDGE_CURVE ( 'NONE', #5895, #7311, #3713, .T. ) ;
#8621 = ORIENTED_EDGE ( 'NONE', *, *, #7153, .T. ) ;
#8622 = LINE ( 'NONE', #685, #8420 ) ;
#8623 = EDGE_CURVE ( 'NONE', #3271, #9300, #10835, .T. ) ;
#8624 = CARTESIAN_POINT ( 'NONE',  ( 0.3763415982803858806, 0.2579212046412326376, 0.1901441582635393646 ) ) ;
#8625 = CARTESIAN_POINT ( 'NONE',  ( 0.3625620707213386140, 0.1555589999168271731, 0.4062465204682488285 ) ) ;
#8626 = DIRECTION ( 'NONE',  ( 0.0000000000000000000, 0.0000000000000000000, -1.000000000000000000 ) ) ;
#8627 = AXIS2_PLACEMENT_3D ( 'NONE', #855, #8946, #12106 ) ;
#8628 = DIRECTION ( 'NONE',  ( -0.7071067811865474617, -0.7071067811865474617, 2.495801191760493122E-16 ) ) ;
#8629 = CARTESIAN_POINT ( 'NONE',  ( 0.1347607381955348571, 0.4079514893171787282, 0.1684906149564565081 ) ) ;
#8630 = EDGE_CURVE ( 'NONE', #7159, #6958, #4496, .T. ) ;
#8631 = ORIENTED_EDGE ( 'NONE', *, *, #4801, .F. ) ;
#8632 = DIRECTION ( 'NONE',  ( 0.0000000000000000000, 0.0000000000000000000, -1.000000000000000000 ) ) ;
#8633 = CARTESIAN_POINT ( 'NONE',  ( 0.2326408108788039775, 0.05713380306642409229, 0.1921126622005507878 ) ) ;
#8634 = EDGE_CURVE ( 'NONE', #6075, #3827, #468, .T. ) ;
#8635 = CARTESIAN_POINT ( 'NONE',  ( 0.2326408108788039775, 0.1791810471609177058, 0.3259709299170831520 ) ) ;
#8636 = ORIENTED_EDGE ( 'NONE', *, *, #11256, .T. ) ;
#8637 = VECTOR ( 'NONE', #5030, 39.37007874015748143 ) ;
#8638 = CARTESIAN_POINT ( 'NONE',  ( 0.2405148266268504198, 0.3760314408617052018, 0.2259709299170708785 ) ) ;
#8639 = LINE ( 'NONE', #9452, #6247 ) ;
#8640 = FACE_OUTER_BOUND ( 'NONE', #12951, .T. ) ;
#8641 = DIRECTION ( 'NONE',  ( 0.0000000000000000000, 0.0000000000000000000, -1.000000000000000000 ) ) ;
#8642 = VERTEX_POINT ( 'NONE', #3505 ) ;
#8643 = COLOUR_RGB ( '',0.7529411764705882248, 0.7529411764705882248, 0.0000000000000000000 ) ;
#8644 = CARTESIAN_POINT ( 'NONE',  ( 0.3743730943433673519, 0.05713380306642409229, 0.4991992763737755912 ) ) ;
#8645 = ORIENTED_EDGE ( 'NONE', *, *, #8751, .T. ) ;
#8646 = VERTEX_POINT ( 'NONE', #5696 ) ;
#8647 = CARTESIAN_POINT ( 'NONE',  ( 0.1302786061543980412, 0.5728818345624920871, 0.2629788039328346261 ) ) ;
#8648 = ORIENTED_EDGE ( 'NONE', *, *, #11563, .T. ) ;
#8649 = ADVANCED_FACE ( 'NONE', ( #11569 ), #6762, .F. ) ;
#8650 = DIRECTION ( 'NONE',  ( 0.0000000000000000000, 0.0000000000000000000, 1.000000000000000000 ) ) ;
#8651 = DIRECTION ( 'NONE',  ( -1.000000000000000000, 1.937287448275559661E-17, 0.0000000000000000000 ) ) ;
#8652 = CARTESIAN_POINT ( 'NONE',  ( 0.3651867426373318626, 0.5426981075283701106, 0.4585168616756181148 ) ) ;
#8653 = CARTESIAN_POINT ( 'NONE',  ( 0.2326408108788039775, 0.5295747479483235987, 0.2905378590509444803 ) ) ;
#8654 = ORIENTED_EDGE ( 'NONE', *, *, #6942, .T. ) ;
#8655 = COLOUR_RGB ( '',0.7529411764705882248, 0.7529411764705882248, 0.0000000000000000000 ) ;
#8656 = CARTESIAN_POINT ( 'NONE',  ( 0.1558691573354936966, 0.3681574251136630060, 0.4515614810981850025 ) ) ;
#8657 =( NAMED_UNIT ( * ) SI_UNIT ( $, .STERADIAN. ) SOLID_ANGLE_UNIT ( ) );
#8658 = CARTESIAN_POINT ( 'NONE',  ( 0.09090852741424035321, 0.05713380306642409229, 0.4991992763737755912 ) ) ;
#8659 = EDGE_LOOP ( 'NONE', ( #2187, #9101, #9200, #11847, #5740, #1584, #11921, #5601, #2981 ) ) ;
#8660 = ORIENTED_EDGE ( 'NONE', *, *, #997, .F. ) ;
#8661 = LINE ( 'NONE', #2510, #4472 ) ;
#8662 = ORIENTED_EDGE ( 'NONE', *, *, #2667, .F. ) ;
#8663 = ORIENTED_EDGE ( 'NONE', *, *, #12122, .F. ) ;
#8664 = FACE_OUTER_BOUND ( 'NONE', #977, .T. ) ;
#8665 = AXIS2_PLACEMENT_3D ( 'NONE', #6815, #5824, #7672 ) ;
#8666 = CARTESIAN_POINT ( 'NONE',  ( 0.3940581337134496653, 0.3957164802317834629, 0.5228213236178701484 ) ) ;
#8667 = VERTEX_POINT ( 'NONE', #7546 ) ;
#8668 = EDGE_CURVE ( 'NONE', #5441, #8642, #7611, .T. ) ;
#8669 = ADVANCED_FACE ( 'NONE', ( #5769 ), #673, .F. ) ;
#8670 = PLANE ( 'NONE',  #10802 ) ;
#8671 = DIRECTION ( 'NONE',  ( 0.0000000000000000000, 0.0000000000000000000, -1.000000000000000000 ) ) ;
#8672 = VERTEX_POINT ( 'NONE', #12644 ) ;
#8673 = CARTESIAN_POINT ( 'NONE',  ( 0.2326408108788126095, -0.1446865674942328650, 0.4515614810981850025 ) ) ;
#8674 = AXIS2_PLACEMENT_3D ( 'NONE', #12664, #3590, #6853 ) ;
#8675 = AXIS2_PLACEMENT_3D ( 'NONE', #9595, #8574, #10871 ) ;
#8676 = FILL_AREA_STYLE ('',( #12771 ) ) ;
#8677 = EDGE_LOOP ( 'NONE', ( #8345, #8305, #1106, #8303 ) ) ;
#8678 = UNCERTAINTY_MEASURE_WITH_UNIT (LENGTH_MEASURE( 1.000000000000000082E-05 ), #7248, 'distance_accuracy_value', 'NONE');
#8679 = EDGE_CURVE ( 'NONE', #8300, #5210, #6560, .T. ) ;
#8680 = DIRECTION ( 'NONE',  ( -2.359223927328456662E-16, 3.885780586188049864E-16, 1.000000000000000000 ) ) ;
#8681 = LINE ( 'NONE', #5500, #13093 ) ;
#8682 = ORIENTED_EDGE ( 'NONE', *, *, #5450, .T. ) ;
#8683 = CARTESIAN_POINT ( 'NONE',  ( 0.07319199198116595195, 0.08862986605855749378, 0.5011677803107913443 ) ) ;
#8684 = DIMENSIONAL_EXPONENTS ( 1.000000000000000000, 0.0000000000000000000, 0.0000000000000000000, 0.0000000000000000000, 0.0000000000000000000, 0.0000000000000000000, 0.0000000000000000000 ) ;
#8685 = PLANE ( 'NONE',  #3195 ) ;
#8686 = VECTOR ( 'NONE', #2665, 39.37007874015748854 ) ;
#8687 = CARTESIAN_POINT ( 'NONE',  ( 0.2267352990677846403, -0.07278745677610237719, 0.4515614810981850025 ) ) ;
#8688 = AXIS2_PLACEMENT_3D ( 'NONE', #3059, #1963, #4048 ) ;
#8689 = CARTESIAN_POINT ( 'NONE',  ( 0.07516049591817382247, 0.08862986605855728561, 0.4834512448777165128 ) ) ;
#8690 = ORIENTED_EDGE ( 'NONE', *, *, #11248, .F. ) ;
#8691 = CARTESIAN_POINT ( 'NONE',  ( 0.3625620707213386140, 0.2756377400743059147, 0.5657347094446252278 ) ) ;
#8692 = CARTESIAN_POINT ( 'NONE',  ( 0.2090187636347251854, 0.1279999447987149597, 0.2058921897596043549 ) ) ;
#8693 = LENGTH_MEASURE_WITH_UNIT ( LENGTH_MEASURE( 0.02539999999999999897 ), #4839 );
#8694 = STYLED_ITEM ( 'NONE', ( #13159 ), #5237 ) ;
#8695 = VECTOR ( 'NONE', #754, 39.37007874015748143 ) ;
#8696 = DIRECTION ( 'NONE',  ( 1.316334802367149914E-16, -1.000000000000000000, 1.526556658859589750E-16 ) ) ;
#8697 = ORIENTED_EDGE ( 'NONE', *, *, #1950, .F. ) ;
#8698 = LENGTH_MEASURE_WITH_UNIT ( LENGTH_MEASURE( 0.02539999999999999897 ), #1627 );
#8699 = ADVANCED_FACE ( 'NONE', ( #1673 ), #5630, .F. ) ;
#8700 = CARTESIAN_POINT ( 'NONE',  ( 0.2483888423748523422, 0.4272125432239181064, 0.2905378590509232195 ) ) ;
#8701 = VERTEX_POINT ( 'NONE', #7758 ) ;
#8702 = ADVANCED_FACE ( 'NONE', ( #5566, #4421 ), #2724, .T. ) ;
#8703 = LINE ( 'NONE', #12869, #4289 ) ;
#8704 = FACE_BOUND ( 'NONE', #7287, .T. ) ;
#8705 = VERTEX_POINT ( 'NONE', #6495 ) ;
#8706 = CIRCLE ( 'NONE', #2995, 0.05610236220472444857 ) ;
#8707 = FACE_OUTER_BOUND ( 'NONE', #7430, .T. ) ;
#8708 = ORIENTED_EDGE ( 'NONE', *, *, #3745, .T. ) ;
#8709 = CARTESIAN_POINT ( 'NONE',  ( 0.2916959289890401763, 0.09256687393256948782, 0.1901441582635393646 ) ) ;
#8710 = ADVANCED_FACE ( 'NONE', ( #11631 ), #10566, .T. ) ;
#8711 = CARTESIAN_POINT ( 'NONE',  ( 0.1027195510362848424, 0.1555589999168269788, 0.2732150244052708454 ) ) ;
#8712 = DIRECTION ( 'NONE',  ( 3.007447121050439791E-18, 2.498001805406600244E-16, 1.000000000000000000 ) ) ;
#8713 = STYLED_ITEM ( 'NONE', ( #3555 ), #9714 ) ;
#8714 = LINE ( 'NONE', #3804, #6998 ) ;
#8715 = ADVANCED_FACE ( 'NONE', ( #9632 ), #543, .T. ) ;
#8716 = ADVANCED_FACE ( 'NONE', ( #9702 ), #606, .F. ) ;
#8717 = VECTOR ( 'NONE', #12976, 39.37007874015748143 ) ;
#8718 = CARTESIAN_POINT ( 'NONE',  ( 0.3842156140284205268, 0.1555589999168269788, 0.4932937645627543666 ) ) ;
#8719 = ORIENTED_EDGE ( 'NONE', *, *, #7567, .T. ) ;
#8720 = CARTESIAN_POINT ( 'NONE',  ( 0.2129557715087252168, 0.1279999447987147654, 0.2019551818855940817 ) ) ;
#8721 = ORIENTED_EDGE ( 'NONE', *, *, #9520, .F. ) ;
#8722 = VERTEX_POINT ( 'NONE', #7086 ) ;
#8723 = FILL_AREA_STYLE_COLOUR ( '', #7861 ) ;
#8724 = FACE_OUTER_BOUND ( 'NONE', #3352, .T. ) ;
#8725 = ORIENTED_EDGE ( 'NONE', *, *, #10895, .F. ) ;
#8726 = SURFACE_STYLE_FILL_AREA ( #1650 ) ;
#8727 = AXIS2_PLACEMENT_3D ( 'NONE', #3408, #4539, #365 ) ;
#8728 = CARTESIAN_POINT ( 'NONE',  ( 0.3330345116662205007, 0.1555589999168271731, 0.4515614810981740113 ) ) ;
#8729 = AXIS2_PLACEMENT_3D ( 'NONE', #7129, #2055, #10088 ) ;
#8730 = SURFACE_STYLE_FILL_AREA ( #4678 ) ;
#8731 = ORIENTED_EDGE ( 'NONE', *, *, #2854, .T. ) ;
#8732 = CARTESIAN_POINT ( 'NONE',  ( 0.3920896297764417393, 0.2579212046412326376, 0.1901441582635393646 ) ) ;
#8733 = CARTESIAN_POINT ( 'NONE',  ( 0.1164990785953285424, 0.3760314408617059234, 0.3456559692871649658 ) ) ;
#8734 = DIRECTION ( 'NONE',  ( 0.0000000000000000000, -1.000000000000000000, 0.0000000000000000000 ) ) ;
#8735 = EDGE_CURVE ( 'NONE', #6921, #8300, #8066, .T. ) ;
#8736 = ORIENTED_EDGE ( 'NONE', *, *, #1132, .F. ) ;
#8737 =( GEOMETRIC_REPRESENTATION_CONTEXT ( 3 ) GLOBAL_UNCERTAINTY_ASSIGNED_CONTEXT ( ( #6701 ) ) GLOBAL_UNIT_ASSIGNED_CONTEXT ( ( #12379, #3241, #4175 ) ) REPRESENTATION_CONTEXT ( 'NONE', 'WORKASPACE' ) );
#8738 = ORIENTED_EDGE ( 'NONE', *, *, #1780, .T. ) ;
#8739 = FACE_OUTER_BOUND ( 'NONE', #4568, .T. ) ;
#8740 = VERTEX_POINT ( 'NONE', #7022 ) ;
#8741 = AXIS2_PLACEMENT_3D ( 'NONE', #9181, #7115, #11939 ) ;
#8742 = ORIENTED_EDGE ( 'NONE', *, *, #5857, .F. ) ;
#8743 = CARTESIAN_POINT ( 'NONE',  ( 0.3090187636347015987, 0.08075585031051535356, 0.2515614810981878224 ) ) ;
#8744 = LINE ( 'NONE', #8531, #3230 ) ;
#8745 = ORIENTED_EDGE ( 'NONE', *, *, #524, .F. ) ;
#8746 = DIRECTION ( 'NONE',  ( 0.8944271909997125736, 0.4472135955003647134, 4.875037914994268271E-17 ) ) ;
#8747 = DIRECTION ( 'NONE',  ( 1.316334802367149914E-16, -1.000000000000000000, 1.526556658859589750E-16 ) ) ;
#8748 = ORIENTED_EDGE ( 'NONE', *, *, #7084, .F. ) ;
#8749 = CARTESIAN_POINT ( 'NONE',  ( 0.3920896297764417393, 0.2579212046412326376, 0.3456559692871649658 ) ) ;
#8750 = PRESENTATION_LAYER_ASSIGNMENT (  '', '', ( #1334 ) ) ;
#8751 = EDGE_CURVE ( 'NONE', #3052, #5360, #10112, .T. ) ;
#8752 = CARTESIAN_POINT ( 'NONE',  ( 0.1347607381955348571, 0.4079514893171787282, 0.1921126622005507878 ) ) ;
#8753 = ORIENTED_EDGE ( 'NONE', *, *, #12803, .F. ) ;
#8754 = EDGE_CURVE ( 'NONE', #7363, #2360, #861, .T. ) ;
#8755 = CARTESIAN_POINT ( 'NONE',  ( 0.3267352990678007996, -0.07278745677610257148, 0.2397504574761405716 ) ) ;
#8756 = DIRECTION ( 'NONE',  ( 1.000000000000000000, -1.937287448275559661E-17, 0.0000000000000000000 ) ) ;
#8757 = ORIENTED_EDGE ( 'NONE', *, *, #3474, .T. ) ;
#8758 = FILL_AREA_STYLE ('',( #5702 ) ) ;
#8759 = VECTOR ( 'NONE', #979, 39.37007874015748143 ) ;
#8760 = DIRECTION ( 'NONE',  ( -1.000000000000000000, 0.0000000000000000000, 0.0000000000000000000 ) ) ;
#8761 = VECTOR ( 'NONE', #429, 39.37007874015748854 ) ;
#8762 = CARTESIAN_POINT ( 'NONE',  ( 0.1562628581229041358, 0.08075585031049743734, 0.2397504574761405716 ) ) ;
#8763 = ORIENTED_EDGE ( 'NONE', *, *, #12463, .F. ) ;
#8764 = VERTEX_POINT ( 'NONE', #3041 ) ;
#8765 = DIRECTION ( 'NONE',  ( 1.000000000000000000, 3.376070039848305050E-16, 2.359223927328455183E-16 ) ) ;
#8766 = DIRECTION ( 'NONE',  ( 2.865203769218833733E-48, -8.220413448604588965E-18, 1.000000000000000000 ) ) ;
#8767 = CIRCLE ( 'NONE', #3247, 0.05610236220472441387 ) ;
#8768 = LINE ( 'NONE', #12861, #5590 ) ;
#8769 = EDGE_LOOP ( 'NONE', ( #9067, #4600, #10302, #9192 ) ) ;
#8770 = VECTOR ( 'NONE', #4441, 39.37007874015748143 ) ;
#8771 = VERTEX_POINT ( 'NONE', #12913 ) ;
#8772 = DIRECTION ( 'NONE',  ( 3.376070039848299626E-16, -1.000000000000000000, 4.302114220422480115E-16 ) ) ;
#8773 = VECTOR ( 'NONE', #6956, 39.37007874015748143 ) ;
#8774 = DIRECTION ( 'NONE',  ( 0.0000000000000000000, 8.220413448604739958E-18, -1.000000000000000000 ) ) ;
#8775 = PLANE ( 'NONE',  #8169 ) ;
#8776 = ORIENTED_EDGE ( 'NONE', *, *, #5002, .F. ) ;
#8777 = VECTOR ( 'NONE', #10444, 39.37007874015748854 ) ;
#8778 = DIRECTION ( 'NONE',  ( 2.626713979715460250E-16, -3.747002708109905789E-16, -1.000000000000000000 ) ) ;
#8779 = VERTEX_POINT ( 'NONE', #5972 ) ;
#8781 = EDGE_CURVE ( 'NONE', #6265, #5787, #7820, .T. ) ;
#8780 = DIMENSIONAL_EXPONENTS ( 1.000000000000000000, 0.0000000000000000000, 0.0000000000000000000, 0.0000000000000000000, 0.0000000000000000000, 0.0000000000000000000, 0.0000000000000000000 ) ;
#8782 = PRODUCT_RELATED_PRODUCT_CATEGORY ( 'part', '', ( #5383 ) ) ;
#8783 = CARTESIAN_POINT ( 'NONE',  ( 0.07712899985517106261, 0.3760314408617059234, 0.3456559692871649658 ) ) ;
#8784 = DIRECTION ( 'NONE',  ( 1.000000000000000000, 3.376070039848299626E-16, 2.359223927328455183E-16 ) ) ;
#8785 = EDGE_CURVE ( 'NONE', #10763, #4607, #2788, .T. ) ;
#8786 = CARTESIAN_POINT ( 'NONE',  ( 0.2483888423748476515, 0.3760314408617059234, 0.2905378590509508085 ) ) ;
#8787 = AXIS2_PLACEMENT_3D ( 'NONE', #2182, #6270, #7260 ) ;
#8788 = CARTESIAN_POINT ( 'NONE',  ( 0.2326408108788039775, 0.2579212046412326376, 0.5011677803107913443 ) ) ;
#8789 = AXIS2_PLACEMENT_3D ( 'NONE', #8133, #4210, #3103 ) ;
#8790 = FILL_AREA_STYLE ('',( #6796 ) ) ;
#8791 = LINE ( 'NONE', #3807, #3157 ) ;
#8792 = ORIENTED_EDGE ( 'NONE', *, *, #9846, .F. ) ;
#8793 = CARTESIAN_POINT ( 'NONE',  ( 0.3310660077292019721, 0.3839054566097366283, 0.3810890401533106320 ) ) ;
#8794 = EDGE_LOOP ( 'NONE', ( #12846, #5067, #5404, #603 ) ) ;
#8795 = ORIENTED_EDGE ( 'NONE', *, *, #9669, .T. ) ;
#8796 = CARTESIAN_POINT ( 'NONE',  ( 0.3468140392252720416, 0.1555589999168271731, 0.4062858905469889370 ) ) ;
#8797 = CARTESIAN_POINT ( 'NONE',  ( 0.1361841179654072753, 0.1988660865309976600, 0.2688843157438653431 ) ) ;
#8798 = ORIENTED_EDGE ( 'NONE', *, *, #4386, .F. ) ;
#8799 =( LENGTH_UNIT ( ) NAMED_UNIT ( * ) SI_UNIT ( $, .METRE. ) );
#8800 = DIRECTION ( 'NONE',  ( 0.0000000000000000000, 1.000000000000000000, 0.0000000000000000000 ) ) ;
#8801 = CIRCLE ( 'NONE', #3072, 0.08267716535433068670 ) ;
#8802 = DIRECTION ( 'NONE',  ( 1.000000000000000000, 3.376070039848299626E-16, 2.359223927328455183E-16 ) ) ;
#8803 = EDGE_CURVE ( 'NONE', #1259, #10476, #6039, .T. ) ;
#8804 = CARTESIAN_POINT ( 'NONE',  ( 0.3920896297764417393, 0.05713380306642409229, 0.4991992763737755912 ) ) ;
#8805 = ORIENTED_EDGE ( 'NONE', *, *, #6455, .T. ) ;
#8806 = DIRECTION ( 'NONE',  ( -1.000000000000000000, 0.0000000000000000000, 0.0000000000000000000 ) ) ;
#8807 = VERTEX_POINT ( 'NONE', #9907 ) ;
#8808 = VECTOR ( 'NONE', #3403, 39.37007874015748143 ) ;
#8809 = ORIENTED_EDGE ( 'NONE', *, *, #5946, .F. ) ;
#8810 = CARTESIAN_POINT ( 'NONE',  ( 0.2436447235467120720, 0.5488435103960854766, 0.2669158118068456487 ) ) ;
#8811 = ORIENTED_EDGE ( 'NONE', *, *, #9251, .F. ) ;
#8812 = ORIENTED_EDGE ( 'NONE', *, *, #8410, .F. ) ;
#8813 = DIRECTION ( 'NONE',  ( -3.518308117683324880E-16, 1.000000000000000000, -4.163336342344335054E-16 ) ) ;
#8814 = PLANE ( 'NONE',  #9189 ) ;
#8815 = VERTEX_POINT ( 'NONE', #801 ) ;
#8816 = EDGE_CURVE ( 'NONE', #3221, #9297, #9089, .T. ) ;
#8817 = DIRECTION ( 'NONE',  ( -1.000000000000000000, 0.0000000000000000000, 0.0000000000000000000 ) ) ;
#8818 = STYLED_ITEM ( 'NONE', ( #4585 ), #9352 ) ;
#8819 = ORIENTED_EDGE ( 'NONE', *, *, #2090, .T. ) ;
#8820 = EDGE_CURVE ( 'NONE', #8667, #1851, #3968, .T. ) ;
#8821 = CARTESIAN_POINT ( 'NONE',  ( 0.1558691573354860360, 0.2165826219640791250, 0.2669158118068500340 ) ) ;
#8822 = DIRECTION ( 'NONE',  ( -2.626713979715460250E-16, 4.163336342344334068E-16, 1.000000000000000000 ) ) ;
#8823 = ORIENTED_EDGE ( 'NONE', *, *, #1435, .T. ) ;
#8824 = VECTOR ( 'NONE', #9003, 39.37007874015748143 ) ;
#8825 = DIRECTION ( 'NONE',  ( 1.937287448275559661E-17, 1.000000000000000000, 8.220413448604588965E-18 ) ) ;
#8826 = VECTOR ( 'NONE', #7371, 39.37007874015748143 ) ;
#8827 = DIRECTION ( 'NONE',  ( 3.007447121050439791E-18, 2.498001805406600244E-16, 1.000000000000000000 ) ) ;
#8828 = ORIENTED_EDGE ( 'NONE', *, *, #1431, .F. ) ;
#8829 = DIRECTION ( 'NONE',  ( -3.518308117683324880E-16, 1.000000000000000000, -4.163336342344335054E-16 ) ) ;
#8830 = CARTESIAN_POINT ( 'NONE',  ( 0.2326408108788039775, 0.4547715983420212993, 0.3456559692871649658 ) ) ;
#8831 = DIRECTION ( 'NONE',  ( 0.0000000000000000000, 0.0000000000000000000, 1.000000000000000000 ) ) ;
#8832 = ORIENTED_EDGE ( 'NONE', *, *, #1057, .T. ) ;
#8833 = ADVANCED_FACE ( 'NONE', ( #10973 ), #2861, .T. ) ;
#8834 = PLANE ( 'NONE',  #2125 ) ;
#8835 = CARTESIAN_POINT ( 'NONE',  ( 0.2483888423748523422, 0.3760314408617059234, 0.2688843157438653431 ) ) ;
#8836 = PLANE ( 'NONE',  #1809 ) ;
#8837 = LINE ( 'NONE', #2032, #11264 ) ;
#8838 = CARTESIAN_POINT ( 'NONE',  ( 0.1617746691465234143, 0.4114645117278449282, 0.2944748669249547257 ) ) ;
#8839 = VECTOR ( 'NONE', #11247, 39.37007874015748143 ) ;
#8840 = VERTEX_POINT ( 'NONE', #2980 ) ;
#8841 = CARTESIAN_POINT ( 'NONE',  ( 0.2326408108788039775, 0.4272125432239181064, 0.3456559692871649658 ) ) ;
#8842 = DIRECTION ( 'NONE',  ( -2.359223927328455183E-16, 3.885780586188049864E-16, 1.000000000000000000 ) ) ;
#8843 = VERTEX_POINT ( 'NONE', #11166 ) ;
#8844 = EDGE_CURVE ( 'NONE', #6395, #9713, #8954, .T. ) ;
#8845 = EDGE_CURVE ( 'NONE', #12718, #9831, #12110, .T. ) ;
#8846 = CARTESIAN_POINT ( 'NONE',  ( 0.2326408108788039775, -0.07318115756351298296, 0.4017583314918893866 ) ) ;
#8847 = EDGE_LOOP ( 'NONE', ( #8102, #6754, #9164, #12628 ) ) ;
#8848 = DIRECTION ( 'NONE',  ( 1.000000000000000000, 1.174096724532128111E-16, -4.283287147278279229E-17 ) ) ;
#8849 =( GEOMETRIC_REPRESENTATION_CONTEXT ( 3 ) GLOBAL_UNCERTAINTY_ASSIGNED_CONTEXT ( ( #470 ) ) GLOBAL_UNIT_ASSIGNED_CONTEXT ( ( #5777, #9347, #11231 ) ) REPRESENTATION_CONTEXT ( 'NONE', 'WORKASPACE' ) );
#8850 = LENGTH_MEASURE_WITH_UNIT ( LENGTH_MEASURE( 0.02539999999999999897 ), #4530 );
#8851 = CARTESIAN_POINT ( 'NONE',  ( 0.3920896297764488447, 0.08862986605855749378, 0.3456559692871673528 ) ) ;
#8852 = FACE_OUTER_BOUND ( 'NONE', #6816, .T. ) ;
#8853 = DIRECTION ( 'NONE',  ( 0.3511234415877496073, 0.9363291775692852426, -1.485833765564396243E-16 ) ) ;
#8854 = EDGE_CURVE ( 'NONE', #4866, #2192, #5597, .T. ) ;
#8855 = ORIENTED_EDGE ( 'NONE', *, *, #9062, .T. ) ;
#8856 = DIRECTION ( 'NONE',  ( -0.1240347345890696062, 0.9922778767136850586, 0.0000000000000000000 ) ) ;
#8857 = VERTEX_POINT ( 'NONE', #11222 ) ;
#8858 = ORIENTED_EDGE ( 'NONE', *, *, #1929, .F. ) ;
#8859 = LINE ( 'NONE', #3945, #8063 ) ;
#8860 = FACE_OUTER_BOUND ( 'NONE', #5550, .T. ) ;
#8861 = VERTEX_POINT ( 'NONE', #7335 ) ;
#8862 = LINE ( 'NONE', #779, #3316 ) ;
#8863 = LINE ( 'NONE', #11957, #2602 ) ;
#8864 = ORIENTED_EDGE ( 'NONE', *, *, #9655, .T. ) ;
#8865 = DIRECTION ( 'NONE',  ( -1.608386623408229791E-17, -1.526556658859589750E-16, -1.000000000000000000 ) ) ;
#8866 = DIMENSIONAL_EXPONENTS ( 1.000000000000000000, 0.0000000000000000000, 0.0000000000000000000, 0.0000000000000000000, 0.0000000000000000000, 0.0000000000000000000, 0.0000000000000000000 ) ;
#8867 = PRESENTATION_LAYER_ASSIGNMENT (  '', '', ( #9088 ) ) ;
#8868 = CARTESIAN_POINT ( 'NONE',  ( 0.2326408108788039775, 0.5729212046412323067, 0.3456559692871649658 ) ) ;
#8869 = ORIENTED_EDGE ( 'NONE', *, *, #1099, .F. ) ;
#8870 = VERTEX_POINT ( 'NONE', #7267 ) ;
#8871 = ADVANCED_FACE ( 'NONE', ( #8315 ), #5081, .F. ) ;
#8872 = CYLINDRICAL_SURFACE ( 'NONE', #11088, 0.05610236220472444857 ) ;
#8873 = ORIENTED_EDGE ( 'NONE', *, *, #4397, .F. ) ;
#8874 = EDGE_LOOP ( 'NONE', ( #1904, #9659, #2586, #3900, #13160, #3037, #9377 ) ) ;
#8875 = CARTESIAN_POINT ( 'NONE',  ( 0.1027195510362848424, 0.1555589999168269788, 0.2732150244052708454 ) ) ;
#8876 = CARTESIAN_POINT ( 'NONE',  ( 0.3625620707213386140, 0.1555589999168271731, 0.4102228984210118390 ) ) ;
#8877 = EDGE_LOOP ( 'NONE', ( #13050, #553, #3835, #7399 ) ) ;
#8878 = EDGE_CURVE ( 'NONE', #12684, #7434, #11346, .T. ) ;
#8879 =( NAMED_UNIT ( * ) SI_UNIT ( $, .STERADIAN. ) SOLID_ANGLE_UNIT ( ) );
#8880 = AXIS2_PLACEMENT_3D ( 'NONE', #9715, #1620, #6444 ) ;
#8881 = SHAPE_REPRESENTATION ( 'CUI_DEVICES_MPB04-2C33-S-D', ( #9656, #12010 ), #6237 ) ;
#8882 = LINE ( 'NONE', #9021, #4174 ) ;
#8883 = VERTEX_POINT ( 'NONE', #6277 ) ;
#8884 = CARTESIAN_POINT ( 'NONE',  ( 0.1342156140284145593, 0.3839054566097366283, 0.4243961267674756233 ) ) ;
#8885 = EDGE_CURVE ( 'NONE', #10370, #7891, #307, .T. ) ;
#8886 = CARTESIAN_POINT ( 'NONE',  ( 0.1893337242646342400, 0.7897218048774075072, 0.4677032133816496073 ) ) ;
#8887 = ORIENTED_EDGE ( 'NONE', *, *, #12776, .T. ) ;
#8888 = VECTOR ( 'NONE', #8395, 39.37007874015748854 ) ;
#8889 = CARTESIAN_POINT ( 'NONE',  ( 0.1558691573354938908, 0.3681574251136630060, 0.2515614810981878224 ) ) ;
#8890 = EDGE_CURVE ( 'NONE', #9234, #5540, #3351, .T. ) ;
#8891 = CARTESIAN_POINT ( 'NONE',  ( 0.1267352990678039526, -0.07278745677611142550, 0.4515614810981850025 ) ) ;
#8892 = ORIENTED_EDGE ( 'NONE', *, *, #12015, .F. ) ;
#8893 = LINE ( 'NONE', #9097, #7850 ) ;
#8894 = DIRECTION ( 'NONE',  ( 1.000000000000000000, 0.0000000000000000000, 0.0000000000000000000 ) ) ;
#8895 = LINE ( 'NONE', #9710, #388 ) ;
#8896 = ORIENTED_EDGE ( 'NONE', *, *, #1351, .F. ) ;
#8897 = VECTOR ( 'NONE', #9405, 39.37007874015748143 ) ;
#8898 = ORIENTED_EDGE ( 'NONE', *, *, #1356, .T. ) ;
#8899 = VECTOR ( 'NONE', #655, 39.37007874015748143 ) ;
#8900 = LENGTH_MEASURE_WITH_UNIT ( LENGTH_MEASURE( 0.02539999999999999897 ), #6053 );
#8901 = CARTESIAN_POINT ( 'NONE',  ( 0.2444518345008484528, 0.05713380306641543255, 0.2515614810981878224 ) ) ;
#8902 = DIRECTION ( 'NONE',  ( 0.0000000000000000000, -1.000000000000000000, 0.0000000000000000000 ) ) ;
#8903 = ADVANCED_FACE ( 'NONE', ( #11478 ), #2372, .T. ) ;
#8904 = VECTOR ( 'NONE', #5518, 39.37007874015748143 ) ;
#8905 = CARTESIAN_POINT ( 'NONE',  ( 0.3468140392252720416, 0.1555589999168271731, 0.4397504574761377794 ) ) ;
#8906 = VECTOR ( 'NONE', #4533, 39.37007874015748143 ) ;
#8907 = CARTESIAN_POINT ( 'NONE',  ( 0.1558691573354860360, 0.1988660865309976600, 0.3456559692871649658 ) ) ;
#8908 = CARTESIAN_POINT ( 'NONE',  ( 0.2483888423748523422, 0.5295747479483235987, 0.2688843157438653431 ) ) ;
#8909 = ORIENTED_EDGE ( 'NONE', *, *, #6080, .F. ) ;
#8910 = COLOUR_RGB ( '',0.7529411764705882248, 0.7529411764705882248, 0.0000000000000000000 ) ;
#8911 = CARTESIAN_POINT ( 'NONE',  ( 0.3625620707213386140, 0.1555589999168269788, 0.2102228984210153528 ) ) ;
#8912 = PRESENTATION_LAYER_ASSIGNMENT (  '', '', ( #11064 ) ) ;
#8913 = LINE ( 'NONE', #11065, #4955 ) ;
#8914 = DIRECTION ( 'NONE',  ( -1.000000000000000000, -1.316334802367149914E-16, 1.608386623408234722E-17 ) ) ;
#8915 = DIRECTION ( 'NONE',  ( 1.000000000000000000, 0.0000000000000000000, 0.0000000000000000000 ) ) ;
#8916 = CARTESIAN_POINT ( 'NONE',  ( 0.1562628581229039137, 0.08862986605856654210, 0.4397504574761377794 ) ) ;
#8917 = ADVANCED_FACE ( 'NONE', ( #1118 ), #9154, .T. ) ;
#8918 = EDGE_CURVE ( 'NONE', #4998, #183, #4147, .T. ) ;
#8919 = FACE_OUTER_BOUND ( 'NONE', #5689, .T. ) ;
#8920 = ORIENTED_EDGE ( 'NONE', *, *, #11327, .T. ) ;
#8921 = CARTESIAN_POINT ( 'NONE',  ( 0.3625620707213386140, 0.08862986605856654210, 0.4397504574761377794 ) ) ;
#8922 = EDGE_LOOP ( 'NONE', ( #3896, #925, #2941, #12288 ) ) ;
#8923 = ORIENTED_EDGE ( 'NONE', *, *, #2391, .F. ) ;
#8924 = VECTOR ( 'NONE', #12835, 39.37007874015748143 ) ;
#8925 =( LENGTH_UNIT ( ) NAMED_UNIT ( * ) SI_UNIT ( $, .METRE. ) );
#8926 = VECTOR ( 'NONE', #5845, 39.37007874015748143 ) ;
#8927 = FACE_OUTER_BOUND ( 'NONE', #1317, .T. ) ;
#8928 = ORIENTED_EDGE ( 'NONE', *, *, #3420, .T. ) ;
#8929 = CARTESIAN_POINT ( 'NONE',  ( 0.3330345116662205007, 0.3130393148774570644, 0.2062465204682519537 ) ) ;
#8930 = DIRECTION ( 'NONE',  ( 0.0000000000000000000, 0.0000000000000000000, -1.000000000000000000 ) ) ;
#8931 = VERTEX_POINT ( 'NONE', #5203 ) ;
#8932 = VECTOR ( 'NONE', #7270, 39.37007874015748143 ) ;
#8933 = FILL_AREA_STYLE_COLOUR ( '', #2197 ) ;
#8934 = AXIS2_PLACEMENT_3D ( 'NONE', #6734, #1849, #13089 ) ;
#8935 = CARTESIAN_POINT ( 'NONE',  ( 0.1558691573354936966, 0.2933542755073602626, 0.4397504574761377794 ) ) ;
#8936 = ORIENTED_EDGE ( 'NONE', *, *, #10022, .F. ) ;
#8937 = ORIENTED_EDGE ( 'NONE', *, *, #8029, .F. ) ;
#8938 = FACE_OUTER_BOUND ( 'NONE', #6532, .T. ) ;
#8939 = ORIENTED_EDGE ( 'NONE', *, *, #10859, .F. ) ;
#8940 = ORIENTED_EDGE ( 'NONE', *, *, #11732, .T. ) ;
#8941 = LENGTH_MEASURE_WITH_UNIT ( LENGTH_MEASURE( 0.02539999999999999897 ), #7812 );
#8942 = AXIS2_PLACEMENT_3D ( 'NONE', #3030, #2115, #2062 ) ;
#8943 = CARTESIAN_POINT ( 'NONE',  ( 0.2483888423748523422, 0.3760314408617059234, 0.2236087251926807129 ) ) ;
#8944 = ORIENTED_EDGE ( 'NONE', *, *, #5379, .F. ) ;
#8945 = CARTESIAN_POINT ( 'NONE',  ( 0.2326408108788039775, 0.3760314408617052018, 0.4322701425155078825 ) ) ;
#8946 = DIRECTION ( 'NONE',  ( 0.9363291775686510832, 0.3511234415894410321, 9.976239553167178227E-17 ) ) ;
#8947 = EDGE_CURVE ( 'NONE', #4290, #5609, #9276, .T. ) ;
#8948 = CARTESIAN_POINT ( 'NONE',  ( 0.2090187636347027589, 0.08075585031051535356, 0.2515614810981878224 ) ) ;
#8949 = VERTEX_POINT ( 'NONE', #3220 ) ;
#8950 = DIRECTION ( 'NONE',  ( 1.937287448275559661E-17, 1.000000000000000000, 8.220413448604588965E-18 ) ) ;
#8951 = EDGE_CURVE ( 'NONE', #10019, #8090, #1242, .T. ) ;
#8952 = ADVANCED_FACE ( 'NONE', ( #1454 ), #10550, .F. ) ;
#8953 = AXIS2_PLACEMENT_3D ( 'NONE', #575, #7389, #10604 ) ;
#8954 = LINE ( 'NONE', #13049, #12212 ) ;
#8955 = ORIENTED_EDGE ( 'NONE', *, *, #11060, .F. ) ;
#8956 = ADVANCED_FACE ( 'NONE', ( #5481 ), #8593, .F. ) ;
#8957 = VECTOR ( 'NONE', #2748, 39.37007874015748143 ) ;
#8958 = CARTESIAN_POINT ( 'NONE',  ( 0.2090187636347027589, 0.08862986605856654210, 0.4515614810981850025 ) ) ;
#8959 = CARTESIAN_POINT ( 'NONE',  ( 0.1267352990678039526, -0.07278745677611142550, 0.4397504574761377794 ) ) ;
#8960 = ORIENTED_EDGE ( 'NONE', *, *, #10190, .F. ) ;
#8961 = LINE ( 'NONE', #13054, #8043 ) ;
#8962 = DIMENSIONAL_EXPONENTS ( 1.000000000000000000, 0.0000000000000000000, 0.0000000000000000000, 0.0000000000000000000, 0.0000000000000000000, 0.0000000000000000000, 0.0000000000000000000 ) ;
#8963 =( NAMED_UNIT ( * ) SI_UNIT ( $, .STERADIAN. ) SOLID_ANGLE_UNIT ( ) );
#8964 = SURFACE_STYLE_USAGE ( .BOTH. , #4969 ) ;
#8965 = VECTOR ( 'NONE', #7896, 39.37007874015748143 ) ;
#8966 = ORIENTED_EDGE ( 'NONE', *, *, #5792, .F. ) ;
#8967 = EDGE_CURVE ( 'NONE', #4873, #9510, #6546, .T. ) ;
#8968 = CIRCLE ( 'NONE', #11308, 0.05610236220472441387 ) ;
#8969 = ORIENTED_EDGE ( 'NONE', *, *, #7316, .F. ) ;
#8970 = EDGE_CURVE ( 'NONE', #12537, #2353, #7469, .T. ) ;
#8971 = CARTESIAN_POINT ( 'NONE',  ( 0.3625620707213386140, 0.1555589999168269788, 0.2456559692871496114 ) ) ;
#8972 = DIRECTION ( 'NONE',  ( -0.7071067811865510144, 0.7071067811865440200, 0.0000000000000000000 ) ) ;
#8973 = ORIENTED_EDGE ( 'NONE', *, *, #12948, .F. ) ;
#8974 = PRODUCT_CONTEXT ( 'NONE', #12729, 'mechanical' ) ;
#8975 = ORIENTED_EDGE ( 'NONE', *, *, #2041, .T. ) ;
#8976 = CARTESIAN_POINT ( 'NONE',  ( 0.2405148266268504198, 0.3760314408617055348, 0.4259709299170676977 ) ) ;
#8977 = DIRECTION ( 'NONE',  ( -6.014894242100854160E-18, -2.498001805406600244E-16, -1.000000000000000000 ) ) ;
#8978 = ORIENTED_EDGE ( 'NONE', *, *, #5914, .T. ) ;
#8979 = PLANE ( 'NONE',  #6869 ) ;
#8980 = CARTESIAN_POINT ( 'NONE',  ( 0.2405148266268504198, 0.3760314408617052018, 0.2590417960588141666 ) ) ;
#8981 = ORIENTED_EDGE ( 'NONE', *, *, #3737, .T. ) ;
#8982 = EDGE_CURVE ( 'NONE', #5961, #9760, #1841, .T. ) ;
#8983 = ORIENTED_EDGE ( 'NONE', *, *, #6829, .F. ) ;
#8984 = AXIS2_PLACEMENT_3D ( 'NONE', #1047, #11403, #10405 ) ;
#8985 = ADVANCED_FACE ( 'NONE', ( #379 ), #2506, .F. ) ;
#8986 = AXIS2_PLACEMENT_3D ( 'NONE', #7719, #11731, #570 ) ;
#8987 = DIRECTION ( 'NONE',  ( 0.0000000000000000000, 8.220413448604739958E-18, -1.000000000000000000 ) ) ;
#8988 = CARTESIAN_POINT ( 'NONE',  ( 0.1027195510362848424, 0.1555589999168269788, 0.2732150244052708454 ) ) ;
#8989 = SURFACE_STYLE_USAGE ( .BOTH. , #2042 ) ;
#8990 = CARTESIAN_POINT ( 'NONE',  ( 0.3090187636347015987, 0.08862986605856634781, 0.2397504574761405716 ) ) ;
#8991 = DIRECTION ( 'NONE',  ( 0.4472135955000935970, -0.8944271909998480208, 1.293464547805031941E-16 ) ) ;
#8992 = CARTESIAN_POINT ( 'NONE',  ( 0.3113809683591188815, 0.5610708109404448640, 0.3614040007832315382 ) ) ;
#8993 = CARTESIAN_POINT ( 'NONE',  ( 0.3385463226898373645, -0.07278745677610257148, 0.2515614810981878224 ) ) ;
#8994 = VECTOR ( 'NONE', #8495, 39.37007874015748143 ) ;
#8995 = ORIENTED_EDGE ( 'NONE', *, *, #3105, .T. ) ;
#8996 = EDGE_LOOP ( 'NONE', ( #3746, #7077, #6358, #9758, #5047, #8328, #6384, #4853 ) ) ;
#8997 = AXIS2_PLACEMENT_3D ( 'NONE', #1275, #7437, #9305 ) ;
#8998 = VERTEX_POINT ( 'NONE', #12693 ) ;
#8999 = PRESENTATION_STYLE_ASSIGNMENT (( #11879 ) ) ;
#9000 = DIRECTION ( 'NONE',  ( 0.0000000000000000000, 0.0000000000000000000, -1.000000000000000000 ) ) ;
#9001 = ORIENTED_EDGE ( 'NONE', *, *, #9768, .F. ) ;
#9002 = SURFACE_STYLE_USAGE ( .BOTH. , #10808 ) ;
#9003 = DIRECTION ( 'NONE',  ( -1.000000000000000000, -3.376070039848299626E-16, -2.359223927328455183E-16 ) ) ;
#9004 = EDGE_CURVE ( 'NONE', #11259, #5210, #3552, .T. ) ;
#9005 =( LENGTH_UNIT ( ) NAMED_UNIT ( * ) SI_UNIT ( $, .METRE. ) );
#9006 = EDGE_LOOP ( 'NONE', ( #11852, #12617, #9230, #10596, #7797, #4798, #5672 ) ) ;
#9007 = VECTOR ( 'NONE', #1738, 39.37007874015748143 ) ;
#9008 = DIRECTION ( 'NONE',  ( -3.518308117683324880E-16, 1.000000000000000000, -4.163336342344335054E-16 ) ) ;
#9009 = VECTOR ( 'NONE', #9289, 39.37007874015748143 ) ;
#9010 = LINE ( 'NONE', #11206, #3803 ) ;
#9011 = ORIENTED_EDGE ( 'NONE', *, *, #11313, .F. ) ;
#9012 = ORIENTED_EDGE ( 'NONE', *, *, #5332, .F. ) ;
#9013 = CARTESIAN_POINT ( 'NONE',  ( 0.3645305746583386020, 0.4575997454093465033, 0.5011677803107913443 ) ) ;
#9014 = VERTEX_POINT ( 'NONE', #9614 ) ;
#9015 = EDGE_LOOP ( 'NONE', ( #6710, #4179, #7128, #6646 ) ) ;
#9016 = VECTOR ( 'NONE', #3686, 39.37007874015748143 ) ;
#9017 = DIRECTION ( 'NONE',  ( 4.283287147278279229E-17, 1.665334536937734811E-16, 1.000000000000000000 ) ) ;
#9018 = VERTEX_POINT ( 'NONE', #526 ) ;
#9019 = SPHERICAL_SURFACE ( 'NONE', #7499, 0.01771653543307086590 ) ;
#9020 =( NAMED_UNIT ( * ) PLANE_ANGLE_UNIT ( ) SI_UNIT ( $, .RADIAN. ) );
#9021 = CARTESIAN_POINT ( 'NONE',  ( 0.3867090523486386155, 0.1718319657960954705, 0.2973620060325709025 ) ) ;
#9022 = VERTEX_POINT ( 'NONE', #7594 ) ;
#9023 = EDGE_CURVE ( 'NONE', #3776, #5441, #11683, .T. ) ;
#9024 = EDGE_CURVE ( 'NONE', #7363, #12489, #10683, .T. ) ;
#9025 = LINE ( 'NONE', #13113, #41 ) ;
#9026 = VECTOR ( 'NONE', #3667, 39.37007874015748143 ) ;
#9027 = ORIENTED_EDGE ( 'NONE', *, *, #12281, .T. ) ;
#9028 = CARTESIAN_POINT ( 'NONE',  ( 0.1401211258394373937, 0.7897218048774075072, 0.3161284102320469080 ) ) ;
#9029 = FILL_AREA_STYLE ('',( #10838 ) ) ;
#9030 = ORIENTED_EDGE ( 'NONE', *, *, #7076, .F. ) ;
#9031 = CARTESIAN_POINT ( 'NONE',  ( 0.2326408108788126095, -0.1446865674942328650, 0.4515614810981850025 ) ) ;
#9032 = EDGE_CURVE ( 'NONE', #3093, #4887, #9688, .T. ) ;
#9033 = PRESENTATION_LAYER_ASSIGNMENT (  '', '', ( #8818 ) ) ;
#9034 = LINE ( 'NONE', #3848, #8965 ) ;
#9035 = CARTESIAN_POINT ( 'NONE',  ( 0.2405148266268504198, 0.2756377400743055262, 0.3255772291296685217 ) ) ;
#9036 = VECTOR ( 'NONE', #2340, 39.37007874015748143 ) ;
#9037 = ORIENTED_EDGE ( 'NONE', *, *, #3161, .T. ) ;
#9038 = EDGE_CURVE ( 'NONE', #4786, #9984, #7673, .T. ) ;
#9039 = ORIENTED_EDGE ( 'NONE', *, *, #3264, .F. ) ;
#9040 = DIRECTION ( 'NONE',  ( -1.000000000000000000, 0.0000000000000000000, 0.0000000000000000000 ) ) ;
#9041 = LENGTH_MEASURE_WITH_UNIT ( LENGTH_MEASURE( 0.02539999999999999897 ), #9920 );
#9042 =( NAMED_UNIT ( * ) PLANE_ANGLE_UNIT ( ) SI_UNIT ( $, .RADIAN. ) );
#9043 = VECTOR ( 'NONE', #9445, 39.37007874015748143 ) ;
#9044 = VECTOR ( 'NONE', #10587, 39.37007874015748143 ) ;
#9045 = CARTESIAN_POINT ( 'NONE',  ( 0.2483888423748704388, 0.1988660865309964665, 0.1527425834603897692 ) ) ;
#9046 = ORIENTED_EDGE ( 'NONE', *, *, #7751, .T. ) ;
#9047 = ORIENTED_EDGE ( 'NONE', *, *, #3393, .T. ) ;
#9048 = PLANE ( 'NONE',  #7632 ) ;
#9049 = DIRECTION ( 'NONE',  ( -1.937287448275559661E-17, -1.000000000000000000, -8.220413448604588965E-18 ) ) ;
#9050 = EDGE_CURVE ( 'NONE', #11015, #10135, #1975, .T. ) ;
#9051 = PRESENTATION_STYLE_ASSIGNMENT (( #5046 ) ) ;
#9052 = EDGE_LOOP ( 'NONE', ( #10714, #1310, #7661, #13101, #5395, #1880, #576, #12058 ) ) ;
#9053 = EDGE_CURVE ( 'NONE', #1928, #11988, #25, .T. ) ;
#9054 = ORIENTED_EDGE ( 'NONE', *, *, #6038, .T. ) ;
#9055 = CARTESIAN_POINT ( 'NONE',  ( 0.3625620707213386140, 0.1555589999168269788, 0.2180969141690468349 ) ) ;
#9056 = LINE ( 'NONE', #13138, #6874 ) ;
#9057 = DIRECTION ( 'NONE',  ( -0.9363291775692851315, 0.3511234415877501069, -3.854118954065485656E-17 ) ) ;
#9058 = COLOUR_RGB ( '',0.7529411764705882248, 0.7529411764705882248, 0.0000000000000000000 ) ;
#9059 = LINE ( 'NONE', #1911, #1942 ) ;
#9060 = EDGE_CURVE ( 'NONE', #8701, #5838, #10074, .T. ) ;
#9061 = CARTESIAN_POINT ( 'NONE',  ( 0.2562628581229027813, 0.08075585031050630525, 0.2515614810981878224 ) ) ;
#9062 = EDGE_CURVE ( 'NONE', #4538, #162, #13083, .T. ) ;
#9063 = VERTEX_POINT ( 'NONE', #5112 ) ;
#9064 = VERTEX_POINT ( 'NONE', #4186 ) ;
#9065 = CARTESIAN_POINT ( 'NONE',  ( 0.2326408108788039775, 0.05713380306642409229, 0.4991992763737755912 ) ) ;
#9066 = CARTESIAN_POINT ( 'NONE',  ( 0.2405148266268504198, 0.2421731731451661762, 0.2397504574761405716 ) ) ;
#9067 = ORIENTED_EDGE ( 'NONE', *, *, #4594, .T. ) ;
#9068 = CARTESIAN_POINT ( 'NONE',  ( 0.1027195510362948899, 0.1988660865309976600, 0.2905378590509232195 ) ) ;
#9069 = VECTOR ( 'NONE', #2636, 39.37007874015748143 ) ;
#9070 = LINE ( 'NONE', #6999, #8824 ) ;
#9071 = DIRECTION ( 'NONE',  ( -3.376070039848299626E-16, 1.000000000000000000, -4.302114220422480115E-16 ) ) ;
#9072 = CARTESIAN_POINT ( 'NONE',  ( 0.3625620707213386140, 0.1555589999168271731, 0.4732150244052676924 ) ) ;
#9073 = EDGE_LOOP ( 'NONE', ( #11919, #12183, #10743, #12757 ) ) ;
#9074 = EDGE_LOOP ( 'NONE', ( #4078, #1602, #10994, #1913 ) ) ;
#9075 = VECTOR ( 'NONE', #5884, 39.37007874015748143 ) ;
#9076 = ADVANCED_FACE ( 'NONE', ( #9245 ), #1152, .F. ) ;
#9077 = LINE ( 'NONE', #2234, #12580 ) ;
#9078 = ORIENTED_EDGE ( 'NONE', *, *, #1059, .T. ) ;
#9079 = ORIENTED_EDGE ( 'NONE', *, *, #7981, .T. ) ;
#9080 = CARTESIAN_POINT ( 'NONE',  ( 0.2483888423748523422, 0.4547715983420212993, 0.3456559692871649658 ) ) ;
#9081 = DIRECTION ( 'NONE',  ( 0.3511234415894409766, -0.9363291775686509721, 1.372885316240195903E-16 ) ) ;
#9082 = ORIENTED_EDGE ( 'NONE', *, *, #1411, .F. ) ;
#9083 = CARTESIAN_POINT ( 'NONE',  ( 0.1558691573354860360, 0.3760314408617059234, 0.3456559692871649658 ) ) ;
#9084 = DIRECTION ( 'NONE',  ( 3.376070039848298640E-16, -1.000000000000000000, 4.302114220422480608E-16 ) ) ;
#9085 = DIRECTION ( 'NONE',  ( -1.316334802367149914E-16, 1.000000000000000000, -1.526556658859589750E-16 ) ) ;
#9086 = ORIENTED_EDGE ( 'NONE', *, *, #461, .T. ) ;
#9087 = ORIENTED_EDGE ( 'NONE', *, *, #10134, .T. ) ;
#9088 = STYLED_ITEM ( 'NONE', ( #12686 ), #1502 ) ;
#9089 = LINE ( 'NONE', #4030, #12007 ) ;
#9090 = ORIENTED_EDGE ( 'NONE', *, *, #701, .F. ) ;
#9091 = UNCERTAINTY_MEASURE_WITH_UNIT (LENGTH_MEASURE( 1.000000000000000082E-05 ), #6401, 'distance_accuracy_value', 'NONE');
#9092 = LINE ( 'NONE', #5341, #10610 ) ;
#9093 = EDGE_CURVE ( 'NONE', #6457, #5864, #6184, .T. ) ;
#9094 = FACE_OUTER_BOUND ( 'NONE', #11668, .T. ) ;
#9095 = EDGE_CURVE ( 'NONE', #3205, #6683, #5053, .T. ) ;
#9096 = ORIENTED_EDGE ( 'NONE', *, *, #1830, .F. ) ;
#9097 = CARTESIAN_POINT ( 'NONE',  ( 0.3920896297764417393, 0.2677637243262696587, 0.2373882527517303109 ) ) ;
#9098 = AXIS2_PLACEMENT_3D ( 'NONE', #12809, #7723, #4730 ) ;
#9099 = DIRECTION ( 'NONE',  ( 0.0000000000000000000, -0.1240347345890695785, 0.9922778767136850586 ) ) ;
#9100 = CARTESIAN_POINT ( 'NONE',  ( 0.1562628581229039137, 0.08862986605856654210, 0.4397504574761377794 ) ) ;
#9101 = ORIENTED_EDGE ( 'NONE', *, *, #5283, .F. ) ;
#9102 = LINE ( 'NONE', #4, #8888 ) ;
#9103 = CARTESIAN_POINT ( 'NONE',  ( 0.2090187636347129729, 0.1988660865309976600, 0.2688843157438653431 ) ) ;
#9104 = CARTESIAN_POINT ( 'NONE',  ( 0.1558691573354938908, 0.2933542755073602626, 0.2515614810981878224 ) ) ;
#9105 = PLANE ( 'NONE',  #7716 ) ;
#9106 = ORIENTED_EDGE ( 'NONE', *, *, #12885, .T. ) ;
#9107 = UNCERTAINTY_MEASURE_WITH_UNIT (LENGTH_MEASURE( 1.000000000000000082E-05 ), #12417, 'distance_accuracy_value', 'NONE');
#9108 = ORIENTED_EDGE ( 'NONE', *, *, #5706, .T. ) ;
#9109 = DIRECTION ( 'NONE',  ( 3.518308117683324880E-16, -1.000000000000000000, 4.163336342344335054E-16 ) ) ;
#9110 = DIRECTION ( 'NONE',  ( -1.316334802367149914E-16, 1.000000000000000000, -1.526556658859589750E-16 ) ) ;
#9111 = VECTOR ( 'NONE', #5953, 39.37007874015748143 ) ;
#9112 = LINE ( 'NONE', #3064, #4532 ) ;
#9113 = ORIENTED_EDGE ( 'NONE', *, *, #3152, .T. ) ;
#9114 = ORIENTED_EDGE ( 'NONE', *, *, #4686, .F. ) ;
#9115 = DIRECTION ( 'NONE',  ( 1.316334802367149914E-16, -1.000000000000000000, 1.526556658859589750E-16 ) ) ;
#9116 = LINE ( 'NONE', #12268, #3248 ) ;
#9117 = DIRECTION ( 'NONE',  ( 0.0000000000000000000, 1.000000000000000000, 0.0000000000000000000 ) ) ;
#9118 = VECTOR ( 'NONE', #6449, 39.37007874015748143 ) ;
#9119 = VECTOR ( 'NONE', #1088, 39.37007874015748143 ) ;
#9120 = FILL_AREA_STYLE ('',( #3997 ) ) ;
#9121 = CARTESIAN_POINT ( 'NONE',  ( 0.3645305746583386020, 0.2776062440113113983, 0.2669158118068504226 ) ) ;
#9122 = ADVANCED_FACE ( 'NONE', ( #2887 ), #6070, .F. ) ;
#9123 = CARTESIAN_POINT ( 'NONE',  ( 0.1145305746583313022, 0.3957164802317834629, 0.4440811661375591024 ) ) ;
#9124 = EDGE_LOOP ( 'NONE', ( #11700, #11463 ) ) ;
#9125 = ORIENTED_EDGE ( 'NONE', *, *, #1907, .F. ) ;
#9126 = CARTESIAN_POINT ( 'NONE',  ( 0.1027195510362938907, 0.1476849841687954967, 0.3456559692871708500 ) ) ;
#9127 = CARTESIAN_POINT ( 'NONE',  ( 0.3625620707213386140, 0.1555589999168269788, 0.2456559692871496114 ) ) ;
#9128 = ORIENTED_EDGE ( 'NONE', *, *, #9733, .T. ) ;
#9129 = VECTOR ( 'NONE', #7095, 39.37007874015748143 ) ;
#9130 = FACE_OUTER_BOUND ( 'NONE', #12284, .T. ) ;
#9131 = AXIS2_PLACEMENT_3D ( 'NONE', #12573, #10706, #1472 ) ;
#9132 = ORIENTED_EDGE ( 'NONE', *, *, #2437, .F. ) ;
#9133 = ADVANCED_FACE ( 'NONE', ( #3131 ), #1910, .F. ) ;
#9134 = CARTESIAN_POINT ( 'NONE',  ( 0.2641368738709188868, 0.1988660865309964665, 0.1527425834603897692 ) ) ;
#9135 = EDGE_CURVE ( 'NONE', #7191, #5486, #7119, .T. ) ;
#9136 =( CONVERSION_BASED_UNIT ( 'INCH', #6136 ) LENGTH_UNIT ( ) NAMED_UNIT ( #743 ) );
#9137 = LINE ( 'NONE', #9072, #9111 ) ;
#9138 = EDGE_LOOP ( 'NONE', ( #5922, #9598, #5993, #355, #11307, #9046, #3597, #6733 ) ) ;
#9139 = VECTOR ( 'NONE', #4624, 39.37007874015748143 ) ;
#9140 = PLANE ( 'NONE',  #5919 ) ;
#9141 = VECTOR ( 'NONE', #6280, 39.37007874015748143 ) ;
#9142 = ORIENTED_EDGE ( 'NONE', *, *, #6716, .T. ) ;
#9143 = CARTESIAN_POINT ( 'NONE',  ( 0.2326408108788161622, 0.1476849841687954967, 0.4358134496021299209 ) ) ;
#9144 = ORIENTED_EDGE ( 'NONE', *, *, #5430, .F. ) ;
#9145 = VERTEX_POINT ( 'NONE', #6122 ) ;
#9146 = DIRECTION ( 'NONE',  ( 0.0000000000000000000, -8.220413448604739958E-18, 1.000000000000000000 ) ) ;
#9147 = LINE ( 'NONE', #51, #7917 ) ;
#9148 = ORIENTED_EDGE ( 'NONE', *, *, #3688, .T. ) ;
#9149 = FILL_AREA_STYLE_COLOUR ( '', #12927 ) ;
#9150 = VECTOR ( 'NONE', #12423, 39.37007874015748854 ) ;
#9151 = DIRECTION ( 'NONE',  ( 2.626713979715460250E-16, -3.747002708109905789E-16, -1.000000000000000000 ) ) ;
#9152 = VERTEX_POINT ( 'NONE', #1087 ) ;
#9153 = EDGE_CURVE ( 'NONE', #7691, #11275, #8488, .T. ) ;
#9154 = PLANE ( 'NONE',  #2893 ) ;
#9155 = ORIENTED_EDGE ( 'NONE', *, *, #10473, .T. ) ;
#9156 = VECTOR ( 'NONE', #11981, 39.37007874015748143 ) ;
#9157 = DIRECTION ( 'NONE',  ( 0.3511234415885084448, -0.9363291775690008034, 4.820554145996749075E-16 ) ) ;
#9158 = CARTESIAN_POINT ( 'NONE',  ( 0.07122348804415806756, 0.3957164802317834629, 0.1842386464525193057 ) ) ;
#9159 = VECTOR ( 'NONE', #374, 39.37007874015748143 ) ;
#9160 = ORIENTED_EDGE ( 'NONE', *, *, #6111, .T. ) ;
#9161 = DIRECTION ( 'NONE',  ( -1.000000000000000000, -1.174096724532128111E-16, 4.283287147278279229E-17 ) ) ;
#9162 = CARTESIAN_POINT ( 'NONE',  ( 0.05547545654809748344, 0.2185511259010751717, 0.4007740795233928899 ) ) ;
#9163 = FACE_OUTER_BOUND ( 'NONE', #4370, .T. ) ;
#9164 = ORIENTED_EDGE ( 'NONE', *, *, #1497, .T. ) ;
#9165 = VECTOR ( 'NONE', #2358, 39.37007874015748854 ) ;
#9166 = EDGE_CURVE ( 'NONE', #6233, #13032, #8283, .T. ) ;
#9167 = EDGE_CURVE ( 'NONE', #11490, #3819, #12457, .T. ) ;
#9168 = MECHANICAL_DESIGN_GEOMETRIC_PRESENTATION_REPRESENTATION (  '', ( #11298 ), #6835 ) ;
#9169 = CARTESIAN_POINT ( 'NONE',  ( 0.1090187636347222516, 0.08862986605856634781, 0.2397504574761405716 ) ) ;
#9170 = ORIENTED_EDGE ( 'NONE', *, *, #11132, .T. ) ;
#9171 = ORIENTED_EDGE ( 'NONE', *, *, #9291, .F. ) ;
#9172 = DIRECTION ( 'NONE',  ( 1.316334802367149914E-16, -1.000000000000000000, 1.526556658859589750E-16 ) ) ;
#9173 = FACE_OUTER_BOUND ( 'NONE', #4860, .T. ) ;
#9174 = AXIS2_PLACEMENT_3D ( 'NONE', #5775, #3049, #10049 ) ;
#9175 = CARTESIAN_POINT ( 'NONE',  ( 0.2405148266268504198, 0.2421731731451661762, 0.2515614810981767757 ) ) ;
#9176 = ORIENTED_EDGE ( 'NONE', *, *, #8217, .T. ) ;
#9177 = DIRECTION ( 'NONE',  ( 2.626713979715460250E-16, -3.747002708109905789E-16, -1.000000000000000000 ) ) ;
#9178 = PLANE ( 'NONE',  #2082 ) ;
#9179 = EDGE_LOOP ( 'NONE', ( #8141, #11893, #5909, #11239 ) ) ;
#9180 = EDGE_CURVE ( 'NONE', #6508, #7191, #7439, .T. ) ;
#9181 = CARTESIAN_POINT ( 'NONE',  ( 0.3625620707213386140, 0.3130393148774570644, 0.2062465204682519537 ) ) ;
#9182 =( GEOMETRIC_REPRESENTATION_CONTEXT ( 3 ) GLOBAL_UNCERTAINTY_ASSIGNED_CONTEXT ( ( #12570 ) ) GLOBAL_UNIT_ASSIGNED_CONTEXT ( ( #2310, #8312, #7593 ) ) REPRESENTATION_CONTEXT ( 'NONE', 'WORKASPACE' ) );
#9183 = DIRECTION ( 'NONE',  ( -1.000000000000000000, -1.408738150179759833E-16, 6.014894242100889598E-18 ) ) ;
#9184 = CARTESIAN_POINT ( 'NONE',  ( 0.1444518345008675153, 0.05713380306640645362, 0.4515614810981850025 ) ) ;
#9185 = CARTESIAN_POINT ( 'NONE',  ( 0.2405148266268504198, 0.1555589999168269788, 0.2515614810981767757 ) ) ;
#9186 = LINE ( 'NONE', #6072, #9532 ) ;
#9187 = ORIENTED_EDGE ( 'NONE', *, *, #12279, .F. ) ;
#9188 = EDGE_CURVE ( 'NONE', #8149, #12478, #1210, .T. ) ;
#9189 = AXIS2_PLACEMENT_3D ( 'NONE', #12905, #2916, #915 ) ;
#9190 = CARTESIAN_POINT ( 'NONE',  ( 0.3389400234772338982, 0.3760314408617052018, 0.2653410086572283721 ) ) ;
#9191 = LINE ( 'NONE', #4192, #4348 ) ;
#9192 = ORIENTED_EDGE ( 'NONE', *, *, #10972, .T. ) ;
#9193 = CIRCLE ( 'NONE', #8536, 0.01770302147941842791 ) ;
#9194 = CARTESIAN_POINT ( 'NONE',  ( 0.3313688544887177234, 0.2185511259010751717, 0.4937480347020913318 ) ) ;
#9195 = EDGE_CURVE ( 'NONE', #10096, #11220, #2474, .T. ) ;
#9196 = CARTESIAN_POINT ( 'NONE',  ( 0.2129557715087252168, 0.09256687393256948782, 0.5011677803107913443 ) ) ;
#9197 = CARTESIAN_POINT ( 'NONE',  ( 0.3133494722961461809, 0.1437479762947814765, 0.3456559692871527534 ) ) ;
#9198 = VECTOR ( 'NONE', #10930, 39.37007874015748143 ) ;
#9199 = CARTESIAN_POINT ( 'NONE',  ( 0.3100686324011193151, 0.4049028319378188967, 0.4033987514393929108 ) ) ;
#9200 = ORIENTED_EDGE ( 'NONE', *, *, #10896, .F. ) ;
#9201 = AXIS2_PLACEMENT_3D ( 'NONE', #11179, #4107, #12063 ) ;
#9202 = ORIENTED_EDGE ( 'NONE', *, *, #3003, .T. ) ;
#9203 = FACE_OUTER_BOUND ( 'NONE', #6255, .T. ) ;
#9204 = ORIENTED_EDGE ( 'NONE', *, *, #9952, .T. ) ;
#9205 = ORIENTED_EDGE ( 'NONE', *, *, #3040, .F. ) ;
#9206 = LINE ( 'NONE', #3211, #6361 ) ;
#9207 = LINE ( 'NONE', #116, #6014 ) ;
#9208 = EDGE_CURVE ( 'NONE', #5954, #9998, #7303, .T. ) ;
#9209 = ORIENTED_EDGE ( 'NONE', *, *, #4262, .F. ) ;
#9210 = FACE_OUTER_BOUND ( 'NONE', #2091, .T. ) ;
#9211 = CARTESIAN_POINT ( 'NONE',  ( 0.2326408108788039775, 0.05713380306642409229, 0.1901441582635393646 ) ) ;
#9212 = VECTOR ( 'NONE', #3455, 39.37007874015748143 ) ;
#9213 = AXIS2_PLACEMENT_3D ( 'NONE', #736, #8822, #924 ) ;
#9214 = CARTESIAN_POINT ( 'NONE',  ( 0.2916959289890401763, 0.1083149054286360186, 0.4893567566887362386 ) ) ;
#9215 = VERTEX_POINT ( 'NONE', #1279 ) ;
#9216 = EDGE_LOOP ( 'NONE', ( #10347, #2120, #980, #6370 ) ) ;
#9217 = UNCERTAINTY_MEASURE_WITH_UNIT (LENGTH_MEASURE( 1.000000000000000082E-05 ), #12239, 'distance_accuracy_value', 'NONE');
#9218 = PRODUCT_DEFINITION_FORMATION_WITH_SPECIFIED_SOURCE ( 'ANY', '', #5383, .NOT_KNOWN. ) ;
#9219 = AXIS2_PLACEMENT_3D ( 'NONE', #7180, #8227, #12335 ) ;
#9220 = CARTESIAN_POINT ( 'NONE',  ( 0.2405148266268504198, 0.1555589999168271731, 0.4456559692871464584 ) ) ;
#9221 = EDGE_CURVE ( 'NONE', #7551, #11816, #3464, .T. ) ;
#9222 = LINE ( 'NONE', #3225, #8932 ) ;
#9223 = ORIENTED_EDGE ( 'NONE', *, *, #6926, .F. ) ;
#9224 = LINE ( 'NONE', #2194, #7907 ) ;
#9225 = EDGE_CURVE ( 'NONE', #7242, #5295, #7506, .T. ) ;
#9226 = CARTESIAN_POINT ( 'NONE',  ( 0.3310660077292019721, 0.1791810471609177058, 0.3102228984210196883 ) ) ;
#9227 = EDGE_LOOP ( 'NONE', ( #4216, #1142, #10367, #157, #11428, #2895 ) ) ;
#9228 = AXIS2_PLACEMENT_3D ( 'NONE', #10707, #8471, #4501 ) ;
#9229 = LINE ( 'NONE', #10426, #13076 ) ;
#9230 = ORIENTED_EDGE ( 'NONE', *, *, #11164, .F. ) ;
#9231 = UNCERTAINTY_MEASURE_WITH_UNIT (LENGTH_MEASURE( 1.000000000000000082E-05 ), #9518, 'distance_accuracy_value', 'NONE');
#9232 = ORIENTED_EDGE ( 'NONE', *, *, #9625, .F. ) ;
#9233 = FILL_AREA_STYLE_COLOUR ( '', #1953 ) ;
#9234 = VERTEX_POINT ( 'NONE', #9438 ) ;
#9235 = CARTESIAN_POINT ( 'NONE',  ( 0.2995699447370688828, 0.6083149054286338675, 0.2984118747989755738 ) ) ;
#9236 = STYLED_ITEM ( 'NONE', ( #1151 ), #12960 ) ;
#9237 = FILL_AREA_STYLE_COLOUR ( '', #10039 ) ;
#9238 = EDGE_CURVE ( 'NONE', #8646, #9671, #4517, .T. ) ;
#9239 = ORIENTED_EDGE ( 'NONE', *, *, #7101, .T. ) ;
#9240 = CARTESIAN_POINT ( 'NONE',  ( 0.2700423856819586521, 0.1437479762947814765, 0.3456559692871527534 ) ) ;
#9241 = LINE ( 'NONE', #144, #12687 ) ;
#9242 = ORIENTED_EDGE ( 'NONE', *, *, #4008, .F. ) ;
#9243 = LINE ( 'NONE', #12386, #9606 ) ;
#9244 = CARTESIAN_POINT ( 'NONE',  ( 0.1302786061543980412, 0.5728818345624920871, 0.4283331346414961383 ) ) ;
#9245 = FACE_OUTER_BOUND ( 'NONE', #7817, .T. ) ;
#9246 = LENGTH_MEASURE_WITH_UNIT ( LENGTH_MEASURE( 0.02539999999999999897 ), #4187 );
#9247 = DIRECTION ( 'NONE',  ( 1.316334802367149914E-16, -1.000000000000000000, 1.526556658859589750E-16 ) ) ;
#9248 = ADVANCED_FACE ( 'NONE', ( #5448 ), #10319, .F. ) ;
#9249 = COLOUR_RGB ( '',0.7529411764705882248, 0.7529411764705882248, 0.0000000000000000000 ) ;
#9250 = ORIENTED_EDGE ( 'NONE', *, *, #8271, .T. ) ;
#9251 = EDGE_CURVE ( 'NONE', #6824, #9896, #415, .T. ) ;
#9252 = DIRECTION ( 'NONE',  ( -3.007447121050439791E-18, -2.498001805406600244E-16, -1.000000000000000000 ) ) ;
#9253 = PLANE ( 'NONE',  #10749 ) ;
#9254 = ORIENTED_EDGE ( 'NONE', *, *, #5964, .F. ) ;
#9255 = LINE ( 'NONE', #9194, #8146 ) ;
#9256 = VECTOR ( 'NONE', #1339, 39.37007874015748143 ) ;
#9257 = EDGE_CURVE ( 'NONE', #11480, #13016, #5235, .T. ) ;
#9258 = PLANE ( 'NONE',  #5496 ) ;
#9259 = ORIENTED_EDGE ( 'NONE', *, *, #7582, .F. ) ;
#9260 =( NAMED_UNIT ( * ) PLANE_ANGLE_UNIT ( ) SI_UNIT ( $, .RADIAN. ) );
#9261 = VERTEX_POINT ( 'NONE', #11441 ) ;
#9262 = LINE ( 'NONE', #9143, #6831 ) ;
#9263 = ORIENTED_EDGE ( 'NONE', *, *, #4041, .F. ) ;
#9264 = ORIENTED_EDGE ( 'NONE', *, *, #12966, .F. ) ;
#9265 = FILL_AREA_STYLE ('',( #4084 ) ) ;
#9266 = MECHANICAL_DESIGN_GEOMETRIC_PRESENTATION_REPRESENTATION (  '', ( #10565 ), #2496 ) ;
#9267 = CARTESIAN_POINT ( 'NONE',  ( 0.3586250628473003355, 0.1988660865309976600, 0.4007740795233890041 ) ) ;
#9268 = ORIENTED_EDGE ( 'NONE', *, *, #6854, .T. ) ;
#9269 = FACE_OUTER_BOUND ( 'NONE', #6955, .T. ) ;
#9270 = CARTESIAN_POINT ( 'NONE',  ( 0.2326408108788039775, 0.3760314408617052018, 0.3102228984210196883 ) ) ;
#9271 = PLANE ( 'NONE',  #9927 ) ;
#9272 = CARTESIAN_POINT ( 'NONE',  ( 0.3468140392252720416, 0.3130393148774570644, 0.2397504574761405716 ) ) ;
#9273 = ORIENTED_EDGE ( 'NONE', *, *, #1174, .T. ) ;
#9274 = MECHANICAL_DESIGN_GEOMETRIC_PRESENTATION_REPRESENTATION (  '', ( #2722 ), #3544 ) ;
#9275 = EDGE_CURVE ( 'NONE', #7584, #12985, #2280, .T. ) ;
#9276 = LINE ( 'NONE', #178, #783 ) ;
#9277 = ORIENTED_EDGE ( 'NONE', *, *, #5938, .F. ) ;
#9278 = LINE ( 'NONE', #8386, #4849 ) ;
#9279 = CARTESIAN_POINT ( 'NONE',  ( 0.2405148266268504198, 0.2421731731451665648, 0.4456559692871464584 ) ) ;
#9280 = EDGE_CURVE ( 'NONE', #8843, #6476, #272, .T. ) ;
#9281 = ORIENTED_EDGE ( 'NONE', *, *, #7599, .F. ) ;
#9282 = DIRECTION ( 'NONE',  ( 0.0000000000000000000, 8.220413448604739958E-18, -1.000000000000000000 ) ) ;
#9283 = PLANE ( 'NONE',  #1564 ) ;
#9284 = FILL_AREA_STYLE_COLOUR ( '', #824 ) ;
#9285 = MECHANICAL_DESIGN_GEOMETRIC_PRESENTATION_REPRESENTATION (  '', ( #6745 ), #3782 ) ;
#9286 = VERTEX_POINT ( 'NONE', #9578 ) ;
#9287 = ADVANCED_FACE ( 'NONE', ( #8350 ), #6376, .T. ) ;
#9288 = EDGE_CURVE ( 'NONE', #9977, #6855, #4374, .T. ) ;
#9289 = DIRECTION ( 'NONE',  ( 1.000000000000000000, 1.408738150179759833E-16, -6.014894242100889598E-18 ) ) ;
#9290 = EDGE_LOOP ( 'NONE', ( #7596, #7133, #7425, #314 ) ) ;
#9291 = EDGE_CURVE ( 'NONE', #7551, #11743, #2411, .T. ) ;
#9292 = VECTOR ( 'NONE', #11532, 39.37007874015748143 ) ;
#9293 =( NAMED_UNIT ( * ) PLANE_ANGLE_UNIT ( ) SI_UNIT ( $, .RADIAN. ) );
#9294 = ORIENTED_EDGE ( 'NONE', *, *, #4989, .T. ) ;
#9295 = CARTESIAN_POINT ( 'NONE',  ( 0.3586250628473003355, 0.3760314408617059234, 0.3456559692871649658 ) ) ;
#9296 = CARTESIAN_POINT ( 'NONE',  ( 0.2483888423748523422, 0.2165826219640791250, 0.4007740795234071007 ) ) ;
#9297 = VERTEX_POINT ( 'NONE', #1419 ) ;
#9298 = CARTESIAN_POINT ( 'NONE',  ( 0.2090187636347251854, 0.1279999447987149597, 0.1901441582635378102 ) ) ;
#9299 = CARTESIAN_POINT ( 'NONE',  ( 0.2405148266268504198, 0.3563464014916267741, 0.4062858905469889370 ) ) ;
#9300 = VERTEX_POINT ( 'NONE', #9507 ) ;
#9301 = ORIENTED_EDGE ( 'NONE', *, *, #5185, .T. ) ;
#9302 = VECTOR ( 'NONE', #5598, 39.37007874015748143 ) ;
#9303 = DIRECTION ( 'NONE',  ( 0.0000000000000000000, 0.0000000000000000000, 1.000000000000000000 ) ) ;
#9304 = ADVANCED_FACE ( 'NONE', ( #10855 ), #12662, .T. ) ;
#9305 = DIRECTION ( 'NONE',  ( -1.000000000000000000, 1.937287448275629611E-17, -8.833616147085620181E-14 ) ) ;
#9306 = CARTESIAN_POINT ( 'NONE',  ( 0.2385463226898389966, -0.07278745677610257148, 0.2515614810981878224 ) ) ;
#9307 = DIRECTION ( 'NONE',  ( 0.3511234415877496073, 0.9363291775692852426, -2.975952440747245953E-16 ) ) ;
#9308 = CARTESIAN_POINT ( 'NONE',  ( 0.3920896297764417393, 0.1791810471609177058, 0.3102228984210196883 ) ) ;
#9309 = DIRECTION ( 'NONE',  ( -0.5144957554275257916, 0.8574929257125446513, 0.0000000000000000000 ) ) ;
#9310 = EDGE_LOOP ( 'NONE', ( #238, #1792, #9202, #8010 ) ) ;
#9311 = LINE ( 'NONE', #8224, #2018 ) ;
#9312 = FACE_OUTER_BOUND ( 'NONE', #7939, .T. ) ;
#9313 = VERTEX_POINT ( 'NONE', #2676 ) ;
#9314 = VERTEX_POINT ( 'NONE', #3587 ) ;
#9315 = PRESENTATION_LAYER_ASSIGNMENT (  '', '', ( #7609 ) ) ;
#9316 =( GEOMETRIC_REPRESENTATION_CONTEXT ( 3 ) GLOBAL_UNCERTAINTY_ASSIGNED_CONTEXT ( ( #9634 ) ) GLOBAL_UNIT_ASSIGNED_CONTEXT ( ( #6610, #5613, #8657 ) ) REPRESENTATION_CONTEXT ( 'NONE', 'WORKASPACE' ) );
#9317 = EDGE_CURVE ( 'NONE', #12380, #3764, #12928, .T. ) ;
#9318 = EDGE_CURVE ( 'NONE', #4326, #6106, #3522, .T. ) ;
#9319 = DIRECTION ( 'NONE',  ( -1.937287448275559661E-17, -1.000000000000000000, -8.220413448604739958E-18 ) ) ;
#9320 = ORIENTED_EDGE ( 'NONE', *, *, #11548, .T. ) ;
#9321 = DIRECTION ( 'NONE',  ( -1.000000000000000000, 0.0000000000000000000, 0.0000000000000000000 ) ) ;
#9322 = ORIENTED_EDGE ( 'NONE', *, *, #1571, .F. ) ;
#9323 = DIRECTION ( 'NONE',  ( -0.1240347345890696062, -0.9922778767136850586, 0.0000000000000000000 ) ) ;
#9324 = VERTEX_POINT ( 'NONE', #5786 ) ;
#9325 = ORIENTED_EDGE ( 'NONE', *, *, #12921, .F. ) ;
#9326 = VECTOR ( 'NONE', #10371, 39.37007874015748143 ) ;
#9327 = CARTESIAN_POINT ( 'NONE',  ( 0.07319199198118012117, 0.1476849841687954967, 0.3456559692871708500 ) ) ;
#9328 = AXIS2_PLACEMENT_3D ( 'NONE', #6377, #9374, #6249 ) ;
#9329 =( LENGTH_UNIT ( ) NAMED_UNIT ( * ) SI_UNIT ( $, .METRE. ) );
#9330 = DIRECTION ( 'NONE',  ( -1.000000000000000000, -1.174096724532128111E-16, 4.283287147278279229E-17 ) ) ;
#9331 = LINE ( 'NONE', #9211, #7795 ) ;
#9332 = CARTESIAN_POINT ( 'NONE',  ( 0.3444518345008468208, 0.05713380306641543255, 0.2515614810981878224 ) ) ;
#9333 = CARTESIAN_POINT ( 'NONE',  ( 0.2326408108788039775, 0.5295747479483235987, 0.3456559692871649658 ) ) ;
#9334 = ORIENTED_EDGE ( 'NONE', *, *, #1291, .F. ) ;
#9335 = VECTOR ( 'NONE', #5421, 39.37007874015748143 ) ;
#9336 = VECTOR ( 'NONE', #12663, 39.37007874015748143 ) ;
#9337 = PLANE ( 'NONE',  #4046 ) ;
#9338 = ORIENTED_EDGE ( 'NONE', *, *, #4891, .F. ) ;
#9339 = DIRECTION ( 'NONE',  ( 1.000000000000000000, 3.518308117683324880E-16, 2.626713979715460250E-16 ) ) ;
#9340 = FACE_OUTER_BOUND ( 'NONE', #13088, .T. ) ;
#9341 = ORIENTED_EDGE ( 'NONE', *, *, #860, .F. ) ;
#9342 = CARTESIAN_POINT ( 'NONE',  ( 0.3625620707213386140, 0.3130393148774570644, 0.2062858905469921178 ) ) ;
#9343 = DIRECTION ( 'NONE',  ( 1.000000000000000000, 1.408738150179760079E-16, -6.014894242100877272E-18 ) ) ;
#9344 = VECTOR ( 'NONE', #6436, 39.37007874015748854 ) ;
#9345 = FILL_AREA_STYLE ('',( #5490 ) ) ;
#9346 = ADVANCED_FACE ( 'NONE', ( #4781 ), #9859, .T. ) ;
#9347 =( NAMED_UNIT ( * ) PLANE_ANGLE_UNIT ( ) SI_UNIT ( $, .RADIAN. ) );
#9348 = ORIENTED_EDGE ( 'NONE', *, *, #12844, .F. ) ;
#9349 = PRODUCT_DEFINITION ( 'UNKNOWN', '', #12643, #4698 ) ;
#9350 = CARTESIAN_POINT ( 'NONE',  ( 0.2090187636347027589, 0.08075585031051535356, 0.4515614810981850025 ) ) ;
#9351 = DIRECTION ( 'NONE',  ( -1.937287448275559661E-17, -1.000000000000000000, -8.220413448604588965E-18 ) ) ;
#9352 = ADVANCED_FACE ( 'NONE', ( #3660 ), #12863, .F. ) ;
#9353 = DIRECTION ( 'NONE',  ( 0.0000000000000000000, 0.0000000000000000000, 1.000000000000000000 ) ) ;
#9354 = ORIENTED_EDGE ( 'NONE', *, *, #6092, .F. ) ;
#9355 = UNCERTAINTY_MEASURE_WITH_UNIT (LENGTH_MEASURE( 1.000000000000000082E-05 ), #5499, 'distance_accuracy_value', 'NONE');
#9356 = VECTOR ( 'NONE', #5353, 39.37007874015748143 ) ;
#9357 = ORIENTED_EDGE ( 'NONE', *, *, #5584, .F. ) ;
#9358 = PLANE ( 'NONE',  #6152 ) ;
#9359 = VERTEX_POINT ( 'NONE', #3729 ) ;
#9360 = CARTESIAN_POINT ( 'NONE',  ( 0.07319199198116595195, 0.3760314408617052018, 0.5011677803107913443 ) ) ;
#9361 = PLANE ( 'NONE',  #2584 ) ;
#9362 = ORIENTED_EDGE ( 'NONE', *, *, #5096, .T. ) ;
#9363 = VECTOR ( 'NONE', #830, 39.37007874015748143 ) ;
#9364 = PLANE ( 'NONE',  #287 ) ;
#9365 = LINE ( 'NONE', #6304, #12270 ) ;
#9366 = VERTEX_POINT ( 'NONE', #4647 ) ;
#9367 = ADVANCED_FACE ( 'NONE', ( #1695 ), #7773, .T. ) ;
#9368 = ORIENTED_EDGE ( 'NONE', *, *, #7454, .T. ) ;
#9369 = CARTESIAN_POINT ( 'NONE',  ( 0.2326408108788039775, 0.1949290786569806977, 0.3810890401533106320 ) ) ;
#9370 = PLANE ( 'NONE',  #8997 ) ;
#9371 = FILL_AREA_STYLE ('',( #1347 ) ) ;
#9372 = VECTOR ( 'NONE', #7619, 39.37007874015748143 ) ;
#9373 = DIRECTION ( 'NONE',  ( 0.0000000000000000000, 0.0000000000000000000, 1.000000000000000000 ) ) ;
#9374 = DIRECTION ( 'NONE',  ( -4.055465256288980944E-16, 0.7071067811865480168, 0.7071067811865470176 ) ) ;
#9375 = VECTOR ( 'NONE', #1018, 39.37007874015748143 ) ;
#9376 = FACE_OUTER_BOUND ( 'NONE', #9216, .T. ) ;
#9377 = ORIENTED_EDGE ( 'NONE', *, *, #7870, .F. ) ;
#9378 = CARTESIAN_POINT ( 'NONE',  ( 0.2621683699339342755, 0.1437479762947814765, 0.3456559692871527534 ) ) ;
#9379 = CARTESIAN_POINT ( 'NONE',  ( 0.2326408108788039775, 0.6949290786569842782, 0.4007740795233854514 ) ) ;
#9380 = VERTEX_POINT ( 'NONE', #9791 ) ;
#9381 = EDGE_CURVE ( 'NONE', #13155, #5973, #881, .T. ) ;
#9382 = ORIENTED_EDGE ( 'NONE', *, *, #2461, .T. ) ;
#9383 = VECTOR ( 'NONE', #4724, 39.37007874015748143 ) ;
#9384 = DIRECTION ( 'NONE',  ( 1.000000000000000000, 0.0000000000000000000, 0.0000000000000000000 ) ) ;
#9385 = DIRECTION ( 'NONE',  ( -1.356991020290373981E-16, 1.000000000000000000, -3.469446951953615175E-16 ) ) ;
#9386 = DIRECTION ( 'NONE',  ( -2.359223927328455183E-16, 3.885780586188049864E-16, 1.000000000000000000 ) ) ;
#9387 = CARTESIAN_POINT ( 'NONE',  ( 0.3625620707213386140, 0.3760314408617052018, 0.2653410086572283721 ) ) ;
#9388 = ORIENTED_EDGE ( 'NONE', *, *, #1089, .F. ) ;
#9389 = VECTOR ( 'NONE', #439, 39.37007874015748143 ) ;
#9390 = ORIENTED_EDGE ( 'NONE', *, *, #12165, .T. ) ;
#9391 = LINE ( 'NONE', #11669, #50 ) ;
#9392 = ORIENTED_EDGE ( 'NONE', *, *, #9779, .F. ) ;
#9393 = ORIENTED_EDGE ( 'NONE', *, *, #12375, .F. ) ;
#9394 = CARTESIAN_POINT ( 'NONE',  ( 0.3330345116662205007, 0.3130393148774570644, 0.4062858905469889370 ) ) ;
#9395 = LINE ( 'NONE', #8438, #4940 ) ;
#9396 = ORIENTED_EDGE ( 'NONE', *, *, #4983, .F. ) ;
#9397 = ADVANCED_FACE ( 'NONE', ( #10977 ), #1882, .T. ) ;
#9398 = DIRECTION ( 'NONE',  ( 1.000000000000000000, 3.518308117683324880E-16, 2.626713979715460250E-16 ) ) ;
#9399 = CARTESIAN_POINT ( 'NONE',  ( 0.2916959289890401763, 0.1083149054286360186, 0.2019551818855940817 ) ) ;
#9400 = VERTEX_POINT ( 'NONE', #994 ) ;
#9401 = AXIS2_PLACEMENT_3D ( 'NONE', #5000, #5183, #2051 ) ;
#9402 = LENGTH_MEASURE_WITH_UNIT ( LENGTH_MEASURE( 0.02539999999999999897 ), #4903 );
#9403 = CARTESIAN_POINT ( 'NONE',  ( 0.3350030156032094419, 0.5728818345624920871, 0.3614040007832315382 ) ) ;
#9404 = ORIENTED_EDGE ( 'NONE', *, *, #6388, .T. ) ;
#9405 = DIRECTION ( 'NONE',  ( -1.000000000000000000, 0.0000000000000000000, 0.0000000000000000000 ) ) ;
#9406 = ORIENTED_EDGE ( 'NONE', *, *, #6585, .T. ) ;
#9407 = FACE_OUTER_BOUND ( 'NONE', #7655, .T. ) ;
#9408 = VECTOR ( 'NONE', #3179, 39.37007874015748143 ) ;
#9409 = DIRECTION ( 'NONE',  ( -9.535965738412075602E-17, 0.7071067811865480168, 0.7071067811865470176 ) ) ;
#9410 = EDGE_CURVE ( 'NONE', #1214, #2235, #4828, .T. ) ;
#9411 = LINE ( 'NONE', #8460, #2254 ) ;
#9412 = EDGE_CURVE ( 'NONE', #9442, #8197, #9976, .T. ) ;
#9413 = VECTOR ( 'NONE', #7966, 39.37007874015748143 ) ;
#9414 =( NAMED_UNIT ( * ) SI_UNIT ( $, .STERADIAN. ) SOLID_ANGLE_UNIT ( ) );
#9415 = CARTESIAN_POINT ( 'NONE',  ( 0.3562628581229011493, 0.08862986605856654210, 0.4515614810981740113 ) ) ;
#9416 = ORIENTED_EDGE ( 'NONE', *, *, #3461, .T. ) ;
#9417 = CARTESIAN_POINT ( 'NONE',  ( 0.3290975037921822777, 0.1988660865309976600, 0.2688843157438653431 ) ) ;
#9418 = DIRECTION ( 'NONE',  ( 1.000000000000000000, 3.376070039848299626E-16, 2.359223927328455183E-16 ) ) ;
#9419 = ORIENTED_EDGE ( 'NONE', *, *, #2542, .T. ) ;
#9420 = VECTOR ( 'NONE', #11908, 39.37007874015748143 ) ;
#9421 = EDGE_CURVE ( 'NONE', #8857, #11480, #7763, .T. ) ;
#9422 = ORIENTED_EDGE ( 'NONE', *, *, #5660, .T. ) ;
#9423 = CARTESIAN_POINT ( 'NONE',  ( 0.1558691573354860360, 0.7897218048774075072, 0.2905378590509590797 ) ) ;
#9424 = ORIENTED_EDGE ( 'NONE', *, *, #2437, .T. ) ;
#9425 = LINE ( 'NONE', #5364, #437 ) ;
#9426 =( LENGTH_UNIT ( ) NAMED_UNIT ( * ) SI_UNIT ( $, .METRE. ) );
#9427 = LINE ( 'NONE', #8104, #3622 ) ;
#9428 = ORIENTED_EDGE ( 'NONE', *, *, #7767, .F. ) ;
#9429 = EDGE_CURVE ( 'NONE', #1674, #7914, #8009, .T. ) ;
#9430 = AXIS2_PLACEMENT_3D ( 'NONE', #1428, #12734, #7643 ) ;
#9431 = CARTESIAN_POINT ( 'NONE',  ( 0.1558691573354860360, 0.3583149054286425272, 0.3456559692871649658 ) ) ;
#9432 = DIRECTION ( 'NONE',  ( -1.000000000000000000, -1.408738150179759833E-16, 6.014894242100898072E-18 ) ) ;
#9433 = ORIENTED_EDGE ( 'NONE', *, *, #3060, .F. ) ;
#9434 = FACE_OUTER_BOUND ( 'NONE', #10402, .T. ) ;
#9435 = CARTESIAN_POINT ( 'NONE',  ( 0.3428770313512507495, 0.1831180550349322811, 0.3220339220430680771 ) ) ;
#9436 = SURFACE_SIDE_STYLE ('',( #2278 ) ) ;
#9437 = MECHANICAL_DESIGN_GEOMETRIC_PRESENTATION_REPRESENTATION (  '', ( #12874 ), #7109 ) ;
#9438 = CARTESIAN_POINT ( 'NONE',  ( 0.1090187636347222516, 0.08075585031049743734, 0.4397504574761377794 ) ) ;
#9439 = DIRECTION ( 'NONE',  ( 1.000000000000000000, 3.376070039848305050E-16, 2.359223927328455183E-16 ) ) ;
#9440 = EDGE_CURVE ( 'NONE', #13154, #10483, #2865, .T. ) ;
#9441 = LINE ( 'NONE', #10321, #5072 ) ;
#9442 = VERTEX_POINT ( 'NONE', #12050 ) ;
#9443 = ADVANCED_FACE ( 'NONE', ( #12917 ), #3716, .F. ) ;
#9444 = CARTESIAN_POINT ( 'NONE',  ( 0.2208297872567575038, 0.05713380306641543255, 0.2515614810981878224 ) ) ;
#9445 = DIRECTION ( 'NONE',  ( 0.0000000000000000000, -8.220413448604739958E-18, 1.000000000000000000 ) ) ;
#9446 = DIRECTION ( 'NONE',  ( 0.0000000000000000000, 0.0000000000000000000, 1.000000000000000000 ) ) ;
#9447 = ORIENTED_EDGE ( 'NONE', *, *, #12479, .F. ) ;
#9448 = PRESENTATION_LAYER_ASSIGNMENT (  '', '', ( #12874 ) ) ;
#9449 = LINE ( 'NONE', #11391, #11956 ) ;
#9450 = EDGE_CURVE ( 'NONE', #4137, #7356, #11913, .T. ) ;
#9451 = LENGTH_MEASURE_WITH_UNIT ( LENGTH_MEASURE( 0.02539999999999999897 ), #7517 );
#9452 = CARTESIAN_POINT ( 'NONE',  ( 0.2916959289890401763, 0.1083149054286360186, 0.2019551818855940817 ) ) ;
#9453 = EDGE_CURVE ( 'NONE', #5441, #6078, #9913, .T. ) ;
#9454 = VECTOR ( 'NONE', #10481, 39.37007874015748143 ) ;
#9455 = ORIENTED_EDGE ( 'NONE', *, *, #3973, .T. ) ;
#9456 = CYLINDRICAL_SURFACE ( 'NONE', #6118, 0.01574803149606296415 ) ;
#9457 = ORIENTED_EDGE ( 'NONE', *, *, #8572, .F. ) ;
#9458 = DIRECTION ( 'NONE',  ( 0.0000000000000000000, 8.220413448604739958E-18, -1.000000000000000000 ) ) ;
#9459 = ORIENTED_EDGE ( 'NONE', *, *, #9038, .F. ) ;
#9460 = ORIENTED_EDGE ( 'NONE', *, *, #11835, .F. ) ;
#9461 = DIRECTION ( 'NONE',  ( -3.518308117683323894E-16, 1.000000000000000000, -4.163336342344335547E-16 ) ) ;
#9462 = PLANE ( 'NONE',  #9849 ) ;
#9463 = DIRECTION ( 'NONE',  ( 0.0000000000000000000, 1.000000000000000000, 0.0000000000000000000 ) ) ;
#9464 = CARTESIAN_POINT ( 'NONE',  ( 0.2090187636347251854, 0.1279999447987149597, 0.1901441582635378102 ) ) ;
#9465 = CARTESIAN_POINT ( 'NONE',  ( 0.2090187636347204392, 0.08862986605856654210, 0.4397504574761377794 ) ) ;
#9466 = DIRECTION ( 'NONE',  ( -1.937287448275559661E-17, -1.000000000000000000, -8.220413448604588965E-18 ) ) ;
#9467 = EDGE_LOOP ( 'NONE', ( #1981, #10908, #12188, #3756 ) ) ;
#9468 = DIRECTION ( 'NONE',  ( -1.000000000000000000, -1.316334802367149914E-16, 1.608386623408234722E-17 ) ) ;
#9469 = FACE_OUTER_BOUND ( 'NONE', #5311, .T. ) ;
#9470 = CARTESIAN_POINT ( 'NONE',  ( 0.2483888423748767671, 0.2165826219640791250, 0.1940811661375716479 ) ) ;
#9471 = EDGE_CURVE ( 'NONE', #2445, #8857, #10045, .T. ) ;
#9472 = DIRECTION ( 'NONE',  ( -1.000000000000000000, 0.0000000000000000000, 0.0000000000000000000 ) ) ;
#9473 = ORIENTED_EDGE ( 'NONE', *, *, #7700, .F. ) ;
#9474 = ORIENTED_EDGE ( 'NONE', *, *, #5444, .T. ) ;
#9475 = AXIS2_PLACEMENT_3D ( 'NONE', #6507, #12716, #1546 ) ;
#9476 = LINE ( 'NONE', #6729, #4454 ) ;
#9477 = LINE ( 'NONE', #8455, #3192 ) ;
#9478 = ORIENTED_EDGE ( 'NONE', *, *, #10473, .F. ) ;
#9479 = FACE_OUTER_BOUND ( 'NONE', #8996, .T. ) ;
#9480 = LINE ( 'NONE', #386, #8521 ) ;
#9481 = LINE ( 'NONE', #11560, #13110 ) ;
#9482 = DIRECTION ( 'NONE',  ( -1.356991020290373981E-16, 1.000000000000000000, -3.469446951953615175E-16 ) ) ;
#9483 = ORIENTED_EDGE ( 'NONE', *, *, #8735, .T. ) ;
#9484 = CARTESIAN_POINT ( 'NONE',  ( 0.3444518345008468208, -0.05703942528003581869, 0.4397504574761377794 ) ) ;
#9485 = VECTOR ( 'NONE', #9903, 39.37007874015748143 ) ;
#9486 = EDGE_CURVE ( 'NONE', #5036, #5455, #3844, .T. ) ;
#9487 = CARTESIAN_POINT ( 'NONE',  ( 0.2326408108788039775, 0.5610708109404448640, 0.3299079377910984490 ) ) ;
#9488 = ORIENTED_EDGE ( 'NONE', *, *, #531, .T. ) ;
#9489 = ADVANCED_FACE ( 'NONE', ( #9340 ), #10417, .T. ) ;
#9490 = ORIENTED_EDGE ( 'NONE', *, *, #6604, .T. ) ;
#9491 = SURFACE_SIDE_STYLE ('',( #2525 ) ) ;
#9492 = DIRECTION ( 'NONE',  ( 1.000000000000000000, 0.0000000000000000000, 0.0000000000000000000 ) ) ;
#9493 = ORIENTED_EDGE ( 'NONE', *, *, #556, .T. ) ;
#9494 = CARTESIAN_POINT ( 'NONE',  ( 0.1558691573354860360, 0.3760314408617059234, 0.2688843157438653431 ) ) ;
#9495 = VECTOR ( 'NONE', #8651, 39.37007874015748143 ) ;
#9496 = CARTESIAN_POINT ( 'NONE',  ( 0.2090187636347251854, 0.1279999447987061056, 0.5011677803107859042 ) ) ;
#9497 = LINE ( 'NONE', #6504, #5097 ) ;
#9498 = ORIENTED_EDGE ( 'NONE', *, *, #12208, .F. ) ;
#9499 = CARTESIAN_POINT ( 'NONE',  ( 0.1145305746583313022, 0.3957164802317834629, 0.2472307724367716342 ) ) ;
#9500 = PLANE ( 'NONE',  #2701 ) ;
#9501 = VERTEX_POINT ( 'NONE', #4156 ) ;
#9502 = ORIENTED_EDGE ( 'NONE', *, *, #1174, .F. ) ;
#9503 = DIRECTION ( 'NONE',  ( 1.937287448275559661E-17, 1.000000000000000000, 8.220413448604588965E-18 ) ) ;
#9504 = DIRECTION ( 'NONE',  ( -2.359223927328455183E-16, 3.885780586188049864E-16, 1.000000000000000000 ) ) ;
#9505 = AXIS2_PLACEMENT_3D ( 'NONE', #9981, #8199, #4161 ) ;
#9506 = DIRECTION ( 'NONE',  ( 1.174096724532128111E-16, -1.000000000000000000, 1.665334536937734811E-16 ) ) ;
#9507 = CARTESIAN_POINT ( 'NONE',  ( 0.2221780689370913553, 0.1988660865309976600, 0.4007740795233771802 ) ) ;
#9508 = CARTESIAN_POINT ( 'NONE',  ( 0.3920896297764417393, 0.2579212046412326376, 0.5011677803107913443 ) ) ;
#9509 = DIRECTION ( 'NONE',  ( -0.0000000000000000000, -1.000000000000000000, -0.0000000000000000000 ) ) ;
#9510 = VERTEX_POINT ( 'NONE', #11416 ) ;
#9511 = VECTOR ( 'NONE', #10666, 39.37007874015748143 ) ;
#9512 = DIRECTION ( 'NONE',  ( -1.000000000000000000, -1.408738150179759833E-16, 6.014894242100889598E-18 ) ) ;
#9513 = DIRECTION ( 'NONE',  ( 0.0000000000000000000, -1.000000000000000000, 0.0000000000000000000 ) ) ;
#9514 = LINE ( 'NONE', #6655, #5617 ) ;
#9515 = ORIENTED_EDGE ( 'NONE', *, *, #6091, .F. ) ;
#9516 = EDGE_CURVE ( 'NONE', #325, #8672, #6343, .T. ) ;
#9517 = EDGE_CURVE ( 'NONE', #3337, #1282, #8070, .T. ) ;
#9518 =( CONVERSION_BASED_UNIT ( 'INCH', #3327 ) LENGTH_UNIT ( ) NAMED_UNIT ( #7849 ) );
#9519 = CARTESIAN_POINT ( 'NONE',  ( 0.4098061652095126295, 0.4297564560040102455, 0.2505015174397472455 ) ) ;
#9520 = EDGE_CURVE ( 'NONE', #384, #12600, #4215, .T. ) ;
#9521 = FACE_OUTER_BOUND ( 'NONE', #12244, .T. ) ;
#9522 = STYLED_ITEM ( 'NONE', ( #588 ), #2243 ) ;
#9523 = CARTESIAN_POINT ( 'NONE',  ( 0.2090187636347027589, 0.08075585031051535356, 0.2515614810981878224 ) ) ;
#9524 = LINE ( 'NONE', #432, #3348 ) ;
#9525 = ORIENTED_EDGE ( 'NONE', *, *, #5644, .F. ) ;
#9526 = CARTESIAN_POINT ( 'NONE',  ( 0.2326408108788039775, -0.07318115756351298296, 0.3456559692871649658 ) ) ;
#9527 = ORIENTED_EDGE ( 'NONE', *, *, #12979, .T. ) ;
#9528 = ORIENTED_EDGE ( 'NONE', *, *, #3842, .T. ) ;
#9529 = CARTESIAN_POINT ( 'NONE',  ( 0.1385463226898582811, -0.07278745677611142550, 0.4515614810981850025 ) ) ;
#9530 = EDGE_LOOP ( 'NONE', ( #3058, #4876, #4001, #11362, #8388, #3117, #1648, #2507, #12741, #6292 ) ) ;
#9531 = ADVANCED_FACE ( 'NONE', ( #9094 ), #4033, .F. ) ;
#9532 = VECTOR ( 'NONE', #3013, 39.37007874015748143 ) ;
#9533 = LINE ( 'NONE', #4398, #12012 ) ;
#9534 = LINE ( 'NONE', #4546, #6523 ) ;
#9535 = AXIS2_PLACEMENT_3D ( 'NONE', #5750, #9825, #5889 ) ;
#9536 = ADVANCED_FACE ( 'NONE', ( #8253 ), #6156, .T. ) ;
#9537 = EDGE_CURVE ( 'NONE', #146, #4846, #11287, .T. ) ;
#9538 = CARTESIAN_POINT ( 'NONE',  ( 0.3704360864693701516, 0.1555589999168269788, 0.2810890401533023275 ) ) ;
#9539 = ORIENTED_EDGE ( 'NONE', *, *, #2646, .F. ) ;
#9540 = DIRECTION ( 'NONE',  ( 0.0000000000000000000, 0.0000000000000000000, -1.000000000000000000 ) ) ;
#9541 = CARTESIAN_POINT ( 'NONE',  ( 0.2956329368630822851, 0.08862986605855749378, 0.3456559692871708500 ) ) ;
#9542 = DIMENSIONAL_EXPONENTS ( 1.000000000000000000, 0.0000000000000000000, 0.0000000000000000000, 0.0000000000000000000, 0.0000000000000000000, 0.0000000000000000000, 0.0000000000000000000 ) ;
#9543 = LINE ( 'NONE', #450, #678 ) ;
#9544 = DIRECTION ( 'NONE',  ( -0.3511234415877496073, -0.9363291775692852426, 2.975952440747245953E-16 ) ) ;
#9545 = ORIENTED_EDGE ( 'NONE', *, *, #4451, .T. ) ;
#9546 = VECTOR ( 'NONE', #153, 39.37007874015748143 ) ;
#9547 = AXIS2_PLACEMENT_3D ( 'NONE', #10665, #5596, #12739 ) ;
#9548 = ORIENTED_EDGE ( 'NONE', *, *, #12250, .F. ) ;
#9549 = FACE_OUTER_BOUND ( 'NONE', #6548, .T. ) ;
#9550 = VERTEX_POINT ( 'NONE', #7148 ) ;
#9551 = CARTESIAN_POINT ( 'NONE',  ( 0.1027195510362846342, 0.1555589999168269788, 0.4180969141690433211 ) ) ;
#9552 = DIRECTION ( 'NONE',  ( 0.7071067811865475727, 0.7071067811865475727, -1.787619878552792927E-16 ) ) ;
#9553 = LINE ( 'NONE', #10360, #1463 ) ;
#9554 = DIRECTION ( 'NONE',  ( -1.000000000000000000, 1.937287448275559661E-17, 0.0000000000000000000 ) ) ;
#9555 = ORIENTED_EDGE ( 'NONE', *, *, #11808, .F. ) ;
#9556 = ADVANCED_FACE ( 'NONE', ( #2191 ), #11169, .F. ) ;
#9557 = VECTOR ( 'NONE', #11915, 39.37007874015748854 ) ;
#9558 = FACE_OUTER_BOUND ( 'NONE', #10825, .T. ) ;
#9559 = AXIS2_PLACEMENT_3D ( 'NONE', #10187, #4782, #10925 ) ;
#9560 = CARTESIAN_POINT ( 'NONE',  ( 0.2483888423748476515, 0.1988660865309976600, 0.4007740795233795117 ) ) ;
#9561 = ORIENTED_EDGE ( 'NONE', *, *, #8126, .T. ) ;
#9562 = CARTESIAN_POINT ( 'NONE',  ( 0.2326408108788059204, 0.2185511259010751717, 0.5228213236178717027 ) ) ;
#9563 = AXIS2_PLACEMENT_3D ( 'NONE', #2178, #10339, #8238 ) ;
#9564 = ORIENTED_EDGE ( 'NONE', *, *, #3668, .T. ) ;
#9565 = CARTESIAN_POINT ( 'NONE',  ( 0.2483888423748523422, 0.5295747479483235987, 0.2688843157438653431 ) ) ;
#9566 = VECTOR ( 'NONE', #5114, 39.37007874015748143 ) ;
#9567 = SURFACE_STYLE_USAGE ( .BOTH. , #5703 ) ;
#9568 = DIRECTION ( 'NONE',  ( -1.000000000000000000, -3.518308117683324880E-16, -2.626713979715460250E-16 ) ) ;
#9569 = DIRECTION ( 'NONE',  ( 1.000000000000000000, 1.174096724532128111E-16, -4.283287147278279229E-17 ) ) ;
#9570 = CARTESIAN_POINT ( 'NONE',  ( 0.3267352990678007996, -0.07278745677610257148, 0.2515614810981878224 ) ) ;
#9571 = EDGE_CURVE ( 'NONE', #3169, #10010, #64, .T. ) ;
#9572 = EDGE_CURVE ( 'NONE', #11544, #10900, #7204, .T. ) ;
#9573 = LINE ( 'NONE', #5708, #5477 ) ;
#9574 = VECTOR ( 'NONE', #8340, 39.37007874015748143 ) ;
#9575 = DIRECTION ( 'NONE',  ( -3.007447121050439791E-18, -2.498001805406600244E-16, -1.000000000000000000 ) ) ;
#9576 = CARTESIAN_POINT ( 'NONE',  ( 0.3208297872567559272, -0.05703942528003581869, 0.4515614810981850025 ) ) ;
#9577 = LINE ( 'NONE', #1484, #5411 ) ;
#9578 = CARTESIAN_POINT ( 'NONE',  ( 0.2956329368630822851, 0.1279999447987061056, 0.4854197488147189432 ) ) ;
#9579 = DIRECTION ( 'NONE',  ( 4.283287147278279229E-17, 1.665334536937734811E-16, 1.000000000000000000 ) ) ;
#9580 = AXIS2_PLACEMENT_3D ( 'NONE', #6780, #12789, #5714 ) ;
#9581 = ORIENTED_EDGE ( 'NONE', *, *, #8337, .F. ) ;
#9582 = CARTESIAN_POINT ( 'NONE',  ( 0.2431035528205071072, 0.1988660865309976600, 0.2905378590509511971 ) ) ;
#9583 = MECHANICAL_DESIGN_GEOMETRIC_PRESENTATION_REPRESENTATION (  '', ( #3004 ), #8071 ) ;
#9584 = DIRECTION ( 'NONE',  ( -1.000000000000000000, -1.316334802367149914E-16, 1.608386623408234722E-17 ) ) ;
#9585 = FACE_BOUND ( 'NONE', #12343, .T. ) ;
#9586 = ORIENTED_EDGE ( 'NONE', *, *, #7208, .T. ) ;
#9587 = EDGE_CURVE ( 'NONE', #4574, #10313, #8140, .T. ) ;
#9588 = EDGE_CURVE ( 'NONE', #9022, #10771, #12429, .T. ) ;
#9589 = LENGTH_MEASURE_WITH_UNIT ( LENGTH_MEASURE( 0.02539999999999999897 ), #11263 );
#9590 = ORIENTED_EDGE ( 'NONE', *, *, #5929, .T. ) ;
#9591 = CARTESIAN_POINT ( 'NONE',  ( 0.3389400234772327325, 0.3760314408617059234, 0.3850260480273224872 ) ) ;
#9592 = CONICAL_SURFACE ( 'NONE', #1545, 0.02165354330709375746, 0.03906109573595079043 ) ;
#9593 = FILL_AREA_STYLE_COLOUR ( '', #10467 ) ;
#9594 = CARTESIAN_POINT ( 'NONE',  ( 0.08106600772921163101, 0.1555589999168269788, 0.2358134496021149773 ) ) ;
#9595 = CARTESIAN_POINT ( 'NONE',  ( 0.2326408108788039775, 0.1988660865309976600, 0.3456559692871649658 ) ) ;
#9596 = DIRECTION ( 'NONE',  ( -3.518308117683324880E-16, 1.000000000000000000, -4.163336342344335054E-16 ) ) ;
#9597 = EDGE_CURVE ( 'NONE', #13154, #2648, #11290, .T. ) ;
#9598 = ORIENTED_EDGE ( 'NONE', *, *, #6196, .T. ) ;
#9599 = CARTESIAN_POINT ( 'NONE',  ( 0.2326408108788039775, 0.5295747479483133846, 0.4243961267674756233 ) ) ;
#9600 = ORIENTED_EDGE ( 'NONE', *, *, #644, .T. ) ;
#9601 = VERTEX_POINT ( 'NONE', #5271 ) ;
#9602 = DIRECTION ( 'NONE',  ( -1.356991020290373981E-16, 1.000000000000000000, -3.469446951953615175E-16 ) ) ;
#9603 = PRESENTATION_LAYER_ASSIGNMENT (  '', '', ( #2184 ) ) ;
#9604 = ORIENTED_EDGE ( 'NONE', *, *, #1223, .F. ) ;
#9605 = EDGE_CURVE ( 'NONE', #10738, #5752, #10356, .T. ) ;
#9606 = VECTOR ( 'NONE', #8218, 39.37007874015748143 ) ;
#9607 =( NAMED_UNIT ( * ) PLANE_ANGLE_UNIT ( ) SI_UNIT ( $, .RADIAN. ) );
#9608 = CARTESIAN_POINT ( 'NONE',  ( 0.2431035528205066909, -0.07318115756351298296, 0.4007740795233787345 ) ) ;
#9609 = DIRECTION ( 'NONE',  ( 0.7071067811865480168, 0.7071067811865470176, 0.0000000000000000000 ) ) ;
#9610 = VERTEX_POINT ( 'NONE', #2131 ) ;
#9611 = LINE ( 'NONE', #8519, #3032 ) ;
#9612 =( GEOMETRIC_REPRESENTATION_CONTEXT ( 3 ) GLOBAL_UNCERTAINTY_ASSIGNED_CONTEXT ( ( #10704 ) ) GLOBAL_UNIT_ASSIGNED_CONTEXT ( ( #7206, #5088, #8257 ) ) REPRESENTATION_CONTEXT ( 'NONE', 'WORKASPACE' ) );
#9613 = CARTESIAN_POINT ( 'NONE',  ( 0.3208297872567559272, -0.05703942528003581869, 0.4515614810981850025 ) ) ;
#9614 = CARTESIAN_POINT ( 'NONE',  ( 0.09484553528826220048, 0.1555589999168269788, 0.2358134496021149773 ) ) ;
#9615 = ORIENTED_EDGE ( 'NONE', *, *, #1687, .T. ) ;
#9616 = STYLED_ITEM ( 'NONE', ( #6681 ), #7616 ) ;
#9617 = ORIENTED_EDGE ( 'NONE', *, *, #11662, .F. ) ;
#9618 = DIRECTION ( 'NONE',  ( 0.0000000000000000000, 0.0000000000000000000, 1.000000000000000000 ) ) ;
#9619 = EDGE_CURVE ( 'NONE', #3541, #8316, #8319, .T. ) ;
#9620 = LINE ( 'NONE', #12631, #6175 ) ;
#9621 = ORIENTED_EDGE ( 'NONE', *, *, #10190, .T. ) ;
#9622 = ORIENTED_EDGE ( 'NONE', *, *, #2571, .T. ) ;
#9623 = CARTESIAN_POINT ( 'NONE',  ( 0.1558691573354938908, 0.3091023070034267795, 0.2515614810981878224 ) ) ;
#9624 = CARTESIAN_POINT ( 'NONE',  ( 0.3290975037921822777, 0.5295747479483133846, 0.2688843157438653431 ) ) ;
#9625 = EDGE_CURVE ( 'NONE', #8045, #9831, #1122, .T. ) ;
#9626 = COLOUR_RGB ( '',0.7529411764705882248, 0.7529411764705882248, 0.0000000000000000000 ) ;
#9627 = DIRECTION ( 'NONE',  ( 1.000000000000000000, -1.937287448275629611E-17, 8.833616147085620181E-14 ) ) ;
#9628 = ORIENTED_EDGE ( 'NONE', *, *, #6471, .F. ) ;
#9629 = VECTOR ( 'NONE', #10868, 39.37007874015748143 ) ;
#9630 = LINE ( 'NONE', #4354, #3203 ) ;
#9631 = EDGE_CURVE ( 'NONE', #10377, #7952, #9222, .T. ) ;
#9632 = FACE_OUTER_BOUND ( 'NONE', #10551, .T. ) ;
#9633 = ORIENTED_EDGE ( 'NONE', *, *, #8120, .F. ) ;
#9634 = UNCERTAINTY_MEASURE_WITH_UNIT (LENGTH_MEASURE( 1.000000000000000082E-05 ), #6610, 'distance_accuracy_value', 'NONE');
#9635 = VECTOR ( 'NONE', #3750, 39.37007874015748143 ) ;
#9636 = CARTESIAN_POINT ( 'NONE',  ( 0.2385463226898389966, -0.07278745677610237719, 0.4397504574761377794 ) ) ;
#9637 = EDGE_CURVE ( 'NONE', #11556, #8542, #10556, .T. ) ;
#9638 = LINE ( 'NONE', #610, #4122 ) ;
#9639 = AXIS2_PLACEMENT_3D ( 'NONE', #3868, #5051, #7117 ) ;
#9640 = VERTEX_POINT ( 'NONE', #7475 ) ;
#9641 =( LENGTH_UNIT ( ) NAMED_UNIT ( * ) SI_UNIT ( $, .METRE. ) );
#9642 = DIMENSIONAL_EXPONENTS ( 1.000000000000000000, 0.0000000000000000000, 0.0000000000000000000, 0.0000000000000000000, 0.0000000000000000000, 0.0000000000000000000, 0.0000000000000000000 ) ;
#9643 = DIRECTION ( 'NONE',  ( -8.833616147085620181E-14, -8.220413448603018947E-18, 1.000000000000000000 ) ) ;
#9644 = PLANE ( 'NONE',  #1750 ) ;
#9645 = DIRECTION ( 'NONE',  ( 4.283287147278279229E-17, 1.665334536937734811E-16, 1.000000000000000000 ) ) ;
#9646 = EDGE_LOOP ( 'NONE', ( #3301, #4733, #2891, #4158, #4685, #11864, #6893, #8159, #6951, #6685, #8940, #3445, #3134, #2950, #6205 ) ) ;
#9647 = STYLED_ITEM ( 'NONE', ( #981 ), #11900 ) ;
#9648 = LINE ( 'NONE', #7701, #4196 ) ;
#9649 = AXIS2_PLACEMENT_3D ( 'NONE', #3235, #7283, #11361 ) ;
#9650 = CARTESIAN_POINT ( 'NONE',  ( 0.3330345116662205007, 0.1555589999168271731, 0.4062465204682488285 ) ) ;
#9651 = LINE ( 'NONE', #751, #10080 ) ;
#9652 = DIRECTION ( 'NONE',  ( 1.937287448275559661E-17, 1.000000000000000000, 8.220413448604739958E-18 ) ) ;
#9653 = DIRECTION ( 'NONE',  ( -0.7071067811865440200, -0.7071067811865510144, 0.0000000000000000000 ) ) ;
#9654 = CARTESIAN_POINT ( 'NONE',  ( 0.07319199198116595195, 0.1476849841687954967, 0.4554984889722086816 ) ) ;
#9655 = EDGE_CURVE ( 'NONE', #6362, #3302, #1315, .T. ) ;
#9656 = AXIS2_PLACEMENT_3D ( 'NONE', #945, #5992, #11114 ) ;
#9657 = CARTESIAN_POINT ( 'NONE',  ( 0.3468140392252720416, 0.1555589999168269788, 0.2062465204682519537 ) ) ;
#9658 = VECTOR ( 'NONE', #34, 39.37007874015748854 ) ;
#9659 = ORIENTED_EDGE ( 'NONE', *, *, #392, .T. ) ;
#9660 = LINE ( 'NONE', #562, #12405 ) ;
#9661 = DIRECTION ( 'NONE',  ( -1.937287448275559661E-17, -1.000000000000000000, -8.220413448604588965E-18 ) ) ;
#9662 = ORIENTED_EDGE ( 'NONE', *, *, #1816, .T. ) ;
#9663 = DIRECTION ( 'NONE',  ( -1.000000000000000000, -1.408738150179759833E-16, 6.014894242100889598E-18 ) ) ;
#9664 = LINE ( 'NONE', #3739, #62 ) ;
#9665 = CARTESIAN_POINT ( 'NONE',  ( 0.1444518345008675153, -0.05703942528005377655, 0.2515614810981878224 ) ) ;
#9666 = CARTESIAN_POINT ( 'NONE',  ( 0.3625620707213386140, 0.1555589999168269788, 0.4102228984210118390 ) ) ;
#9667 = LINE ( 'NONE', #7855, #8906 ) ;
#9668 = EDGE_CURVE ( 'NONE', #1414, #3529, #8661, .T. ) ;
#9669 = EDGE_CURVE ( 'NONE', #6385, #10370, #9477, .T. ) ;
#9670 = DIRECTION ( 'NONE',  ( -1.937287448275559661E-17, -1.000000000000000000, -8.220413448604588965E-18 ) ) ;
#9671 = VERTEX_POINT ( 'NONE', #6415 ) ;
#9672 = CARTESIAN_POINT ( 'NONE',  ( 0.3389400234772338982, 0.3760314408617052018, 0.2669158118068457042 ) ) ;
#9673 = ORIENTED_EDGE ( 'NONE', *, *, #1547, .F. ) ;
#9674 = ORIENTED_EDGE ( 'NONE', *, *, #5096, .F. ) ;
#9675 = CARTESIAN_POINT ( 'NONE',  ( 0.2956329368630822851, 0.08862986605855749378, 0.1901441582635378102 ) ) ;
#9676 = DIRECTION ( 'NONE',  ( -1.000000000000000000, -3.518308117683324880E-16, -2.626713979715460250E-16 ) ) ;
#9677 = ORIENTED_EDGE ( 'NONE', *, *, #420, .T. ) ;
#9678 = LINE ( 'NONE', #6539, #11794 ) ;
#9679 = FACE_OUTER_BOUND ( 'NONE', #6036, .T. ) ;
#9680 = CARTESIAN_POINT ( 'NONE',  ( 0.3090187636347015987, 0.08862986605856654210, 0.4397504574761377794 ) ) ;
#9681 = VERTEX_POINT ( 'NONE', #3355 ) ;
#9682 = EDGE_CURVE ( 'NONE', #7936, #5254, #1458, .T. ) ;
#9683 = VECTOR ( 'NONE', #4129, 39.37007874015748143 ) ;
#9684 = VECTOR ( 'NONE', #2219, 39.37007874015748143 ) ;
#9685 = DIRECTION ( 'NONE',  ( 0.0000000000000000000, 0.7999999999998905764, 0.6000000000001457501 ) ) ;
#9686 = SURFACE_STYLE_USAGE ( .BOTH. , #10767 ) ;
#9687 = LINE ( 'NONE', #2773, #2545 ) ;
#9688 = LINE ( 'NONE', #591, #1189 ) ;
#9689 = ORIENTED_EDGE ( 'NONE', *, *, #9095, .T. ) ;
#9690 = ORIENTED_EDGE ( 'NONE', *, *, #10645, .T. ) ;
#9691 = DIRECTION ( 'NONE',  ( 0.0000000000000000000, -8.220413448604739958E-18, 1.000000000000000000 ) ) ;
#9692 = ORIENTED_EDGE ( 'NONE', *, *, #1562, .F. ) ;
#9693 = ORIENTED_EDGE ( 'NONE', *, *, #3768, .T. ) ;
#9694 = DIRECTION ( 'NONE',  ( 1.000000000000000000, 1.408738150179759833E-16, -6.014894242100889598E-18 ) ) ;
#9695 = CARTESIAN_POINT ( 'NONE',  ( 0.1558691573354860360, 0.1988660865309976600, 0.2669158118068500340 ) ) ;
#9696 = CARTESIAN_POINT ( 'NONE',  ( 0.2326408108788039775, -0.07318115756351298296, 0.2895536070824404895 ) ) ;
#9697 = CARTESIAN_POINT ( 'NONE',  ( 0.2483888423748523422, 0.7897218048774075072, 0.3751835283422830791 ) ) ;
#9698 = ORIENTED_EDGE ( 'NONE', *, *, #2632, .F. ) ;
#9699 = LINE ( 'NONE', #10971, #9805 ) ;
#9700 = EDGE_CURVE ( 'NONE', #4509, #7191, #2377, .T. ) ;
#9701 = VECTOR ( 'NONE', #4117, 39.37007874015748143 ) ;
#9702 = FACE_OUTER_BOUND ( 'NONE', #5808, .T. ) ;
#9703 = VERTEX_POINT ( 'NONE', #383 ) ;
#9704 = EDGE_CURVE ( 'NONE', #3346, #3497, #7677, .T. ) ;
#9705 = CARTESIAN_POINT ( 'NONE',  ( 0.4098061652095126295, 0.2972912833813901590, 0.3614040007832315382 ) ) ;
#9706 = CARTESIAN_POINT ( 'NONE',  ( 0.2405148266268504198, 0.2933542755073602626, 0.2515614810981878224 ) ) ;
#9707 = CARTESIAN_POINT ( 'NONE',  ( 0.2405148266268504198, 0.3563464014916267741, 0.4850260480273039243 ) ) ;
#9708 = FACE_OUTER_BOUND ( 'NONE', #1456, .T. ) ;
#9709 = SPHERICAL_SURFACE ( 'NONE', #12352, 0.01771653543307086590 ) ;
#9710 = CARTESIAN_POINT ( 'NONE',  ( 0.3330345116662205007, 0.1555589999168269788, 0.2515614810981767757 ) ) ;
#9711 = VECTOR ( 'NONE', #372, 39.37007874015748143 ) ;
#9712 = EDGE_CURVE ( 'NONE', #11544, #7271, #9620, .T. ) ;
#9713 = VERTEX_POINT ( 'NONE', #4410 ) ;
#9714 = ADVANCED_FACE ( 'NONE', ( #5619 ), #11482, .F. ) ;
#9715 = CARTESIAN_POINT ( 'NONE',  ( 0.2326408108788039775, 0.5295747479483235987, 0.3456559692871649658 ) ) ;
#9716 = CARTESIAN_POINT ( 'NONE',  ( 0.2090187636347027589, 0.08075585031051535356, 0.4397504574761377794 ) ) ;
#9717 = LINE ( 'NONE', #5513, #10273 ) ;
#9718 = ORIENTED_EDGE ( 'NONE', *, *, #2315, .T. ) ;
#9719 = CARTESIAN_POINT ( 'NONE',  ( 0.2090187636347251854, 0.1279999447987061056, 0.4854197488147189432 ) ) ;
#9720 = CIRCLE ( 'NONE', #3978, 0.05610236220472441387 ) ;
#9721 = DIRECTION ( 'NONE',  ( -1.000000000000000000, -1.316334802367149914E-16, 1.608386623408234722E-17 ) ) ;
#9722 = ORIENTED_EDGE ( 'NONE', *, *, #5296, .F. ) ;
#9723 = LINE ( 'NONE', #8489, #2987 ) ;
#9724 = LINE ( 'NONE', #2678, #1498 ) ;
#9725 = ORIENTED_EDGE ( 'NONE', *, *, #3994, .T. ) ;
#9726 = CARTESIAN_POINT ( 'NONE',  ( 0.2326408108788039775, 0.3760314408617052018, 0.3456559692871649658 ) ) ;
#9727 = FACE_OUTER_BOUND ( 'NONE', #11628, .T. ) ;
#9728 = ORIENTED_EDGE ( 'NONE', *, *, #10598, .T. ) ;
#9729 = CARTESIAN_POINT ( 'NONE',  ( 0.2405148266268504198, 0.3563464014916267741, 0.4850260480273039243 ) ) ;
#9730 = ORIENTED_EDGE ( 'NONE', *, *, #9597, .F. ) ;
#9731 = DIMENSIONAL_EXPONENTS ( 1.000000000000000000, 0.0000000000000000000, 0.0000000000000000000, 0.0000000000000000000, 0.0000000000000000000, 0.0000000000000000000, 0.0000000000000000000 ) ;
#9732 = COLOUR_RGB ( '',0.7529411764705882248, 0.7529411764705882248, 0.0000000000000000000 ) ;
#9733 = EDGE_CURVE ( 'NONE', #8366, #2629, #4557, .T. ) ;
#9734 = CARTESIAN_POINT ( 'NONE',  ( 0.3113809683591188815, 0.5728818345624920871, 0.4440811661375591024 ) ) ;
#9735 = CARTESIAN_POINT ( 'NONE',  ( 0.2221780689370913553, 0.1988660865309976600, 0.4007740795233771802 ) ) ;
#9736 = DIRECTION ( 'NONE',  ( 3.376070039848298640E-16, -1.000000000000000000, 4.302114220422480608E-16 ) ) ;
#9737 = LINE ( 'NONE', #4663, #7406 ) ;
#9738 = LINE ( 'NONE', #3406, #9292 ) ;
#9739 = EDGE_LOOP ( 'NONE', ( #2003, #7806, #7859, #11154 ) ) ;
#9740 = CONICAL_SURFACE ( 'NONE', #12300, 0.02165354330709375746, 0.03906109573595079043 ) ;
#9741 = LINE ( 'NONE', #771, #8282 ) ;
#9742 = ORIENTED_EDGE ( 'NONE', *, *, #3340, .T. ) ;
#9743 = ORIENTED_EDGE ( 'NONE', *, *, #3374, .F. ) ;
#9744 =( CONVERSION_BASED_UNIT ( 'INCH', #4671 ) LENGTH_UNIT ( ) NAMED_UNIT ( #10934 ) );
#9745 = DIRECTION ( 'NONE',  ( 1.000000000000000000, 3.518308117683325866E-16, 2.626713979715460250E-16 ) ) ;
#9746 = ORIENTED_EDGE ( 'NONE', *, *, #1780, .F. ) ;
#9747 = CARTESIAN_POINT ( 'NONE',  ( 0.1208297872567765802, 0.05713380306641543255, 0.4515614810981850025 ) ) ;
#9748 = DIRECTION ( 'NONE',  ( 0.0000000000000000000, 1.000000000000000000, 0.0000000000000000000 ) ) ;
#9749 = DIRECTION ( 'NONE',  ( -3.376070039848299626E-16, 1.000000000000000000, -4.302114220422480115E-16 ) ) ;
#9750 = EDGE_CURVE ( 'NONE', #9892, #10830, #10688, .T. ) ;
#9751 = EDGE_CURVE ( 'NONE', #10483, #3205, #4621, .T. ) ;
#9752 = PLANE ( 'NONE',  #10043 ) ;
#9753 = ORIENTED_EDGE ( 'NONE', *, *, #11716, .T. ) ;
#9754 = VECTOR ( 'NONE', #3298, 39.37007874015748143 ) ;
#9755 = LINE ( 'NONE', #12754, #11977 ) ;
#9756 = CARTESIAN_POINT ( 'NONE',  ( 0.1558691573354936966, 0.2421731731451575165, 0.4515614810981850025 ) ) ;
#9757 = VERTEX_POINT ( 'NONE', #5753 ) ;
#9758 = ORIENTED_EDGE ( 'NONE', *, *, #7946, .T. ) ;
#9759 = CARTESIAN_POINT ( 'NONE',  ( 0.2916959289890401763, 0.09256687393256948782, 0.5011677803107913443 ) ) ;
#9760 = VERTEX_POINT ( 'NONE', #5685 ) ;
#9761 = ORIENTED_EDGE ( 'NONE', *, *, #6356, .T. ) ;
#9762 = FACE_BOUND ( 'NONE', #7536, .T. ) ;
#9763 = VECTOR ( 'NONE', #11961, 39.37007874015748143 ) ;
#9764 = CARTESIAN_POINT ( 'NONE',  ( 0.1444518345008675153, 0.05713380306640645362, 0.2515614810981878224 ) ) ;
#9765 = ORIENTED_EDGE ( 'NONE', *, *, #6099, .F. ) ;
#9766 = CARTESIAN_POINT ( 'NONE',  ( 0.3468140392252720416, 0.1555589999168269788, 0.2810890401533023275 ) ) ;
#9767 = ORIENTED_EDGE ( 'NONE', *, *, #11327, .F. ) ;
#9768 = EDGE_CURVE ( 'NONE', #8595, #11672, #5959, .T. ) ;
#9769 = LINE ( 'NONE', #10831, #2593 ) ;
#9770 = VECTOR ( 'NONE', #8772, 39.37007874015748143 ) ;
#9771 = VECTOR ( 'NONE', #9439, 39.37007874015748143 ) ;
#9772 = DIRECTION ( 'NONE',  ( 0.0000000000000000000, 0.0000000000000000000, 1.000000000000000000 ) ) ;
#9773 = VERTEX_POINT ( 'NONE', #3697 ) ;
#9774 = UNCERTAINTY_MEASURE_WITH_UNIT (LENGTH_MEASURE( 1.000000000000000082E-05 ), #2410, 'distance_accuracy_value', 'NONE');
#9775 = LINE ( 'NONE', #397, #658 ) ;
#9776 = CARTESIAN_POINT ( 'NONE',  ( 0.07332322557697283638, 0.1770813096281163290, 0.3026113498645917055 ) ) ;
#9777 = ORIENTED_EDGE ( 'NONE', *, *, #4581, .T. ) ;
#9778 =( CONVERSION_BASED_UNIT ( 'INCH', #11704 ) LENGTH_UNIT ( ) NAMED_UNIT ( #4789 ) );
#9779 = EDGE_CURVE ( 'NONE', #5455, #2921, #12964, .T. ) ;
#9780 =( GEOMETRIC_REPRESENTATION_CONTEXT ( 3 ) GLOBAL_UNCERTAINTY_ASSIGNED_CONTEXT ( ( #12440 ) ) GLOBAL_UNIT_ASSIGNED_CONTEXT ( ( #1124, #5152, #6417 ) ) REPRESENTATION_CONTEXT ( 'NONE', 'WORKASPACE' ) );
#9781 = LINE ( 'NONE', #8762, #4391 ) ;
#9782 = CIRCLE ( 'NONE', #9131, 0.05610236220472441387 ) ;
#9783 = DIRECTION ( 'NONE',  ( -0.5547001962252281482, 0.0000000000000000000, 0.8320502943378442762 ) ) ;
#9784 = ADVANCED_FACE ( 'NONE', ( #1800 ), #1930, .T. ) ;
#9785 = CARTESIAN_POINT ( 'NONE',  ( 0.3444518345008468208, 0.05713380306641550888, 0.4397504574761377794 ) ) ;
#9786 = PLANE ( 'NONE',  #501 ) ;
#9787 = DIRECTION ( 'NONE',  ( -0.8574929257125446513, -0.5144957554275257916, -0.0000000000000000000 ) ) ;
#9788 = VERTEX_POINT ( 'NONE', #2848 ) ;
#9789 = PRESENTATION_LAYER_ASSIGNMENT (  '', '', ( #11695 ) ) ;
#9790 = VECTOR ( 'NONE', #10800, 39.37007874015748143 ) ;
#9791 = CARTESIAN_POINT ( 'NONE',  ( 0.3920896297764417393, 0.05713380306642409229, 0.1901441582635393646 ) ) ;
#9792 = VERTEX_POINT ( 'NONE', #660 ) ;
#9793 = LINE ( 'NONE', #7774, #3601 ) ;
#9794 = CARTESIAN_POINT ( 'NONE',  ( 0.07712899985517106261, 0.3760314408617059234, 0.4972307724367677761 ) ) ;
#9795 = ADVANCED_FACE ( 'NONE', ( #8739 ), #11022, .F. ) ;
#9796 = LINE ( 'NONE', #2615, #11545 ) ;
#9797 = CARTESIAN_POINT ( 'NONE',  ( 0.2326408108788039775, 0.3760314408617052018, 0.1901441582635393646 ) ) ;
#9798 = VECTOR ( 'NONE', #10480, 39.37007874015748143 ) ;
#9799 = CARTESIAN_POINT ( 'NONE',  ( 0.1558691573354938908, 0.2421731731451575165, 0.2397504574761405716 ) ) ;
#9800 = CARTESIAN_POINT ( 'NONE',  ( 0.2090187636347129729, 0.3760314408617059234, 0.4007740795234071007 ) ) ;
#9801 = LINE ( 'NONE', #4726, #7706 ) ;
#9802 = SURFACE_SIDE_STYLE ('',( #10869 ) ) ;
#9803 = AXIS2_PLACEMENT_3D ( 'NONE', #4096, #4271, #11226 ) ;
#9804 = DIRECTION ( 'NONE',  ( 0.3511234415877496073, 0.9363291775692852426, -1.485833765564396243E-16 ) ) ;
#9805 = VECTOR ( 'NONE', #11976, 39.37007874015748143 ) ;
#9806 = LINE ( 'NONE', #5805, #1906 ) ;
#9807 = CARTESIAN_POINT ( 'NONE',  ( 0.3468140392252720416, 0.1555589999168269788, 0.2062465204682519537 ) ) ;
#9808 = EDGE_LOOP ( 'NONE', ( #4668, #12064, #9746, #8923 ) ) ;
#9809 = EDGE_CURVE ( 'NONE', #183, #2903, #6347, .T. ) ;
#9810 = CARTESIAN_POINT ( 'NONE',  ( 0.2483888423748523422, 0.3760314408617059234, 0.3161284102320469080 ) ) ;
#9811 = ORIENTED_EDGE ( 'NONE', *, *, #11716, .F. ) ;
#9812 = ORIENTED_EDGE ( 'NONE', *, *, #3344, .T. ) ;
#9813 = DIRECTION ( 'NONE',  ( -0.4472135955002290997, -0.8944271909997802972, 2.549099026651080475E-16 ) ) ;
#9814 = DIRECTION ( 'NONE',  ( 1.174096724532128111E-16, -1.000000000000000000, 1.665334536937734811E-16 ) ) ;
#9815 = VERTEX_POINT ( 'NONE', #9759 ) ;
#9816 = CARTESIAN_POINT ( 'NONE',  ( 0.2326408108788039775, 0.5610708109404448640, 0.3299079377910984490 ) ) ;
#9817 = LINE ( 'NONE', #5607, #814 ) ;
#9818 = VECTOR ( 'NONE', #8856, 39.37007874015748143 ) ;
#9819 = DIRECTION ( 'NONE',  ( 0.0000000000000000000, 0.0000000000000000000, -1.000000000000000000 ) ) ;
#9820 = VECTOR ( 'NONE', #11265, 39.37007874015748143 ) ;
#9821 = DIRECTION ( 'NONE',  ( 0.0000000000000000000, 0.0000000000000000000, 1.000000000000000000 ) ) ;
#9822 = ORIENTED_EDGE ( 'NONE', *, *, #6932, .T. ) ;
#9823 = SURFACE_SIDE_STYLE ('',( #5821 ) ) ;
#9824 = DIMENSIONAL_EXPONENTS ( 1.000000000000000000, 0.0000000000000000000, 0.0000000000000000000, 0.0000000000000000000, 0.0000000000000000000, 0.0000000000000000000, 0.0000000000000000000 ) ;
#9825 = DIRECTION ( 'NONE',  ( 0.0000000000000000000, 0.0000000000000000000, 1.000000000000000000 ) ) ;
#9826 = VERTEX_POINT ( 'NONE', #725 ) ;
#9827 = PRESENTATION_LAYER_ASSIGNMENT (  '', '', ( #3440 ) ) ;
#9828 = ORIENTED_EDGE ( 'NONE', *, *, #3606, .F. ) ;
#9829 = EDGE_CURVE ( 'NONE', #9832, #11458, #4687, .T. ) ;
#9830 = FACE_OUTER_BOUND ( 'NONE', #1137, .T. ) ;
#9831 = VERTEX_POINT ( 'NONE', #11829 ) ;
#9832 = VERTEX_POINT ( 'NONE', #910 ) ;
#9833 = LINE ( 'NONE', #11025, #7005 ) ;
#9834 = LINE ( 'NONE', #12038, #2843 ) ;
#9835 = ORIENTED_EDGE ( 'NONE', *, *, #2935, .T. ) ;
#9836 = CARTESIAN_POINT ( 'NONE',  ( 0.2326408108788039775, 0.08862986605855728561, 0.1901441582635393646 ) ) ;
#9837 = CARTESIAN_POINT ( 'NONE',  ( 0.3090187636347015987, 0.08075585031051535356, 0.4397504574761377794 ) ) ;
#9838 = SURFACE_SIDE_STYLE ('',( #5765 ) ) ;
#9839 = ORIENTED_EDGE ( 'NONE', *, *, #8620, .F. ) ;
#9840 = CARTESIAN_POINT ( 'NONE',  ( 0.1027195510362948899, 0.7897218048774075072, 0.4972307724367677761 ) ) ;
#9841 = MECHANICAL_DESIGN_GEOMETRIC_PRESENTATION_REPRESENTATION (  '', ( #1334 ), #1127 ) ;
#9842 = VECTOR ( 'NONE', #8865, 39.37007874015748143 ) ;
#9843 = CARTESIAN_POINT ( 'NONE',  ( 0.2326408108788039775, 0.3957164802317834629, 0.5228213236178701484 ) ) ;
#9844 = ORIENTED_EDGE ( 'NONE', *, *, #12315, .T. ) ;
#9845 = LINE ( 'NONE', #11980, #7181 ) ;
#9846 = EDGE_CURVE ( 'NONE', #11356, #5605, #6950, .T. ) ;
#9847 = EDGE_CURVE ( 'NONE', #10357, #8090, #11505, .T. ) ;
#9848 = ORIENTED_EDGE ( 'NONE', *, *, #2801, .F. ) ;
#9849 = AXIS2_PLACEMENT_3D ( 'NONE', #3484, #7660, #5604 ) ;
#9850 = DIRECTION ( 'NONE',  ( 1.316334802367149914E-16, -1.000000000000000000, 1.526556658859589750E-16 ) ) ;
#9851 = COLOUR_RGB ( '',0.7529411764705882248, 0.7529411764705882248, 0.0000000000000000000 ) ;
#9852 = DIRECTION ( 'NONE',  ( 0.0000000000000000000, 0.0000000000000000000, 1.000000000000000000 ) ) ;
#9853 = VERTEX_POINT ( 'NONE', #7999 ) ;
#9854 = CARTESIAN_POINT ( 'NONE',  ( 0.2326408108788039775, 0.5531967951924309235, 0.4243961267674777327 ) ) ;
#9855 = ADVANCED_FACE ( 'NONE', ( #3762 ), #1732, .F. ) ;
#9856 = AXIS2_PLACEMENT_3D ( 'NONE', #9726, #3796, #11796 ) ;
#9857 = FACE_OUTER_BOUND ( 'NONE', #3066, .T. ) ;
#9858 = VECTOR ( 'NONE', #8414, 39.37007874015748143 ) ;
#9859 = PLANE ( 'NONE',  #349 ) ;
#9860 = CARTESIAN_POINT ( 'NONE',  ( 0.2483888423748523422, 0.5295747479483235987, 0.2688843157438653431 ) ) ;
#9861 = ORIENTED_EDGE ( 'NONE', *, *, #2922, .T. ) ;
#9862 = VECTOR ( 'NONE', #3897, 39.37007874015748143 ) ;
#9863 = LINE ( 'NONE', #12003, #10918 ) ;
#9864 = DIRECTION ( 'NONE',  ( 2.626713979715460250E-16, -3.747002708109905789E-16, -1.000000000000000000 ) ) ;
#9865 = ORIENTED_EDGE ( 'NONE', *, *, #8735, .F. ) ;
#9866 = VECTOR ( 'NONE', #11495, 39.37007874015748143 ) ;
#9867 = CARTESIAN_POINT ( 'NONE',  ( 0.1027195510362938907, 0.1476849841687954967, 0.2358134496021149773 ) ) ;
#9868 = CARTESIAN_POINT ( 'NONE',  ( 0.3920896297764417393, 0.1949290786569806977, 0.3810890401533106320 ) ) ;
#9869 = ADVANCED_FACE ( 'NONE', ( #9830 ), #8872, .F. ) ;
#9870 = DIRECTION ( 'NONE',  ( -4.283287147278279229E-17, -1.665334536937734811E-16, -1.000000000000000000 ) ) ;
#9871 = VECTOR ( 'NONE', #7630, 39.37007874015748143 ) ;
#9872 = AXIS2_PLACEMENT_3D ( 'NONE', #7988, #777, #4933 ) ;
#9873 = CARTESIAN_POINT ( 'NONE',  ( 0.2385463226898389966, -0.07278745677610257148, 0.2515614810981878224 ) ) ;
#9874 = EDGE_CURVE ( 'NONE', #10634, #1966, #1866, .T. ) ;
#9875 =( LENGTH_UNIT ( ) NAMED_UNIT ( * ) SI_UNIT ( $, .METRE. ) );
#9876 = LINE ( 'NONE', #4795, #2786 ) ;
#9877 = ORIENTED_EDGE ( 'NONE', *, *, #11386, .F. ) ;
#9878 = DIRECTION ( 'NONE',  ( -1.937287448275559661E-17, -1.000000000000000000, -8.220413448604739958E-18 ) ) ;
#9879 = ORIENTED_EDGE ( 'NONE', *, *, #701, .T. ) ;
#9880 = ORIENTED_EDGE ( 'NONE', *, *, #9919, .T. ) ;
#9881 = DIRECTION ( 'NONE',  ( 0.0000000000000000000, 0.0000000000000000000, -1.000000000000000000 ) ) ;
#9882 = CARTESIAN_POINT ( 'NONE',  ( 0.2483888423748523422, 0.4547715983420212993, 0.3850260480273224872 ) ) ;
#9883 = ORIENTED_EDGE ( 'NONE', *, *, #9275, .F. ) ;
#9884 = VECTOR ( 'NONE', #546, 39.37007874015748143 ) ;
#9885 = LINE ( 'NONE', #8652, #11640 ) ;
#9886 = ADVANCED_FACE ( 'NONE', ( #5828 ), #9895, .T. ) ;
#9887 = CARTESIAN_POINT ( 'NONE',  ( 0.3625620707213386140, 0.1555589999168271731, 0.4456559692871464584 ) ) ;
#9888 = ORIENTED_EDGE ( 'NONE', *, *, #3672, .F. ) ;
#9889 = ADVANCED_FACE ( 'NONE', ( #8938 ), #9592, .T. ) ;
#9890 = ADVANCED_FACE ( 'NONE', ( #9203 ), #975, .F. ) ;
#9891 = CARTESIAN_POINT ( 'NONE',  ( 0.2633267503829007650, 0.5295747479483235987, 0.4224276228305008374 ) ) ;
#9892 = VERTEX_POINT ( 'NONE', #46 ) ;
#9893 = CIRCLE ( 'NONE', #559, 0.01770302147941842791 ) ;
#9894 = EDGE_LOOP ( 'NONE', ( #5059, #8260, #6952, #6747 ) ) ;
#9895 = PLANE ( 'NONE',  #4480 ) ;
#9896 = VERTEX_POINT ( 'NONE', #5131 ) ;
#9897 = ORIENTED_EDGE ( 'NONE', *, *, #5804, .F. ) ;
#9898 = DIRECTION ( 'NONE',  ( 0.0000000000000000000, -8.220413448604739958E-18, 1.000000000000000000 ) ) ;
#9899 = LINE ( 'NONE', #8943, #8759 ) ;
#9900 = ORIENTED_EDGE ( 'NONE', *, *, #12033, .F. ) ;
#9901 = DIRECTION ( 'NONE',  ( 0.0000000000000000000, 0.0000000000000000000, 1.000000000000000000 ) ) ;
#9902 = VECTOR ( 'NONE', #2583, 39.37007874015748143 ) ;
#9903 = DIRECTION ( 'NONE',  ( 0.0000000000000000000, 0.9922778767136850586, -0.1240347345890696062 ) ) ;
#9904 = EDGE_LOOP ( 'NONE', ( #12939, #7098, #1917, #788 ) ) ;
#9905 = CARTESIAN_POINT ( 'NONE',  ( 0.2326408108788039775, 0.6949290786569842782, 0.3456559692871649658 ) ) ;
#9906 = EDGE_CURVE ( 'NONE', #28, #7848, #9077, .T. ) ;
#9907 = CARTESIAN_POINT ( 'NONE',  ( 0.3290975037921822777, 0.4272125432239181064, 0.4007740795234071007 ) ) ;
#9908 = EDGE_LOOP ( 'NONE', ( #12073, #13040, #12166, #9354 ) ) ;
#9909 = UNCERTAINTY_MEASURE_WITH_UNIT (LENGTH_MEASURE( 1.000000000000000082E-05 ), #12013, 'distance_accuracy_value', 'NONE');
#9910 = VECTOR ( 'NONE', #8496, 39.37007874015748143 ) ;
#9911 = LINE ( 'NONE', #6962, #23 ) ;
#9912 = VECTOR ( 'NONE', #4151, 39.37007874015748143 ) ;
#9913 = LINE ( 'NONE', #2791, #11078 ) ;
#9914 = ORIENTED_EDGE ( 'NONE', *, *, #1116, .F. ) ;
#9915 = DIMENSIONAL_EXPONENTS ( 1.000000000000000000, 0.0000000000000000000, 0.0000000000000000000, 0.0000000000000000000, 0.0000000000000000000, 0.0000000000000000000, 0.0000000000000000000 ) ;
#9916 = PLANE ( 'NONE',  #2822 ) ;
#9917 = ORIENTED_EDGE ( 'NONE', *, *, #820, .F. ) ;
#9918 = VECTOR ( 'NONE', #6368, 39.37007874015748143 ) ;
#9919 = EDGE_CURVE ( 'NONE', #866, #11278, #9262, .T. ) ;
#9920 =( LENGTH_UNIT ( ) NAMED_UNIT ( * ) SI_UNIT ( $, .METRE. ) );
#9921 = EDGE_CURVE ( 'NONE', #9380, #12126, #7008, .T. ) ;
#9922 = CARTESIAN_POINT ( 'NONE',  ( 0.2483888423748523422, 0.7897218048774075072, 0.4677032133816496073 ) ) ;
#9923 = LENGTH_MEASURE_WITH_UNIT ( LENGTH_MEASURE( 0.02539999999999999897 ), #6645 );
#9924 = ORIENTED_EDGE ( 'NONE', *, *, #2932, .T. ) ;
#9925 = CARTESIAN_POINT ( 'NONE',  ( 0.2444518345008480364, 0.05713380306641550888, 0.4397504574761377794 ) ) ;
#9926 = LINE ( 'NONE', #2937, #848 ) ;
#9927 = AXIS2_PLACEMENT_3D ( 'NONE', #2242, #2069, #5140 ) ;
#9928 = ORIENTED_EDGE ( 'NONE', *, *, #5572, .T. ) ;
#9929 = DIRECTION ( 'NONE',  ( -1.000000000000000000, 0.0000000000000000000, 0.0000000000000000000 ) ) ;
#9930 = LINE ( 'NONE', #2940, #4588 ) ;
#9931 = VERTEX_POINT ( 'NONE', #1997 ) ;
#9932 = LINE ( 'NONE', #12938, #5391 ) ;
#9933 = VERTEX_POINT ( 'NONE', #225 ) ;
#9934 = LINE ( 'NONE', #3068, #6194 ) ;
#9935 = VECTOR ( 'NONE', #10493, 39.37007874015748143 ) ;
#9936 = CARTESIAN_POINT ( 'NONE',  ( 0.08106600772921163101, 0.1555589999168269788, 0.5011677803107859042 ) ) ;
#9937 = CARTESIAN_POINT ( 'NONE',  ( 0.1893337242646342400, 0.3760314408617059234, 0.4677032133816496073 ) ) ;
#9938 = FILL_AREA_STYLE_COLOUR ( '', #12668 ) ;
#9939 = DIRECTION ( 'NONE',  ( -3.007447121050439791E-18, -2.498001805406600244E-16, -1.000000000000000000 ) ) ;
#9940 = DIRECTION ( 'NONE',  ( 1.000000000000000000, -1.937287448275559661E-17, 0.0000000000000000000 ) ) ;
#9941 = ORIENTED_EDGE ( 'NONE', *, *, #10429, .F. ) ;
#9942 = FACE_OUTER_BOUND ( 'NONE', #7420, .T. ) ;
#9943 = VERTEX_POINT ( 'NONE', #5009 ) ;
#9944 = VERTEX_POINT ( 'NONE', #4081 ) ;
#9945 = LINE ( 'NONE', #4929, #11935 ) ;
#9946 = EDGE_CURVE ( 'NONE', #7037, #3399, #3208, .T. ) ;
#9947 = AXIS2_PLACEMENT_3D ( 'NONE', #174, #11280, #6473 ) ;
#9948 = DIRECTION ( 'NONE',  ( 0.0000000000000000000, -0.9922778767136850586, 0.1240347345890696062 ) ) ;
#9949 = VERTEX_POINT ( 'NONE', #5069 ) ;
#9950 = DIRECTION ( 'NONE',  ( 1.000000000000000000, -1.937287448275559661E-17, -2.565854121688507820E-49 ) ) ;
#9951 = DIRECTION ( 'NONE',  ( 0.0000000000000000000, 1.000000000000000000, 0.0000000000000000000 ) ) ;
#9952 = EDGE_CURVE ( 'NONE', #6241, #11040, #11333, .T. ) ;
#9953 = FACE_OUTER_BOUND ( 'NONE', #2420, .T. ) ;
#9954 = ORIENTED_EDGE ( 'NONE', *, *, #542, .T. ) ;
#9955 = DIRECTION ( 'NONE',  ( 0.0000000000000000000, 8.220413448604739958E-18, -1.000000000000000000 ) ) ;
#9956 = MECHANICAL_DESIGN_GEOMETRIC_PRESENTATION_REPRESENTATION (  '', ( #8206 ), #3563 ) ;
#9957 = EDGE_LOOP ( 'NONE', ( #6083, #11162, #8456, #9698 ) ) ;
#9958 = EDGE_LOOP ( 'NONE', ( #11296, #11831, #1107, #12321 ) ) ;
#9959 = EDGE_CURVE ( 'NONE', #8372, #7242, #7135, .T. ) ;
#9960 = DIRECTION ( 'NONE',  ( 3.376070039848298640E-16, -1.000000000000000000, 4.302114220422480608E-16 ) ) ;
#9961 = ORIENTED_EDGE ( 'NONE', *, *, #1799, .T. ) ;
#9962 = VERTEX_POINT ( 'NONE', #111 ) ;
#9963 = DIRECTION ( 'NONE',  ( 1.000000000000000000, -1.937287448275559661E-17, 0.0000000000000000000 ) ) ;
#9964 = EDGE_CURVE ( 'NONE', #4971, #9760, #11273, .T. ) ;
#9965 = ORIENTED_EDGE ( 'NONE', *, *, #892, .T. ) ;
#9966 = DIRECTION ( 'NONE',  ( -0.3511234415875753578, -0.9363291775693507457, 2.975952440747969240E-16 ) ) ;
#9967 = DIRECTION ( 'NONE',  ( -1.174096724532128111E-16, 1.000000000000000000, -1.665334536937734811E-16 ) ) ;
#9968 = PLANE ( 'NONE',  #5022 ) ;
#9969 = ORIENTED_EDGE ( 'NONE', *, *, #4040, .T. ) ;
#9970 = LINE ( 'NONE', #3638, #7026 ) ;
#9971 = DIRECTION ( 'NONE',  ( 0.0000000000000000000, -1.000000000000000000, 0.0000000000000000000 ) ) ;
#9972 = ORIENTED_EDGE ( 'NONE', *, *, #1042, .F. ) ;
#9973 = STYLED_ITEM ( 'NONE', ( #5 ), #2230 ) ;
#9974 = CARTESIAN_POINT ( 'NONE',  ( 0.3940581337134496653, 0.3957164802317834629, 0.1684906149564565081 ) ) ;
#9975 = EDGE_CURVE ( 'NONE', #11374, #7311, #12161, .T. ) ;
#9976 = LINE ( 'NONE', #865, #5541 ) ;
#9977 = VERTEX_POINT ( 'NONE', #6264 ) ;
#9978 = PLANE ( 'NONE',  #4871 ) ;
#9979 = FACE_OUTER_BOUND ( 'NONE', #2627, .T. ) ;
#9980 = EDGE_CURVE ( 'NONE', #11446, #12032, #1229, .T. ) ;
#9981 = CARTESIAN_POINT ( 'NONE',  ( 0.2326408108788161622, 0.1476849841687954967, 0.4554984889722086816 ) ) ;
#9982 = ORIENTED_EDGE ( 'NONE', *, *, #1162, .T. ) ;
#9983 = VECTOR ( 'NONE', #8153, 39.37007874015748143 ) ;
#9984 = VERTEX_POINT ( 'NONE', #12226 ) ;
#9985 = AXIS2_PLACEMENT_3D ( 'NONE', #8868, #8734, #12961 ) ;
#9986 = DIRECTION ( 'NONE',  ( 1.000000000000000000, 1.174096724532128111E-16, -4.283287147278279229E-17 ) ) ;
#9987 = PLANE ( 'NONE',  #11439 ) ;
#9988 = CARTESIAN_POINT ( 'NONE',  ( 0.2090187636347129729, 0.1988660865309976600, 0.4007740795234071007 ) ) ;
#9989 = ORIENTED_EDGE ( 'NONE', *, *, #6007, .T. ) ;
#9990 = PLANE ( 'NONE',  #8688 ) ;
#9991 = MECHANICAL_DESIGN_GEOMETRIC_PRESENTATION_REPRESENTATION (  '', ( #12988 ), #4221 ) ;
#9992 = CARTESIAN_POINT ( 'NONE',  ( 0.3625620707213386140, 0.3563464014916267741, 0.2062858905469921178 ) ) ;
#9993 = ADVANCED_FACE ( 'NONE', ( #5253 ), #10336, .T. ) ;
#9994 = ORIENTED_EDGE ( 'NONE', *, *, #138, .F. ) ;
#9995 = ADVANCED_FACE ( 'NONE', ( #6085 ), #4201, .F. ) ;
#9996 = DIRECTION ( 'NONE',  ( 1.000000000000000000, 3.376070039848305050E-16, 2.359223927328455183E-16 ) ) ;
#9997 = CARTESIAN_POINT ( 'NONE',  ( 0.3310660077292019721, 0.1791810471609177058, 0.3653410086572472792 ) ) ;
#9998 = VERTEX_POINT ( 'NONE', #3092 ) ;
#9999 = VECTOR ( 'NONE', #6690, 39.37007874015748143 ) ;
#10000 = DIRECTION ( 'NONE',  ( 0.0000000000000000000, -1.000000000000000000, 0.0000000000000000000 ) ) ;
#10001 = LINE ( 'NONE', #4615, #1055 ) ;
#10002 = AXIS2_PLACEMENT_3D ( 'NONE', #1609, #8680, #12773 ) ;
#10003 = LINE ( 'NONE', #6864, #2675 ) ;
#10004 = DIRECTION ( 'NONE',  ( 1.000000000000000000, 1.174096724532128111E-16, -4.283287147278279229E-17 ) ) ;
#10005 = DIRECTION ( 'NONE',  ( 1.000000000000000000, 1.174096724532128111E-16, -4.283287147278279229E-17 ) ) ;
#10006 = CARTESIAN_POINT ( 'NONE',  ( 0.2562628581229027813, 0.08075585031050630525, 0.4515614810981850025 ) ) ;
#10007 = ORIENTED_EDGE ( 'NONE', *, *, #12730, .T. ) ;
#10008 = EDGE_CURVE ( 'NONE', #11185, #2812, #4139, .T. ) ;
#10009 = CARTESIAN_POINT ( 'NONE',  ( 0.2483888423748704388, 0.1988660865309964665, 0.3456559692871649658 ) ) ;
#10010 = VERTEX_POINT ( 'NONE', #2175 ) ;
#10011 = EDGE_CURVE ( 'NONE', #4162, #12502, #6202, .T. ) ;
#10012 = ORIENTED_EDGE ( 'NONE', *, *, #878, .T. ) ;
#10013 = AXIS2_PLACEMENT_3D ( 'NONE', #9327, #8306, #11401 ) ;
#10014 = DIRECTION ( 'NONE',  ( 1.000000000000000000, 0.0000000000000000000, 0.0000000000000000000 ) ) ;
#10015 = CARTESIAN_POINT ( 'NONE',  ( 0.1558691573354860360, 0.7897218048774075072, 0.3456559692871649658 ) ) ;
#10016 = ORIENTED_EDGE ( 'NONE', *, *, #1725, .T. ) ;
#10017 = CARTESIAN_POINT ( 'NONE',  ( 0.1444518345008675153, -0.05703942528005377655, 0.4515614810981850025 ) ) ;
#10018 = LINE ( 'NONE', #12821, #5447 ) ;
#10019 = VERTEX_POINT ( 'NONE', #1168 ) ;
#10020 = MECHANICAL_DESIGN_GEOMETRIC_PRESENTATION_REPRESENTATION (  '', ( #467 ), #2168 ) ;
#10021 = VECTOR ( 'NONE', #7620, 39.37007874015748143 ) ;
#10022 = EDGE_CURVE ( 'NONE', #5643, #10019, #5192, .T. ) ;
#10023 = CARTESIAN_POINT ( 'NONE',  ( 0.3901211258394338688, 0.4297564560040102455, 0.2505015174397472455 ) ) ;
#10024 = VERTEX_POINT ( 'NONE', #2427 ) ;
#10025 = VERTEX_POINT ( 'NONE', #7457 ) ;
#10026 = CARTESIAN_POINT ( 'NONE',  ( 0.2578500329941763591, 0.5295747479483133846, 0.2669158347218779648 ) ) ;
#10027 = ORIENTED_EDGE ( 'NONE', *, *, #11000, .F. ) ;
#10028 = EDGE_CURVE ( 'NONE', #7190, #12029, #7322, .T. ) ;
#10029 = ORIENTED_EDGE ( 'NONE', *, *, #7835, .T. ) ;
#10030 = CARTESIAN_POINT ( 'NONE',  ( 0.2326408108788039775, 0.5295747479483133846, 0.3456559692871649658 ) ) ;
#10031 = CARTESIAN_POINT ( 'NONE',  ( 0.3330345116662205007, 0.1555589999168271731, 0.4732150244052676924 ) ) ;
#10032 = EDGE_LOOP ( 'NONE', ( #7882, #4403, #8333, #1387 ) ) ;
#10033 = VECTOR ( 'NONE', #1534, 39.37007874015748143 ) ;
#10034 = DIRECTION ( 'NONE',  ( -1.000000000000000000, 0.0000000000000000000, 0.0000000000000000000 ) ) ;
#10035 = FACE_OUTER_BOUND ( 'NONE', #4050, .T. ) ;
#10036 = CARTESIAN_POINT ( 'NONE',  ( 0.1027195510362848424, 0.1555589999168269788, 0.2180969141690468349 ) ) ;
#10037 = ORIENTED_EDGE ( 'NONE', *, *, #6388, .F. ) ;
#10038 = FILL_AREA_STYLE ('',( #58 ) ) ;
#10039 = COLOUR_RGB ( '',0.7529411764705882248, 0.7529411764705882248, 0.0000000000000000000 ) ;
#10040 = EDGE_CURVE ( 'NONE', #3346, #12502, #6325, .T. ) ;
#10041 = DIRECTION ( 'NONE',  ( 4.283287147278279229E-17, 1.665334536937734811E-16, 1.000000000000000000 ) ) ;
#10042 = VERTEX_POINT ( 'NONE', #3336 ) ;
#10043 = AXIS2_PLACEMENT_3D ( 'NONE', #4009, #13095, #5063 ) ;
#10044 = DIRECTION ( 'NONE',  ( 0.0000000000000000000, 1.000000000000000000, 0.0000000000000000000 ) ) ;
#10045 = LINE ( 'NONE', #8891, #231 ) ;
#10046 = EDGE_CURVE ( 'NONE', #639, #11185, #10465, .T. ) ;
#10047 = ORIENTED_EDGE ( 'NONE', *, *, #9450, .T. ) ;
#10048 = PRESENTATION_STYLE_ASSIGNMENT (( #1061 ) ) ;
#10049 = DIRECTION ( 'NONE',  ( -3.518308117683324880E-16, 1.000000000000000000, -4.163336342344335054E-16 ) ) ;
#10050 = LINE ( 'NONE', #1126, #8637 ) ;
#10051 = AXIS2_PLACEMENT_3D ( 'NONE', #12008, #22, #2884 ) ;
#10052 = ORIENTED_EDGE ( 'NONE', *, *, #7963, .T. ) ;
#10053 = DIRECTION ( 'NONE',  ( 3.376070039848299626E-16, -1.000000000000000000, 4.302114220422480115E-16 ) ) ;
#10054 = ADVANCED_FACE ( 'NONE', ( #1369 ), #8367, .T. ) ;
#10055 = CARTESIAN_POINT ( 'NONE',  ( 0.2405148266268504198, 0.1555589999168271731, 0.4456559692871464584 ) ) ;
#10056 = EDGE_CURVE ( 'NONE', #7914, #113, #8273, .T. ) ;
#10057 = FACE_OUTER_BOUND ( 'NONE', #8847, .T. ) ;
#10058 = VERTEX_POINT ( 'NONE', #2492 ) ;
#10059 = UNCERTAINTY_MEASURE_WITH_UNIT (LENGTH_MEASURE( 1.000000000000000082E-05 ), #11987, 'distance_accuracy_value', 'NONE');
#10060 =( NAMED_UNIT ( * ) PLANE_ANGLE_UNIT ( ) SI_UNIT ( $, .RADIAN. ) );
#10061 = AXIS2_PLACEMENT_3D ( 'NONE', #7944, #11026, #1936 ) ;
#10062 = CARTESIAN_POINT ( 'NONE',  ( 0.3625620707213386140, 0.08862986605856654210, 0.4515614810981740113 ) ) ;
#10063 = PRESENTATION_STYLE_ASSIGNMENT (( #1964 ) ) ;
#10064 = LINE ( 'NONE', #2939, #1155 ) ;
#10065 = FACE_OUTER_BOUND ( 'NONE', #10081, .T. ) ;
#10066 = ORIENTED_EDGE ( 'NONE', *, *, #8202, .T. ) ;
#10067 = ORIENTED_EDGE ( 'NONE', *, *, #3138, .F. ) ;
#10068 = CONICAL_SURFACE ( 'NONE', #8115, 0.07874015748031495954, 0.1651486774145596026 ) ;
#10069 = PRESENTATION_LAYER_ASSIGNMENT (  '', '', ( #4943 ) ) ;
#10070 = LINE ( 'NONE', #7046, #4074 ) ;
#10071 = EDGE_CURVE ( 'NONE', #7759, #2012, #5399, .T. ) ;
#10072 = CARTESIAN_POINT ( 'NONE',  ( 0.3310660077292019721, 0.1949290786569806977, 0.3456559692871649658 ) ) ;
#10073 = DIRECTION ( 'NONE',  ( 2.626713979715460250E-16, -3.747002708109905789E-16, -1.000000000000000000 ) ) ;
#10074 = LINE ( 'NONE', #890, #6073 ) ;
#10075 = CARTESIAN_POINT ( 'NONE',  ( 0.1558691573354860360, 0.3760314408617059234, 0.4224276228305008374 ) ) ;
#10076 = FACE_OUTER_BOUND ( 'NONE', #13066, .T. ) ;
#10077 = AXIS2_PLACEMENT_3D ( 'NONE', #8797, #10878, #1785 ) ;
#10078 = ORIENTED_EDGE ( 'NONE', *, *, #7103, .F. ) ;
#10079 = EDGE_LOOP ( 'NONE', ( #1955, #6411, #6638, #2732, #3649, #3751, #6366, #3331 ) ) ;
#10080 = VECTOR ( 'NONE', #557, 39.37007874015748143 ) ;
#10081 = EDGE_LOOP ( 'NONE', ( #11347, #9090, #4094, #6061 ) ) ;
#10082 = FACE_OUTER_BOUND ( 'NONE', #12621, .T. ) ;
#10083 = CARTESIAN_POINT ( 'NONE',  ( 0.2326408108788161622, 0.1555589999168269788, 0.2810890401533023275 ) ) ;
#10084 = ORIENTED_EDGE ( 'NONE', *, *, #12593, .F. ) ;
#10085 = CARTESIAN_POINT ( 'NONE',  ( 0.2405148266268504198, 0.1555589999168269788, 0.2456559692871496114 ) ) ;
#10086 = LINE ( 'NONE', #11202, #2892 ) ;
#10087 =( GEOMETRIC_REPRESENTATION_CONTEXT ( 3 ) GLOBAL_UNCERTAINTY_ASSIGNED_CONTEXT ( ( #992 ) ) GLOBAL_UNIT_ASSIGNED_CONTEXT ( ( #2739, #5921, #11926 ) ) REPRESENTATION_CONTEXT ( 'NONE', 'WORKASPACE' ) );
#10088 = DIRECTION ( 'NONE',  ( 3.007447121050439791E-18, 2.498001805406600244E-16, 1.000000000000000000 ) ) ;
#10089 = VECTOR ( 'NONE', #1338, 39.37007874015748143 ) ;
#10090 = ADVANCED_FACE ( 'NONE', ( #11462 ), #4601, .T. ) ;
#10091 =( NAMED_UNIT ( * ) SI_UNIT ( $, .STERADIAN. ) SOLID_ANGLE_UNIT ( ) );
#10092 = EDGE_CURVE ( 'NONE', #5609, #9815, #6465, .T. ) ;
#10093 = VECTOR ( 'NONE', #9418, 39.37007874015748143 ) ;
#10094 = DIMENSIONAL_EXPONENTS ( 1.000000000000000000, 0.0000000000000000000, 0.0000000000000000000, 0.0000000000000000000, 0.0000000000000000000, 0.0000000000000000000, 0.0000000000000000000 ) ;
#10095 = CARTESIAN_POINT ( 'NONE',  ( 0.3444518345008468208, 0.05713380306641543255, 0.2397504574761405716 ) ) ;
#10096 = VERTEX_POINT ( 'NONE', #5468 ) ;
#10097 = ORIENTED_EDGE ( 'NONE', *, *, #7466, .F. ) ;
#10098 = CARTESIAN_POINT ( 'NONE',  ( 0.2483888423748476515, 0.3760314408617059234, 0.4007740795233795117 ) ) ;
#10099 = EDGE_LOOP ( 'NONE', ( #8178, #12264, #2870, #11508 ) ) ;
#10100 = VERTEX_POINT ( 'NONE', #11398 ) ;
#10101 = LINE ( 'NONE', #4948, #3183 ) ;
#10102 = DIRECTION ( 'NONE',  ( -1.000000000000000000, -1.316334802367149914E-16, 1.608386623408234722E-17 ) ) ;
#10103 = ORIENTED_EDGE ( 'NONE', *, *, #6844, .T. ) ;
#10104 = LINE ( 'NONE', #299, #3476 ) ;
#10105 = CARTESIAN_POINT ( 'NONE',  ( 0.2405148266268504198, 0.3760314408617055348, 0.4456559692871464584 ) ) ;
#10106 = EDGE_CURVE ( 'NONE', #9601, #6855, #10401, .T. ) ;
#10107 = CARTESIAN_POINT ( 'NONE',  ( 0.3113809683591188815, 0.5728818345624920871, 0.3614040007832315382 ) ) ;
#10108 = ORIENTED_EDGE ( 'NONE', *, *, #12727, .T. ) ;
#10109 =( NAMED_UNIT ( * ) SI_UNIT ( $, .STERADIAN. ) SOLID_ANGLE_UNIT ( ) );
#10110 = EDGE_LOOP ( 'NONE', ( #11024, #3539, #4390, #5826, #10499, #10260, #8960, #2104 ) ) ;
#10111 = MECHANICAL_DESIGN_GEOMETRIC_PRESENTATION_REPRESENTATION (  '', ( #3925 ), #10510 ) ;
#10112 = LINE ( 'NONE', #1811, #3477 ) ;
#10113 = ORIENTED_EDGE ( 'NONE', *, *, #10514, .T. ) ;
#10114 = CARTESIAN_POINT ( 'NONE',  ( 0.3444518345008468208, 0.05713380306641543255, 0.2515614810981878224 ) ) ;
#10115 = DIRECTION ( 'NONE',  ( -3.007447121050439791E-18, -2.498001805406600244E-16, -1.000000000000000000 ) ) ;
#10116 = ORIENTED_EDGE ( 'NONE', *, *, #721, .F. ) ;
#10117 = CARTESIAN_POINT ( 'NONE',  ( 0.2208297872567575038, 0.05713380306641550888, 0.4397504574761377794 ) ) ;
#10118 = CARTESIAN_POINT ( 'NONE',  ( 0.2326408108788039775, 0.5295747479483235987, 0.2895536070824405450 ) ) ;
#10119 = PLANE ( 'NONE',  #12086 ) ;
#10120 = STYLED_ITEM ( 'NONE', ( #4306 ), #13128 ) ;
#10121 = PRESENTATION_STYLE_ASSIGNMENT (( #1128 ) ) ;
#10122 = VERTEX_POINT ( 'NONE', #5534 ) ;
#10123 = EDGE_CURVE ( 'NONE', #1000, #5895, #9391, .T. ) ;
#10124 = ORIENTED_EDGE ( 'NONE', *, *, #2461, .F. ) ;
#10125 = FACE_OUTER_BOUND ( 'NONE', #5086, .T. ) ;
#10126 = ADVANCED_FACE ( 'NONE', ( #10668 ), #4392, .T. ) ;
#10127 = VECTOR ( 'NONE', #4934, 39.37007874015748143 ) ;
#10128 = VECTOR ( 'NONE', #11517, 39.37007874015748143 ) ;
#10129 = LINE ( 'NONE', #1006, #6221 ) ;
#10130 = VERTEX_POINT ( 'NONE', #509 ) ;
#10131 = ORIENTED_EDGE ( 'NONE', *, *, #12900, .T. ) ;
#10132 = DIRECTION ( 'NONE',  ( 2.865203769218833733E-48, -8.220413448604588965E-18, 1.000000000000000000 ) ) ;
#10133 = CARTESIAN_POINT ( 'NONE',  ( 0.2405148266268504198, 0.3681574251136630060, 0.2456559692871496114 ) ) ;
#10134 = EDGE_CURVE ( 'NONE', #8672, #7354, #1299, .T. ) ;
#10135 = VERTEX_POINT ( 'NONE', #12536 ) ;
#10136 = LENGTH_MEASURE_WITH_UNIT ( LENGTH_MEASURE( 0.02539999999999999897 ), #1835 );
#10137 = ORIENTED_EDGE ( 'NONE', *, *, #7582, .T. ) ;
#10138 = EDGE_CURVE ( 'NONE', #11610, #8045, #11535, .T. ) ;
#10139 = ADVANCED_FACE ( 'NONE', ( #6596 ), #5600, .T. ) ;
#10140 = FILL_AREA_STYLE_COLOUR ( '', #4709 ) ;
#10141 = LINE ( 'NONE', #11129, #3082 ) ;
#10142 = AXIS2_PLACEMENT_3D ( 'NONE', #6239, #265, #1204 ) ;
#10143 = CARTESIAN_POINT ( 'NONE',  ( 0.2090187636347129729, 0.1988660865309976600, 0.4007740795234071007 ) ) ;
#10144 = CARTESIAN_POINT ( 'NONE',  ( 0.3625620707213386140, 0.2756377400743055262, 0.1255772291296712584 ) ) ;
#10145 = CARTESIAN_POINT ( 'NONE',  ( 0.1090187636347220435, 0.08862986605856654210, 0.4397504574761377794 ) ) ;
#10146 = ORIENTED_EDGE ( 'NONE', *, *, #8114, .F. ) ;
#10147 = LINE ( 'NONE', #3259, #4010 ) ;
#10148 = VERTEX_POINT ( 'NONE', #12611 ) ;
#10149 = DIRECTION ( 'NONE',  ( 3.007447121050439791E-18, 2.498001805406600244E-16, 1.000000000000000000 ) ) ;
#10150 = LINE ( 'NONE', #3196, #1146 ) ;
#10151 = ADVANCED_FACE ( 'NONE', ( #3480 ), #7522, .F. ) ;
#10152 = DIRECTION ( 'NONE',  ( -0.7071067811865474617, 0.7071067811865474617, -2.410737741626302641E-16 ) ) ;
#10153 = PRESENTATION_LAYER_ASSIGNMENT (  '', '', ( #10768 ) ) ;
#10154 = CARTESIAN_POINT ( 'NONE',  ( 0.3208297872567559272, 0.05713380306642441148, 0.2515614810981878224 ) ) ;
#10155 = LINE ( 'NONE', #13149, #4062 ) ;
#10156 = CARTESIAN_POINT ( 'NONE',  ( 0.2326408108788161622, 0.1555589999168269788, 0.4810890401532991745 ) ) ;
#10157 = CARTESIAN_POINT ( 'NONE',  ( 0.2956329368630822851, 0.08862986605855749378, 0.4854197488147189432 ) ) ;
#10158 = VERTEX_POINT ( 'NONE', #10737 ) ;
#10159 = ORIENTED_EDGE ( 'NONE', *, *, #1982, .F. ) ;
#10160 = VECTOR ( 'NONE', #9967, 39.37007874015748143 ) ;
#10161 = DIRECTION ( 'NONE',  ( -1.000000000000000000, 1.937287448275369842E-17, 2.273736754432319837E-13 ) ) ;
#10162 = EDGE_LOOP ( 'NONE', ( #1444, #6705, #7228, #12929 ) ) ;
#10163 = VERTEX_POINT ( 'NONE', #638 ) ;
#10164 = CARTESIAN_POINT ( 'NONE',  ( 0.1164990785953285424, 0.7897218048774075072, 0.2669158118068500340 ) ) ;
#10165 = EDGE_CURVE ( 'NONE', #4821, #1669, #4667, .T. ) ;
#10166 = EDGE_CURVE ( 'NONE', #2137, #7201, #4926, .T. ) ;
#10167 = CARTESIAN_POINT ( 'NONE',  ( 0.2483888423748523422, 0.3760314408617059234, 0.3062858905470074999 ) ) ;
#10168 =( LENGTH_UNIT ( ) NAMED_UNIT ( * ) SI_UNIT ( $, .METRE. ) );
#10169 = ORIENTED_EDGE ( 'NONE', *, *, #86, .T. ) ;
#10170 = DIRECTION ( 'NONE',  ( -1.937287448275559661E-17, -1.000000000000000000, -8.220413448604739958E-18 ) ) ;
#10171 = ORIENTED_EDGE ( 'NONE', *, *, #3340, .F. ) ;
#10172 = DIRECTION ( 'NONE',  ( 1.000000000000000000, 1.174096724532128111E-16, -4.283287147278279229E-17 ) ) ;
#10173 = CARTESIAN_POINT ( 'NONE',  ( 0.2483888423748523422, 0.1988660865309976600, 0.2688843157438653431 ) ) ;
#10174 = EDGE_LOOP ( 'NONE', ( #909, #5469, #12632, #486 ) ) ;
#10175 = CARTESIAN_POINT ( 'NONE',  ( 0.2405148266268504198, 0.3681574251136630060, 0.4456559692871464584 ) ) ;
#10176 = MECHANICAL_DESIGN_GEOMETRIC_PRESENTATION_REPRESENTATION (  '', ( #4627 ), #6757 ) ;
#10177 = DIRECTION ( 'NONE',  ( 0.0000000000000000000, -8.220413448604739958E-18, 1.000000000000000000 ) ) ;
#10178 = PLANE ( 'NONE',  #4190 ) ;
#10179 = EDGE_LOOP ( 'NONE', ( #7580, #10303, #9835, #9989 ) ) ;
#10180 = CARTESIAN_POINT ( 'NONE',  ( 0.3625620707213386140, 0.3130393148774570644, 0.4062858905469889370 ) ) ;
#10181 = PRESENTATION_LAYER_ASSIGNMENT (  '', '', ( #10379 ) ) ;
#10182 = CARTESIAN_POINT ( 'NONE',  ( 0.2405148266268504198, 0.2264251416490909441, 0.4397504574761377794 ) ) ;
#10183 = ORIENTED_EDGE ( 'NONE', *, *, #4249, .T. ) ;
#10184 = UNCERTAINTY_MEASURE_WITH_UNIT (LENGTH_MEASURE( 1.000000000000000082E-05 ), #3920, 'distance_accuracy_value', 'NONE');
#10185 = EDGE_CURVE ( 'NONE', #3764, #10357, #12743, .T. ) ;
#10186 = ORIENTED_EDGE ( 'NONE', *, *, #440, .T. ) ;
#10187 = CARTESIAN_POINT ( 'NONE',  ( 0.1558691573354938908, 0.2933542755073602626, 0.2515614810981878224 ) ) ;
#10188 = LINE ( 'NONE', #4111, #11906 ) ;
#10189 = ORIENTED_EDGE ( 'NONE', *, *, #8878, .T. ) ;
#10190 = EDGE_CURVE ( 'NONE', #7952, #12035, #3679, .T. ) ;
#10191 = VECTOR ( 'NONE', #12141, 39.37007874015748143 ) ;
#10192 = VECTOR ( 'NONE', #1038, 39.37007874015748854 ) ;
#10193 = LINE ( 'NONE', #5103, #5595 ) ;
#10194 = CARTESIAN_POINT ( 'NONE',  ( 0.2295927890943727789, 0.5531967951924438021, 0.4243961267674756788 ) ) ;
#10195 = ORIENTED_EDGE ( 'NONE', *, *, #12921, .T. ) ;
#10196 = ORIENTED_EDGE ( 'NONE', *, *, #1356, .F. ) ;
#10197 = DIRECTION ( 'NONE',  ( 0.0000000000000000000, 0.0000000000000000000, 1.000000000000000000 ) ) ;
#10198 =( CONVERSION_BASED_UNIT ( 'INCH', #6068 ) LENGTH_UNIT ( ) NAMED_UNIT ( #8499 ) );
#10199 = LINE ( 'NONE', #11252, #13100 ) ;
#10200 = VECTOR ( 'NONE', #7842, 39.37007874015748143 ) ;
#10201 = VECTOR ( 'NONE', #826, 39.37007874015748854 ) ;
#10202 =( NAMED_UNIT ( * ) SI_UNIT ( $, .STERADIAN. ) SOLID_ANGLE_UNIT ( ) );
#10203 = LINE ( 'NONE', #9185, #859 ) ;
#10204 = ADVANCED_FACE ( 'NONE', ( #6935 ), #12019, .F. ) ;
#10205 = DIRECTION ( 'NONE',  ( -2.359223927328455183E-16, 3.885780586188049864E-16, 1.000000000000000000 ) ) ;
#10206 = ORIENTED_EDGE ( 'NONE', *, *, #11075, .T. ) ;
#10207 = DIRECTION ( 'NONE',  ( 1.000000000000000000, -1.937287448275559661E-17, 0.0000000000000000000 ) ) ;
#10208 = ORIENTED_EDGE ( 'NONE', *, *, #1858, .T. ) ;
#10209 = SURFACE_STYLE_USAGE ( .BOTH. , #10325 ) ;
#10210 =( NAMED_UNIT ( * ) SI_UNIT ( $, .STERADIAN. ) SOLID_ANGLE_UNIT ( ) );
#10211 = DIRECTION ( 'NONE',  ( 0.0000000000000000000, 0.0000000000000000000, 1.000000000000000000 ) ) ;
#10212 = EDGE_CURVE ( 'NONE', #4821, #9234, #707, .T. ) ;
#10213 = ORIENTED_EDGE ( 'NONE', *, *, #4461, .T. ) ;
#10214 =( GEOMETRIC_REPRESENTATION_CONTEXT ( 3 ) GLOBAL_UNCERTAINTY_ASSIGNED_CONTEXT ( ( #7353 ) ) GLOBAL_UNIT_ASSIGNED_CONTEXT ( ( #6087, #11336, #12229 ) ) REPRESENTATION_CONTEXT ( 'NONE', 'WORKASPACE' ) );
#10215 = VECTOR ( 'NONE', #6797, 39.37007874015748143 ) ;
#10216 = EDGE_LOOP ( 'NONE', ( #7374, #12098, #9348, #8753, #2390, #4272, #12798, #1039 ) ) ;
#10217 = DIRECTION ( 'NONE',  ( 2.626713979715460250E-16, -3.747002708109905789E-16, -1.000000000000000000 ) ) ;
#10218 = ORIENTED_EDGE ( 'NONE', *, *, #12424, .F. ) ;
#10219 = EDGE_LOOP ( 'NONE', ( #10470, #3209, #11670, #2805, #2006, #5906, #5887, #1679, #10807, #13163 ) ) ;
#10220 = PLANE ( 'NONE',  #12997 ) ;
#10221 = FACE_OUTER_BOUND ( 'NONE', #5498, .T. ) ;
#10222 = VERTEX_POINT ( 'NONE', #8793 ) ;
#10223 = FILL_AREA_STYLE_COLOUR ( '', #3907 ) ;
#10224 = LENGTH_MEASURE_WITH_UNIT ( LENGTH_MEASURE( 0.02539999999999999897 ), #917 );
#10225 = VECTOR ( 'NONE', #7862, 39.37007874015748143 ) ;
#10226 = FACE_OUTER_BOUND ( 'NONE', #3763, .T. ) ;
#10227 = EDGE_CURVE ( 'NONE', #10830, #12985, #13017, .T. ) ;
#10228 = ORIENTED_EDGE ( 'NONE', *, *, #7669, .F. ) ;
#10229 = VECTOR ( 'NONE', #5977, 39.37007874015748143 ) ;
#10230 = LINE ( 'NONE', #7474, #1084 ) ;
#10231 = DIRECTION ( 'NONE',  ( 0.0000000000000000000, 0.0000000000000000000, 1.000000000000000000 ) ) ;
#10232 = AXIS2_PLACEMENT_3D ( 'NONE', #8445, #7464, #235 ) ;
#10233 = EDGE_LOOP ( 'NONE', ( #4980, #6819, #6413, #4268 ) ) ;
#10234 = FACE_OUTER_BOUND ( 'NONE', #6737, .T. ) ;
#10235 = ORIENTED_EDGE ( 'NONE', *, *, #4551, .T. ) ;
#10236 = VECTOR ( 'NONE', #11605, 39.37007874015748143 ) ;
#10237 = CARTESIAN_POINT ( 'NONE',  ( 0.3562628581229011493, 0.08075585031051535356, 0.4515614810981850025 ) ) ;
#10238 = VECTOR ( 'NONE', #3472, 39.37007874015748143 ) ;
#10239 = EDGE_CURVE ( 'NONE', #8567, #6597, #10437, .T. ) ;
#10240 = DIRECTION ( 'NONE',  ( 1.937287448275559661E-17, 1.000000000000000000, 8.220413448604588965E-18 ) ) ;
#10241 = ORIENTED_EDGE ( 'NONE', *, *, #12165, .F. ) ;
#10242 = EDGE_CURVE ( 'NONE', #2664, #3846, #11006, .T. ) ;
#10243 = ORIENTED_EDGE ( 'NONE', *, *, #1453, .F. ) ;
#10244 = SURFACE_STYLE_FILL_AREA ( #6430 ) ;
#10245 = AXIS2_PLACEMENT_3D ( 'NONE', #3747, #11738, #2626 ) ;
#10246 = DIRECTION ( 'NONE',  ( -1.000000000000000000, 1.937287448275559661E-17, 2.565854121688507820E-49 ) ) ;
#10247 = ORIENTED_EDGE ( 'NONE', *, *, #938, .T. ) ;
#10248 = VECTOR ( 'NONE', #3184, 39.37007874015748143 ) ;
#10249 = DIRECTION ( 'NONE',  ( 1.000000000000000000, 1.174096724532128111E-16, -4.283287147278279229E-17 ) ) ;
#10250 = CARTESIAN_POINT ( 'NONE',  ( 0.2103157715146760920, 0.5348511294480634559, 0.4243961267674755677 ) ) ;
#10251 = ORIENTED_EDGE ( 'NONE', *, *, #3902, .T. ) ;
#10252 = EDGE_CURVE ( 'NONE', #7223, #5339, #11876, .T. ) ;
#10253 = CARTESIAN_POINT ( 'NONE',  ( 0.2405148266268504198, 0.1555589999168269788, 0.2456559692871496114 ) ) ;
#10254 = AXIS2_PLACEMENT_3D ( 'NONE', #5489, #9552, #10626 ) ;
#10255 = CARTESIAN_POINT ( 'NONE',  ( 0.3305208835620728758, 0.4079514893171787282, 0.5228213236178701484 ) ) ;
#10256 = AXIS2_PLACEMENT_3D ( 'NONE', #5888, #6609, #11753 ) ;
#10257 = DIRECTION ( 'NONE',  ( 1.000000000000000000, 1.408738150179759833E-16, -6.014894242100889598E-18 ) ) ;
#10258 = SURFACE_STYLE_FILL_AREA ( #10320 ) ;
#10259 = DIRECTION ( 'NONE',  ( 1.000000000000000000, 0.0000000000000000000, 0.0000000000000000000 ) ) ;
#10260 = ORIENTED_EDGE ( 'NONE', *, *, #3034, .T. ) ;
#10261 = COLOUR_RGB ( '',0.7529411764705882248, 0.7529411764705882248, 0.0000000000000000000 ) ;
#10262 = CARTESIAN_POINT ( 'NONE',  ( 0.3507510470992764029, 0.5571338030664260144, 0.4440811661375591024 ) ) ;
#10263 = CARTESIAN_POINT ( 'NONE',  ( 0.1558691573355118209, 0.2264251416490909441, 0.2397504574761405716 ) ) ;
#10264 = ORIENTED_EDGE ( 'NONE', *, *, #7217, .T. ) ;
#10265 = VECTOR ( 'NONE', #2109, 39.37007874015748143 ) ;
#10266 = CARTESIAN_POINT ( 'NONE',  ( 0.2739929075096339539, 0.2448335284032795434, 0.3456559692871527534 ) ) ;
#10267 = EDGE_CURVE ( 'NONE', #6098, #5960, #3640, .T. ) ;
#10268 = CARTESIAN_POINT ( 'NONE',  ( 0.2483888423748704388, 0.1988660865309964665, 0.1684906149564565081 ) ) ;
#10269 = ADVANCED_FACE ( 'NONE', ( #12881 ), #12812, .T. ) ;
#10270 = VECTOR ( 'NONE', #11863, 39.37007874015748143 ) ;
#10271 =( LENGTH_UNIT ( ) NAMED_UNIT ( * ) SI_UNIT ( $, .METRE. ) );
#10272 = ORIENTED_EDGE ( 'NONE', *, *, #12403, .F. ) ;
#10273 = VECTOR ( 'NONE', #2538, 39.37007874015748854 ) ;
#10274 = ORIENTED_EDGE ( 'NONE', *, *, #3014, .F. ) ;
#10275 = CARTESIAN_POINT ( 'NONE',  ( 0.09484553528826220048, 0.1555589999168269788, 0.3456559692871708500 ) ) ;
#10276 = ORIENTED_EDGE ( 'NONE', *, *, #12122, .T. ) ;
#10277 = ORIENTED_EDGE ( 'NONE', *, *, #8557, .F. ) ;
#10278 = DIRECTION ( 'NONE',  ( 1.000000000000000000, 0.0000000000000000000, 0.0000000000000000000 ) ) ;
#10279 = EDGE_CURVE ( 'NONE', #2001, #10010, #10946, .T. ) ;
#10280 = LINE ( 'NONE', #1176, #10724 ) ;
#10281 = LINE ( 'NONE', #5331, #2504 ) ;
#10282 = AXIS2_PLACEMENT_3D ( 'NONE', #2999, #13133, #8212 ) ;
#10283 = ADVANCED_FACE ( 'NONE', ( #6667 ), #6872, .F. ) ;
#10285 = ADVANCED_FACE ( 'NONE', ( #5666 ), #6799, .F. ) ;
#10284 = VECTOR ( 'NONE', #10904, 39.37007874015748143 ) ;
#10286 = CYLINDRICAL_SURFACE ( 'NONE', #5762, 0.01574803149606299885 ) ;
#10287 = ORIENTED_EDGE ( 'NONE', *, *, #3902, .F. ) ;
#10288 = DIRECTION ( 'NONE',  ( 0.0000000000000000000, 0.0000000000000000000, -1.000000000000000000 ) ) ;
#10289 = VERTEX_POINT ( 'NONE', #1781 ) ;
#10290 = UNCERTAINTY_MEASURE_WITH_UNIT (LENGTH_MEASURE( 1.000000000000000082E-05 ), #10478, 'distance_accuracy_value', 'NONE');
#10291 = PRESENTATION_LAYER_ASSIGNMENT (  '', '', ( #11348 ) ) ;
#10292 = CARTESIAN_POINT ( 'NONE',  ( 0.1558691573354860360, 0.2165826219640791250, 0.3456559692871649658 ) ) ;
#10293 = DIRECTION ( 'NONE',  ( 1.000000000000000000, 3.376070039848300612E-16, 2.359223927328455183E-16 ) ) ;
#10294 = ORIENTED_EDGE ( 'NONE', *, *, #11817, .F. ) ;
#10295 = DIRECTION ( 'NONE',  ( -1.937287448275559661E-17, -1.000000000000000000, -8.220413448604739958E-18 ) ) ;
#10296 = CARTESIAN_POINT ( 'NONE',  ( 0.2405148266268504198, 0.1555589999168271731, 0.4456559692871464584 ) ) ;
#10297 =( CONVERSION_BASED_UNIT ( 'INCH', #7210 ) LENGTH_UNIT ( ) NAMED_UNIT ( #1496 ) );
#10298 = EDGE_LOOP ( 'NONE', ( #10667, #10464, #2747, #10414 ) ) ;
#10299 = EDGE_CURVE ( 'NONE', #13104, #9998, #9741, .T. ) ;
#10300 = VECTOR ( 'NONE', #1769, 39.37007874015748143 ) ;
#10301 = LINE ( 'NONE', #2389, #10717 ) ;
#10302 = ORIENTED_EDGE ( 'NONE', *, *, #7916, .F. ) ;
#10303 = ORIENTED_EDGE ( 'NONE', *, *, #11656, .T. ) ;
#10304 = EDGE_LOOP ( 'NONE', ( #12377, #3392, #9765, #7114 ) ) ;
#10305 = CARTESIAN_POINT ( 'NONE',  ( 0.2405148266268504198, 0.1555589999168269788, 0.2515614810981767757 ) ) ;
#10306 = VECTOR ( 'NONE', #10664, 39.37007874015748143 ) ;
#10307 = FACE_OUTER_BOUND ( 'NONE', #8254, .T. ) ;
#10308 = ORIENTED_EDGE ( 'NONE', *, *, #9195, .T. ) ;
#10309 = DIRECTION ( 'NONE',  ( 0.0000000000000000000, 0.0000000000000000000, 1.000000000000000000 ) ) ;
#10310 = ORIENTED_EDGE ( 'NONE', *, *, #85, .F. ) ;
#10311 = ADVANCED_FACE ( 'NONE', ( #9942 ), #3176, .T. ) ;
#10312 = EDGE_CURVE ( 'NONE', #11684, #3546, #11305, .T. ) ;
#10313 = VERTEX_POINT ( 'NONE', #141 ) ;
#10314 = AXIS2_PLACEMENT_3D ( 'NONE', #11421, #7478, #6348 ) ;
#10315 = AXIS2_PLACEMENT_3D ( 'NONE', #2443, #2826, #6865 ) ;
#10316 = CARTESIAN_POINT ( 'NONE',  ( 0.3625620707213386140, 0.1555589999168269788, 0.2732150244052708454 ) ) ;
#10317 = DIRECTION ( 'NONE',  ( 0.5547001962252281482, 0.0000000000000000000, 0.8320502943378442762 ) ) ;
#10318 = PLANE ( 'NONE',  #4132 ) ;
#10319 = PLANE ( 'NONE',  #3291 ) ;
#10320 = FILL_AREA_STYLE ('',( #7172 ) ) ;
#10321 = CARTESIAN_POINT ( 'NONE',  ( 0.2502096806881524138, 0.4681410672949551377, 0.4243961267674803417 ) ) ;
#10322 = EDGE_LOOP ( 'NONE', ( #6618, #4017, #11409, #11335, #1175, #407, #5791, #11768 ) ) ;
#10323 = CARTESIAN_POINT ( 'NONE',  ( 0.05547545654809700466, 0.2185511259010751717, 0.3614040007832315382 ) ) ;
#10324 = LINE ( 'NONE', #3136, #9043 ) ;
#10325 = SURFACE_SIDE_STYLE ('',( #1218 ) ) ;
#10326 = EDGE_LOOP ( 'NONE', ( #12274, #3494, #913, #2262 ) ) ;
#10327 = DIRECTION ( 'NONE',  ( -1.000000000000000000, -3.376070039848299626E-16, -2.359223927328455183E-16 ) ) ;
#10328 = VECTOR ( 'NONE', #8842, 39.37007874015748143 ) ;
#10329 = MECHANICAL_DESIGN_GEOMETRIC_PRESENTATION_REPRESENTATION (  '', ( #8818 ), #12060 ) ;
#10330 = FILL_AREA_STYLE ('',( #9593 ) ) ;
#10331 = EDGE_CURVE ( 'NONE', #183, #4998, #10661, .T. ) ;
#10332 = LINE ( 'NONE', #12469, #10823 ) ;
#10333 = ORIENTED_EDGE ( 'NONE', *, *, #7803, .F. ) ;
#10334 = ADVANCED_FACE ( 'NONE', ( #10307 ), #11369, .F. ) ;
#10335 = VERTEX_POINT ( 'NONE', #331 ) ;
#10336 = PLANE ( 'NONE',  #8942 ) ;
#10337 = ORIENTED_EDGE ( 'NONE', *, *, #7207, .F. ) ;
#10338 = VERTEX_POINT ( 'NONE', #1199 ) ;
#10339 = DIRECTION ( 'NONE',  ( -3.518308117683323894E-16, 1.000000000000000000, -4.163336342344335547E-16 ) ) ;
#10340 = CIRCLE ( 'NONE', #1011, 0.05610236220472441387 ) ;
#10341 = CARTESIAN_POINT ( 'NONE',  ( 0.2090187636347027589, 0.08075585031051535356, 0.4515614810981850025 ) ) ;
#10342 = ORIENTED_EDGE ( 'NONE', *, *, #3105, .F. ) ;
#10343 = EDGE_CURVE ( 'NONE', #9324, #8840, #6235, .T. ) ;
#10344 = DIRECTION ( 'NONE',  ( -2.626713979715460250E-16, 4.163336342344334068E-16, 1.000000000000000000 ) ) ;
#10345 = FILL_AREA_STYLE_COLOUR ( '', #4605 ) ;
#10346 = CARTESIAN_POINT ( 'NONE',  ( 0.1164990785953285424, 0.3760314408617059234, 0.3456559692871649658 ) ) ;
#10347 = ORIENTED_EDGE ( 'NONE', *, *, #8092, .T. ) ;
#10348 = DIRECTION ( 'NONE',  ( -0.3511234415885080007, 0.9363291775690009144, -1.372885316240879747E-16 ) ) ;
#10349 = AXIS2_PLACEMENT_3D ( 'NONE', #3898, #4950, #2919 ) ;
#10350 = LINE ( 'NONE', #6276, #12144 ) ;
#10351 = EDGE_CURVE ( 'NONE', #203, #3479, #4112, .T. ) ;
#10352 = DIRECTION ( 'NONE',  ( 0.0000000000000000000, 0.0000000000000000000, -1.000000000000000000 ) ) ;
#10353 = ORIENTED_EDGE ( 'NONE', *, *, #11905, .F. ) ;
#10354 = LINE ( 'NONE', #7338, #8897 ) ;
#10355 = EDGE_CURVE ( 'NONE', #13032, #6106, #7222, .T. ) ;
#10356 = LINE ( 'NONE', #9279, #2581 ) ;
#10357 = VERTEX_POINT ( 'NONE', #4295 ) ;
#10358 = LINE ( 'NONE', #5211, #4658 ) ;
#10359 = FILL_AREA_STYLE ('',( #185 ) ) ;
#10360 = CARTESIAN_POINT ( 'NONE',  ( 0.1558691573355116267, 0.2264251416490909441, 0.4397504574761377794 ) ) ;
#10361 = PRESENTATION_LAYER_ASSIGNMENT (  '', '', ( #6745 ) ) ;
#10362 = VERTEX_POINT ( 'NONE', #9175 ) ;
#10363 = LINE ( 'NONE', #12498, #10654 ) ;
#10364 = FACE_OUTER_BOUND ( 'NONE', #12990, .T. ) ;
#10365 = LINE ( 'NONE', #8397, #4109 ) ;
#10366 = ORIENTED_EDGE ( 'NONE', *, *, #9280, .F. ) ;
#10367 = ORIENTED_EDGE ( 'NONE', *, *, #5520, .F. ) ;
#10368 = DIRECTION ( 'NONE',  ( 1.000000000000000000, 1.316334802367149914E-16, -1.608386623408234722E-17 ) ) ;
#10369 = ADVANCED_FACE ( 'NONE', ( #2267 ), #12314, .F. ) ;
#10370 = VERTEX_POINT ( 'NONE', #8403 ) ;
#10371 = DIRECTION ( 'NONE',  ( 3.007447121050439791E-18, 2.498001805406600244E-16, 1.000000000000000000 ) ) ;
#10372 = FILL_AREA_STYLE ('',( #9237 ) ) ;
#10373 = DIRECTION ( 'NONE',  ( -1.937287448275559661E-17, -1.000000000000000000, -8.220413448604588965E-18 ) ) ;
#10374 = ORIENTED_EDGE ( 'NONE', *, *, #5263, .F. ) ;
#10375 = LINE ( 'NONE', #12383, #11775 ) ;
#10376 = DIRECTION ( 'NONE',  ( 0.0000000000000000000, -0.7999999999998905764, -0.6000000000001457501 ) ) ;
#10377 = VERTEX_POINT ( 'NONE', #9360 ) ;
#10378 = EDGE_LOOP ( 'NONE', ( #10961, #1371, #1340, #5853 ) ) ;
#10379 = STYLED_ITEM ( 'NONE', ( #7501 ), #2106 ) ;
#10380 = SURFACE_STYLE_USAGE ( .BOTH. , #1417 ) ;
#10381 = CARTESIAN_POINT ( 'NONE',  ( 0.1267352990678039526, -0.07278745677611142550, 0.2397504574761405716 ) ) ;
#10382 = CARTESIAN_POINT ( 'NONE',  ( 0.2444518345008484528, 0.05713380306641543255, 0.2515614810981878224 ) ) ;
#10383 = CARTESIAN_POINT ( 'NONE',  ( 0.1263415982803830773, 0.3760314408617052018, 0.3456559692871649658 ) ) ;
#10384 = LINE ( 'NONE', #9308, #8451 ) ;
#10385 = EDGE_CURVE ( 'NONE', #11182, #3890, #259, .T. ) ;
#10386 = CARTESIAN_POINT ( 'NONE',  ( 0.2090187636347251854, 0.08862986605855749378, 0.5011677803107859042 ) ) ;
#10387 = AXIS2_PLACEMENT_3D ( 'NONE', #1728, #4618, #12755 ) ;
#10388 = ORIENTED_EDGE ( 'NONE', *, *, #12049, .T. ) ;
#10389 = DIRECTION ( 'NONE',  ( -1.408738150179759833E-16, 1.000000000000000000, -3.469446951953615175E-16 ) ) ;
#10390 = CARTESIAN_POINT ( 'NONE',  ( 0.1027195510362846342, 0.1555589999168269788, 0.4180969141690433211 ) ) ;
#10391 = CARTESIAN_POINT ( 'NONE',  ( 0.2267352990677846403, -0.07278745677610257148, 0.2515614810981878224 ) ) ;
#10392 = VECTOR ( 'NONE', #12793, 39.37007874015748143 ) ;
#10393 = LINE ( 'NONE', #5315, #2181 ) ;
#10394 = CIRCLE ( 'NONE', #8675, 0.05610236220472441387 ) ;
#10395 = CARTESIAN_POINT ( 'NONE',  ( 0.2483888423748523422, 0.3760314408617059234, 0.3850260480273224872 ) ) ;
#10396 = SURFACE_SIDE_STYLE ('',( #8297 ) ) ;
#10397 = EDGE_CURVE ( 'NONE', #3052, #5830, #3306, .T. ) ;
#10398 = VERTEX_POINT ( 'NONE', #11782 ) ;
#10399 = ADVANCED_FACE ( 'NONE', ( #10710 ), #6503, .T. ) ;
#10400 = ORIENTED_EDGE ( 'NONE', *, *, #9050, .T. ) ;
#10401 = LINE ( 'NONE', #2298, #481 ) ;
#10402 = EDGE_LOOP ( 'NONE', ( #2, #2211, #1940, #2272, #797 ) ) ;
#10403 = ORIENTED_EDGE ( 'NONE', *, *, #11091, .T. ) ;
#10404 = VECTOR ( 'NONE', #11367, 39.37007874015748143 ) ;
#10405 = DIRECTION ( 'NONE',  ( 0.0000000000000000000, 0.0000000000000000000, -1.000000000000000000 ) ) ;
#10406 =( NAMED_UNIT ( * ) SI_UNIT ( $, .STERADIAN. ) SOLID_ANGLE_UNIT ( ) );
#10407 = CARTESIAN_POINT ( 'NONE',  ( 0.3389400234772338982, 0.3760314408617052018, 0.3456559692871649658 ) ) ;
#10408 = ORIENTED_EDGE ( 'NONE', *, *, #9225, .T. ) ;
#10409 = EDGE_CURVE ( 'NONE', #6233, #1407, #4707, .T. ) ;
#10410 = CARTESIAN_POINT ( 'NONE',  ( 0.2483888423748613905, 0.1988660865309976600, 0.3456559692871649658 ) ) ;
#10411 = VECTOR ( 'NONE', #4827, 39.37007874015748143 ) ;
#10412 = CARTESIAN_POINT ( 'NONE',  ( 0.3625620707213386140, 0.08862986605856654210, 0.2515614810981767757 ) ) ;
#10413 = CARTESIAN_POINT ( 'NONE',  ( 0.2326408108788039775, 0.1988660865309976600, 0.3456559692871649658 ) ) ;
#10414 = ORIENTED_EDGE ( 'NONE', *, *, #6315, .F. ) ;
#10415 = EDGE_CURVE ( 'NONE', #5343, #11112, #8476, .T. ) ;
#10416 = CARTESIAN_POINT ( 'NONE',  ( 0.1164990785953285424, 0.2165826219640791250, 0.2236087251926807129 ) ) ;
#10417 = PLANE ( 'NONE',  #3416 ) ;
#10418 = ORIENTED_EDGE ( 'NONE', *, *, #9587, .F. ) ;
#10419 = DIRECTION ( 'NONE',  ( -1.000000000000000000, -1.408738150179759833E-16, 6.014894242100889598E-18 ) ) ;
#10420 = AXIS2_PLACEMENT_3D ( 'NONE', #5060, #4364, #11370 ) ;
#10421 = LENGTH_MEASURE_WITH_UNIT ( LENGTH_MEASURE( 0.02539999999999999897 ), #6286 );
#10422 = CARTESIAN_POINT ( 'NONE',  ( 0.2483888423748476515, 0.3760314408617059234, 0.4007740795233795117 ) ) ;
#10423 = EDGE_LOOP ( 'NONE', ( #3772, #3760, #13074, #3243 ) ) ;
#10424 = LINE ( 'NONE', #8605, #5308 ) ;
#10425 = EDGE_CURVE ( 'NONE', #10135, #9215, #1543, .T. ) ;
#10426 = CARTESIAN_POINT ( 'NONE',  ( 0.2483888423748523422, 0.3760314408617059234, 0.3850260480273224872 ) ) ;
#10427 = ORIENTED_EDGE ( 'NONE', *, *, #7168, .F. ) ;
#10428 = UNCERTAINTY_MEASURE_WITH_UNIT (LENGTH_MEASURE( 1.000000000000000082E-05 ), #2920, 'distance_accuracy_value', 'NONE');
#10429 = EDGE_CURVE ( 'NONE', #10573, #2455, #2531, .T. ) ;
#10430 = ORIENTED_EDGE ( 'NONE', *, *, #9410, .F. ) ;
#10431 = DIRECTION ( 'NONE',  ( 2.359223927328455183E-16, -3.885780586188049864E-16, -1.000000000000000000 ) ) ;
#10432 = ORIENTED_EDGE ( 'NONE', *, *, #3312, .T. ) ;
#10433 = DIRECTION ( 'NONE',  ( 0.0000000000000000000, -8.220413448604739958E-18, 1.000000000000000000 ) ) ;
#10434 = CARTESIAN_POINT ( 'NONE',  ( 0.2326408108788039775, 0.5531967951924180449, 0.3456559692871649658 ) ) ;
#10435 = CARTESIAN_POINT ( 'NONE',  ( 0.1558691573354860360, 0.3583149054286425272, 0.4243961267674803417 ) ) ;
#10436 = ORIENTED_EDGE ( 'NONE', *, *, #4652, .F. ) ;
#10437 = CIRCLE ( 'NONE', #7663, 0.05511811023622047861 ) ;
#10438 = FACE_OUTER_BOUND ( 'NONE', #1634, .T. ) ;
#10439 = PLANE ( 'NONE',  #10142 ) ;
#10440 = EDGE_CURVE ( 'NONE', #11143, #12841, #3719, .T. ) ;
#10441 = ORIENTED_EDGE ( 'NONE', *, *, #11091, .F. ) ;
#10442 = EDGE_CURVE ( 'NONE', #4669, #2899, #5434, .T. ) ;
#10443 =( NAMED_UNIT ( * ) PLANE_ANGLE_UNIT ( ) SI_UNIT ( $, .RADIAN. ) );
#10444 = DIRECTION ( 'NONE',  ( -0.5773502691896267303, 0.5773502691896227335, -0.5773502691896277295 ) ) ;
#10445 = LINE ( 'NONE', #1276, #5851 ) ;
#10446 = CARTESIAN_POINT ( 'NONE',  ( 0.1027195510362848424, 0.1555589999168269788, 0.2456559692871496114 ) ) ;
#10447 = PLANE ( 'NONE',  #4433 ) ;
#10448 = VECTOR ( 'NONE', #3006, 39.37007874015748143 ) ;
#10449 = LINE ( 'NONE', #9657, #4212 ) ;
#10450 = ORIENTED_EDGE ( 'NONE', *, *, #266, .T. ) ;
#10451 = DIRECTION ( 'NONE',  ( -1.000000000000000000, 1.937287448275559661E-17, 0.0000000000000000000 ) ) ;
#10452 = CARTESIAN_POINT ( 'NONE',  ( 0.2483888423748523422, 0.7897218048774075072, 0.2669158118068500340 ) ) ;
#10453 = ORIENTED_EDGE ( 'NONE', *, *, #9180, .T. ) ;
#10454 = PLANE ( 'NONE',  #966 ) ;
#10455 = ORIENTED_EDGE ( 'NONE', *, *, #1096, .F. ) ;
#10456 = EDGE_CURVE ( 'NONE', #3947, #7198, #5640, .T. ) ;
#10457 = AXIS2_PLACEMENT_3D ( 'NONE', #5479, #3349, #5546 ) ;
#10458 = CARTESIAN_POINT ( 'NONE',  ( 0.3586250628473003355, 0.7897218048774075072, 0.3850260480273224872 ) ) ;
#10459 = SURFACE_STYLE_USAGE ( .BOTH. , #11455 ) ;
#10460 = CARTESIAN_POINT ( 'NONE',  ( 0.2726091976981878107, 0.1988660865309976600, 0.3062858905470074999 ) ) ;
#10461 = DIRECTION ( 'NONE',  ( 1.356991020290373981E-16, -1.000000000000000000, 3.469446951953615175E-16 ) ) ;
#10462 = ORIENTED_EDGE ( 'NONE', *, *, #7899, .T. ) ;
#10463 = DIRECTION ( 'NONE',  ( -1.000000000000000000, 1.937287448275629611E-17, -8.833616147085620181E-14 ) ) ;
#10464 = ORIENTED_EDGE ( 'NONE', *, *, #11701, .T. ) ;
#10465 = LINE ( 'NONE', #9672, #1313 ) ;
#10466 = ORIENTED_EDGE ( 'NONE', *, *, #1533, .F. ) ;
#10467 = COLOUR_RGB ( '',0.7529411764705882248, 0.7529411764705882248, 0.0000000000000000000 ) ;
#10468 = EDGE_LOOP ( 'NONE', ( #1103, #1323, #7083, #8604 ) ) ;
#10469 = CARTESIAN_POINT ( 'NONE',  ( 0.3562628581229011493, 0.08075585031051535356, 0.2515614810981878224 ) ) ;
#10470 = ORIENTED_EDGE ( 'NONE', *, *, #7441, .F. ) ;
#10471 = DIRECTION ( 'NONE',  ( 0.0000000000000000000, 0.9922778767136850586, -0.1240347345890695785 ) ) ;
#10472 = LINE ( 'NONE', #7463, #12486 ) ;
#10473 = EDGE_CURVE ( 'NONE', #3827, #7585, #1683, .T. ) ;
#10474 = ADVANCED_FACE ( 'NONE', ( #9708 ), #612, .T. ) ;
#10475 = LINE ( 'NONE', #10346, #7679 ) ;
#10476 = VERTEX_POINT ( 'NONE', #2666 ) ;
#10477 = VECTOR ( 'NONE', #4316, 39.37007874015748143 ) ;
#10478 =( CONVERSION_BASED_UNIT ( 'INCH', #10617 ) LENGTH_UNIT ( ) NAMED_UNIT ( #567 ) );
#10479 = VECTOR ( 'NONE', #11790, 39.37007874015748143 ) ;
#10480 = DIRECTION ( 'NONE',  ( 0.0000000000000000000, 1.000000000000000000, 0.0000000000000000000 ) ) ;
#10481 = DIRECTION ( 'NONE',  ( 0.0000000000000000000, 0.0000000000000000000, 1.000000000000000000 ) ) ;
#10482 =( CONVERSION_BASED_UNIT ( 'INCH', #11479 ) LENGTH_UNIT ( ) NAMED_UNIT ( #1248 ) );
#10483 = VERTEX_POINT ( 'NONE', #9496 ) ;
#10484 = ORIENTED_EDGE ( 'NONE', *, *, #12822, .F. ) ;
#10485 = CARTESIAN_POINT ( 'NONE',  ( 0.1164990785953285424, 0.3583149054286425272, 0.4677032133816496073 ) ) ;
#10486 = LENGTH_MEASURE_WITH_UNIT ( LENGTH_MEASURE( 0.02539999999999999897 ), #312 );
#10487 = EDGE_LOOP ( 'NONE', ( #10287, #6720, #2658, #5223 ) ) ;
#10488 = PRESENTATION_STYLE_ASSIGNMENT (( #12492 ) ) ;
#10489 =( GEOMETRIC_REPRESENTATION_CONTEXT ( 3 ) GLOBAL_UNCERTAINTY_ASSIGNED_CONTEXT ( ( #12047 ) ) GLOBAL_UNIT_ASSIGNED_CONTEXT ( ( #2209, #12262, #1077 ) ) REPRESENTATION_CONTEXT ( 'NONE', 'WORKASPACE' ) );
#10490 = DIRECTION ( 'NONE',  ( -1.000000000000000000, 0.0000000000000000000, 0.0000000000000000000 ) ) ;
#10491 = PRESENTATION_LAYER_ASSIGNMENT (  '', '', ( #7502 ) ) ;
#10492 = LINE ( 'NONE', #3293, #4830 ) ;
#10493 = DIRECTION ( 'NONE',  ( 0.0000000000000000000, 1.000000000000000000, 0.0000000000000000000 ) ) ;
#10494 = ORIENTED_EDGE ( 'NONE', *, *, #1467, .T. ) ;
#10495 = ADVANCED_FACE ( 'NONE', ( #3650 ), #3452, .T. ) ;
#10496 = CARTESIAN_POINT ( 'NONE',  ( 0.3645305746583386020, 0.4575997454093465033, 0.1901441582635393646 ) ) ;
#10497 = PRESENTATION_LAYER_ASSIGNMENT (  '', '', ( #6450 ) ) ;
#10498 = CARTESIAN_POINT ( 'NONE',  ( 0.2483888423748523422, 0.1988660865309976600, 0.3456559692871649658 ) ) ;
#10499 = ORIENTED_EDGE ( 'NONE', *, *, #11581, .T. ) ;
#10500 = ORIENTED_EDGE ( 'NONE', *, *, #8396, .F. ) ;
#10501 = FACE_OUTER_BOUND ( 'NONE', #1381, .T. ) ;
#10502 = CARTESIAN_POINT ( 'NONE',  ( 0.2483888423748523422, 0.3760314408617059234, 0.3751835283422830791 ) ) ;
#10503 = ORIENTED_EDGE ( 'NONE', *, *, #3913, .T. ) ;
#10504 = CARTESIAN_POINT ( 'NONE',  ( 0.1444518345008675153, 0.05713380306640645362, 0.2515614810981878224 ) ) ;
#10505 = EDGE_CURVE ( 'NONE', #2269, #8526, #1475, .T. ) ;
#10506 = SURFACE_STYLE_USAGE ( .BOTH. , #7162 ) ;
#10507 = ADVANCED_FACE ( 'NONE', ( #4639 ), #6707, .F. ) ;
#10508 = CARTESIAN_POINT ( 'NONE',  ( 0.2326408108788039775, 0.3957164802317834629, 0.4440811661375591024 ) ) ;
#10509 = EDGE_LOOP ( 'NONE', ( #6048, #7251 ) ) ;
#10510 =( GEOMETRIC_REPRESENTATION_CONTEXT ( 3 ) GLOBAL_UNCERTAINTY_ASSIGNED_CONTEXT ( ( #11774 ) ) GLOBAL_UNIT_ASSIGNED_CONTEXT ( ( #3596, #10529, #499 ) ) REPRESENTATION_CONTEXT ( 'NONE', 'WORKASPACE' ) );
#10511 = CARTESIAN_POINT ( 'NONE',  ( 0.2405148266268504198, 0.3760314408617055348, 0.4456559692871464584 ) ) ;
#10512 = CARTESIAN_POINT ( 'NONE',  ( 0.3807328762937055022, 0.2972912833813901590, 0.4443840128970992231 ) ) ;
#10513 = ORIENTED_EDGE ( 'NONE', *, *, #2972, .T. ) ;
#10514 = EDGE_CURVE ( 'NONE', #7434, #3449, #2795, .T. ) ;
#10515 = ORIENTED_EDGE ( 'NONE', *, *, #2404, .T. ) ;
#10516 = DIRECTION ( 'NONE',  ( -3.518308117683324880E-16, 1.000000000000000000, -4.163336342344339985E-16 ) ) ;
#10517 = DIRECTION ( 'NONE',  ( 0.0000000000000000000, -0.7071067811865505703, 0.7071067811865445751 ) ) ;
#10518 = CARTESIAN_POINT ( 'NONE',  ( 0.2326408108788039775, -0.07318115756351298296, 0.4017583314918893866 ) ) ;
#10519 = VECTOR ( 'NONE', #2100, 39.37007874015748143 ) ;
#10520 = DIRECTION ( 'NONE',  ( 0.0000000000000000000, -1.000000000000000000, 0.0000000000000000000 ) ) ;
#10521 = LINE ( 'NONE', #5304, #7843 ) ;
#10522 = EDGE_CURVE ( 'NONE', #2233, #1214, #9034, .T. ) ;
#10523 = DIRECTION ( 'NONE',  ( 0.0000000000000000000, -8.220413448604739958E-18, 1.000000000000000000 ) ) ;
#10524 = ADVANCED_FACE ( 'NONE', ( #1820 ), #4036, .T. ) ;
#10525 = ORIENTED_EDGE ( 'NONE', *, *, #8816, .T. ) ;
#10526 = DIRECTION ( 'NONE',  ( -1.356991020290373981E-16, 1.000000000000000000, -3.469446951953615175E-16 ) ) ;
#10527 = CARTESIAN_POINT ( 'NONE',  ( 0.2444518345008480364, 0.05713380306641550888, 0.4515614810981850025 ) ) ;
#10528 = VERTEX_POINT ( 'NONE', #3976 ) ;
#10529 =( NAMED_UNIT ( * ) PLANE_ANGLE_UNIT ( ) SI_UNIT ( $, .RADIAN. ) );
#10530 = FACE_OUTER_BOUND ( 'NONE', #2501, .T. ) ;
#10531 = PRESENTATION_STYLE_ASSIGNMENT (( #10459 ) ) ;
#10532 = DIRECTION ( 'NONE',  ( 4.283287147278279229E-17, 1.665334536937734811E-16, 1.000000000000000000 ) ) ;
#10533 = DIRECTION ( 'NONE',  ( 1.316334802367149914E-16, -1.000000000000000000, 1.526556658859589750E-16 ) ) ;
#10534 = VECTOR ( 'NONE', #1485, 39.37007874015748143 ) ;
#10535 = LINE ( 'NONE', #6394, #2309 ) ;
#10536 = VERTEX_POINT ( 'NONE', #7096 ) ;
#10537 = EDGE_CURVE ( 'NONE', #8870, #10605, #8012, .T. ) ;
#10538 = DIRECTION ( 'NONE',  ( -1.000000000000000000, 1.937287448275559661E-17, 0.0000000000000000000 ) ) ;
#10539 = EDGE_LOOP ( 'NONE', ( #10959, #5508, #4237, #7607 ) ) ;
#10540 = ORIENTED_EDGE ( 'NONE', *, *, #9188, .T. ) ;
#10541 = SURFACE_STYLE_USAGE ( .BOTH. , #11609 ) ;
#10542 = ORIENTED_EDGE ( 'NONE', *, *, #7899, .F. ) ;
#10543 = PLANE ( 'NONE',  #5381 ) ;
#10544 = FILL_AREA_STYLE ('',( #10345 ) ) ;
#10545 = DIRECTION ( 'NONE',  ( 0.0000000000000000000, -1.000000000000000000, 0.0000000000000000000 ) ) ;
#10546 = DIRECTION ( 'NONE',  ( 3.007447121050439791E-18, 2.498001805406600244E-16, 1.000000000000000000 ) ) ;
#10547 = ORIENTED_EDGE ( 'NONE', *, *, #8590, .T. ) ;
#10548 = SURFACE_STYLE_USAGE ( .BOTH. , #8589 ) ;
#10549 = DIRECTION ( 'NONE',  ( 0.0000000000000000000, 8.220413448604739958E-18, -1.000000000000000000 ) ) ;
#10550 = PLANE ( 'NONE',  #10315 ) ;
#10551 = EDGE_LOOP ( 'NONE', ( #8121, #5665, #3703, #10243, #630, #1883, #13174, #6011 ) ) ;
#10552 = VERTEX_POINT ( 'NONE', #10118 ) ;
#10553 = AXIS2_PLACEMENT_3D ( 'NONE', #10580, #3579, #5575 ) ;
#10554 = LINE ( 'NONE', #6868, #9790 ) ;
#10555 = EDGE_CURVE ( 'NONE', #621, #5980, #1753, .T. ) ;
#10556 = LINE ( 'NONE', #11620, #1307 ) ;
#10557 = ADVANCED_FACE ( 'NONE', ( #9979 ), #9916, .T. ) ;
#10558 = ORIENTED_EDGE ( 'NONE', *, *, #4974, .F. ) ;
#10559 = CARTESIAN_POINT ( 'NONE',  ( 0.3562628581229011493, 0.08075585031051535356, 0.4515614810981850025 ) ) ;
#10560 = CARTESIAN_POINT ( 'NONE',  ( 0.2090187636347251854, 0.08862986605855749378, 0.2058921897596043549 ) ) ;
#10561 = DIRECTION ( 'NONE',  ( 0.5773502691896297279, 0.5773502691896297279, 0.5773502691896177375 ) ) ;
#10562 = LINE ( 'NONE', #1464, #12069 ) ;
#10563 = VERTEX_POINT ( 'NONE', #5849 ) ;
#10564 = LINE ( 'NONE', #11357, #12156 ) ;
#10565 = STYLED_ITEM ( 'NONE', ( #10121 ), #762 ) ;
#10566 = PLANE ( 'NONE',  #5822 ) ;
#10567 = ORIENTED_EDGE ( 'NONE', *, *, #4842, .T. ) ;
#10568 = UNCERTAINTY_MEASURE_WITH_UNIT (LENGTH_MEASURE( 1.000000000000000082E-05 ), #3989, 'distance_accuracy_value', 'NONE');
#10569 = ORIENTED_EDGE ( 'NONE', *, *, #12808, .F. ) ;
#10570 = EDGE_CURVE ( 'NONE', #9792, #10605, #3783, .T. ) ;
#10571 = LINE ( 'NONE', #10773, #1386 ) ;
#10572 = EDGE_CURVE ( 'NONE', #255, #7413, #6046, .T. ) ;
#10573 = VERTEX_POINT ( 'NONE', #11985 ) ;
#10574 = CARTESIAN_POINT ( 'NONE',  ( 0.3330345116662205007, 0.1555589999168271731, 0.4102228984210118390 ) ) ;
#10575 = DIMENSIONAL_EXPONENTS ( 1.000000000000000000, 0.0000000000000000000, 0.0000000000000000000, 0.0000000000000000000, 0.0000000000000000000, 0.0000000000000000000, 0.0000000000000000000 ) ;
#10576 = VECTOR ( 'NONE', #8374, 39.37007874015748143 ) ;
#10577 = CARTESIAN_POINT ( 'NONE',  ( 0.3586250628473003355, 0.7897218048774075072, 0.3456559692871649658 ) ) ;
#10578 = PLANE ( 'NONE',  #10420 ) ;
#10579 = LINE ( 'NONE', #11578, #2651 ) ;
#10580 = CARTESIAN_POINT ( 'NONE',  ( 0.3645305746583386020, 0.2776062440113113983, 0.3456559692871649658 ) ) ;
#10581 = ORIENTED_EDGE ( 'NONE', *, *, #11407, .T. ) ;
#10582 = DIRECTION ( 'NONE',  ( 7.190187815859577592E-17, -0.7071067811865469066, 0.7071067811865479058 ) ) ;
#10583 = ADVANCED_FACE ( 'NONE', ( #12180 ), #12117, .T. ) ;
#10584 = STYLED_ITEM ( 'NONE', ( #11562 ), #1672 ) ;
#10585 = LINE ( 'NONE', #7836, #10708 ) ;
#10586 = DIRECTION ( 'NONE',  ( -1.000000000000000000, -1.174096724532128111E-16, 4.283287147278279229E-17 ) ) ;
#10587 = DIRECTION ( 'NONE',  ( 1.316334802367149914E-16, -1.000000000000000000, 1.526556658859589750E-16 ) ) ;
#10588 = CARTESIAN_POINT ( 'NONE',  ( 0.2405148266268504198, 0.1555589999168271731, 0.4515614810981740113 ) ) ;
#10589 = EDGE_CURVE ( 'NONE', #1541, #9442, #4771, .T. ) ;
#10590 = CARTESIAN_POINT ( 'NONE',  ( 0.2483888423748523422, 0.4272125432239181064, 0.4007740795234071007 ) ) ;
#10591 = AXIS2_PLACEMENT_3D ( 'NONE', #5664, #8505, #12609 ) ;
#10592 = CARTESIAN_POINT ( 'NONE',  ( 0.3842156140284118671, 0.3307558503105272329, 0.3102228984210196883 ) ) ;
#10593 = DIRECTION ( 'NONE',  ( 0.0000000000000000000, 0.0000000000000000000, -1.000000000000000000 ) ) ;
#10594 = EDGE_LOOP ( 'NONE', ( #4927, #12645, #3078, #593 ) ) ;
#10595 = CARTESIAN_POINT ( 'NONE',  ( 0.3310660077292019721, 0.3839054566097366283, 0.3102228984210196883 ) ) ;
#10596 = ORIENTED_EDGE ( 'NONE', *, *, #4101, .T. ) ;
#10597 = CARTESIAN_POINT ( 'NONE',  ( 0.2877589211150314852, 0.2185511259010751717, 0.5228213236178709256 ) ) ;
#10598 = EDGE_CURVE ( 'NONE', #3308, #11158, #8095, .T. ) ;
#10599 = DIRECTION ( 'NONE',  ( 0.0000000000000000000, -0.7999999999998905764, -0.6000000000001457501 ) ) ;
#10600 = COLOUR_RGB ( '',0.7529411764705882248, 0.7529411764705882248, 0.0000000000000000000 ) ;
#10601 = CARTESIAN_POINT ( 'NONE',  ( 0.3920896297764417393, 0.3760314408617052018, 0.5011677803107913443 ) ) ;
#10602 = CARTESIAN_POINT ( 'NONE',  ( 0.2090187636347129729, 0.3760314408617059234, 0.2905378590509232195 ) ) ;
#10603 = ORIENTED_EDGE ( 'NONE', *, *, #11611, .F. ) ;
#10604 = DIRECTION ( 'NONE',  ( 0.0000000000000000000, 0.0000000000000000000, -1.000000000000000000 ) ) ;
#10605 = VERTEX_POINT ( 'NONE', #5982 ) ;
#10606 = ORIENTED_EDGE ( 'NONE', *, *, #4011, .T. ) ;
#10607 = FACE_OUTER_BOUND ( 'NONE', #12414, .T. ) ;
#10608 = PRESENTATION_STYLE_ASSIGNMENT (( #10541 ) ) ;
#10609 = ORIENTED_EDGE ( 'NONE', *, *, #1116, .T. ) ;
#10610 = VECTOR ( 'NONE', #4155, 39.37007874015748143 ) ;
#10611 =( CONVERSION_BASED_UNIT ( 'INCH', #7662 ) LENGTH_UNIT ( ) NAMED_UNIT ( #10094 ) );
#10612 = SURFACE_SIDE_STYLE ('',( #8726 ) ) ;
#10613 = EDGE_CURVE ( 'NONE', #10563, #5130, #10911, .T. ) ;
#10614 = DIRECTION ( 'NONE',  ( -1.000000000000000000, 0.0000000000000000000, 0.0000000000000000000 ) ) ;
#10615 = ORIENTED_EDGE ( 'NONE', *, *, #3761, .F. ) ;
#10616 = ADVANCED_FACE ( 'NONE', ( #2927 ), #10980, .T. ) ;
#10617 = LENGTH_MEASURE_WITH_UNIT ( LENGTH_MEASURE( 0.02539999999999999897 ), #1450 );
#10618 = PLANE ( 'NONE',  #11487 ) ;
#10619 = VERTEX_POINT ( 'NONE', #4968 ) ;
#10620 = VECTOR ( 'NONE', #10723, 39.37007874015748143 ) ;
#10621 = VECTOR ( 'NONE', #7304, 39.37007874015748143 ) ;
#10622 = ORIENTED_EDGE ( 'NONE', *, *, #10212, .T. ) ;
#10623 = ORIENTED_EDGE ( 'NONE', *, *, #3190, .T. ) ;
#10624 = ORIENTED_EDGE ( 'NONE', *, *, #2491, .T. ) ;
#10625 = DIRECTION ( 'NONE',  ( 0.0000000000000000000, 1.000000000000000000, 0.0000000000000000000 ) ) ;
#10626 = DIRECTION ( 'NONE',  ( -3.007447121050439791E-18, -2.498001805406600244E-16, -1.000000000000000000 ) ) ;
#10627 = LINE ( 'NONE', #1529, #9683 ) ;
#10628 = CARTESIAN_POINT ( 'NONE',  ( 0.2405148266268504198, 0.3091023070034267795, 0.4515614810981740113 ) ) ;
#10629 = ORIENTED_EDGE ( 'NONE', *, *, #202, .T. ) ;
#10630 = CARTESIAN_POINT ( 'NONE',  ( 0.2129557715087252168, 0.1279999447987147654, 0.4893567566887362386 ) ) ;
#10631 = AXIS2_PLACEMENT_3D ( 'NONE', #1696, #10132, #11052 ) ;
#10632 = ADVANCED_FACE ( 'NONE', ( #998 ), #5029, .F. ) ;
#10633 = DIRECTION ( 'NONE',  ( 0.0000000000000000000, 0.0000000000000000000, 1.000000000000000000 ) ) ;
#10634 = VERTEX_POINT ( 'NONE', #6100 ) ;
#10635 = DIRECTION ( 'NONE',  ( -0.5773502691896257311, 0.5773502691896257311, 0.5773502691896257311 ) ) ;
#10636 = CIRCLE ( 'NONE', #10853, 0.01770302147941842791 ) ;
#10637 = LINE ( 'NONE', #12710, #6790 ) ;
#10638 = VECTOR ( 'NONE', #769, 39.37007874015748854 ) ;
#10639 = FACE_OUTER_BOUND ( 'NONE', #674, .T. ) ;
#10640 = LINE ( 'NONE', #10512, #7545 ) ;
#10641 = ORIENTED_EDGE ( 'NONE', *, *, #2010, .T. ) ;
#10642 = VECTOR ( 'NONE', #3430, 39.37007874015748143 ) ;
#10643 = EDGE_CURVE ( 'NONE', #12907, #547, #5274, .T. ) ;
#10644 =( CONVERSION_BASED_UNIT ( 'INCH', #3459 ) LENGTH_UNIT ( ) NAMED_UNIT ( #5723 ) );
#10645 = EDGE_CURVE ( 'NONE', #10096, #6824, #1062, .T. ) ;
#10646 = VECTOR ( 'NONE', #6537, 39.37007874015748143 ) ;
#10647 = CARTESIAN_POINT ( 'NONE',  ( 0.07319199198118012117, 0.08862986605855749378, 0.3456559692871708500 ) ) ;
#10648 = LINE ( 'NONE', #7772, #6432 ) ;
#10649 = CARTESIAN_POINT ( 'NONE',  ( 0.4098061652095126295, 0.3957164802317834629, 0.5228213236178701484 ) ) ;
#10650 = SURFACE_STYLE_FILL_AREA ( #1625 ) ;
#10651 = CARTESIAN_POINT ( 'NONE',  ( 0.2405148266268504198, 0.1555589999168269788, 0.2062858905469921178 ) ) ;
#10652 = CARTESIAN_POINT ( 'NONE',  ( 0.3724045904063610357, 0.5354802597593409930, 0.3299079377910984490 ) ) ;
#10653 = VECTOR ( 'NONE', #8122, 39.37007874015748854 ) ;
#10654 = VECTOR ( 'NONE', #1466, 39.37007874015748143 ) ;
#10655 = EDGE_CURVE ( 'NONE', #10398, #283, #9224, .T. ) ;
#10656 = LINE ( 'NONE', #7511, #8994 ) ;
#10657 = FACE_OUTER_BOUND ( 'NONE', #3884, .T. ) ;
#10658 = EDGE_LOOP ( 'NONE', ( #5427, #10890, #2357, #12837, #187, #11138, #8928, #1185 ) ) ;
#10659 = DIMENSIONAL_EXPONENTS ( 1.000000000000000000, 0.0000000000000000000, 0.0000000000000000000, 0.0000000000000000000, 0.0000000000000000000, 0.0000000000000000000, 0.0000000000000000000 ) ;
#10660 = DIRECTION ( 'NONE',  ( -1.937287448275559661E-17, -1.000000000000000000, -8.220413448604588965E-18 ) ) ;
#10661 = CIRCLE ( 'NONE', #7040, 0.07874015748031495954 ) ;
#10662 =( CONVERSION_BASED_UNIT ( 'INCH', #8850 ) LENGTH_UNIT ( ) NAMED_UNIT ( #654 ) );
#10663 = AXIS2_PLACEMENT_3D ( 'NONE', #284, #356, #6319 ) ;
#10664 = DIRECTION ( 'NONE',  ( -0.5773502691896257311, -0.5773502691896257311, 0.5773502691896257311 ) ) ;
#10665 = CARTESIAN_POINT ( 'NONE',  ( 0.09484553528826220048, 0.1555589999168269788, 0.3456559692871708500 ) ) ;
#10666 = DIRECTION ( 'NONE',  ( -1.316334802367149914E-16, 1.000000000000000000, -1.526556658859589750E-16 ) ) ;
#10667 = ORIENTED_EDGE ( 'NONE', *, *, #5419, .F. ) ;
#10668 = FACE_OUTER_BOUND ( 'NONE', #12834, .T. ) ;
#10669 = ORIENTED_EDGE ( 'NONE', *, *, #232, .T. ) ;
#10670 = ORIENTED_EDGE ( 'NONE', *, *, #11769, .T. ) ;
#10671 = CARTESIAN_POINT ( 'NONE',  ( 0.1267352990678039526, -0.07278745677611142550, 0.4515614810981850025 ) ) ;
#10672 = EDGE_CURVE ( 'NONE', #6265, #10820, #8143, .T. ) ;
#10673 = EDGE_LOOP ( 'NONE', ( #11833, #1028, #8264, #3813 ) ) ;
#10674 = AXIS2_PLACEMENT_3D ( 'NONE', #5868, #11191, #10197 ) ;
#10675 = DIRECTION ( 'NONE',  ( -1.000000000000000000, 0.0000000000000000000, 0.0000000000000000000 ) ) ;
#10676 = FILL_AREA_STYLE_COLOUR ( '', #11423 ) ;
#10677 = EDGE_CURVE ( 'NONE', #9713, #6265, #6160, .T. ) ;
#10678 = FACE_OUTER_BOUND ( 'NONE', #168, .T. ) ;
#10679 = ORIENTED_EDGE ( 'NONE', *, *, #13043, .F. ) ;
#10680 = SURFACE_STYLE_USAGE ( .BOTH. , #9823 ) ;
#10681 = COLOUR_RGB ( '',0.7529411764705882248, 0.7529411764705882248, 0.0000000000000000000 ) ;
#10682 = FACE_OUTER_BOUND ( 'NONE', #11830, .T. ) ;
#10683 = LINE ( 'NONE', #1588, #2070 ) ;
#10684 = ORIENTED_EDGE ( 'NONE', *, *, #7417, .F. ) ;
#10685 = AXIS2_PLACEMENT_3D ( 'NONE', #11473, #6275, #10348 ) ;
#10686 = EDGE_LOOP ( 'NONE', ( #1219, #8708, #4818, #8738, #3362, #12257, #1033, #9239 ) ) ;
#10687 = EDGE_CURVE ( 'NONE', #5980, #8038, #1125, .T. ) ;
#10688 = LINE ( 'NONE', #1592, #6379 ) ;
#10689 = EDGE_LOOP ( 'NONE', ( #4875, #12162, #3850, #5389 ) ) ;
#10690 = VERTEX_POINT ( 'NONE', #12365 ) ;
#10691 = CARTESIAN_POINT ( 'NONE',  ( 0.2326408108788161622, 0.1476849841687954967, 0.3456559692871708500 ) ) ;
#10692 = DIRECTION ( 'NONE',  ( 1.000000000000000000, 1.408738150179759833E-16, -6.014894242100889598E-18 ) ) ;
#10693 = ADVANCED_FACE ( 'NONE', ( #3162 ), #7274, .T. ) ;
#10694 = FACE_OUTER_BOUND ( 'NONE', #11979, .T. ) ;
#10695 = ADVANCED_FACE ( 'NONE', ( #5212 ), #9283, .T. ) ;
#10696 = LINE ( 'NONE', #1739, #12501 ) ;
#10697 = AXIS2_PLACEMENT_3D ( 'NONE', #10671, #7460, #9676 ) ;
#10698 = CARTESIAN_POINT ( 'NONE',  ( 0.2916959289890401763, 0.1083149054286360186, 0.2019551818855940817 ) ) ;
#10699 = EDGE_LOOP ( 'NONE', ( #4893, #10012, #6201, #1899 ) ) ;
#10700 = VECTOR ( 'NONE', #6927, 39.37007874015748143 ) ;
#10701 = LINE ( 'NONE', #7687, #241 ) ;
#10702 = DIRECTION ( 'NONE',  ( 1.000000000000000000, 0.0000000000000000000, 0.0000000000000000000 ) ) ;
#10703 = ORIENTED_EDGE ( 'NONE', *, *, #9829, .T. ) ;
#10704 = UNCERTAINTY_MEASURE_WITH_UNIT (LENGTH_MEASURE( 1.000000000000000082E-05 ), #7206, 'distance_accuracy_value', 'NONE');
#10705 = VECTOR ( 'NONE', #497, 39.37007874015748143 ) ;
#10706 = DIRECTION ( 'NONE',  ( -1.937287448275559661E-17, -1.000000000000000000, -8.220413448604739958E-18 ) ) ;
#10707 = CARTESIAN_POINT ( 'NONE',  ( 0.1558691573354938908, 0.3681574251136630060, 0.2515614810981878224 ) ) ;
#10708 = VECTOR ( 'NONE', #3520, 39.37007874015748143 ) ;
#10709 = FACE_BOUND ( 'NONE', #9124, .T. ) ;
#10710 = FACE_OUTER_BOUND ( 'NONE', #6963, .T. ) ;
#10711 = EDGE_CURVE ( 'NONE', #10058, #3709, #11353, .T. ) ;
#10712 = CARTESIAN_POINT ( 'NONE',  ( 0.1208297872567765802, 0.05713380306641543255, 0.2397504574761405716 ) ) ;
#10713 = DIRECTION ( 'NONE',  ( 0.0000000000000000000, 0.0000000000000000000, -1.000000000000000000 ) ) ;
#10714 = ORIENTED_EDGE ( 'NONE', *, *, #8588, .T. ) ;
#10715 = VECTOR ( 'NONE', #5228, 39.37007874015748143 ) ;
#10716 = DIRECTION ( 'NONE',  ( -1.000000000000000000, 1.937287448275559661E-17, 2.565854121688507820E-49 ) ) ;
#10717 = VECTOR ( 'NONE', #11236, 39.37007874015748143 ) ;
#10718 = DIRECTION ( 'NONE',  ( 4.283287147278279229E-17, 1.665334536937734811E-16, 1.000000000000000000 ) ) ;
#10719 = LINE ( 'NONE', #1622, #10479 ) ;
#10720 = DIRECTION ( 'NONE',  ( 3.518308117683324880E-16, -1.000000000000000000, 4.163336342344335054E-16 ) ) ;
#10721 = ORIENTED_EDGE ( 'NONE', *, *, #3937, .T. ) ;
#10722 = FILL_AREA_STYLE_COLOUR ( '', #2139 ) ;
#10723 = DIRECTION ( 'NONE',  ( 1.000000000000000000, 0.0000000000000000000, 0.0000000000000000000 ) ) ;
#10724 = VECTOR ( 'NONE', #5199, 39.37007874015748143 ) ;
#10725 = ADVANCED_FACE ( 'NONE', ( #2255 ), #4274, .F. ) ;
#10726 = ADVANCED_FACE ( 'NONE', ( #4349 ), #3435, .T. ) ;
#10727 = CARTESIAN_POINT ( 'NONE',  ( 0.1208297872567765802, -0.05703942528004488088, 0.2515614810981878224 ) ) ;
#10728 = DIRECTION ( 'NONE',  ( 1.000000000000000000, -1.937287448275559661E-17, -2.565854121688507820E-49 ) ) ;
#10729 = CARTESIAN_POINT ( 'NONE',  ( 0.2405148266268504198, 0.1555589999168269788, 0.4850260480273039243 ) ) ;
#10730 = ORIENTED_EDGE ( 'NONE', *, *, #10828, .F. ) ;
#10731 = CARTESIAN_POINT ( 'NONE',  ( 0.2405148266268504198, 0.3563464014916267741, 0.2062858905469921178 ) ) ;
#10732 = VECTOR ( 'NONE', #7513, 39.37007874015748143 ) ;
#10733 = LINE ( 'NONE', #1638, #12661 ) ;
#10734 = PLANE ( 'NONE',  #12759 ) ;
#10735 = PLANE ( 'NONE',  #10591 ) ;
#10736 = ORIENTED_EDGE ( 'NONE', *, *, #1816, .F. ) ;
#10737 = CARTESIAN_POINT ( 'NONE',  ( 0.1027195510362846342, 0.1555589999168269788, 0.4732150244052676924 ) ) ;
#10738 = VERTEX_POINT ( 'NONE', #664 ) ;
#10739 = EDGE_LOOP ( 'NONE', ( #1954, #5070, #8155, #4065 ) ) ;
#10740 = LINE ( 'NONE', #5402, #7216 ) ;
#10741 = VECTOR ( 'NONE', #9117, 39.37007874015748143 ) ;
#10742 = FACE_OUTER_BOUND ( 'NONE', #11301, .T. ) ;
#10743 = ORIENTED_EDGE ( 'NONE', *, *, #3710, .T. ) ;
#10744 = CARTESIAN_POINT ( 'NONE',  ( 0.3389400234772338982, 0.3760314408617052018, 0.3062858905470074999 ) ) ;
#10745 = CARTESIAN_POINT ( 'NONE',  ( 0.2326408108788039775, 0.3760314408617052018, 0.1901441582635393646 ) ) ;
#10746 = LINE ( 'NONE', #3817, #159 ) ;
#10747 = CARTESIAN_POINT ( 'NONE',  ( 0.2916959289890401763, 0.1279999447987147654, 0.2019551818855940817 ) ) ;
#10748 = ORIENTED_EDGE ( 'NONE', *, *, #4686, .T. ) ;
#10749 = AXIS2_PLACEMENT_3D ( 'NONE', #10452, #8355, #3262 ) ;
#10750 = STYLED_ITEM ( 'NONE', ( #11255 ), #9076 ) ;
#10751 = CARTESIAN_POINT ( 'NONE',  ( 0.3090187636347015987, 0.08075585031051535356, 0.2515614810981878224 ) ) ;
#10753 = EDGE_CURVE ( 'NONE', #11571, #7070, #12836, .T. ) ;
#10752 = DIMENSIONAL_EXPONENTS ( 1.000000000000000000, 0.0000000000000000000, 0.0000000000000000000, 0.0000000000000000000, 0.0000000000000000000, 0.0000000000000000000, 0.0000000000000000000 ) ;
#10754 = LINE ( 'NONE', #3623, #3591 ) ;
#10755 = ORIENTED_EDGE ( 'NONE', *, *, #601, .F. ) ;
#10756 = ORIENTED_EDGE ( 'NONE', *, *, #3838, .T. ) ;
#10757 = CARTESIAN_POINT ( 'NONE',  ( 0.2356888323972176347, 0.5531967951923921767, 0.2669158118068457042 ) ) ;
#10758 = ORIENTED_EDGE ( 'NONE', *, *, #2297, .F. ) ;
#10759 = EDGE_CURVE ( 'NONE', #3767, #8646, #8744, .T. ) ;
#10760 = VERTEX_POINT ( 'NONE', #9624 ) ;
#10761 = DIRECTION ( 'NONE',  ( 1.937287448275559661E-17, 1.000000000000000000, 8.220413448604588965E-18 ) ) ;
#10762 = CARTESIAN_POINT ( 'NONE',  ( 0.07712899985517106261, 0.3760314408617052018, 0.3161284102320469080 ) ) ;
#10763 = VERTEX_POINT ( 'NONE', #9695 ) ;
#10764 = PRESENTATION_STYLE_ASSIGNMENT (( #668 ) ) ;
#10765 = VERTEX_POINT ( 'NONE', #11486 ) ;
#10766 = DIRECTION ( 'NONE',  ( 1.000000000000000000, -1.937287448275484781E-17, -8.833616147085620181E-14 ) ) ;
#10767 = SURFACE_SIDE_STYLE ('',( #2521 ) ) ;
#10768 = STYLED_ITEM ( 'NONE', ( #682 ), #738 ) ;
#10769 = ADVANCED_FACE ( 'NONE', ( #2582 ), #1528, .F. ) ;
#10770 = DIRECTION ( 'NONE',  ( -1.000000000000000000, -1.408738150179759833E-16, 6.014894242100889598E-18 ) ) ;
#10771 = VERTEX_POINT ( 'NONE', #2381 ) ;
#10772 = DIRECTION ( 'NONE',  ( -0.3511234415885084448, 0.9363291775690008034, -4.820554145996739214E-16 ) ) ;
#10773 = CARTESIAN_POINT ( 'NONE',  ( 0.2405148266268504198, 0.2264251416491177282, 0.2456559692871496114 ) ) ;
#10774 = ORIENTED_EDGE ( 'NONE', *, *, #7569, .F. ) ;
#10775 = LINE ( 'NONE', #7618, #12334 ) ;
#10776 =( CONVERSION_BASED_UNIT ( 'INCH', #11641 ) LENGTH_UNIT ( ) NAMED_UNIT ( #9915 ) );
#10777 = FACE_OUTER_BOUND ( 'NONE', #4694, .T. ) ;
#10778 = CARTESIAN_POINT ( 'NONE',  ( 0.2483888423748523422, 0.3760314408617059234, 0.2688843157438653431 ) ) ;
#10779 = ORIENTED_EDGE ( 'NONE', *, *, #1291, .T. ) ;
#10780 = CARTESIAN_POINT ( 'NONE',  ( 0.2916959289890401763, 0.1083149054286360186, 0.4893567566887362386 ) ) ;
#10781 = FACE_OUTER_BOUND ( 'NONE', #48, .T. ) ;
#10782 = EDGE_CURVE ( 'NONE', #1537, #3890, #9480, .T. ) ;
#10783 = CARTESIAN_POINT ( 'NONE',  ( 0.3645305746583386020, 0.2776062440113113983, 0.3456559692871649658 ) ) ;
#10784 = SURFACE_STYLE_FILL_AREA ( #7707 ) ;
#10785 = CIRCLE ( 'NONE', #5031, 0.05610236220472441387 ) ;
#10786 = EDGE_LOOP ( 'NONE', ( #3446, #6429, #2816, #10569 ) ) ;
#10787 = CARTESIAN_POINT ( 'NONE',  ( 0.1558691573355118209, 0.1791810471608999700, 0.2515614810981878224 ) ) ;
#10788 = LINE ( 'NONE', #9860, #8904 ) ;
#10789 = DIRECTION ( 'NONE',  ( 0.1240347345890695785, -0.9922778767136850586, 0.0000000000000000000 ) ) ;
#10790 = DIRECTION ( 'NONE',  ( 0.0000000000000000000, 0.0000000000000000000, -1.000000000000000000 ) ) ;
#10791 = DIRECTION ( 'NONE',  ( -5.273376169246169386E-17, 0.7071067811865480168, 0.7071067811865470176 ) ) ;
#10792 = ORIENTED_EDGE ( 'NONE', *, *, #6497, .T. ) ;
#10793 = AXIS2_PLACEMENT_3D ( 'NONE', #2796, #11707, #2599 ) ;
#10794 = LINE ( 'NONE', #9868, #5555 ) ;
#10795 = EDGE_CURVE ( 'NONE', #10476, #805, #7540, .T. ) ;
#10796 = LINE ( 'NONE', #11940, #2846 ) ;
#10797 = LINE ( 'NONE', #7720, #121 ) ;
#10798 = CARTESIAN_POINT ( 'NONE',  ( 0.3468140392252570536, 0.5610708109404448640, 0.3299079377910984490 ) ) ;
#10799 = DIRECTION ( 'NONE',  ( 3.007447121050439791E-18, 2.498001805406600244E-16, 1.000000000000000000 ) ) ;
#10800 = DIRECTION ( 'NONE',  ( -1.608386623408229791E-17, -1.526556658859589750E-16, -1.000000000000000000 ) ) ;
#10801 = ORIENTED_EDGE ( 'NONE', *, *, #10312, .T. ) ;
#10802 = AXIS2_PLACEMENT_3D ( 'NONE', #795, #12767, #11765 ) ;
#10803 = DIRECTION ( 'NONE',  ( 0.0000000000000000000, 0.0000000000000000000, 1.000000000000000000 ) ) ;
#10804 = ORIENTED_EDGE ( 'NONE', *, *, #694, .T. ) ;
#10805 = ORIENTED_EDGE ( 'NONE', *, *, #7364, .F. ) ;
#10806 = CARTESIAN_POINT ( 'NONE',  ( 0.3330345116662205007, 0.3130393148774570644, 0.4397504574761377794 ) ) ;
#10807 = ORIENTED_EDGE ( 'NONE', *, *, #8351, .T. ) ;
#10808 = SURFACE_SIDE_STYLE ('',( #12888 ) ) ;
#10809 = CARTESIAN_POINT ( 'NONE',  ( 0.2483888423748704388, 0.2185511259010751717, 0.5385693551139408841 ) ) ;
#10810 = LINE ( 'NONE', #9887, #5998 ) ;
#10811 = ORIENTED_EDGE ( 'NONE', *, *, #12534, .T. ) ;
#10812 = AXIS2_PLACEMENT_3D ( 'NONE', #7100, #1003, #5033 ) ;
#10813 = ADVANCED_FACE ( 'NONE', ( #4625 ), #1461, .T. ) ;
#10814 = LENGTH_MEASURE_WITH_UNIT ( LENGTH_MEASURE( 0.02539999999999999897 ), #5748 );
#10815 = EDGE_CURVE ( 'NONE', #8090, #5297, #11623, .T. ) ;
#10816 = CARTESIAN_POINT ( 'NONE',  ( 0.3310660077292019721, 0.1949290786569806977, 0.3810890401533106320 ) ) ;
#10817 = ORIENTED_EDGE ( 'NONE', *, *, #12532, .T. ) ;
#10818 = EDGE_LOOP ( 'NONE', ( #11268, #2798, #8613, #12142, #9883, #809, #1782, #425 ) ) ;
#10819 = CARTESIAN_POINT ( 'NONE',  ( 0.2458483515037337974, 0.5467381059859887094, 0.2669158118068456487 ) ) ;
#10820 = VERTEX_POINT ( 'NONE', #6691 ) ;
#10821 = ORIENTED_EDGE ( 'NONE', *, *, #373, .F. ) ;
#10822 = LINE ( 'NONE', #2650, #9999 ) ;
#10823 = VECTOR ( 'NONE', #11601, 39.37007874015748143 ) ;
#10824 = LINE ( 'NONE', #4758, #2618 ) ;
#10825 = EDGE_LOOP ( 'NONE', ( #13099, #4564, #2684, #1129, #4258, #2328 ) ) ;
#10826 = DIRECTION ( 'NONE',  ( 3.376070039848299626E-16, -1.000000000000000000, 4.302114220422480115E-16 ) ) ;
#10827 = DIRECTION ( 'NONE',  ( 1.174096724532128111E-16, -1.000000000000000000, 1.665334536937734811E-16 ) ) ;
#10828 = EDGE_CURVE ( 'NONE', #3346, #12470, #1598, .T. ) ;
#10829 = DIRECTION ( 'NONE',  ( 0.0000000000000000000, 0.0000000000000000000, -1.000000000000000000 ) ) ;
#10830 = VERTEX_POINT ( 'NONE', #10762 ) ;
#10831 = CARTESIAN_POINT ( 'NONE',  ( 0.3290975037921822777, 0.1988660865309976600, 0.4007740795234071007 ) ) ;
#10832 = ADVANCED_FACE ( 'NONE', ( #5624 ), #6552, .F. ) ;
#10833 = VECTOR ( 'NONE', #6234, 39.37007874015748143 ) ;
#10834 = COLOUR_RGB ( '',1.000000000000000000, 1.000000000000000000, 1.000000000000000000 ) ;
#10835 = LINE ( 'NONE', #9560, #11561 ) ;
#10836 = ORIENTED_EDGE ( 'NONE', *, *, #188, .T. ) ;
#10837 = CARTESIAN_POINT ( 'NONE',  ( 0.2090187636347027589, 0.08075585031051535356, 0.4397504574761377794 ) ) ;
#10838 = FILL_AREA_STYLE_COLOUR ( '', #2799 ) ;
#10839 = PLANE ( 'NONE',  #6996 ) ;
#10840 = DIMENSIONAL_EXPONENTS ( 1.000000000000000000, 0.0000000000000000000, 0.0000000000000000000, 0.0000000000000000000, 0.0000000000000000000, 0.0000000000000000000, 0.0000000000000000000 ) ;
#10841 = CARTESIAN_POINT ( 'NONE',  ( 0.4255541967055787023, 0.2972912833813901590, 0.3456559692871649658 ) ) ;
#10842 = VECTOR ( 'NONE', #5224, 39.37007874015748143 ) ;
#10843 = VECTOR ( 'NONE', #8400, 39.37007874015748143 ) ;
#10844 = ORIENTED_EDGE ( 'NONE', *, *, #2874, .T. ) ;
#10845 = EDGE_CURVE ( 'NONE', #9792, #838, #9834, .T. ) ;
#10846 = ORIENTED_EDGE ( 'NONE', *, *, #6545, .T. ) ;
#10847 = CARTESIAN_POINT ( 'NONE',  ( 0.2326408108788039775, 0.2776062440113113983, 0.3614040007832315382 ) ) ;
#10848 = PRESENTATION_STYLE_ASSIGNMENT (( #6776 ) ) ;
#10849 = EDGE_CURVE ( 'NONE', #6763, #12304, #9899, .T. ) ;
#10850 = DIRECTION ( 'NONE',  ( 0.0000000000000000000, -1.000000000000000000, 0.0000000000000000000 ) ) ;
#10851 = DIRECTION ( 'NONE',  ( 1.000000000000000000, 3.518308117683325866E-16, 2.626713979715460250E-16 ) ) ;
#10852 = ORIENTED_EDGE ( 'NONE', *, *, #616, .F. ) ;
#10853 = AXIS2_PLACEMENT_3D ( 'NONE', #11156, #9602, #1442 ) ;
#10854 = VECTOR ( 'NONE', #10172, 39.37007874015748143 ) ;
#10855 = FACE_OUTER_BOUND ( 'NONE', #4333, .T. ) ;
#10856 = PRESENTATION_STYLE_ASSIGNMENT (( #11792 ) ) ;
#10857 = CARTESIAN_POINT ( 'NONE',  ( 0.3625620707213386140, 0.3760314408617052018, 0.2259709299170708785 ) ) ;
#10858 = APPLICATION_CONTEXT ( 'automotive_design' ) ;
#10859 = EDGE_CURVE ( 'NONE', #776, #2559, #6030, .T. ) ;
#10860 = ORIENTED_EDGE ( 'NONE', *, *, #2614, .F. ) ;
#10861 = CARTESIAN_POINT ( 'NONE',  ( 0.2726091976981878107, 0.4547715983420212993, 0.3062858905470074999 ) ) ;
#10862 = PLANE ( 'NONE',  #4367 ) ;
#10863 = EDGE_CURVE ( 'NONE', #5864, #5193, #5758, .T. ) ;
#10864 = CIRCLE ( 'NONE', #1092, 0.007874015748031482076 ) ;
#10865 = CARTESIAN_POINT ( 'NONE',  ( 0.1893337242646519758, 0.2165826219640791250, 0.4007740795234071007 ) ) ;
#10866 = ORIENTED_EDGE ( 'NONE', *, *, #11905, .T. ) ;
#10867 = DIRECTION ( 'NONE',  ( 3.376070039848299626E-16, -1.000000000000000000, 4.302114220422480115E-16 ) ) ;
#10868 = DIRECTION ( 'NONE',  ( 0.0000000000000000000, -8.220413448604739958E-18, 1.000000000000000000 ) ) ;
#10869 = SURFACE_STYLE_FILL_AREA ( #11868 ) ;
#10870 = AXIS2_PLACEMENT_3D ( 'NONE', #3909, #6837, #2014 ) ;
#10871 = DIRECTION ( 'NONE',  ( 1.000000000000000000, 0.0000000000000000000, 0.0000000000000000000 ) ) ;
#10872 = AXIS2_PLACEMENT_3D ( 'NONE', #11543, #4335, #11408 ) ;
#10873 = LINE ( 'NONE', #5806, #11270 ) ;
#10874 = ORIENTED_EDGE ( 'NONE', *, *, #7054, .T. ) ;
#10875 = DIRECTION ( 'NONE',  ( 0.0000000000000000000, 8.220413448604739958E-18, -1.000000000000000000 ) ) ;
#10876 = VERTEX_POINT ( 'NONE', #791 ) ;
#10877 = ORIENTED_EDGE ( 'NONE', *, *, #6698, .T. ) ;
#10878 = DIRECTION ( 'NONE',  ( -1.000000000000000000, 1.937287448275559661E-17, 2.565854121688507820E-49 ) ) ;
#10879 = VERTEX_POINT ( 'NONE', #10031 ) ;
#10880 = ADVANCED_FACE ( 'NONE', ( #7012 ), #2852, .F. ) ;
#10881 = LINE ( 'NONE', #7935, #11630 ) ;
#10882 = DIRECTION ( 'NONE',  ( 1.000000000000000000, 0.0000000000000000000, 0.0000000000000000000 ) ) ;
#10883 = EDGE_LOOP ( 'NONE', ( #5363, #2094, #12760, #10525, #7194, #10624 ) ) ;
#10884 = CARTESIAN_POINT ( 'NONE',  ( 0.1145305746583313022, 0.5571338030664260144, 0.2472307724367716342 ) ) ;
#10885 = DIRECTION ( 'NONE',  ( 1.316334802367149914E-16, -1.000000000000000000, 1.526556658859589750E-16 ) ) ;
#10886 = VERTEX_POINT ( 'NONE', #3895 ) ;
#10887 = AXIS2_PLACEMENT_3D ( 'NONE', #4504, #401, #7492 ) ;
#10888 = ORIENTED_EDGE ( 'NONE', *, *, #7266, .T. ) ;
#10889 = DIRECTION ( 'NONE',  ( 0.0000000000000000000, 0.0000000000000000000, -1.000000000000000000 ) ) ;
#10890 = ORIENTED_EDGE ( 'NONE', *, *, #4703, .F. ) ;
#10891 = VECTOR ( 'NONE', #9303, 39.37007874015748143 ) ;
#10892 = ORIENTED_EDGE ( 'NONE', *, *, #3193, .T. ) ;
#10893 = PLANE ( 'NONE',  #448 ) ;
#10894 = ORIENTED_EDGE ( 'NONE', *, *, #1395, .F. ) ;
#10895 = EDGE_CURVE ( 'NONE', #124, #8949, #1871, .T. ) ;
#10896 = EDGE_CURVE ( 'NONE', #2549, #9261, #10824, .T. ) ;
#10897 = LINE ( 'NONE', #8945, #534 ) ;
#10898 = CARTESIAN_POINT ( 'NONE',  ( 0.1558691573354936966, 0.3681574251136630060, 0.4397504574761377794 ) ) ;
#10899 = CARTESIAN_POINT ( 'NONE',  ( 0.3625620707213386140, 0.1476849841687954967, 0.4180969141690433211 ) ) ;
#10900 = VERTEX_POINT ( 'NONE', #8876 ) ;
#10901 = DIRECTION ( 'NONE',  ( 0.0000000000000000000, 8.220413448604739958E-18, -1.000000000000000000 ) ) ;
#10902 = AXIS2_PLACEMENT_3D ( 'NONE', #11295, #5154, #11172 ) ;
#10903 = FACE_OUTER_BOUND ( 'NONE', #1630, .T. ) ;
#10904 = DIRECTION ( 'NONE',  ( 3.007447121050439791E-18, 2.498001805406600244E-16, 1.000000000000000000 ) ) ;
#10905 = ORIENTED_EDGE ( 'NONE', *, *, #11289, .F. ) ;
#10906 = CARTESIAN_POINT ( 'NONE',  ( 0.3562628581229011493, 0.08075585031051535356, 0.4397504574761377794 ) ) ;
#10907 = PRESENTATION_STYLE_ASSIGNMENT (( #2924 ) ) ;
#10908 = ORIENTED_EDGE ( 'NONE', *, *, #10972, .F. ) ;
#10909 = CARTESIAN_POINT ( 'NONE',  ( 0.1145305746583313022, 0.5571338030664260144, 0.4440811661375591024 ) ) ;
#10910 = PRESENTATION_LAYER_ASSIGNMENT (  '', '', ( #1572 ) ) ;
#10911 = LINE ( 'NONE', #6906, #69 ) ;
#10912 = CARTESIAN_POINT ( 'NONE',  ( 0.2090187636347251854, 0.1279999447987149597, 0.2058921897596043549 ) ) ;
#10913 = ORIENTED_EDGE ( 'NONE', *, *, #10759, .T. ) ;
#10914 = ORIENTED_EDGE ( 'NONE', *, *, #4832, .T. ) ;
#10915 = FACE_OUTER_BOUND ( 'NONE', #1526, .T. ) ;
#10916 = CARTESIAN_POINT ( 'NONE',  ( 0.2549654452460238807, 0.5348518666415066347, 0.4243961267674756233 ) ) ;
#10917 = ADVANCED_FACE ( 'NONE', ( #3830 ), #8814, .F. ) ;
#10918 = VECTOR ( 'NONE', #3863, 39.37007874015748143 ) ;
#10919 = CARTESIAN_POINT ( 'NONE',  ( 0.3920896297764417393, 0.1476849841688037401, 0.1901441582635393646 ) ) ;
#10920 = ORIENTED_EDGE ( 'NONE', *, *, #10331, .F. ) ;
#10921 = VECTOR ( 'NONE', #6848, 39.37007874015748143 ) ;
#10922 = DIRECTION ( 'NONE',  ( 1.000000000000000000, 0.0000000000000000000, 0.0000000000000000000 ) ) ;
#10923 = EDGE_CURVE ( 'NONE', #12907, #5693, #7881, .T. ) ;
#10924 = ORIENTED_EDGE ( 'NONE', *, *, #1950, .T. ) ;
#10925 = DIRECTION ( 'NONE',  ( -1.316334802367149914E-16, 1.000000000000000000, -1.526556658859589750E-16 ) ) ;
#10926 = CARTESIAN_POINT ( 'NONE',  ( 0.4255541967055787023, 0.2972912833813901590, 0.3614040007832315382 ) ) ;
#10927 = ORIENTED_EDGE ( 'NONE', *, *, #11483, .T. ) ;
#10928 = ADVANCED_FACE ( 'NONE', ( #11969 ), #6892, .F. ) ;
#10929 = VECTOR ( 'NONE', #12480, 39.37007874015748143 ) ;
#10930 = DIRECTION ( 'NONE',  ( -3.007447121050439791E-18, -2.498001805406600244E-16, -1.000000000000000000 ) ) ;
#10931 = VERTEX_POINT ( 'NONE', #9267 ) ;
#10932 = CIRCLE ( 'NONE', #741, 0.04724409448818896184 ) ;
#10933 = CARTESIAN_POINT ( 'NONE',  ( 0.3645305746583386020, 0.2776062440113113983, 0.1901441582635393646 ) ) ;
#10934 = DIMENSIONAL_EXPONENTS ( 1.000000000000000000, 0.0000000000000000000, 0.0000000000000000000, 0.0000000000000000000, 0.0000000000000000000, 0.0000000000000000000, 0.0000000000000000000 ) ;
#10935 = CARTESIAN_POINT ( 'NONE',  ( 0.05547545654809511728, 0.3957164802317834629, 0.5070732921218070732 ) ) ;
#10936 = ADVANCED_FACE ( 'NONE', ( #4085 ), #3095, .F. ) ;
#10937 = LINE ( 'NONE', #2750, #9629 ) ;
#10938 =( GEOMETRIC_REPRESENTATION_CONTEXT ( 3 ) GLOBAL_UNCERTAINTY_ASSIGNED_CONTEXT ( ( #6834 ) ) GLOBAL_UNIT_ASSIGNED_CONTEXT ( ( #1897, #6713, #6850 ) ) REPRESENTATION_CONTEXT ( 'NONE', 'WORKASPACE' ) );
#10939 = CARTESIAN_POINT ( 'NONE',  ( 0.2562628581229027813, 0.08075585031050630525, 0.2515614810981878224 ) ) ;
#10940 =( GEOMETRIC_REPRESENTATION_CONTEXT ( 3 ) GLOBAL_UNCERTAINTY_ASSIGNED_CONTEXT ( ( #5205 ) ) GLOBAL_UNIT_ASSIGNED_CONTEXT ( ( #10611, #9607, #11882 ) ) REPRESENTATION_CONTEXT ( 'NONE', 'WORKASPACE' ) );
#10941 = DIRECTION ( 'NONE',  ( 1.000000000000000000, 0.0000000000000000000, 0.0000000000000000000 ) ) ;
#10942 = CARTESIAN_POINT ( 'NONE',  ( 0.2326408108788126095, -0.1446865674942330871, 0.2515614810981878224 ) ) ;
#10943 = EDGE_CURVE ( 'NONE', #9826, #3717, #4143, .T. ) ;
#10944 = LINE ( 'NONE', #1457, #10638 ) ;
#10945 = ORIENTED_EDGE ( 'NONE', *, *, #3312, .F. ) ;
#10946 = LINE ( 'NONE', #7927, #3020 ) ;
#10947 = ORIENTED_EDGE ( 'NONE', *, *, #8411, .T. ) ;
#10948 = ORIENTED_EDGE ( 'NONE', *, *, #161, .F. ) ;
#10949 = CARTESIAN_POINT ( 'NONE',  ( 0.2916959289890401763, 0.1279999447987147654, 0.5011677803107913443 ) ) ;
#10950 = DIRECTION ( 'NONE',  ( 0.8320502943379406435, 0.0000000000000000000, -0.5547001962250837082 ) ) ;
#10951 = DIRECTION ( 'NONE',  ( 0.8320502943379406435, 0.0000000000000000000, 0.5547001962250837082 ) ) ;
#10952 = VECTOR ( 'NONE', #2527, 39.37007874015748143 ) ;
#10953 = CARTESIAN_POINT ( 'NONE',  ( 0.3625620707213386140, 0.1555589999168269788, 0.2062858905469921178 ) ) ;
#10954 = DIRECTION ( 'NONE',  ( 0.0000000000000000000, 0.0000000000000000000, 1.000000000000000000 ) ) ;
#10955 = ORIENTED_EDGE ( 'NONE', *, *, #10046, .T. ) ;
#10956 = DIRECTION ( 'NONE',  ( -2.626713979715460250E-16, 4.163336342344334068E-16, 1.000000000000000000 ) ) ;
#10957 = FACE_OUTER_BOUND ( 'NONE', #11198, .T. ) ;
#10958 = ADVANCED_FACE ( 'NONE', ( #10221 ), #8058, .F. ) ;
#10959 = ORIENTED_EDGE ( 'NONE', *, *, #8557, .T. ) ;
#10960 = AXIS2_PLACEMENT_3D ( 'NONE', #10649, #3251, #8626 ) ;
#10961 = ORIENTED_EDGE ( 'NONE', *, *, #1980, .T. ) ;
#10962 = DIRECTION ( 'NONE',  ( 0.0000000000000000000, 0.0000000000000000000, 1.000000000000000000 ) ) ;
#10963 = ORIENTED_EDGE ( 'NONE', *, *, #3474, .F. ) ;
#10964 = VERTEX_POINT ( 'NONE', #5073 ) ;
#10965 = CARTESIAN_POINT ( 'NONE',  ( 0.2483888423748523422, 0.3760314408617059234, 0.3062858905470074999 ) ) ;
#10966 = ORIENTED_EDGE ( 'NONE', *, *, #12858, .F. ) ;
#10967 = LINE ( 'NONE', #1874, #9862 ) ;
#10968 = LINE ( 'NONE', #8004, #2929 ) ;
#10969 = CARTESIAN_POINT ( 'NONE',  ( 0.3704360864693551636, 0.08862986605855728561, 0.1901441582635393646 ) ) ;
#10970 = ORIENTED_EDGE ( 'NONE', *, *, #9516, .F. ) ;
#10971 = CARTESIAN_POINT ( 'NONE',  ( 0.2483888423748523422, 0.5295747479483235987, 0.4224276228305008374 ) ) ;
#10972 = EDGE_CURVE ( 'NONE', #12084, #5540, #9147, .T. ) ;
#10973 = FACE_OUTER_BOUND ( 'NONE', #12090, .T. ) ;
#10974 = VERTEX_POINT ( 'NONE', #2302 ) ;
#10975 = ADVANCED_FACE ( 'NONE', ( #1303 ), #7140, .T. ) ;
#10976 = CARTESIAN_POINT ( 'NONE',  ( 0.1558691573354938908, 0.3681574251136630060, 0.2515614810981878224 ) ) ;
#10977 = FACE_OUTER_BOUND ( 'NONE', #5255, .T. ) ;
#10978 = ORIENTED_EDGE ( 'NONE', *, *, #589, .T. ) ;
#10979 = CARTESIAN_POINT ( 'NONE',  ( 0.2405148266268504198, 0.2933542755073606512, 0.4515614810981850025 ) ) ;
#10980 = PLANE ( 'NONE',  #908 ) ;
#10981 = ORIENTED_EDGE ( 'NONE', *, *, #6903, .T. ) ;
#10982 = DIRECTION ( 'NONE',  ( -0.9922778767136850586, 0.1240347345890695785, 0.0000000000000000000 ) ) ;
#10983 = SURFACE_SIDE_STYLE ('',( #4975 ) ) ;
#10984 = EDGE_CURVE ( 'NONE', #10900, #5193, #9207, .T. ) ;
#10985 = CARTESIAN_POINT ( 'NONE',  ( 0.2405148266268504198, 0.3760314408617052018, 0.2653410086572283721 ) ) ;
#10986 = ADVANCED_FACE ( 'NONE', ( #8187 ), #12290, .F. ) ;
#10987 = ORIENTED_EDGE ( 'NONE', *, *, #10711, .T. ) ;
#10988 = LINE ( 'NONE', #6976, #3824 ) ;
#10989 = CARTESIAN_POINT ( 'NONE',  ( 0.1558691573355118209, 0.2264251416490909441, 0.2515614810981878224 ) ) ;
#10990 = AXIS2_PLACEMENT_3D ( 'NONE', #4219, #6287, #12248 ) ;
#10991 = ORIENTED_EDGE ( 'NONE', *, *, #5174, .T. ) ;
#10992 = LINE ( 'NONE', #5926, #2640 ) ;
#10993 = LINE ( 'NONE', #12072, #5653 ) ;
#10994 = ORIENTED_EDGE ( 'NONE', *, *, #2041, .F. ) ;
#10995 = EDGE_LOOP ( 'NONE', ( #8377, #11397, #4954, #475 ) ) ;
#10996 = EDGE_CURVE ( 'NONE', #1664, #5307, #7527, .T. ) ;
#10997 = DIRECTION ( 'NONE',  ( 0.0000000000000000000, 1.000000000000000000, 0.0000000000000000000 ) ) ;
#10998 = VECTOR ( 'NONE', #2124, 39.37007874015748143 ) ;
#10999 = CARTESIAN_POINT ( 'NONE',  ( 0.09090852741424035321, 0.05713380306642409229, 0.1684906149564565081 ) ) ;
#11000 = EDGE_CURVE ( 'NONE', #8815, #10025, #9395, .T. ) ;
#11001 = DIRECTION ( 'NONE',  ( 0.5547001962252281482, 0.0000000000000000000, 0.8320502943378442762 ) ) ;
#11002 = DIRECTION ( 'NONE',  ( -1.000000000000000000, 1.937287448275559661E-17, 2.565854121688507820E-49 ) ) ;
#11003 = LINE ( 'NONE', #3074, #12121 ) ;
#11004 = CARTESIAN_POINT ( 'NONE',  ( 0.3625620707213386140, 0.3130393148774570644, 0.2062465204682519537 ) ) ;
#11005 = ORIENTED_EDGE ( 'NONE', *, *, #13008, .T. ) ;
#11006 = LINE ( 'NONE', #4734, #9818 ) ;
#11007 = VERTEX_POINT ( 'NONE', #5471 ) ;
#11008 = ORIENTED_EDGE ( 'NONE', *, *, #6140, .F. ) ;
#11009 = PLANE ( 'NONE',  #8934 ) ;
#11010 = MECHANICAL_DESIGN_GEOMETRIC_PRESENTATION_REPRESENTATION (  '', ( #9088 ), #166 ) ;
#11011 = CARTESIAN_POINT ( 'NONE',  ( 0.3313688544887177234, 0.2185511259010751717, 0.4937480347020913318 ) ) ;
#11012 = DIRECTION ( 'NONE',  ( -1.937287448275559661E-17, -1.000000000000000000, -8.220413448604739958E-18 ) ) ;
#11013 = DIRECTION ( 'NONE',  ( 1.000000000000000000, -1.937287448275559661E-17, 0.0000000000000000000 ) ) ;
#11014 = ADVANCED_FACE ( 'NONE', ( #10742 ), #9462, .F. ) ;
#11015 = VERTEX_POINT ( 'NONE', #2431 ) ;
#11016 = CARTESIAN_POINT ( 'NONE',  ( 0.2405148266268504198, 0.1555589999168271731, 0.4850260480273039243 ) ) ;
#11017 = EDGE_CURVE ( 'NONE', #11715, #11480, #6469, .T. ) ;
#11018 = AXIS2_PLACEMENT_3D ( 'NONE', #3656, #554, #7435 ) ;
#11019 = CARTESIAN_POINT ( 'NONE',  ( 0.03972742505202851021, 0.2776062440113113983, 0.3456559692871649658 ) ) ;
#11020 = EDGE_LOOP ( 'NONE', ( #5248, #12070, #5032, #11271, #4080, #4073, #9924, #5472, #2494, #7839 ) ) ;
#11021 = ORIENTED_EDGE ( 'NONE', *, *, #10570, .F. ) ;
#11022 = PLANE ( 'NONE',  #12794 ) ;
#11023 = ORIENTED_EDGE ( 'NONE', *, *, #8410, .T. ) ;
#11024 = ORIENTED_EDGE ( 'NONE', *, *, #2079, .T. ) ;
#11025 = CARTESIAN_POINT ( 'NONE',  ( 0.3507510470992764029, 0.3957164802317834629, 0.4440811661375591024 ) ) ;
#11026 = DIRECTION ( 'NONE',  ( 3.518308117683323894E-16, -1.000000000000000000, 4.163336342344335547E-16 ) ) ;
#11027 = EDGE_LOOP ( 'NONE', ( #2912, #2775, #10195, #9690 ) ) ;
#11028 = EDGE_CURVE ( 'NONE', #7271, #9681, #4467, .T. ) ;
#11029 = SURFACE_STYLE_USAGE ( .BOTH. , #11159 ) ;
#11030 = LINE ( 'NONE', #11094, #1887 ) ;
#11031 = STYLED_ITEM ( 'NONE', ( #10848 ), #2143 ) ;
#11032 = LINE ( 'NONE', #4822, #12922 ) ;
#11033 = EDGE_LOOP ( 'NONE', ( #9160, #9812, #2769, #7218 ) ) ;
#11034 = EDGE_CURVE ( 'NONE', #4509, #547, #5538, .T. ) ;
#11035 = CARTESIAN_POINT ( 'NONE',  ( 0.3389400234772338982, 0.3760314408617052018, 0.3810890401533106320 ) ) ;
#11036 = ORIENTED_EDGE ( 'NONE', *, *, #1980, .F. ) ;
#11037 = VECTOR ( 'NONE', #11234, 39.37007874015748143 ) ;
#11038 = PLANE ( 'NONE',  #6364 ) ;
#11039 = DIRECTION ( 'NONE',  ( -1.000000000000000000, -3.518308117683325866E-16, -2.626713979715460250E-16 ) ) ;
#11040 = VERTEX_POINT ( 'NONE', #6671 ) ;
#11041 = DIRECTION ( 'NONE',  ( 1.000000000000000000, 1.174096724532128111E-16, -4.283287147278279229E-17 ) ) ;
#11042 = ORIENTED_EDGE ( 'NONE', *, *, #1599, .F. ) ;
#11043 = ADVANCED_FACE ( 'NONE', ( #3545 ), #4543, .T. ) ;
#11044 = AXIS2_PLACEMENT_3D ( 'NONE', #10989, #2879, #13130 ) ;
#11045 = ORIENTED_EDGE ( 'NONE', *, *, #6913, .T. ) ;
#11046 = VECTOR ( 'NONE', #7994, 39.37007874015748143 ) ;
#11047 = CARTESIAN_POINT ( 'NONE',  ( 0.3385463226898373645, -0.07278745677610237719, 0.4515614810981850025 ) ) ;
#11048 = DIRECTION ( 'NONE',  ( -1.000000000000000000, -1.408738150179759833E-16, 6.014894242100889598E-18 ) ) ;
#11049 = CARTESIAN_POINT ( 'NONE',  ( 0.05547545654809511728, 0.05713380306642400902, 0.2039236858226015914 ) ) ;
#11050 = ORIENTED_EDGE ( 'NONE', *, *, #5964, .T. ) ;
#11051 = ORIENTED_EDGE ( 'NONE', *, *, #6179, .F. ) ;
#11052 = DIRECTION ( 'NONE',  ( -1.937287448275559661E-17, -1.000000000000000000, -8.220413448604588965E-18 ) ) ;
#11053 = VECTOR ( 'NONE', #12053, 39.37007874015748143 ) ;
#11054 = FILL_AREA_STYLE ('',( #5042 ) ) ;
#11055 = STYLED_ITEM ( 'NONE', ( #10856 ), #3226 ) ;
#11056 = ORIENTED_EDGE ( 'NONE', *, *, #6942, .F. ) ;
#11057 = LINE ( 'NONE', #883, #5438 ) ;
#11058 = EDGE_LOOP ( 'NONE', ( #9564, #6153, #11760, #4328, #5409, #3654, #2295, #10721, #10353, #3810, #9037, #3698, #1818, #1455 ) ) ;
#11059 = ADVANCED_FACE ( 'NONE', ( #12747 ), #11742, .T. ) ;
#11060 = EDGE_CURVE ( 'NONE', #6991, #1928, #1850, .T. ) ;
#11061 = AXIS2_PLACEMENT_3D ( 'NONE', #4560, #5623, #9694 ) ;
#11062 = LINE ( 'NONE', #10935, #5121 ) ;
#11063 = CARTESIAN_POINT ( 'NONE',  ( 0.1208297872567765802, -0.05703942528004488088, 0.2515614810981878224 ) ) ;
#11064 = STYLED_ITEM ( 'NONE', ( #11499 ), #3525 ) ;
#11065 = CARTESIAN_POINT ( 'NONE',  ( 0.2326408108788039775, 0.5728818345624920871, 0.4283331346414961383 ) ) ;
#11066 = CARTESIAN_POINT ( 'NONE',  ( 0.2405148266268504198, 0.1555589999168269788, 0.2062858905469921178 ) ) ;
#11067 = LINE ( 'NONE', #3998, #7622 ) ;
#11068 = DIRECTION ( 'NONE',  ( -2.359223927328455183E-16, 3.885780586188049864E-16, 1.000000000000000000 ) ) ;
#11069 = ADVANCED_FACE ( 'NONE', ( #3812 ), #4739, .T. ) ;
#11070 = ORIENTED_EDGE ( 'NONE', *, *, #9093, .T. ) ;
#11071 = ORIENTED_EDGE ( 'NONE', *, *, #10397, .T. ) ;
#11072 = ORIENTED_EDGE ( 'NONE', *, *, #3076, .T. ) ;
#11073 = SURFACE_STYLE_FILL_AREA ( #1984 ) ;
#11074 = PLANE ( 'NONE',  #5359 ) ;
#11075 = EDGE_CURVE ( 'NONE', #12310, #11374, #2898, .T. ) ;
#11076 = EDGE_LOOP ( 'NONE', ( #47, #1970, #11795, #6147 ) ) ;
#11077 = LINE ( 'NONE', #969, #12372 ) ;
#11078 = VECTOR ( 'NONE', #804, 39.37007874015748143 ) ;
#11079 = CARTESIAN_POINT ( 'NONE',  ( 0.2405148266268504198, 0.1555589999168271731, 0.4515614810981740113 ) ) ;
#11080 = AXIS2_PLACEMENT_3D ( 'NONE', #2259, #5278, #1399 ) ;
#11081 = DIRECTION ( 'NONE',  ( -1.937287448275559661E-17, -1.000000000000000000, -8.220413448604588965E-18 ) ) ;
#11082 = EDGE_LOOP ( 'NONE', ( #2784, #2246, #2303, #1465, #4180, #11621, #11090, #1944, #6786, #4393 ) ) ;
#11083 = VERTEX_POINT ( 'NONE', #7864 ) ;
#11084 = ADVANCED_FACE ( 'NONE', ( #8724 ), #7932, .F. ) ;
#11085 = CARTESIAN_POINT ( 'NONE',  ( 0.3920896297764417393, 0.05713380306642409229, 0.1921126622005507878 ) ) ;
#11086 = EDGE_LOOP ( 'NONE', ( #5227, #8506, #10455, #6851 ) ) ;
#11087 = DIRECTION ( 'NONE',  ( 1.000000000000000000, 3.376070039848299626E-16, 2.359223927328455183E-16 ) ) ;
#11088 = AXIS2_PLACEMENT_3D ( 'NONE', #4753, #12901, #10962 ) ;
#11089 = CARTESIAN_POINT ( 'NONE',  ( 0.3330345116662205007, 0.1555589999168269788, 0.2062465204682519537 ) ) ;
#11090 = ORIENTED_EDGE ( 'NONE', *, *, #9421, .F. ) ;
#11091 = EDGE_CURVE ( 'NONE', #4176, #9832, #6805, .T. ) ;
#11092 = VECTOR ( 'NONE', #3619, 39.37007874015748143 ) ;
#11093 = LINE ( 'NONE', #2004, #1813 ) ;
#11094 = CARTESIAN_POINT ( 'NONE',  ( 0.2129557715087252168, 0.1083149054286360186, 0.4893567566887362386 ) ) ;
#11095 = ORIENTED_EDGE ( 'NONE', *, *, #4642, .T. ) ;
#11096 = CARTESIAN_POINT ( 'NONE',  ( 0.2562628581229023927, 0.08862986605856634781, 0.2515614810981767757 ) ) ;
#11097 = MECHANICAL_DESIGN_GEOMETRIC_PRESENTATION_REPRESENTATION (  '', ( #3440 ), #1555 ) ;
#11098 = EDGE_CURVE ( 'NONE', #5424, #2549, #3677, .T. ) ;
#11099 = VERTEX_POINT ( 'NONE', #2954 ) ;
#11100 = CIRCLE ( 'NONE', #10674, 0.05610236220472444857 ) ;
#11101 = DIRECTION ( 'NONE',  ( 0.0000000000000000000, 0.0000000000000000000, -1.000000000000000000 ) ) ;
#11102 = EDGE_CURVE ( 'NONE', #433, #13077, #12886, .T. ) ;
#11103 = DIRECTION ( 'NONE',  ( 3.518308117683324880E-16, -1.000000000000000000, 4.163336342344335054E-16 ) ) ;
#11104 = ORIENTED_EDGE ( 'NONE', *, *, #1341, .T. ) ;
#11105 = DIRECTION ( 'NONE',  ( 3.518308117683324880E-16, -1.000000000000000000, 4.163336342344335054E-16 ) ) ;
#11106 = CARTESIAN_POINT ( 'NONE',  ( 0.3208297872567559272, 0.05713380306642441148, 0.2397504574761405716 ) ) ;
#11107 = SURFACE_STYLE_USAGE ( .BOTH. , #6909 ) ;
#11108 = EDGE_LOOP ( 'NONE', ( #7419, #99, #7967, #10183 ) ) ;
#11109 = STYLED_ITEM ( 'NONE', ( #5918 ), #7453 ) ;
#11110 = ORIENTED_EDGE ( 'NONE', *, *, #11594, .F. ) ;
#11111 = CARTESIAN_POINT ( 'NONE',  ( 0.2326408108788039775, 0.05713380306642409229, 0.5011677803107913443 ) ) ;
#11112 = VERTEX_POINT ( 'NONE', #10806 ) ;
#11113 = UNCERTAINTY_MEASURE_WITH_UNIT (LENGTH_MEASURE( 1.000000000000000082E-05 ), #10297, 'distance_accuracy_value', 'NONE');
#11114 = DIRECTION ( 'NONE',  ( 1.000000000000000000, 0.0000000000000000000, 0.0000000000000000000 ) ) ;
#11115 = VECTOR ( 'NONE', #579, 39.37007874015748143 ) ;
#11116 = ORIENTED_EDGE ( 'NONE', *, *, #5080, .F. ) ;
#11117 = DIRECTION ( 'NONE',  ( 1.000000000000000000, 1.174096724532128111E-16, -4.283287147278279229E-17 ) ) ;
#11118 = ADVANCED_FACE ( 'NONE', ( #8860 ), #12817, .T. ) ;
#11119 = MECHANICAL_DESIGN_GEOMETRIC_PRESENTATION_REPRESENTATION (  '', ( #8525 ), #7909 ) ;
#11120 = DIRECTION ( 'NONE',  ( 0.0000000000000000000, 0.0000000000000000000, 1.000000000000000000 ) ) ;
#11121 = VERTEX_POINT ( 'NONE', #4802 ) ;
#11122 = DIRECTION ( 'NONE',  ( 1.000000000000000000, -1.937287448275559661E-17, 0.0000000000000000000 ) ) ;
#11123 = LINE ( 'NONE', #6981, #5013 ) ;
#11124 = ORIENTED_EDGE ( 'NONE', *, *, #10442, .T. ) ;
#11125 = AXIS2_PLACEMENT_3D ( 'NONE', #6015, #4128, #4068 ) ;
#11126 = PRESENTATION_LAYER_ASSIGNMENT (  '', '', ( #6423 ) ) ;
#11127 = DIRECTION ( 'NONE',  ( 0.4472135955002290997, 0.8944271909997801862, -2.549099026651079982E-16 ) ) ;
#11128 = DIRECTION ( 'NONE',  ( 0.0000000000000000000, 0.0000000000000000000, -1.000000000000000000 ) ) ;
#11129 = CARTESIAN_POINT ( 'NONE',  ( 0.2483888423748523422, 0.4547715983420212993, 0.3062858905470074999 ) ) ;
#11130 = CARTESIAN_POINT ( 'NONE',  ( 0.3625620707213386140, 0.2756377400743055262, 0.3255772291296685217 ) ) ;
#11131 = LINE ( 'NONE', #8916, #6985 ) ;
#11132 = EDGE_CURVE ( 'NONE', #12193, #3052, #1920, .T. ) ;
#11133 = ADVANCED_FACE ( 'NONE', ( #6877 ), #11074, .T. ) ;
#11134 = FACE_OUTER_BOUND ( 'NONE', #43, .T. ) ;
#11135 = VECTOR ( 'NONE', #10249, 39.37007874015748143 ) ;
#11136 = ORIENTED_EDGE ( 'NONE', *, *, #2770, .F. ) ;
#11137 = VECTOR ( 'NONE', #5920, 39.37007874015748143 ) ;
#11138 = ORIENTED_EDGE ( 'NONE', *, *, #6038, .F. ) ;
#11139 = CARTESIAN_POINT ( 'NONE',  ( 0.2208297872567575038, -0.05703942528004480456, 0.4515614810981850025 ) ) ;
#11140 = CARTESIAN_POINT ( 'NONE',  ( 0.2483888423748523422, 0.3760314408617059234, 0.2669158118068500340 ) ) ;
#11141 = ORIENTED_EDGE ( 'NONE', *, *, #2713, .F. ) ;
#11142 = PLANE ( 'NONE',  #1604 ) ;
#11143 = VERTEX_POINT ( 'NONE', #5671 ) ;
#11144 =( NAMED_UNIT ( * ) PLANE_ANGLE_UNIT ( ) SI_UNIT ( $, .RADIAN. ) );
#11145 = VECTOR ( 'NONE', #1375, 39.37007874015748143 ) ;
#11146 = PLANE ( 'NONE',  #8109 ) ;
#11147 = MECHANICAL_DESIGN_GEOMETRIC_PRESENTATION_REPRESENTATION (  '', ( #8334 ), #1379 ) ;
#11148 = CARTESIAN_POINT ( 'NONE',  ( 0.2326408108788039775, 0.5531967951924180449, 0.4017583314918893866 ) ) ;
#11149 = ORIENTED_EDGE ( 'NONE', *, *, #3704, .T. ) ;
#11150 = DIRECTION ( 'NONE',  ( 2.865203769218833733E-48, -8.220413448604588965E-18, 1.000000000000000000 ) ) ;
#11151 = ADVANCED_FACE ( 'NONE', ( #642 ), #12953, .F. ) ;
#11152 = ORIENTED_EDGE ( 'NONE', *, *, #7224, .F. ) ;
#11153 = CARTESIAN_POINT ( 'NONE',  ( 0.1558691573354938908, 0.3091023070034267795, 0.2515614810981878224 ) ) ;
#11154 = ORIENTED_EDGE ( 'NONE', *, *, #11377, .F. ) ;
#11155 = ORIENTED_EDGE ( 'NONE', *, *, #1158, .T. ) ;
#11156 = CARTESIAN_POINT ( 'NONE',  ( 0.2916959289890523888, 0.2448335284032795434, 0.3456559692871527534 ) ) ;
#11157 = PRESENTATION_LAYER_ASSIGNMENT (  '', '', ( #3925 ) ) ;
#11158 = VERTEX_POINT ( 'NONE', #3684 ) ;
#11159 = SURFACE_SIDE_STYLE ('',( #5017 ) ) ;
#11160 = LINE ( 'NONE', #4023, #5459 ) ;
#11161 = CARTESIAN_POINT ( 'NONE',  ( 0.2267352990677846403, -0.07278745677610237719, 0.4397504574761377794 ) ) ;
#11162 = ORIENTED_EDGE ( 'NONE', *, *, #2605, .T. ) ;
#11163 = ADVANCED_FACE ( 'NONE', ( #4859 ), #5739, .T. ) ;
#11164 = EDGE_CURVE ( 'NONE', #8931, #11158, #5814, .T. ) ;
#11165 = AXIS2_PLACEMENT_3D ( 'NONE', #7451, #2422, #6461 ) ;
#11166 = CARTESIAN_POINT ( 'NONE',  ( 0.2221780689372488127, 0.4272125432239181064, 0.4007740795234071007 ) ) ;
#11167 = ADVANCED_FACE ( 'NONE', ( #8927 ), #775, .F. ) ;
#11168 = CARTESIAN_POINT ( 'NONE',  ( 0.1208297872567765802, -0.05703942528004480456, 0.4397504574761377794 ) ) ;
#11169 = PLANE ( 'NONE',  #684 ) ;
#11170 = ORIENTED_EDGE ( 'NONE', *, *, #5929, .F. ) ;
#11171 = DIRECTION ( 'NONE',  ( -2.626713979715460250E-16, 4.163336342344334068E-16, 1.000000000000000000 ) ) ;
#11172 = DIRECTION ( 'NONE',  ( -0.4472135954996860341, -0.8944271910000517467, 1.437323020767005910E-16 ) ) ;
#11173 = AXIS2_PLACEMENT_3D ( 'NONE', #7505, #6576, #10586 ) ;
#11174 = ORIENTED_EDGE ( 'NONE', *, *, #12822, .T. ) ;
#11175 = EDGE_CURVE ( 'NONE', #9018, #3210, #9311, .T. ) ;
#11176 = CARTESIAN_POINT ( 'NONE',  ( 0.2326408108788161622, 0.1476849841687954967, 0.2554984889721937380 ) ) ;
#11177 = AXIS2_PLACEMENT_3D ( 'NONE', #4414, #7343, #3436 ) ;
#11178 = MECHANICAL_DESIGN_GEOMETRIC_PRESENTATION_REPRESENTATION (  '', ( #10750 ), #12675 ) ;
#11179 = CARTESIAN_POINT ( 'NONE',  ( 0.2326408108788039775, 0.5295747479483133846, 0.3456559692871649658 ) ) ;
#11180 = ORIENTED_EDGE ( 'NONE', *, *, #1025, .T. ) ;
#11181 = SHAPE_DEFINITION_REPRESENTATION ( #1378, #8881 ) ;
#11182 = VERTEX_POINT ( 'NONE', #11323 ) ;
#11183 = DIRECTION ( 'NONE',  ( 1.000000000000000000, 3.376070039848299626E-16, 2.359223927328455183E-16 ) ) ;
#11184 = LINE ( 'NONE', #1010, #6569 ) ;
#11185 = VERTEX_POINT ( 'NONE', #9190 ) ;
#11186 = DIRECTION ( 'NONE',  ( 0.0000000000000000000, 0.0000000000000000000, 1.000000000000000000 ) ) ;
#11187 = CARTESIAN_POINT ( 'NONE',  ( 0.3310660077292019721, 0.1791810471609177058, 0.3810890401533106320 ) ) ;
#11188 = ORIENTED_EDGE ( 'NONE', *, *, #8419, .F. ) ;
#11189 = EDGE_CURVE ( 'NONE', #5622, #1537, #97, .T. ) ;
#11190 = EDGE_CURVE ( 'NONE', #943, #11816, #6077, .T. ) ;
#11191 = DIRECTION ( 'NONE',  ( 0.0000000000000000000, -1.000000000000000000, 0.0000000000000000000 ) ) ;
#11192 = FACE_OUTER_BOUND ( 'NONE', #8877, .T. ) ;
#11193 =( NAMED_UNIT ( * ) PLANE_ANGLE_UNIT ( ) SI_UNIT ( $, .RADIAN. ) );
#11194 = LINE ( 'NONE', #11316, #10519 ) ;
#11195 = CARTESIAN_POINT ( 'NONE',  ( 0.07712899985517106261, 0.1988660865309976600, 0.3456559692871649658 ) ) ;
#11196 = DIRECTION ( 'NONE',  ( 1.000000000000000000, 1.408738150179759833E-16, -6.014894242100889598E-18 ) ) ;
#11197 = CARTESIAN_POINT ( 'NONE',  ( 0.2483888423748523422, 0.3583149054286425272, 0.4972307724367677761 ) ) ;
#11198 = EDGE_LOOP ( 'NONE', ( #3678, #8748, #4313, #2252 ) ) ;
#11199 = LINE ( 'NONE', #5116, #1353 ) ;
#11200 = ORIENTED_EDGE ( 'NONE', *, *, #4842, .F. ) ;
#11201 = CARTESIAN_POINT ( 'NONE',  ( 0.1027195510362938907, 0.1476849841687954967, 0.4554984889722086816 ) ) ;
#11202 = CARTESIAN_POINT ( 'NONE',  ( 0.3313688544887177234, 0.2776062440113113983, 0.4937480347020913318 ) ) ;
#11203 = EDGE_CURVE ( 'NONE', #12126, #96, #7308, .T. ) ;
#11204 = SURFACE_STYLE_USAGE ( .BOTH. , #7182 ) ;
#11205 = DIRECTION ( 'NONE',  ( 1.000000000000000000, 3.376070039848305050E-16, 2.359223927328455183E-16 ) ) ;
#11206 = CARTESIAN_POINT ( 'NONE',  ( 0.1558691573354936966, 0.2933542755073602626, 0.4515614810981850025 ) ) ;
#11207 = ORIENTED_EDGE ( 'NONE', *, *, #4401, .T. ) ;
#11208 = VERTEX_POINT ( 'NONE', #2224 ) ;
#11209 = VECTOR ( 'NONE', #6740, 39.37007874015748143 ) ;
#11210 = DIRECTION ( 'NONE',  ( 1.356991020290373981E-16, -1.000000000000000000, 3.469446951953615175E-16 ) ) ;
#11211 = ORIENTED_EDGE ( 'NONE', *, *, #5066, .T. ) ;
#11212 = ORIENTED_EDGE ( 'NONE', *, *, #10385, .F. ) ;
#11213 = DIRECTION ( 'NONE',  ( 0.0000000000000000000, 0.0000000000000000000, 1.000000000000000000 ) ) ;
#11214 = EDGE_LOOP ( 'NONE', ( #6501, #11990, #9428, #13111 ) ) ;
#11215 = FACE_OUTER_BOUND ( 'NONE', #2346, .T. ) ;
#11216 = SURFACE_STYLE_FILL_AREA ( #12169 ) ;
#11217 = EDGE_CURVE ( 'NONE', #708, #9550, #6191, .T. ) ;
#11218 = EDGE_CURVE ( 'NONE', #7585, #4162, #12330, .T. ) ;
#11219 = CARTESIAN_POINT ( 'NONE',  ( 0.3625620707213386140, 0.1555589999168269788, 0.2062465204682519537 ) ) ;
#11220 = VERTEX_POINT ( 'NONE', #10323 ) ;
#11221 = MECHANICAL_DESIGN_GEOMETRIC_PRESENTATION_REPRESENTATION (  '', ( #10584 ), #2296 ) ;
#11222 = CARTESIAN_POINT ( 'NONE',  ( 0.1267352990678039526, -0.07278745677611142550, 0.4397504574761377794 ) ) ;
#11223 = ORIENTED_EDGE ( 'NONE', *, *, #7599, .T. ) ;
#11224 = UNCERTAINTY_MEASURE_WITH_UNIT (LENGTH_MEASURE( 1.000000000000000082E-05 ), #10662, 'distance_accuracy_value', 'NONE');
#11225 = CARTESIAN_POINT ( 'NONE',  ( 0.1558691573354860360, 0.7897218048774075072, 0.2669158118068500340 ) ) ;
#11226 = DIRECTION ( 'NONE',  ( 0.1240347345890695785, -0.9922778767136850586, 0.0000000000000000000 ) ) ;
#11227 = ORIENTED_EDGE ( 'NONE', *, *, #1147, .T. ) ;
#11228 = DIRECTION ( 'NONE',  ( -0.5773502691896257311, 0.5773502691896257311, -0.5773502691896257311 ) ) ;
#11229 = ADVANCED_FACE ( 'NONE', ( #7240 ), #7176, .T. ) ;
#11230 = CARTESIAN_POINT ( 'NONE',  ( 0.1893337242646342400, 0.3760314408617059234, 0.3456559692871649658 ) ) ;
#11231 =( NAMED_UNIT ( * ) SI_UNIT ( $, .STERADIAN. ) SOLID_ANGLE_UNIT ( ) );
#11232 = ORIENTED_EDGE ( 'NONE', *, *, #8751, .F. ) ;
#11233 = EDGE_CURVE ( 'NONE', #6241, #7584, #1159, .T. ) ;
#11234 = DIRECTION ( 'NONE',  ( 0.0000000000000000000, 1.000000000000000000, 0.0000000000000000000 ) ) ;
#11235 =( GEOMETRIC_REPRESENTATION_CONTEXT ( 3 ) GLOBAL_UNCERTAINTY_ASSIGNED_CONTEXT ( ( #76 ) ) GLOBAL_UNIT_ASSIGNED_CONTEXT ( ( #1688, #2671, #7902 ) ) REPRESENTATION_CONTEXT ( 'NONE', 'WORKASPACE' ) );
#11236 = DIRECTION ( 'NONE',  ( 2.152236195923769863E-14, 2.498001805406629826E-16, 1.000000000000000000 ) ) ;
#11237 = ORIENTED_EDGE ( 'NONE', *, *, #5222, .F. ) ;
#11238 = UNCERTAINTY_MEASURE_WITH_UNIT (LENGTH_MEASURE( 1.000000000000000082E-05 ), #3894, 'distance_accuracy_value', 'NONE');
#11239 = ORIENTED_EDGE ( 'NONE', *, *, #3745, .F. ) ;
#11240 = CARTESIAN_POINT ( 'NONE',  ( 0.3625620707213386140, 0.1555589999168271731, 0.4456559692871464584 ) ) ;
#11241 = LINE ( 'NONE', #6172, #2333 ) ;
#11242 = DIRECTION ( 'NONE',  ( -1.000000000000000000, -3.376070039848300612E-16, -2.359223927328455183E-16 ) ) ;
#11243 = ADVANCED_FACE ( 'NONE', ( #3261 ), #964, .T. ) ;
#11244 = ORIENTED_EDGE ( 'NONE', *, *, #4386, .T. ) ;
#11245 = VECTOR ( 'NONE', #13051, 39.37007874015748143 ) ;
#11246 = STYLED_ITEM ( 'NONE', ( #3758 ), #2488 ) ;
#11247 = DIRECTION ( 'NONE',  ( 0.0000000000000000000, 8.220413448604739958E-18, -1.000000000000000000 ) ) ;
#11248 = EDGE_CURVE ( 'NONE', #6057, #962, #6253, .T. ) ;
#11249 = VERTEX_POINT ( 'NONE', #9066 ) ;
#11250 = FACE_OUTER_BOUND ( 'NONE', #452, .T. ) ;
#11251 = LINE ( 'NONE', #9936, #2215 ) ;
#11252 = CARTESIAN_POINT ( 'NONE',  ( 0.2326408108788161622, 0.1555589999168269788, 0.4810890401532991745 ) ) ;
#11253 = VECTOR ( 'NONE', #8287, 39.37007874015748143 ) ;
#11254 = VECTOR ( 'NONE', #12877, 39.37007874015748143 ) ;
#11255 = PRESENTATION_STYLE_ASSIGNMENT (( #2158 ) ) ;
#11256 = EDGE_CURVE ( 'NONE', #2777, #866, #10150, .T. ) ;
#11257 = LINE ( 'NONE', #2103, #417 ) ;
#11258 = ADVANCED_FACE ( 'NONE', ( #155 ), #4191, .T. ) ;
#11259 = VERTEX_POINT ( 'NONE', #5241 ) ;
#11260 = FACE_OUTER_BOUND ( 'NONE', #7255, .T. ) ;
#11261 = DIRECTION ( 'NONE',  ( 1.000000000000000000, 3.376070039848299626E-16, 2.359223927328455183E-16 ) ) ;
#11262 = AXIS2_PLACEMENT_3D ( 'NONE', #8142, #10295, #9282 ) ;
#11263 =( LENGTH_UNIT ( ) NAMED_UNIT ( * ) SI_UNIT ( $, .METRE. ) );
#11264 = VECTOR ( 'NONE', #5923, 39.37007874015748143 ) ;
#11265 = DIRECTION ( 'NONE',  ( -1.937287448275559661E-17, -1.000000000000000000, -8.220413448604588965E-18 ) ) ;
#11266 = FILL_AREA_STYLE ('',( #7184 ) ) ;
#11267 = CARTESIAN_POINT ( 'NONE',  ( 0.2483888423748476515, 0.7897218048774075072, 0.2905378590509508085 ) ) ;
#11268 = ORIENTED_EDGE ( 'NONE', *, *, #12051, .T. ) ;
#11269 = VECTOR ( 'NONE', #11832, 39.37007874015748143 ) ;
#11270 = VECTOR ( 'NONE', #8853, 39.37007874015748854 ) ;
#11271 = ORIENTED_EDGE ( 'NONE', *, *, #11420, .T. ) ;
#11272 = EDGE_CURVE ( 'NONE', #5401, #4381, #12214, .T. ) ;
#11273 = LINE ( 'NONE', #1105, #5316 ) ;
#11274 = ORIENTED_EDGE ( 'NONE', *, *, #5247, .T. ) ;
#11275 = VERTEX_POINT ( 'NONE', #13146 ) ;
#11276 = LINE ( 'NONE', #4142, #2573 ) ;
#11277 = SURFACE_STYLE_FILL_AREA ( #1173 ) ;
#11278 = VERTEX_POINT ( 'NONE', #1093 ) ;
#11279 = CARTESIAN_POINT ( 'NONE',  ( 0.1027195510362948899, 0.2165826219640791250, 0.4972307724367677761 ) ) ;
#11280 = DIRECTION ( 'NONE',  ( 1.937287448275559661E-17, 1.000000000000000000, 8.220413448604588965E-18 ) ) ;
#11281 = FACE_BOUND ( 'NONE', #10509, .T. ) ;
#11282 = MECHANICAL_DESIGN_GEOMETRIC_PRESENTATION_REPRESENTATION (  '', ( #12562 ), #5969 ) ;
#11283 = LINE ( 'NONE', #8005, #6825 ) ;
#11284 = EDGE_LOOP ( 'NONE', ( #11878, #4343, #12546, #1983 ) ) ;
#11285 = DIRECTION ( 'NONE',  ( 1.000000000000000000, 0.0000000000000000000, 0.0000000000000000000 ) ) ;
#11286 = ORIENTED_EDGE ( 'NONE', *, *, #409, .F. ) ;
#11287 = CIRCLE ( 'NONE', #3853, 0.01574803149606299885 ) ;
#11288 = DIRECTION ( 'NONE',  ( 0.0000000000000000000, 0.0000000000000000000, 1.000000000000000000 ) ) ;
#11289 = EDGE_CURVE ( 'NONE', #5843, #11638, #8041, .T. ) ;
#11290 = LINE ( 'NONE', #12361, #3632 ) ;
#11291 = EDGE_CURVE ( 'NONE', #3776, #4021, #5061, .T. ) ;
#11292 = VECTOR ( 'NONE', #6093, 39.37007874015748143 ) ;
#11293 = ORIENTED_EDGE ( 'NONE', *, *, #6356, .F. ) ;
#11294 = PLANE ( 'NONE',  #4028 ) ;
#11295 = CARTESIAN_POINT ( 'NONE',  ( 0.1444518345008675153, 0.05713380306640645362, 0.2515614810981878224 ) ) ;
#11296 = ORIENTED_EDGE ( 'NONE', *, *, #9668, .T. ) ;
#11297 = CARTESIAN_POINT ( 'NONE',  ( 0.3385463226898373645, -0.07278745677610257148, 0.2515614810981878224 ) ) ;
#11298 = STYLED_ITEM ( 'NONE', ( #8427 ), #6775 ) ;
#11299 = LINE ( 'NONE', #1193, #9009 ) ;
#11300 = ORIENTED_EDGE ( 'NONE', *, *, #6604, .F. ) ;
#11301 = EDGE_LOOP ( 'NONE', ( #12691, #2570, #8015, #9879 ) ) ;
#11302 = FACE_OUTER_BOUND ( 'NONE', #5783, .T. ) ;
#11303 = ORIENTED_EDGE ( 'NONE', *, *, #7971, .T. ) ;
#11304 = FACE_OUTER_BOUND ( 'NONE', #1060, .T. ) ;
#11305 = CIRCLE ( 'NONE', #5327, 0.02165354330709372277 ) ;
#11306 = DIRECTION ( 'NONE',  ( -1.316334802367149914E-16, 1.000000000000000000, -1.526556658859589750E-16 ) ) ;
#11307 = ORIENTED_EDGE ( 'NONE', *, *, #5333, .F. ) ;
#11308 = AXIS2_PLACEMENT_3D ( 'NONE', #12074, #5931, #12135 ) ;
#11309 = LINE ( 'NONE', #2210, #12912 ) ;
#11310 = ORIENTED_EDGE ( 'NONE', *, *, #1257, .F. ) ;
#11311 = ORIENTED_EDGE ( 'NONE', *, *, #12786, .T. ) ;
#11312 = LINE ( 'NONE', #10253, #10248 ) ;
#11313 = EDGE_CURVE ( 'NONE', #661, #9215, #11199, .T. ) ;
#11314 = DIRECTION ( 'NONE',  ( -1.000000000000000000, 1.937287448275559661E-17, 0.0000000000000000000 ) ) ;
#11315 = AXIS2_PLACEMENT_3D ( 'NONE', #13062, #3856, #12993 ) ;
#11316 = CARTESIAN_POINT ( 'NONE',  ( 0.3645305746583386020, 0.4575997454093465033, 0.4243961267674803417 ) ) ;
#11317 = CARTESIAN_POINT ( 'NONE',  ( 0.1385463226898582811, -0.07278745677611142550, 0.4397504574761377794 ) ) ;
#11318 = CARTESIAN_POINT ( 'NONE',  ( 0.3350030156032094419, 0.5728818345624920871, 0.4283331346414961383 ) ) ;
#11319 = ADVANCED_FACE ( 'NONE', ( #11260 ), #12460, .F. ) ;
#11320 = DIRECTION ( 'NONE',  ( 0.0000000000000000000, -1.000000000000000000, 0.0000000000000000000 ) ) ;
#11321 = ORIENTED_EDGE ( 'NONE', *, *, #8454, .F. ) ;
#11322 = STYLED_ITEM ( 'NONE', ( #8240 ), #10986 ) ;
#11323 = CARTESIAN_POINT ( 'NONE',  ( 0.2208297872567575038, -0.05703942528004480456, 0.4397504574761377794 ) ) ;
#11324 = DIRECTION ( 'NONE',  ( 1.000000000000000000, 3.376070039848305050E-16, 2.359223927328455183E-16 ) ) ;
#11325 = ORIENTED_EDGE ( 'NONE', *, *, #3034, .F. ) ;
#11326 = EDGE_CURVE ( 'NONE', #9943, #8293, #3321, .T. ) ;
#11327 = EDGE_CURVE ( 'NONE', #7846, #7223, #10656, .T. ) ;
#11328 = AXIS2_PLACEMENT_3D ( 'NONE', #7445, #2284, #12732 ) ;
#11329 = CARTESIAN_POINT ( 'NONE',  ( 0.2090187636347251854, 0.08862986605855749378, 0.2058921897596043549 ) ) ;
#11330 = ORIENTED_EDGE ( 'NONE', *, *, #9712, .T. ) ;
#11331 = CIRCLE ( 'NONE', #89, 0.05511811023622047861 ) ;
#11332 = ORIENTED_EDGE ( 'NONE', *, *, #3283, .F. ) ;
#11333 = LINE ( 'NONE', #8055, #4899 ) ;
#11334 = ORIENTED_EDGE ( 'NONE', *, *, #8885, .F. ) ;
#11335 = ORIENTED_EDGE ( 'NONE', *, *, #8424, .T. ) ;
#11336 =( NAMED_UNIT ( * ) PLANE_ANGLE_UNIT ( ) SI_UNIT ( $, .RADIAN. ) );
#11337 = VERTEX_POINT ( 'NONE', #3468 ) ;
#11338 =( CONVERSION_BASED_UNIT ( 'INCH', #12233 ) LENGTH_UNIT ( ) NAMED_UNIT ( #1681 ) );
#11339 = STYLED_ITEM ( 'NONE', ( #8242 ), #11975 ) ;
#11340 = VECTOR ( 'NONE', #6337, 39.37007874015748143 ) ;
#11341 = DIRECTION ( 'NONE',  ( -1.937287448275559661E-17, -1.000000000000000000, -8.220413448604739958E-18 ) ) ;
#11342 = ORIENTED_EDGE ( 'NONE', *, *, #1254, .T. ) ;
#11343 = ADVANCED_FACE ( 'NONE', ( #5453 ), #8354, .F. ) ;
#11344 = CARTESIAN_POINT ( 'NONE',  ( 0.2436485637416071770, 0.5488415724236820337, 0.4243961267674756233 ) ) ;
#11345 = CARTESIAN_POINT ( 'NONE',  ( 0.2103161765116064730, 0.5348518666414935341, 0.2669158118068457597 ) ) ;
#11346 = LINE ( 'NONE', #5338, #7319 ) ;
#11347 = ORIENTED_EDGE ( 'NONE', *, *, #1689, .T. ) ;
#11348 = STYLED_ITEM ( 'NONE', ( #1161 ), #12267 ) ;
#11349 = DIRECTION ( 'NONE',  ( -3.376070039848299626E-16, 1.000000000000000000, -4.302114220422480115E-16 ) ) ;
#11350 = DIRECTION ( 'NONE',  ( -1.937287448275559661E-17, -1.000000000000000000, -8.220413448604588965E-18 ) ) ;
#11351 = ORIENTED_EDGE ( 'NONE', *, *, #10522, .F. ) ;
#11352 = CYLINDRICAL_SURFACE ( 'NONE', #3172, 0.01574803149606299885 ) ;
#11353 = LINE ( 'NONE', #316, #5336 ) ;
#11354 = LINE ( 'NONE', #1462, #6107 ) ;
#11355 = SURFACE_STYLE_FILL_AREA ( #4280 ) ;
#11356 = VERTEX_POINT ( 'NONE', #3593 ) ;
#11357 = CARTESIAN_POINT ( 'NONE',  ( 0.2483888423748767671, 0.3583149054286425272, 0.1940811661375716479 ) ) ;
#11358 = VECTOR ( 'NONE', #3471, 39.37007874015748143 ) ;
#11359 = EDGE_CURVE ( 'NONE', #6833, #4170, #8767, .T. ) ;
#11360 =( LENGTH_UNIT ( ) NAMED_UNIT ( * ) SI_UNIT ( $, .METRE. ) );
#11361 = DIRECTION ( 'NONE',  ( -1.937287448275559661E-17, -1.000000000000000000, -8.220413448604588965E-18 ) ) ;
#11362 = ORIENTED_EDGE ( 'NONE', *, *, #5785, .T. ) ;
#11363 = UNCERTAINTY_MEASURE_WITH_UNIT (LENGTH_MEASURE( 1.000000000000000082E-05 ), #11501, 'distance_accuracy_value', 'NONE');
#11364 = ORIENTED_EDGE ( 'NONE', *, *, #11938, .T. ) ;
#11365 = CARTESIAN_POINT ( 'NONE',  ( 0.2405148266268504198, 0.1555589999168269788, 0.2456559692871496114 ) ) ;
#11366 = VERTEX_POINT ( 'NONE', #5309 ) ;
#11367 = DIRECTION ( 'NONE',  ( -3.518308117683324880E-16, 1.000000000000000000, -4.163336342344335054E-16 ) ) ;
#11368 = VECTOR ( 'NONE', #10073, 39.37007874015748143 ) ;
#11369 = PLANE ( 'NONE',  #6843 ) ;
#11370 = DIRECTION ( 'NONE',  ( -1.937287448275559661E-17, -1.000000000000000000, -8.220413448604588965E-18 ) ) ;
#11371 = ORIENTED_EDGE ( 'NONE', *, *, #6320, .T. ) ;
#11372 = DIRECTION ( 'NONE',  ( -1.937287448275559661E-17, -1.000000000000000000, -8.220413448604588965E-18 ) ) ;
#11373 = DIRECTION ( 'NONE',  ( -1.000000000000000000, 1.937287448275559661E-17, 0.0000000000000000000 ) ) ;
#11374 = VERTEX_POINT ( 'NONE', #7376 ) ;
#11375 = VERTEX_POINT ( 'NONE', #351 ) ;
#11376 = VECTOR ( 'NONE', #6131, 39.37007874015748143 ) ;
#11377 = EDGE_CURVE ( 'NONE', #8509, #519, #421, .T. ) ;
#11378 = VECTOR ( 'NONE', #5303, 39.37007874015748143 ) ;
#11379 = EDGE_CURVE ( 'NONE', #11672, #9949, #279, .T. ) ;
#11380 = DIRECTION ( 'NONE',  ( 1.937287448275559661E-17, 1.000000000000000000, 8.220413448604588965E-18 ) ) ;
#11381 = LINE ( 'NONE', #5446, #9036 ) ;
#11382 = DIRECTION ( 'NONE',  ( 1.133085894446545875E-16, -0.7071067811865480168, 0.7071067811865470176 ) ) ;
#11383 = CARTESIAN_POINT ( 'NONE',  ( 0.1027195510362846342, 0.1555589999168269788, 0.4732150244052676924 ) ) ;
#11384 = PLANE ( 'NONE',  #5504 ) ;
#11385 = ORIENTED_EDGE ( 'NONE', *, *, #11233, .T. ) ;
#11386 = EDGE_CURVE ( 'NONE', #12841, #1156, #3527, .T. ) ;
#11387 = PLANE ( 'NONE',  #12198 ) ;
#11388 = ORIENTED_EDGE ( 'NONE', *, *, #780, .F. ) ;
#11389 = ORIENTED_EDGE ( 'NONE', *, *, #6932, .F. ) ;
#11390 = ADVANCED_FACE ( 'NONE', ( #8563 ), #11448, .F. ) ;
#11391 = CARTESIAN_POINT ( 'NONE',  ( 0.2326408108788161622, 0.1476849841687954967, 0.2358134496021149773 ) ) ;
#11392 = AXIS2_PLACEMENT_3D ( 'NONE', #1685, #1617, #614 ) ;
#11393 = FACE_OUTER_BOUND ( 'NONE', #4944, .T. ) ;
#11394 = CARTESIAN_POINT ( 'NONE',  ( 0.2483888423748523422, 0.3760314408617059234, 0.2688843157438653431 ) ) ;
#11395 = ORIENTED_EDGE ( 'NONE', *, *, #7084, .T. ) ;
#11396 = CARTESIAN_POINT ( 'NONE',  ( 0.2483888423748523422, 0.7897218048774075072, 0.3850260480273224872 ) ) ;
#11397 = ORIENTED_EDGE ( 'NONE', *, *, #11546, .F. ) ;
#11398 = CARTESIAN_POINT ( 'NONE',  ( 0.2405148266268504198, 0.1555589999168271731, 0.4732150244052676924 ) ) ;
#11399 = ORIENTED_EDGE ( 'NONE', *, *, #7, .T. ) ;
#11400 = ORIENTED_EDGE ( 'NONE', *, *, #5614, .F. ) ;
#11401 = DIRECTION ( 'NONE',  ( 3.007447121050439791E-18, 2.498001805406600244E-16, 1.000000000000000000 ) ) ;
#11402 = AXIS2_PLACEMENT_3D ( 'NONE', #7542, #9482, #3564 ) ;
#11403 = DIRECTION ( 'NONE',  ( 0.0000000000000000000, -1.000000000000000000, 0.0000000000000000000 ) ) ;
#11404 = ADVANCED_FACE ( 'NONE', ( #4590, #12665 ), #11387, .T. ) ;
#11405 = SURFACE_STYLE_USAGE ( .BOTH. , #2123 ) ;
#11406 = DIRECTION ( 'NONE',  ( 0.0000000000000000000, 1.000000000000000000, 0.0000000000000000000 ) ) ;
#11407 = EDGE_CURVE ( 'NONE', #6233, #7974, #1283, .T. ) ;
#11408 = DIRECTION ( 'NONE',  ( 1.000000000000000000, 3.518308117683324880E-16, 2.626713979715460250E-16 ) ) ;
#11409 = ORIENTED_EDGE ( 'NONE', *, *, #10106, .F. ) ;
#11410 = CARTESIAN_POINT ( 'NONE',  ( 0.2326408108788126095, -0.1446865674942328650, 0.4397504574761377794 ) ) ;
#11411 = VECTOR ( 'NONE', #11406, 39.37007874015748143 ) ;
#11412 = CARTESIAN_POINT ( 'NONE',  ( 0.3625620707213386140, 0.1555589999168269788, 0.2810890401533023275 ) ) ;
#11413 = ORIENTED_EDGE ( 'NONE', *, *, #2886, .F. ) ;
#11414 = PLANE ( 'NONE',  #8475 ) ;
#11415 = EDGE_CURVE ( 'NONE', #6521, #2368, #11658, .T. ) ;
#11416 = CARTESIAN_POINT ( 'NONE',  ( 0.3645305746583386020, 0.3760314408617052018, 0.2669158118068504226 ) ) ;
#11417 = ORIENTED_EDGE ( 'NONE', *, *, #4843, .F. ) ;
#11418 = CARTESIAN_POINT ( 'NONE',  ( 0.2267352990677846403, -0.07278745677610237719, 0.4515614810981850025 ) ) ;
#11419 = CARTESIAN_POINT ( 'NONE',  ( 0.2326408108788161622, 0.1476849841687954967, 0.5011677803107859042 ) ) ;
#11420 = EDGE_CURVE ( 'NONE', #5838, #4538, #5385, .T. ) ;
#11421 = CARTESIAN_POINT ( 'NONE',  ( 0.2326408108788126095, -0.1446865674942330871, 0.2397504574761405716 ) ) ;
#11422 = SURFACE_SIDE_STYLE ('',( #11488 ) ) ;
#11423 = COLOUR_RGB ( '',0.7529411764705882248, 0.7529411764705882248, 0.0000000000000000000 ) ;
#11424 = ORIENTED_EDGE ( 'NONE', *, *, #9829, .F. ) ;
#11425 = CARTESIAN_POINT ( 'NONE',  ( 0.2444518345008484528, 0.05713380306641543255, 0.2515614810981878224 ) ) ;
#11426 = DIRECTION ( 'NONE',  ( 3.518308117683324880E-16, -1.000000000000000000, 4.163336342344335054E-16 ) ) ;
#11427 = DIRECTION ( 'NONE',  ( -2.359223927328455183E-16, 3.885780586188049864E-16, 1.000000000000000000 ) ) ;
#11428 = ORIENTED_EDGE ( 'NONE', *, *, #12453, .F. ) ;
#11429 = VECTOR ( 'NONE', #3538, 39.37007874015748143 ) ;
#11430 = ORIENTED_EDGE ( 'NONE', *, *, #7636, .F. ) ;
#11431 = EDGE_LOOP ( 'NONE', ( #2054, #1645, #11709, #8067 ) ) ;
#11432 = DIRECTION ( 'NONE',  ( -1.000000000000000000, -1.408738150179759833E-16, 6.014894242100889598E-18 ) ) ;
#11433 = ADVANCED_FACE ( 'NONE', ( #3395 ), #10068, .F. ) ;
#11434 = DIRECTION ( 'NONE',  ( 0.0000000000000000000, 0.0000000000000000000, 1.000000000000000000 ) ) ;
#11435 = VERTEX_POINT ( 'NONE', #2546 ) ;
#11436 = DIRECTION ( 'NONE',  ( 0.0000000000000000000, 8.220413448604739958E-18, -1.000000000000000000 ) ) ;
#11437 = DIRECTION ( 'NONE',  ( 1.000000000000000000, 0.0000000000000000000, 0.0000000000000000000 ) ) ;
#11438 = ORIENTED_EDGE ( 'NONE', *, *, #5185, .F. ) ;
#11439 = AXIS2_PLACEMENT_3D ( 'NONE', #8971, #5988, #6052 ) ;
#11440 = LINE ( 'NONE', #10518, #12849 ) ;
#11441 = CARTESIAN_POINT ( 'NONE',  ( 0.3290975037921822777, 0.5295747479483235987, 0.4224276228305008374 ) ) ;
#11442 = CARTESIAN_POINT ( 'NONE',  ( 0.4098061652095126295, 0.1988660865309964665, 0.3456559692871649658 ) ) ;
#11443 = DIRECTION ( 'NONE',  ( -1.000000000000000000, -1.408738150179759833E-16, 6.014894242100889598E-18 ) ) ;
#11444 = AXIS2_PLACEMENT_3D ( 'NONE', #3607, #3537, #9618 ) ;
#11445 = EDGE_CURVE ( 'NONE', #11366, #5486, #2480, .T. ) ;
#11446 = VERTEX_POINT ( 'NONE', #5588 ) ;
#11447 = EDGE_CURVE ( 'NONE', #7848, #7928, #9660, .T. ) ;
#11448 = PLANE ( 'NONE',  #4732 ) ;
#11449 = CARTESIAN_POINT ( 'NONE',  ( 0.3350030156032094419, 0.5728818345624920871, 0.4440811661375591024 ) ) ;
#11450 = LINE ( 'NONE', #8566, #2053 ) ;
#11451 = ORIENTED_EDGE ( 'NONE', *, *, #10252, .F. ) ;
#11452 = VECTOR ( 'NONE', #5717, 39.37007874015748143 ) ;
#11453 = PLANE ( 'NONE',  #1111 ) ;
#11454 = MECHANICAL_DESIGN_GEOMETRIC_PRESENTATION_REPRESENTATION (  '', ( #4020 ), #12528 ) ;
#11455 = SURFACE_SIDE_STYLE ('',( #7381 ) ) ;
#11456 = LINE ( 'NONE', #12605, #12026 ) ;
#11457 = CARTESIAN_POINT ( 'NONE',  ( 0.2326408108788039775, 0.2972912833813901590, 0.1684906149564565081 ) ) ;
#11458 = VERTEX_POINT ( 'NONE', #696 ) ;
#11459 = DIRECTION ( 'NONE',  ( 1.000000000000000000, 1.174096724532128111E-16, -4.283287147278279229E-17 ) ) ;
#11460 = LINE ( 'NONE', #5396, #1914 ) ;
#11461 = VERTEX_POINT ( 'NONE', #817 ) ;
#11462 = FACE_OUTER_BOUND ( 'NONE', #399, .T. ) ;
#11463 = ORIENTED_EDGE ( 'NONE', *, *, #1580, .F. ) ;
#11464 = ORIENTED_EDGE ( 'NONE', *, *, #13030, .T. ) ;
#11465 = DIRECTION ( 'NONE',  ( 1.937287448275559661E-17, 1.000000000000000000, 8.220413448604739958E-18 ) ) ;
#11466 = AXIS2_PLACEMENT_3D ( 'NONE', #4981, #7107, #2936 ) ;
#11467 = VERTEX_POINT ( 'NONE', #626 ) ;
#11468 = CARTESIAN_POINT ( 'NONE',  ( 0.2483888423748523422, 0.3760314408617059234, 0.4677032133816496073 ) ) ;
#11469 = LINE ( 'NONE', #4145, #11411 ) ;
#11470 = PLANE ( 'NONE',  #12477 ) ;
#11471 = CARTESIAN_POINT ( 'NONE',  ( 0.2405148266268504198, 0.3563464014916267741, 0.2850260480273070773 ) ) ;
#11472 = ORIENTED_EDGE ( 'NONE', *, *, #11034, .T. ) ;
#11473 = CARTESIAN_POINT ( 'NONE',  ( 0.1208297872567765802, -0.05703942528004488088, 0.2515614810981878224 ) ) ;
#11474 = VECTOR ( 'NONE', #1803, 39.37007874015748143 ) ;
#11475 = VECTOR ( 'NONE', #11288, 39.37007874015748143 ) ;
#11477 = ADVANCED_FACE ( 'NONE', ( #4784 ), #1902, .T. ) ;
#11476 = CARTESIAN_POINT ( 'NONE',  ( 0.2216330580160155994, 0.5488415724236428428, 0.2669158118068457042 ) ) ;
#11478 = FACE_OUTER_BOUND ( 'NONE', #1191, .T. ) ;
#11479 = LENGTH_MEASURE_WITH_UNIT ( LENGTH_MEASURE( 0.02539999999999999897 ), #7906 );
#11480 = VERTEX_POINT ( 'NONE', #7912 ) ;
#11481 = CARTESIAN_POINT ( 'NONE',  ( 0.1090187636347222516, 0.08075585031049743734, 0.2397504574761405716 ) ) ;
#11482 = PLANE ( 'NONE',  #12154 ) ;
#11483 = EDGE_CURVE ( 'NONE', #5401, #4669, #9863, .T. ) ;
#11484 = ORIENTED_EDGE ( 'NONE', *, *, #5695, .F. ) ;
#11485 = LINE ( 'NONE', #129, #7621 ) ;
#11486 = CARTESIAN_POINT ( 'NONE',  ( 0.09484553528825255542, 0.08862986605855728561, 0.5011677803107913443 ) ) ;
#11487 = AXIS2_PLACEMENT_3D ( 'NONE', #2442, #306, #5548 ) ;
#11488 = SURFACE_STYLE_FILL_AREA ( #6349 ) ;
#11489 = CARTESIAN_POINT ( 'NONE',  ( 0.3290975037921822777, 0.4547715983420212993, 0.3456559692871649658 ) ) ;
#11490 = VERTEX_POINT ( 'NONE', #1767 ) ;
#11491 = LINE ( 'NONE', #11425, #2170 ) ;
#11492 = ADVANCED_FACE ( 'NONE', ( #5719 ), #2882, .T. ) ;
#11493 = PRESENTATION_LAYER_ASSIGNMENT (  '', '', ( #8713 ) ) ;
#11494 = ADVANCED_FACE ( 'NONE', ( #2745 ), #8979, .F. ) ;
#11495 = DIRECTION ( 'NONE',  ( -1.000000000000000000, 0.0000000000000000000, 0.0000000000000000000 ) ) ;
#11496 = EDGE_LOOP ( 'NONE', ( #4044, #4497, #7379, #10208 ) ) ;
#11497 = UNCERTAINTY_MEASURE_WITH_UNIT (LENGTH_MEASURE( 1.000000000000000082E-05 ), #2108, 'distance_accuracy_value', 'NONE');
#11498 = ORIENTED_EDGE ( 'NONE', *, *, #8032, .F. ) ;
#11499 = PRESENTATION_STYLE_ASSIGNMENT (( #7288 ) ) ;
#11500 = DIRECTION ( 'NONE',  ( 1.000000000000000000, 0.0000000000000000000, 0.0000000000000000000 ) ) ;
#11501 =( CONVERSION_BASED_UNIT ( 'INCH', #12577 ) LENGTH_UNIT ( ) NAMED_UNIT ( #6744 ) );
#11502 = SURFACE_STYLE_FILL_AREA ( #10372 ) ;
#11503 = CARTESIAN_POINT ( 'NONE',  ( 0.3625620707213386140, 0.2756377400743055262, 0.3657347094446283253 ) ) ;
#11504 = VERTEX_POINT ( 'NONE', #7844 ) ;
#11505 = CIRCLE ( 'NONE', #5111, 0.01574803149606296415 ) ;
#11506 = CARTESIAN_POINT ( 'NONE',  ( 0.1208297872567765802, 0.05713380306641543255, 0.2515614810981878224 ) ) ;
#11507 = DIRECTION ( 'NONE',  ( 0.0000000000000000000, 0.0000000000000000000, 1.000000000000000000 ) ) ;
#11508 = ORIENTED_EDGE ( 'NONE', *, *, #2874, .F. ) ;
#11509 = VECTOR ( 'NONE', #9384, 39.37007874015748143 ) ;
#11510 = EDGE_LOOP ( 'NONE', ( #7532, #6440, #6236, #12854 ) ) ;
#11511 = FACE_OUTER_BOUND ( 'NONE', #10689, .T. ) ;
#11512 = CARTESIAN_POINT ( 'NONE',  ( 0.2326408108788126095, -0.1446865674942330871, 0.2515614810981878224 ) ) ;
#11513 = EDGE_CURVE ( 'NONE', #12369, #7149, #10992, .T. ) ;
#11514 = LINE ( 'NONE', #9435, #8777 ) ;
#11515 = PLANE ( 'NONE',  #1624 ) ;
#11516 = VECTOR ( 'NONE', #13119, 39.37007874015748143 ) ;
#11517 = DIRECTION ( 'NONE',  ( 0.0000000000000000000, 1.000000000000000000, 0.0000000000000000000 ) ) ;
#11518 = CARTESIAN_POINT ( 'NONE',  ( 0.3625620707213386140, 0.08862986605856654210, 0.2515614810981767757 ) ) ;
#11519 = AXIS2_PLACEMENT_3D ( 'NONE', #3932, #5049, #10997 ) ;
#11520 = DIRECTION ( 'NONE',  ( -1.356991020290373981E-16, 1.000000000000000000, -3.469446951953615175E-16 ) ) ;
#11521 = ORIENTED_EDGE ( 'NONE', *, *, #13030, .F. ) ;
#11522 = CARTESIAN_POINT ( 'NONE',  ( 0.2326408108788039775, 0.5531967951924180449, 0.3456559692871649658 ) ) ;
#11523 = LINE ( 'NONE', #280, #1632 ) ;
#11524 = CARTESIAN_POINT ( 'NONE',  ( 0.2405148266268504198, 0.1555589999168269788, 0.2850260480273070773 ) ) ;
#11525 = MECHANICAL_DESIGN_GEOMETRIC_PRESENTATION_REPRESENTATION (  '', ( #11109 ), #9182 ) ;
#11526 = SURFACE_STYLE_FILL_AREA ( #7448 ) ;
#11527 = EDGE_CURVE ( 'NONE', #9063, #2625, #2624, .T. ) ;
#11528 = FACE_OUTER_BOUND ( 'NONE', #11020, .T. ) ;
#11529 = EDGE_CURVE ( 'NONE', #1796, #9297, #13072, .T. ) ;
#11530 = CARTESIAN_POINT ( 'NONE',  ( 0.3468140392252720416, 0.1555589999168269788, 0.2062465204682519537 ) ) ;
#11531 = LINE ( 'NONE', #5189, #4643 ) ;
#11532 = DIRECTION ( 'NONE',  ( -4.283287147278279229E-17, -1.665334536937734811E-16, -1.000000000000000000 ) ) ;
#11533 = AXIS2_PLACEMENT_3D ( 'NONE', #4930, #13090, #7730 ) ;
#11534 = EDGE_LOOP ( 'NONE', ( #8832, #6112, #112, #11300, #12887, #10736 ) ) ;
#11535 = LINE ( 'NONE', #3540, #3427 ) ;
#11536 = VERTEX_POINT ( 'NONE', #2814 ) ;
#11537 = ORIENTED_EDGE ( 'NONE', *, *, #6127, .T. ) ;
#11538 = CARTESIAN_POINT ( 'NONE',  ( 0.1558691573354860360, 0.7897218048774075072, 0.4007740795233709075 ) ) ;
#11539 =( NAMED_UNIT ( * ) PLANE_ANGLE_UNIT ( ) SI_UNIT ( $, .RADIAN. ) );
#11540 = ORIENTED_EDGE ( 'NONE', *, *, #10166, .T. ) ;
#11541 = LINE ( 'NONE', #12685, #3266 ) ;
#11542 = LINE ( 'NONE', #1235, #10576 ) ;
#11543 = CARTESIAN_POINT ( 'NONE',  ( 0.1558691573354936966, 0.3681574251136630060, 0.4515614810981850025 ) ) ;
#11544 = VERTEX_POINT ( 'NONE', #4911 ) ;
#11545 = VECTOR ( 'NONE', #2682, 39.37007874015748143 ) ;
#11546 = EDGE_CURVE ( 'NONE', #12354, #4866, #9796, .T. ) ;
#11547 = DIRECTION ( 'NONE',  ( -2.273736754432319837E-13, 8.220413448609138782E-18, -1.000000000000000000 ) ) ;
#11548 = EDGE_CURVE ( 'NONE', #1407, #6103, #6650, .T. ) ;
#11549 = VECTOR ( 'NONE', #11314, 39.37007874015748143 ) ;
#11550 = DIRECTION ( 'NONE',  ( 0.0000000000000000000, 8.220413448604739958E-18, -1.000000000000000000 ) ) ;
#11551 = DIRECTION ( 'NONE',  ( -0.9363291775692853536, 0.3511234415877496629, -3.921313925348021466E-16 ) ) ;
#11552 = ORIENTED_EDGE ( 'NONE', *, *, #11911, .F. ) ;
#11553 = ORIENTED_EDGE ( 'NONE', *, *, #11835, .T. ) ;
#11554 = CARTESIAN_POINT ( 'NONE',  ( 0.1164990785953285424, 0.2165826219640791250, 0.4677032133816496073 ) ) ;
#11555 = CARTESIAN_POINT ( 'NONE',  ( 0.1027195510362938907, 0.1476849841687954967, 0.3456559692871708500 ) ) ;
#11556 = VERTEX_POINT ( 'NONE', #10727 ) ;
#11557 = FACE_OUTER_BOUND ( 'NONE', #4227, .T. ) ;
#11558 =( GEOMETRIC_REPRESENTATION_CONTEXT ( 3 ) GLOBAL_UNCERTAINTY_ASSIGNED_CONTEXT ( ( #3644 ) ) GLOBAL_UNIT_ASSIGNED_CONTEXT ( ( #12908, #7015, #8879 ) ) REPRESENTATION_CONTEXT ( 'NONE', 'WORKASPACE' ) );
#11559 =( NAMED_UNIT ( * ) SI_UNIT ( $, .STERADIAN. ) SOLID_ANGLE_UNIT ( ) );
#11560 = CARTESIAN_POINT ( 'NONE',  ( 0.2129557715087252168, 0.1279999447987147654, 0.2019551818855940817 ) ) ;
#11561 = VECTOR ( 'NONE', #2661, 39.37007874015748143 ) ;
#11562 = PRESENTATION_STYLE_ASSIGNMENT (( #5347 ) ) ;
#11563 = EDGE_CURVE ( 'NONE', #2549, #3062, #5807, .T. ) ;
#11564 = DIRECTION ( 'NONE',  ( 1.000000000000000000, 0.0000000000000000000, 0.0000000000000000000 ) ) ;
#11565 = VERTEX_POINT ( 'NONE', #5654 ) ;
#11566 = DIRECTION ( 'NONE',  ( 7.190187815859577592E-17, -0.7071067811865469066, 0.7071067811865479058 ) ) ;
#11567 = EDGE_CURVE ( 'NONE', #52, #12965, #5793, .T. ) ;
#11568 = AXIS2_PLACEMENT_3D ( 'NONE', #3414, #11612, #10471 ) ;
#11569 = FACE_OUTER_BOUND ( 'NONE', #4149, .T. ) ;
#11570 = ORIENTED_EDGE ( 'NONE', *, *, #13008, .F. ) ;
#11571 = VERTEX_POINT ( 'NONE', #6718 ) ;
#11572 = DIRECTION ( 'NONE',  ( 1.174096724532128111E-16, -1.000000000000000000, 1.665334536937734811E-16 ) ) ;
#11573 = PLANE ( 'NONE',  #115 ) ;
#11574 = ORIENTED_EDGE ( 'NONE', *, *, #9251, .T. ) ;
#11575 = SURFACE_STYLE_FILL_AREA ( #7554 ) ;
#11576 = DIRECTION ( 'NONE',  ( -1.316334802367149914E-16, 1.000000000000000000, -1.526556658859589750E-16 ) ) ;
#11577 = CIRCLE ( 'NONE', #8349, 0.04724409448818896184 ) ;
#11578 = CARTESIAN_POINT ( 'NONE',  ( 0.2267352990677846403, -0.07278745677610257148, 0.2397504574761405716 ) ) ;
#11579 = FACE_OUTER_BOUND ( 'NONE', #2128, .T. ) ;
#11580 = ORIENTED_EDGE ( 'NONE', *, *, #2855, .F. ) ;
#11581 = EDGE_CURVE ( 'NONE', #7306, #222, #758, .T. ) ;
#11582 = VERTEX_POINT ( 'NONE', #12796 ) ;
#11583 = DIRECTION ( 'NONE',  ( -1.937287448275559661E-17, -1.000000000000000000, -8.220413448604739958E-18 ) ) ;
#11584 = DIRECTION ( 'NONE',  ( -1.000000000000000000, -3.376070039848299626E-16, -2.359223927328455183E-16 ) ) ;
#11585 = FACE_OUTER_BOUND ( 'NONE', #10322, .T. ) ;
#11586 = AXIS2_PLACEMENT_3D ( 'NONE', #3071, #7233, #7118 ) ;
#11587 = DIRECTION ( 'NONE',  ( 0.0000000000000000000, 8.220413448604739958E-18, -1.000000000000000000 ) ) ;
#11588 = DIRECTION ( 'NONE',  ( 0.4472135955002294883, -0.8944271909997799641, 4.898503433089608835E-16 ) ) ;
#11589 = LINE ( 'NONE', #7373, #1267 ) ;
#11590 = EDGE_CURVE ( 'NONE', #3001, #8870, #8703, .T. ) ;
#11591 = DIRECTION ( 'NONE',  ( 0.0000000000000000000, 0.0000000000000000000, -1.000000000000000000 ) ) ;
#11592 = FACE_BOUND ( 'NONE', #289, .T. ) ;
#11593 = ORIENTED_EDGE ( 'NONE', *, *, #9288, .F. ) ;
#11594 = EDGE_CURVE ( 'NONE', #8393, #8124, #3732, .T. ) ;
#11595 = LINE ( 'NONE', #10595, #4982 ) ;
#11596 = ORIENTED_EDGE ( 'NONE', *, *, #2160, .F. ) ;
#11597 = DIMENSIONAL_EXPONENTS ( 1.000000000000000000, 0.0000000000000000000, 0.0000000000000000000, 0.0000000000000000000, 0.0000000000000000000, 0.0000000000000000000, 0.0000000000000000000 ) ;
#11598 = CARTESIAN_POINT ( 'NONE',  ( 0.2405148266268504198, 0.1555589999168271731, 0.4397504574761377794 ) ) ;
#11599 = DIRECTION ( 'NONE',  ( -1.000000000000000000, 1.937287448275559661E-17, 2.565854121688507820E-49 ) ) ;
#11600 = VECTOR ( 'NONE', #7714, 39.37007874015748143 ) ;
#11601 = DIRECTION ( 'NONE',  ( -4.283287147278279229E-17, -1.665334536937734811E-16, -1.000000000000000000 ) ) ;
#11602 = AXIS2_PLACEMENT_3D ( 'NONE', #2186, #6213, #10288 ) ;
#11603 = DIRECTION ( 'NONE',  ( 1.000000000000000000, 0.0000000000000000000, 0.0000000000000000000 ) ) ;
#11604 = ORIENTED_EDGE ( 'NONE', *, *, #12033, .T. ) ;
#11605 = DIRECTION ( 'NONE',  ( 2.152236195923769863E-14, 2.498001805406629826E-16, 1.000000000000000000 ) ) ;
#11606 = ORIENTED_EDGE ( 'NONE', *, *, #4566, .F. ) ;
#11607 = ORIENTED_EDGE ( 'NONE', *, *, #8588, .F. ) ;
#11608 = LINE ( 'NONE', #2495, #10646 ) ;
#11609 = SURFACE_SIDE_STYLE ('',( #8371 ) ) ;
#11610 = VERTEX_POINT ( 'NONE', #10861 ) ;
#11611 = EDGE_CURVE ( 'NONE', #2869, #4266, #6219, .T. ) ;
#11612 = DIRECTION ( 'NONE',  ( 0.0000000000000000000, -0.1240347345890695785, -0.9922778767136850586 ) ) ;
#11613 = AXIS2_PLACEMENT_3D ( 'NONE', #6176, #10309, #11437 ) ;
#11614 = LINE ( 'NONE', #7531, #9159 ) ;
#11615 = ORIENTED_EDGE ( 'NONE', *, *, #8244, .T. ) ;
#11616 = SURFACE_STYLE_FILL_AREA ( #6477 ) ;
#11617 = CARTESIAN_POINT ( 'NONE',  ( 0.2444518345008484528, -0.05703942528004480456, 0.4397504574761377794 ) ) ;
#11618 = ORIENTED_EDGE ( 'NONE', *, *, #7915, .T. ) ;
#11619 = ORIENTED_EDGE ( 'NONE', *, *, #5644, .T. ) ;
#11620 = CARTESIAN_POINT ( 'NONE',  ( 0.1208297872567765802, -0.05703942528004488088, 0.2515614810981878224 ) ) ;
#11621 = ORIENTED_EDGE ( 'NONE', *, *, #9257, .F. ) ;
#11622 = LINE ( 'NONE', #2513, #5736 ) ;
#11623 = LINE ( 'NONE', #8666, #4503 ) ;
#11624 = EDGE_CURVE ( 'NONE', #1304, #2694, #8027, .T. ) ;
#11625 = CARTESIAN_POINT ( 'NONE',  ( 0.3645305746583386020, 0.3760314408617052018, 0.3456559692871649658 ) ) ;
#11626 = ADVANCED_FACE ( 'NONE', ( #2150 ), #8156, .T. ) ;
#11627 = DIRECTION ( 'NONE',  ( 1.937287448275559661E-17, 1.000000000000000000, 8.220413448604588965E-18 ) ) ;
#11628 = EDGE_LOOP ( 'NONE', ( #7490, #2714, #4763, #2439 ) ) ;
#11629 = LINE ( 'NONE', #5493, #234 ) ;
#11630 = VECTOR ( 'NONE', #12027, 39.37007874015748143 ) ;
#11631 = FACE_OUTER_BOUND ( 'NONE', #6063, .T. ) ;
#11632 = VERTEX_POINT ( 'NONE', #1202 ) ;
#11633 = UNCERTAINTY_MEASURE_WITH_UNIT (LENGTH_MEASURE( 1.000000000000000082E-05 ), #7072, 'distance_accuracy_value', 'NONE');
#11634 = EDGE_CURVE ( 'NONE', #5266, #954, #5170, .T. ) ;
#11635 = ORIENTED_EDGE ( 'NONE', *, *, #10022, .T. ) ;
#11636 = FACE_OUTER_BOUND ( 'NONE', #785, .T. ) ;
#11637 = DIRECTION ( 'NONE',  ( 2.626713979715460250E-16, -3.747002708109905789E-16, -1.000000000000000000 ) ) ;
#11638 = VERTEX_POINT ( 'NONE', #3928 ) ;
#11639 = CARTESIAN_POINT ( 'NONE',  ( 0.09484553528826220048, 0.1555589999168269788, 0.4102228984210118390 ) ) ;
#11640 = VECTOR ( 'NONE', #1853, 39.37007874015748143 ) ;
#11641 = LENGTH_MEASURE_WITH_UNIT ( LENGTH_MEASURE( 0.02539999999999999897 ), #8548 );
#11642 = CARTESIAN_POINT ( 'NONE',  ( 0.2405148266268504198, 0.2421731731451665648, 0.4515614810981740113 ) ) ;
#11643 = EDGE_CURVE ( 'NONE', #4834, #8949, #6113, .T. ) ;
#11644 = FACE_OUTER_BOUND ( 'NONE', #13036, .T. ) ;
#11645 = ORIENTED_EDGE ( 'NONE', *, *, #392, .F. ) ;
#11646 = ORIENTED_EDGE ( 'NONE', *, *, #1001, .F. ) ;
#11647 = PLANE ( 'NONE',  #5048 ) ;
#11648 = CARTESIAN_POINT ( 'NONE',  ( 0.3842156140284141430, 0.1555589999168269788, 0.1980181740115629641 ) ) ;
#11649 = CARTESIAN_POINT ( 'NONE',  ( 0.2916959289890401763, 0.1279999447987147654, 0.2019551818855940817 ) ) ;
#11650 = PLANE ( 'NONE',  #11173 ) ;
#11651 = DIRECTION ( 'NONE',  ( 0.0000000000000000000, 0.0000000000000000000, 1.000000000000000000 ) ) ;
#11652 = DIRECTION ( 'NONE',  ( 0.0000000000000000000, 0.7071067811865500152, -0.7071067811865450192 ) ) ;
#11653 = EDGE_CURVE ( 'NONE', #12680, #2549, #7972, .T. ) ;
#11654 = CARTESIAN_POINT ( 'NONE',  ( 0.3330345116662205007, 0.1555589999168269788, 0.2062465204682519537 ) ) ;
#11655 = ORIENTED_EDGE ( 'NONE', *, *, #7853, .T. ) ;
#11656 = EDGE_CURVE ( 'NONE', #12537, #10765, #10064, .T. ) ;
#11657 = VECTOR ( 'NONE', #3583, 39.37007874015748143 ) ;
#11658 = LINE ( 'NONE', #10592, #6649 ) ;
#11659 = DIRECTION ( 'NONE',  ( -1.000000000000000000, 0.0000000000000000000, 0.0000000000000000000 ) ) ;
#11660 = CARTESIAN_POINT ( 'NONE',  ( 0.2326408108788039775, 0.7028030944050177586, 0.3456559692871649658 ) ) ;
#11661 = FACE_OUTER_BOUND ( 'NONE', #4486, .T. ) ;
#11662 = EDGE_CURVE ( 'NONE', #6026, #6584, #4985, .T. ) ;
#11663 = FACE_OUTER_BOUND ( 'NONE', #87, .T. ) ;
#11664 = LINE ( 'NONE', #8788, #3816 ) ;
#11665 = ADVANCED_FACE ( 'NONE', ( #1013 ), #2036, .F. ) ;
#11666 = EDGE_CURVE ( 'NONE', #7821, #10879, #9112, .T. ) ;
#11667 = FACE_OUTER_BOUND ( 'NONE', #2645, .T. ) ;
#11668 = EDGE_LOOP ( 'NONE', ( #6482, #2644, #5214, #295, #8368, #6296, #9086, #9545, #6572 ) ) ;
#11669 = CARTESIAN_POINT ( 'NONE',  ( 0.2326408108788039775, 0.5728818345624920871, 0.3614040007832315382 ) ) ;
#11670 = ORIENTED_EDGE ( 'NONE', *, *, #10589, .T. ) ;
#11671 = ORIENTED_EDGE ( 'NONE', *, *, #3982, .F. ) ;
#11672 = VERTEX_POINT ( 'NONE', #12194 ) ;
#11673 = AXIS2_PLACEMENT_3D ( 'NONE', #4908, #8977, #6059 ) ;
#11674 = LINE ( 'NONE', #5473, #11145 ) ;
#11675 = CARTESIAN_POINT ( 'NONE',  ( 0.3208297872567559272, 0.05713380306642441148, 0.2515614810981878224 ) ) ;
#11676 = VECTOR ( 'NONE', #5126, 39.37007874015748143 ) ;
#11677 = CARTESIAN_POINT ( 'NONE',  ( 0.2483888423748523422, 0.3760314408617059234, 0.2688843157438653431 ) ) ;
#11678 = ORIENTED_EDGE ( 'NONE', *, *, #6252, .F. ) ;
#11679 = LINE ( 'NONE', #8733, #12602 ) ;
#11680 = DIMENSIONAL_EXPONENTS ( 1.000000000000000000, 0.0000000000000000000, 0.0000000000000000000, 0.0000000000000000000, 0.0000000000000000000, 0.0000000000000000000, 0.0000000000000000000 ) ;
#11681 = LINE ( 'NONE', #1795, #7832 ) ;
#11682 = EDGE_CURVE ( 'NONE', #11446, #8473, #7111, .T. ) ;
#11683 = LINE ( 'NONE', #2574, #339 ) ;
#11684 = VERTEX_POINT ( 'NONE', #9240 ) ;
#11685 = VECTOR ( 'NONE', #12313, 39.37007874015748143 ) ;
#11686 =( GEOMETRIC_REPRESENTATION_CONTEXT ( 3 ) GLOBAL_UNCERTAINTY_ASSIGNED_CONTEXT ( ( #6293 ) ) GLOBAL_UNIT_ASSIGNED_CONTEXT ( ( #8560, #3730, #5788 ) ) REPRESENTATION_CONTEXT ( 'NONE', 'WORKASPACE' ) );
#11687 = EDGE_LOOP ( 'NONE', ( #5881, #7055, #9692, #12829 ) ) ;
#11688 = DIRECTION ( 'NONE',  ( 0.0000000000000000000, 0.0000000000000000000, -1.000000000000000000 ) ) ;
#11689 = ORIENTED_EDGE ( 'NONE', *, *, #7514, .F. ) ;
#11690 = ORIENTED_EDGE ( 'NONE', *, *, #2072, .T. ) ;
#11691 = LINE ( 'NONE', #8743, #8924 ) ;
#11692 = DIRECTION ( 'NONE',  ( 0.4472135954996860341, 0.8944271910000517467, -2.549099026653634905E-16 ) ) ;
#11693 = LINE ( 'NONE', #7685, #3533 ) ;
#11694 = ORIENTED_EDGE ( 'NONE', *, *, #6041, .T. ) ;
#11695 = STYLED_ITEM ( 'NONE', ( #6267 ), #5351 ) ;
#11696 = CARTESIAN_POINT ( 'NONE',  ( 0.3330345116662205007, 0.1555589999168269788, 0.2397504574761405716 ) ) ;
#11697 = VECTOR ( 'NONE', #11588, 39.37007874015748854 ) ;
#11698 = EDGE_CURVE ( 'NONE', #5197, #3609, #10193, .T. ) ;
#11699 = CARTESIAN_POINT ( 'NONE',  ( 0.2405148266268504198, 0.1555589999168271731, 0.4456559692871464584 ) ) ;
#11700 = ORIENTED_EDGE ( 'NONE', *, *, #10239, .F. ) ;
#11701 = EDGE_CURVE ( 'NONE', #3634, #3319, #83, .T. ) ;
#11702 = LINE ( 'NONE', #1406, #1832 ) ;
#11703 = VERTEX_POINT ( 'NONE', #2335 ) ;
#11704 = LENGTH_MEASURE_WITH_UNIT ( LENGTH_MEASURE( 0.02539999999999999897 ), #9641 );
#11705 = CARTESIAN_POINT ( 'NONE',  ( 0.2483888423748767671, 0.1988660865309976600, 0.1940811661375716479 ) ) ;
#11706 = CARTESIAN_POINT ( 'NONE',  ( 0.1558691573354936966, 0.2421731731451575165, 0.4515614810981850025 ) ) ;
#11707 = DIRECTION ( 'NONE',  ( 0.9363291775689350782, 0.3511234415886835269, -6.866077602697710162E-17 ) ) ;
#11708 = LINE ( 'NONE', #8551, #6506 ) ;
#11709 = ORIENTED_EDGE ( 'NONE', *, *, #2723, .F. ) ;
#11710 = VECTOR ( 'NONE', #8756, 39.37007874015748143 ) ;
#11711 = DIRECTION ( 'NONE',  ( 0.0000000000000000000, 1.000000000000000000, 0.0000000000000000000 ) ) ;
#11712 = AXIS2_PLACEMENT_3D ( 'NONE', #9126, #2268, #8404 ) ;
#11713 = LINE ( 'NONE', #8691, #11966 ) ;
#11714 = DIRECTION ( 'NONE',  ( 3.376070039848298640E-16, -1.000000000000000000, 4.302114220422480608E-16 ) ) ;
#11715 = VERTEX_POINT ( 'NONE', #11836 ) ;
#11716 = EDGE_CURVE ( 'NONE', #4407, #5470, #12838, .T. ) ;
#11717 = SURFACE_STYLE_USAGE ( .BOTH. , #1623 ) ;
#11718 = CARTESIAN_POINT ( 'NONE',  ( 0.3901211258394338688, 0.05713380306642400902, 0.4873882527517283680 ) ) ;
#11719 = ORIENTED_EDGE ( 'NONE', *, *, #2169, .T. ) ;
#11720 = DIRECTION ( 'NONE',  ( 1.000000000000000000, 1.316334802367149914E-16, -1.608386623408234722E-17 ) ) ;
#11721 = DIRECTION ( 'NONE',  ( 1.000000000000000000, 1.408738150179759833E-16, -6.014894242100889598E-18 ) ) ;
#11722 = VECTOR ( 'NONE', #6141, 39.37007874015748143 ) ;
#11723 = VECTOR ( 'NONE', #6625, 39.37007874015748143 ) ;
#11724 = CARTESIAN_POINT ( 'NONE',  ( 0.3625620707213386140, 0.1555589999168269788, 0.2102228984210153528 ) ) ;
#11725 = CARTESIAN_POINT ( 'NONE',  ( 0.3920896297764417393, 0.3760314408617052018, 0.3456559692871649658 ) ) ;
#11726 = DIRECTION ( 'NONE',  ( -1.408738150179759833E-16, 1.000000000000000000, -3.469446951953615175E-16 ) ) ;
#11727 = ADVANCED_FACE ( 'NONE', ( #8274 ), #3379, .F. ) ;
#11728 = EDGE_CURVE ( 'NONE', #11467, #8316, #482, .T. ) ;
#11729 = DIRECTION ( 'NONE',  ( 0.4472135955000935970, -0.8944271909998480208, 1.293464547805031941E-16 ) ) ;
#11730 = AXIS2_PLACEMENT_3D ( 'NONE', #3576, #9643, #11849 ) ;
#11731 = DIRECTION ( 'NONE',  ( -1.494463191202477055E-14, 0.7071067811865470176, -0.7071067811865480168 ) ) ;
#11732 = EDGE_CURVE ( 'NONE', #9215, #11375, #4234, .T. ) ;
#11733 = VECTOR ( 'NONE', #3818, 39.37007874015748143 ) ;
#11734 = DIRECTION ( 'NONE',  ( 4.283287147278279229E-17, 1.665334536937734811E-16, 1.000000000000000000 ) ) ;
#11735 = DIRECTION ( 'NONE',  ( -1.000000000000000000, -3.518308117683324880E-16, -2.626713979715460250E-16 ) ) ;
#11736 = DIRECTION ( 'NONE',  ( 0.0000000000000000000, 0.0000000000000000000, -1.000000000000000000 ) ) ;
#11737 = ORIENTED_EDGE ( 'NONE', *, *, #9275, .T. ) ;
#11738 = DIRECTION ( 'NONE',  ( 4.283287147278277380E-17, 1.665334536937734811E-16, 1.000000000000000000 ) ) ;
#11739 = ORIENTED_EDGE ( 'NONE', *, *, #11666, .F. ) ;
#11740 = ORIENTED_EDGE ( 'NONE', *, *, #7872, .F. ) ;
#11741 = CARTESIAN_POINT ( 'NONE',  ( 0.3090187636347015987, 0.08075585031051535356, 0.2515614810981878224 ) ) ;
#11742 = PLANE ( 'NONE',  #11533 ) ;
#11743 = VERTEX_POINT ( 'NONE', #9499 ) ;
#11744 = EDGE_CURVE ( 'NONE', #8393, #3028, #10375, .T. ) ;
#11745 = AXIS2_PLACEMENT_3D ( 'NONE', #12785, #8766, #4512 ) ;
#11746 = DIRECTION ( 'NONE',  ( 0.0000000000000000000, -8.220413448604739958E-18, 1.000000000000000000 ) ) ;
#11747 = LINE ( 'NONE', #9608, #2098 ) ;
#11748 = CARTESIAN_POINT ( 'NONE',  ( 0.09484553528825255542, 0.08862986605855728561, 0.5228213236178701484 ) ) ;
#11749 = EDGE_CURVE ( 'NONE', #154, #4684, #6755, .T. ) ;
#11750 = PLANE ( 'NONE',  #5771 ) ;
#11751 = ORIENTED_EDGE ( 'NONE', *, *, #11527, .T. ) ;
#11752 = DIRECTION ( 'NONE',  ( 0.3511234415885080007, -0.9363291775690009144, 1.372885316240879747E-16 ) ) ;
#11753 = DIRECTION ( 'NONE',  ( 0.0000000000000000000, -0.9922778767136850586, 0.1240347345890695785 ) ) ;
#11754 = PRESENTATION_LAYER_ASSIGNMENT (  '', '', ( #6421 ) ) ;
#11755 = ORIENTED_EDGE ( 'NONE', *, *, #12966, .T. ) ;
#11756 = VECTOR ( 'NONE', #10718, 39.37007874015748143 ) ;
#11757 = ORIENTED_EDGE ( 'NONE', *, *, #1640, .T. ) ;
#11758 = SURFACE_SIDE_STYLE ('',( #595 ) ) ;
#11759 = VERTEX_POINT ( 'NONE', #5763 ) ;
#11760 = ORIENTED_EDGE ( 'NONE', *, *, #9571, .F. ) ;
#11761 = DIRECTION ( 'NONE',  ( 1.000000000000000000, 1.316334802367149914E-16, -1.608386623408234722E-17 ) ) ;
#11762 = DIRECTION ( 'NONE',  ( -1.000000000000000000, 1.937287448275559661E-17, 0.0000000000000000000 ) ) ;
#11763 = VERTEX_POINT ( 'NONE', #1269 ) ;
#11764 = EDGE_CURVE ( 'NONE', #5098, #6095, #334, .T. ) ;
#11765 = DIRECTION ( 'NONE',  ( 0.7071067811865469066, 0.7071067811865479058, 0.0000000000000000000 ) ) ;
#11766 = VECTOR ( 'NONE', #9948, 39.37007874015748143 ) ;
#11767 = CARTESIAN_POINT ( 'NONE',  ( 0.2326408108788126095, -0.1446865674942330871, 0.2397504574761405716 ) ) ;
#11768 = ORIENTED_EDGE ( 'NONE', *, *, #7731, .F. ) ;
#11769 = EDGE_CURVE ( 'NONE', #5687, #8473, #2464, .T. ) ;
#11770 = AXIS2_PLACEMENT_3D ( 'NONE', #3202, #359, #7315 ) ;
#11771 = DIRECTION ( 'NONE',  ( 0.0000000000000000000, -8.220413448604739958E-18, 1.000000000000000000 ) ) ;
#11772 = LINE ( 'NONE', #8609, #7093 ) ;
#11773 = ORIENTED_EDGE ( 'NONE', *, *, #3040, .T. ) ;
#11774 = UNCERTAINTY_MEASURE_WITH_UNIT (LENGTH_MEASURE( 1.000000000000000082E-05 ), #3596, 'distance_accuracy_value', 'NONE');
#11775 = VECTOR ( 'NONE', #9569, 39.37007874015748143 ) ;
#11776 = LENGTH_MEASURE_WITH_UNIT ( LENGTH_MEASURE( 0.02539999999999999897 ), #6499 );
#11777 = CARTESIAN_POINT ( 'NONE',  ( 0.1558691573354938908, 0.2933542755073602626, 0.2515614810981878224 ) ) ;
#11778 = VECTOR ( 'NONE', #269, 39.37007874015748143 ) ;
#11779 = ORIENTED_EDGE ( 'NONE', *, *, #9668, .F. ) ;
#11780 = CARTESIAN_POINT ( 'NONE',  ( 0.2700423856819586521, 0.1437479762947814765, 0.3456559692871527534 ) ) ;
#11781 = DIMENSIONAL_EXPONENTS ( 1.000000000000000000, 0.0000000000000000000, 0.0000000000000000000, 0.0000000000000000000, 0.0000000000000000000, 0.0000000000000000000, 0.0000000000000000000 ) ;
#11782 = CARTESIAN_POINT ( 'NONE',  ( 0.1558691573354936966, 0.2933542755073602626, 0.4515614810981850025 ) ) ;
#11783 = CARTESIAN_POINT ( 'NONE',  ( 0.1558691573354936966, 0.3091023070034267795, 0.4515614810981850025 ) ) ;
#11784 = FACE_OUTER_BOUND ( 'NONE', #5697, .T. ) ;
#11785 = ADVANCED_FACE ( 'NONE', ( #10438 ), #4299, .T. ) ;
#11786 = ORIENTED_EDGE ( 'NONE', *, *, #10166, .F. ) ;
#11787 = VECTOR ( 'NONE', #11372, 39.37007874015748143 ) ;
#11788 = DIRECTION ( 'NONE',  ( 2.626713979715460250E-16, -3.747002708109905789E-16, -1.000000000000000000 ) ) ;
#11789 = LINE ( 'NONE', #4645, #3222 ) ;
#11790 = DIRECTION ( 'NONE',  ( -1.937287448275559661E-17, -1.000000000000000000, -8.220413448604588965E-18 ) ) ;
#11791 = ORIENTED_EDGE ( 'NONE', *, *, #5803, .T. ) ;
#11792 = SURFACE_STYLE_USAGE ( .BOTH. , #5517 ) ;
#11793 = CARTESIAN_POINT ( 'NONE',  ( 0.2405148266268504198, 0.2264251416491177282, 0.2515614810981767757 ) ) ;
#11794 = VECTOR ( 'NONE', #8650, 39.37007874015748143 ) ;
#11795 = ORIENTED_EDGE ( 'NONE', *, *, #11420, .F. ) ;
#11796 = DIRECTION ( 'NONE',  ( 0.0000000000000000000, 0.0000000000000000000, -1.000000000000000000 ) ) ;
#11797 = DIRECTION ( 'NONE',  ( 0.0000000000000000000, 1.000000000000000000, 0.0000000000000000000 ) ) ;
#11798 = ORIENTED_EDGE ( 'NONE', *, *, #3190, .F. ) ;
#11799 = EDGE_CURVE ( 'NONE', #145, #1167, #4507, .T. ) ;
#11800 = ADVANCED_FACE ( 'NONE', ( #5293 ), #9364, .F. ) ;
#11801 = CARTESIAN_POINT ( 'NONE',  ( 0.1893337242646342400, 0.1988660865309976600, 0.3456559692871649658 ) ) ;
#11802 = LINE ( 'NONE', #8783, #7236 ) ;
#11803 = VECTOR ( 'NONE', #2394, 39.37007874015748143 ) ;
#11804 = DIRECTION ( 'NONE',  ( 0.0000000000000000000, 8.220413448604739958E-18, -1.000000000000000000 ) ) ;
#11805 = CARTESIAN_POINT ( 'NONE',  ( 0.1558691573354936966, 0.2933542755073602626, 0.4397504574761377794 ) ) ;
#11806 = DIRECTION ( 'NONE',  ( 0.0000000000000000000, 0.0000000000000000000, 1.000000000000000000 ) ) ;
#11807 = CARTESIAN_POINT ( 'NONE',  ( 0.2483888423748523422, 0.3760314408617059234, 0.3161284102320469080 ) ) ;
#11808 = EDGE_CURVE ( 'NONE', #640, #11556, #12450, .T. ) ;
#11809 = ORIENTED_EDGE ( 'NONE', *, *, #5614, .T. ) ;
#11810 = CARTESIAN_POINT ( 'NONE',  ( 0.4098061652095126295, 0.05713380306642409229, 0.4991992763737755912 ) ) ;
#11811 = ORIENTED_EDGE ( 'NONE', *, *, #2297, .T. ) ;
#11812 = ORIENTED_EDGE ( 'NONE', *, *, #11989, .T. ) ;
#11813 = FACE_OUTER_BOUND ( 'NONE', #11027, .T. ) ;
#11814 = AXIS2_PLACEMENT_3D ( 'NONE', #4457, #11599, #2486 ) ;
#11815 = CARTESIAN_POINT ( 'NONE',  ( 0.2483888423748523422, 0.7897218048774075072, 0.4972307724367677761 ) ) ;
#11816 = VERTEX_POINT ( 'NONE', #6438 ) ;
#11817 = EDGE_CURVE ( 'NONE', #5643, #3295, #12581, .T. ) ;
#11818 = FACE_OUTER_BOUND ( 'NONE', #19, .T. ) ;
#11819 = PLANE ( 'NONE',  #12940 ) ;
#11820 = CARTESIAN_POINT ( 'NONE',  ( 0.2431035528205071072, -0.07318115756351298296, 0.2905378590509511971 ) ) ;
#11821 = DIRECTION ( 'NONE',  ( 4.283287147278279229E-17, 1.665334536937734811E-16, 1.000000000000000000 ) ) ;
#11822 = ORIENTED_EDGE ( 'NONE', *, *, #5345, .T. ) ;
#11823 = VECTOR ( 'NONE', #12519, 39.37007874015748143 ) ;
#11824 = CARTESIAN_POINT ( 'NONE',  ( 0.2916959289890401763, 0.1083149054286360186, 0.2019551818855940817 ) ) ;
#11825 = EDGE_CURVE ( 'NONE', #9681, #962, #4434, .T. ) ;
#11826 = VERTEX_POINT ( 'NONE', #2718 ) ;
#11827 = ORIENTED_EDGE ( 'NONE', *, *, #9597, .T. ) ;
#11828 = EDGE_CURVE ( 'NONE', #9853, #7149, #5369, .T. ) ;
#11829 = CARTESIAN_POINT ( 'NONE',  ( 0.2483888423748523422, 0.1988660865309976600, 0.3062858905470074999 ) ) ;
#11830 = EDGE_LOOP ( 'NONE', ( #8205, #12449, #12918, #1925 ) ) ;
#11831 = ORIENTED_EDGE ( 'NONE', *, *, #12776, .F. ) ;
#11832 = DIRECTION ( 'NONE',  ( -1.937287448275559661E-17, -1.000000000000000000, -8.220413448604588965E-18 ) ) ;
#11833 = ORIENTED_EDGE ( 'NONE', *, *, #3806, .T. ) ;
#11834 = VECTOR ( 'NONE', #7565, 39.37007874015748143 ) ;
#11835 = EDGE_CURVE ( 'NONE', #3819, #12962, #10579, .T. ) ;
#11836 = CARTESIAN_POINT ( 'NONE',  ( 0.1385463226898582811, -0.07278745677611142550, 0.4515614810981850025 ) ) ;
#11837 = CARTESIAN_POINT ( 'NONE',  ( 0.1361841179654072753, 0.5295747479483133846, 0.4224276228305008374 ) ) ;
#11838 = ORIENTED_EDGE ( 'NONE', *, *, #4382, .T. ) ;
#11839 = DIRECTION ( 'NONE',  ( 0.0000000000000000000, 8.220413448604739958E-18, -1.000000000000000000 ) ) ;
#11840 = VECTOR ( 'NONE', #1014, 39.37007874015748143 ) ;
#11841 = ADVANCED_FACE ( 'NONE', ( #7431 ), #3769, .T. ) ;
#11842 = DIRECTION ( 'NONE',  ( 1.000000000000000000, 0.0000000000000000000, 0.0000000000000000000 ) ) ;
#11843 = ORIENTED_EDGE ( 'NONE', *, *, #9847, .F. ) ;
#11844 = CARTESIAN_POINT ( 'NONE',  ( 0.1208297872567765802, -0.05703942528004480456, 0.4515614810981850025 ) ) ;
#11845 = EDGE_CURVE ( 'NONE', #3104, #10536, #11971, .T. ) ;
#11846 = CARTESIAN_POINT ( 'NONE',  ( 0.2090187636347251854, 0.1279999447987059114, 0.3456559692871708500 ) ) ;
#11847 = ORIENTED_EDGE ( 'NONE', *, *, #11653, .F. ) ;
#11848 = CARTESIAN_POINT ( 'NONE',  ( 0.1090187636347222516, 0.08075585031049743734, 0.4515614810981850025 ) ) ;
#11849 = DIRECTION ( 'NONE',  ( -1.000000000000000000, 1.937287448275629611E-17, -8.833616147085620181E-14 ) ) ;
#11850 = LENGTH_MEASURE_WITH_UNIT ( LENGTH_MEASURE( 0.02539999999999999897 ), #7828 );
#11851 = AXIS2_PLACEMENT_3D ( 'NONE', #6622, #4563, #1322 ) ;
#11852 = ORIENTED_EDGE ( 'NONE', *, *, #11546, .T. ) ;
#11853 = LENGTH_MEASURE_WITH_UNIT ( LENGTH_MEASURE( 0.02539999999999999897 ), #12790 );
#11854 = DIRECTION ( 'NONE',  ( 0.0000000000000000000, 1.000000000000000000, 0.0000000000000000000 ) ) ;
#11855 = DIRECTION ( 'NONE',  ( 0.0000000000000000000, 0.0000000000000000000, -1.000000000000000000 ) ) ;
#11856 = ORIENTED_EDGE ( 'NONE', *, *, #11590, .T. ) ;
#11857 = SHAPE_REPRESENTATION_RELATIONSHIP ( 'NONE' , 'NONE' ,  #7017, #7393 ) ;
#11858 = VECTOR ( 'NONE', #3687, 39.37007874015748143 ) ;
#11859 = DIRECTION ( 'NONE',  ( 1.000000000000000000, 0.0000000000000000000, 0.0000000000000000000 ) ) ;
#11860 = EDGE_CURVE ( 'NONE', #9215, #4176, #10897, .T. ) ;
#11861 = LINE ( 'NONE', #3121, #4861 ) ;
#11862 = ORIENTED_EDGE ( 'NONE', *, *, #3424, .F. ) ;
#11863 = DIRECTION ( 'NONE',  ( 1.316334802367149914E-16, -1.000000000000000000, 1.526556658859589750E-16 ) ) ;
#11864 = ORIENTED_EDGE ( 'NONE', *, *, #4743, .F. ) ;
#11865 = DIRECTION ( 'NONE',  ( -1.000000000000000000, 1.937287448275629611E-17, -8.833616147085620181E-14 ) ) ;
#11866 = DIMENSIONAL_EXPONENTS ( 1.000000000000000000, 0.0000000000000000000, 0.0000000000000000000, 0.0000000000000000000, 0.0000000000000000000, 0.0000000000000000000, 0.0000000000000000000 ) ;
#11867 = CARTESIAN_POINT ( 'NONE',  ( 0.4098061652095126295, 0.3957164802317834629, 0.1842386464525193057 ) ) ;
#11868 = FILL_AREA_STYLE ('',( #5728 ) ) ;
#11869 = CARTESIAN_POINT ( 'NONE',  ( 0.2090187636347251854, 0.08862986605855749378, 0.4854197488147189432 ) ) ;
#11870 = EDGE_CURVE ( 'NONE', #5287, #8579, #4760, .T. ) ;
#11871 = EDGE_CURVE ( 'NONE', #7360, #1259, #6826, .T. ) ;
#11872 = PRESENTATION_STYLE_ASSIGNMENT (( #7787 ) ) ;
#11873 = CARTESIAN_POINT ( 'NONE',  ( 0.2326408108788039775, 0.5295747479483133846, 0.4243961267674756233 ) ) ;
#11874 = ORIENTED_EDGE ( 'NONE', *, *, #1687, .F. ) ;
#11875 = AXIS2_PLACEMENT_3D ( 'NONE', #3608, #4599, #9670 ) ;
#11876 = LINE ( 'NONE', #7858, #9363 ) ;
#11877 = ORIENTED_EDGE ( 'NONE', *, *, #7408, .T. ) ;
#11878 = ORIENTED_EDGE ( 'NONE', *, *, #1571, .T. ) ;
#11879 = SURFACE_STYLE_USAGE ( .BOTH. , #833 ) ;
#11880 = DIRECTION ( 'NONE',  ( -1.937287448275559661E-17, -1.000000000000000000, -8.220413448604588965E-18 ) ) ;
#11881 = EDGE_LOOP ( 'NONE', ( #3620, #5101, #5876, #8498, #8969, #11739 ) ) ;
#11882 =( NAMED_UNIT ( * ) SI_UNIT ( $, .STERADIAN. ) SOLID_ANGLE_UNIT ( ) );
#11883 = DIRECTION ( 'NONE',  ( 1.000000000000000000, 0.0000000000000000000, 0.0000000000000000000 ) ) ;
#11884 = DIRECTION ( 'NONE',  ( 0.0000000000000000000, 0.0000000000000000000, 1.000000000000000000 ) ) ;
#11885 = PLANE ( 'NONE',  #3862 ) ;
#11886 = VERTEX_POINT ( 'NONE', #13041 ) ;
#11887 = VECTOR ( 'NONE', #4836, 39.37007874015748143 ) ;
#11888 = CARTESIAN_POINT ( 'NONE',  ( 0.3625620707213386140, 0.1476849841687954967, 0.2180969141690468349 ) ) ;
#11889 = CARTESIAN_POINT ( 'NONE',  ( 0.2326408108788126095, -0.1446865674942330871, 0.2397504574761405716 ) ) ;
#11890 = ORIENTED_EDGE ( 'NONE', *, *, #4519, .T. ) ;
#11891 = ORIENTED_EDGE ( 'NONE', *, *, #8347, .T. ) ;
#11892 = DIRECTION ( 'NONE',  ( -2.359223927328455183E-16, 3.885780586188049864E-16, 1.000000000000000000 ) ) ;
#11893 = ORIENTED_EDGE ( 'NONE', *, *, #766, .F. ) ;
#11894 = VERTEX_POINT ( 'NONE', #12040 ) ;
#11895 = VECTOR ( 'NONE', #9157, 39.37007874015748143 ) ;
#11896 = FACE_OUTER_BOUND ( 'NONE', #5676, .T. ) ;
#11897 = AXIS2_PLACEMENT_3D ( 'NONE', #12211, #29, #6190 ) ;
#11898 = ORIENTED_EDGE ( 'NONE', *, *, #10555, .F. ) ;
#11899 = CARTESIAN_POINT ( 'NONE',  ( 0.2326408108788039775, 0.2776062440113113983, 0.3456559692871649658 ) ) ;
#11900 = ADVANCED_FACE ( 'NONE', ( #5835 ), #2918, .F. ) ;
#11901 = DIRECTION ( 'NONE',  ( -1.937287448275559661E-17, -1.000000000000000000, -8.220413448604588965E-18 ) ) ;
#11902 = ORIENTED_EDGE ( 'NONE', *, *, #11666, .T. ) ;
#11903 = DIRECTION ( 'NONE',  ( 3.518308117683324880E-16, -1.000000000000000000, 4.163336342344335054E-16 ) ) ;
#11904 = EDGE_CURVE ( 'NONE', #10964, #2445, #10967, .T. ) ;
#11905 = EDGE_CURVE ( 'NONE', #4812, #9064, #13109, .T. ) ;
#11906 = VECTOR ( 'NONE', #3924, 39.37007874015748143 ) ;
#11907 = VECTOR ( 'NONE', #4308, 39.37007874015748143 ) ;
#11908 = DIRECTION ( 'NONE',  ( 1.000000000000000000, 3.518308117683324880E-16, 2.626713979715460250E-16 ) ) ;
#11909 = ORIENTED_EDGE ( 'NONE', *, *, #2603, .F. ) ;
#11910 = UNCERTAINTY_MEASURE_WITH_UNIT (LENGTH_MEASURE( 1.000000000000000082E-05 ), #150, 'distance_accuracy_value', 'NONE');
#11911 = EDGE_CURVE ( 'NONE', #3546, #11684, #5820, .T. ) ;
#11912 = CARTESIAN_POINT ( 'NONE',  ( 0.1302786061543980412, 0.5728818345624920871, 0.4440811661375591024 ) ) ;
#11913 = LINE ( 'NONE', #1947, #10229 ) ;
#11914 = ORIENTED_EDGE ( 'NONE', *, *, #9166, .F. ) ;
#11915 = DIRECTION ( 'NONE',  ( 0.3511234415877496073, 0.9363291775692852426, -2.975952440747245953E-16 ) ) ;
#11916 = DIRECTION ( 'NONE',  ( 0.5144957554275257916, -0.8574929257125446513, 0.0000000000000000000 ) ) ;
#11917 = AXIS2_PLACEMENT_3D ( 'NONE', #9031, #11171, #11105 ) ;
#11918 = VECTOR ( 'NONE', #2982, 39.37007874015748143 ) ;
#11919 = ORIENTED_EDGE ( 'NONE', *, *, #5158, .T. ) ;
#11920 = ADVANCED_FACE ( 'NONE', ( #916 ), #9019, .T. ) ;
#11921 = ORIENTED_EDGE ( 'NONE', *, *, #1132, .T. ) ;
#11922 = EDGE_CURVE ( 'NONE', #6095, #9550, #11093, .T. ) ;
#11923 =( NAMED_UNIT ( * ) PLANE_ANGLE_UNIT ( ) SI_UNIT ( $, .RADIAN. ) );
#11924 = CARTESIAN_POINT ( 'NONE',  ( 0.2356889994685477940, 0.5531967951924436910, 0.4243961267674755677 ) ) ;
#11925 = CARTESIAN_POINT ( 'NONE',  ( 0.3444518345008468208, 0.05713380306641550888, 0.4515614810981850025 ) ) ;
#11926 =( NAMED_UNIT ( * ) SI_UNIT ( $, .STERADIAN. ) SOLID_ANGLE_UNIT ( ) );
#11927 = AXIS2_PLACEMENT_3D ( 'NONE', #1372, #9461, #7659 ) ;
#11928 = VECTOR ( 'NONE', #706, 39.37007874015748143 ) ;
#11929 = DIRECTION ( 'NONE',  ( 1.000000000000000000, 3.376070039848305050E-16, 2.359223927328455183E-16 ) ) ;
#11930 = LINE ( 'NONE', #10652, #198 ) ;
#11931 = ORIENTED_EDGE ( 'NONE', *, *, #276, .T. ) ;
#11932 = DIRECTION ( 'NONE',  ( 0.0000000000000000000, 1.000000000000000000, 0.0000000000000000000 ) ) ;
#11933 = DIRECTION ( 'NONE',  ( -0.3511234415894409766, 0.9363291775686509721, -1.372885316240195903E-16 ) ) ;
#11934 = EDGE_LOOP ( 'NONE', ( #9012, #3965, #6961, #12553 ) ) ;
#11935 = VECTOR ( 'NONE', #7986, 39.37007874015748143 ) ;
#11936 = CARTESIAN_POINT ( 'NONE',  ( 0.2405148266268504198, 0.2756377400743055262, 0.3657347094446283253 ) ) ;
#11937 = EDGE_LOOP ( 'NONE', ( #1828, #1495, #4882, #4636 ) ) ;
#11938 = EDGE_CURVE ( 'NONE', #6763, #7686, #10104, .T. ) ;
#11939 = DIRECTION ( 'NONE',  ( -1.000000000000000000, -1.174096724532128111E-16, 4.283287147278279229E-17 ) ) ;
#11940 = CARTESIAN_POINT ( 'NONE',  ( 0.3562628581229011493, 0.08862986605856654210, 0.4397504574761377794 ) ) ;
#11941 = VECTOR ( 'NONE', #6615, 39.37007874015748143 ) ;
#11942 = PLANE ( 'NONE',  #9547 ) ;
#11943 = AXIS2_PLACEMENT_3D ( 'NONE', #9417, #8465, #7347 ) ;
#11944 = CARTESIAN_POINT ( 'NONE',  ( 0.3113809683591188815, 0.5610708109404448640, 0.4440811661375591024 ) ) ;
#11945 = ORIENTED_EDGE ( 'NONE', *, *, #2960, .T. ) ;
#11946 = DIRECTION ( 'NONE',  ( 0.0000000000000000000, 0.0000000000000000000, 1.000000000000000000 ) ) ;
#11947 = ORIENTED_EDGE ( 'NONE', *, *, #3224, .F. ) ;
#11948 = ORIENTED_EDGE ( 'NONE', *, *, #1057, .F. ) ;
#11949 = CARTESIAN_POINT ( 'NONE',  ( 0.2326408108788161622, 0.1476849841687954967, 0.4180969141690433211 ) ) ;
#11950 = CARTESIAN_POINT ( 'NONE',  ( 0.1755541967055905817, 0.1437479762947637685, 0.4515614810981850025 ) ) ;
#11951 = ORIENTED_EDGE ( 'NONE', *, *, #2121, .T. ) ;
#11952 = VECTOR ( 'NONE', #7790, 39.37007874015748143 ) ;
#11953 = LINE ( 'NONE', #5744, #6949 ) ;
#11954 = EDGE_CURVE ( 'NONE', #10148, #12907, #1234, .T. ) ;
#11955 = ADVANCED_FACE ( 'NONE', ( #6148 ), #5330, .T. ) ;
#11956 = VECTOR ( 'NONE', #8230, 39.37007874015748143 ) ;
#11957 = CARTESIAN_POINT ( 'NONE',  ( 0.2326408108788059204, 0.2776062440113113983, 0.5228213236178717027 ) ) ;
#11958 = ORIENTED_EDGE ( 'NONE', *, *, #6193, .T. ) ;
#11959 = CARTESIAN_POINT ( 'NONE',  ( 0.2326408108788126095, -0.1446865674942328650, 0.4397504574761377794 ) ) ;
#11960 = DIMENSIONAL_EXPONENTS ( 1.000000000000000000, 0.0000000000000000000, 0.0000000000000000000, 0.0000000000000000000, 0.0000000000000000000, 0.0000000000000000000, 0.0000000000000000000 ) ;
#11961 = DIRECTION ( 'NONE',  ( -1.000000000000000000, 1.937287448275559661E-17, 0.0000000000000000000 ) ) ;
#11962 = ORIENTED_EDGE ( 'NONE', *, *, #10440, .T. ) ;
#11963 = ORIENTED_EDGE ( 'NONE', *, *, #10227, .T. ) ;
#11964 = CARTESIAN_POINT ( 'NONE',  ( 0.2326408108788039775, 0.1791810471609177058, 0.3102228984210196883 ) ) ;
#11965 = ORIENTED_EDGE ( 'NONE', *, *, #3088, .F. ) ;
#11966 = VECTOR ( 'NONE', #10582, 39.37007874015748854 ) ;
#11967 = ORIENTED_EDGE ( 'NONE', *, *, #2391, .T. ) ;
#11968 = CARTESIAN_POINT ( 'NONE',  ( 0.3940581337134496653, 0.3957164802317834629, 0.5228213236178701484 ) ) ;
#11969 = FACE_OUTER_BOUND ( 'NONE', #9957, .T. ) ;
#11970 = ORIENTED_EDGE ( 'NONE', *, *, #11656, .F. ) ;
#11971 = LINE ( 'NONE', #9083, #8773 ) ;
#11972 = FILL_AREA_STYLE ('',( #731 ) ) ;
#11973 = EDGE_LOOP ( 'NONE', ( #13064, #3511, #308, #10274 ) ) ;
#11974 = ADVANCED_FACE ( 'NONE', ( #3277 ), #7141, .F. ) ;
#11975 = ADVANCED_FACE ( 'NONE', ( #11215 ), #5074, .F. ) ;
#11976 = DIRECTION ( 'NONE',  ( 1.000000000000000000, -1.937287448275559661E-17, 0.0000000000000000000 ) ) ;
#11977 = VECTOR ( 'NONE', #3621, 39.37007874015748143 ) ;
#11978 =( LENGTH_UNIT ( ) NAMED_UNIT ( * ) SI_UNIT ( $, .METRE. ) );
#11979 = EDGE_LOOP ( 'NONE', ( #10836, #12509, #7727, #4388, #8580 ) ) ;
#11980 = CARTESIAN_POINT ( 'NONE',  ( 0.3920896297764417393, 0.3760314408617052018, 0.1901441582635393646 ) ) ;
#11981 = DIRECTION ( 'NONE',  ( -3.376070039848299626E-16, 1.000000000000000000, -4.302114220422480115E-16 ) ) ;
#11982 = EDGE_LOOP ( 'NONE', ( #11395, #6326 ) ) ;
#11983 = EDGE_CURVE ( 'NONE', #12227, #10573, #8373, .T. ) ;
#11984 = AXIS2_PLACEMENT_3D ( 'NONE', #2716, #4949, #6753 ) ;
#11985 = CARTESIAN_POINT ( 'NONE',  ( 0.3586250628473003355, 0.1988660865309976600, 0.2905378590509409831 ) ) ;
#11986 = VECTOR ( 'NONE', #1909, 39.37007874015748143 ) ;
#11987 =( CONVERSION_BASED_UNIT ( 'INCH', #11850 ) LENGTH_UNIT ( ) NAMED_UNIT ( #823 ) );
#11988 = VERTEX_POINT ( 'NONE', #3097 ) ;
#11989 = EDGE_CURVE ( 'NONE', #5985, #154, #3342, .T. ) ;
#11990 = ORIENTED_EDGE ( 'NONE', *, *, #4320, .T. ) ;
#11991 = CARTESIAN_POINT ( 'NONE',  ( 0.2090187636347027589, 0.08075585031051535356, 0.2515614810981878224 ) ) ;
#11992 = FACE_OUTER_BOUND ( 'NONE', #7559, .T. ) ;
#11993 = AXIS2_PLACEMENT_3D ( 'NONE', #7713, #11932, #882 ) ;
#11994 = DIRECTION ( 'NONE',  ( 2.359223927328455183E-16, -3.885780586188049864E-16, -1.000000000000000000 ) ) ;
#11995 = VECTOR ( 'NONE', #6054, 39.37007874015748143 ) ;
#11996 = VERTEX_POINT ( 'NONE', #11279 ) ;
#11997 = CARTESIAN_POINT ( 'NONE',  ( 0.1893337242646342400, 0.1988660865309976600, 0.2236087251926807129 ) ) ;
#11998 = ADVANCED_FACE ( 'NONE', ( #9210 ), #118, .F. ) ;
#11999 = CARTESIAN_POINT ( 'NONE',  ( 0.1558691573354860360, 0.1988660865309976600, 0.2905378590509590797 ) ) ;
#12000 = EDGE_CURVE ( 'NONE', #9286, #4971, #10280, .T. ) ;
#12001 = ORIENTED_EDGE ( 'NONE', *, *, #4126, .T. ) ;
#12002 = AXIS2_PLACEMENT_3D ( 'NONE', #8406, #1477, #3309 ) ;
#12003 = CARTESIAN_POINT ( 'NONE',  ( 0.4255541967055787023, 0.1988660865309964665, 0.3614040007832315382 ) ) ;
#12004 = DIRECTION ( 'NONE',  ( 1.000000000000000000, -1.937287448275559661E-17, 0.0000000000000000000 ) ) ;
#12005 = ORIENTED_EDGE ( 'NONE', *, *, #4262, .T. ) ;
#12006 = ADVANCED_FACE ( 'NONE', ( #9269 ), #173, .T. ) ;
#12007 = VECTOR ( 'NONE', #10041, 39.37007874015748143 ) ;
#12008 = CARTESIAN_POINT ( 'NONE',  ( 0.2483888423748476515, 0.7897218048774075072, 0.2905378590509508085 ) ) ;
#12009 = CARTESIAN_POINT ( 'NONE',  ( 0.3310660077292019721, 0.3839054566097366283, 0.4243961267674756233 ) ) ;
#12010 = AXIS2_PLACEMENT_3D ( 'NONE', #3791, #1827, #2806 ) ;
#12011 = CARTESIAN_POINT ( 'NONE',  ( 0.3625620707213386140, 0.3130393148774570644, 0.4062465204682488285 ) ) ;
#12012 = VECTOR ( 'NONE', #7733, 39.37007874015748854 ) ;
#12013 =( CONVERSION_BASED_UNIT ( 'INCH', #12756 ) LENGTH_UNIT ( ) NAMED_UNIT ( #10840 ) );
#12014 = DIRECTION ( 'NONE',  ( 1.174096724532128111E-16, -1.000000000000000000, 1.665334536937734811E-16 ) ) ;
#12015 = EDGE_CURVE ( 'NONE', #1181, #3717, #8307, .T. ) ;
#12016 = CARTESIAN_POINT ( 'NONE',  ( 0.3389400234772338982, 0.3760314408617052018, 0.4322701425155078825 ) ) ;
#12017 = ORIENTED_EDGE ( 'NONE', *, *, #9921, .F. ) ;
#12018 = ADVANCED_FACE ( 'NONE', ( #12543 ), #10543, .T. ) ;
#12019 = PLANE ( 'NONE',  #3212 ) ;
#12020 = ORIENTED_EDGE ( 'NONE', *, *, #6585, .F. ) ;
#12021 = ORIENTED_EDGE ( 'NONE', *, *, #248, .T. ) ;
#12022 = LENGTH_MEASURE_WITH_UNIT ( LENGTH_MEASURE( 0.02539999999999999897 ), #8925 );
#12023 = DIRECTION ( 'NONE',  ( -1.000000000000000000, 1.937287448275559661E-17, 0.0000000000000000000 ) ) ;
#12024 = VERTEX_POINT ( 'NONE', #10744 ) ;
#12025 = FILL_AREA_STYLE_COLOUR ( '', #3063 ) ;
#12026 = VECTOR ( 'NONE', #6527, 39.37007874015748143 ) ;
#12027 = DIRECTION ( 'NONE',  ( 0.0000000000000000000, 0.0000000000000000000, -1.000000000000000000 ) ) ;
#12028 = DIRECTION ( 'NONE',  ( 1.000000000000000000, 0.0000000000000000000, 0.0000000000000000000 ) ) ;
#12029 = VERTEX_POINT ( 'NONE', #7462 ) ;
#12030 = DIRECTION ( 'NONE',  ( -1.000000000000000000, 0.0000000000000000000, 0.0000000000000000000 ) ) ;
#12031 = EDGE_LOOP ( 'NONE', ( #8398, #3797, #2709, #9325 ) ) ;
#12032 = VERTEX_POINT ( 'NONE', #4545 ) ;
#12033 = EDGE_CURVE ( 'NONE', #9826, #6231, #1581, .T. ) ;
#12034 = DIRECTION ( 'NONE',  ( 0.0000000000000000000, -1.000000000000000000, 0.0000000000000000000 ) ) ;
#12035 = VERTEX_POINT ( 'NONE', #1445 ) ;
#12036 = EDGE_LOOP ( 'NONE', ( #9171, #4688, #11180, #3979 ) ) ;
#12037 = CARTESIAN_POINT ( 'NONE',  ( 0.2090187636347027589, 0.08075585031051535356, 0.4515614810981850025 ) ) ;
#12038 = CARTESIAN_POINT ( 'NONE',  ( 0.3208297872567559272, -0.05703942528003581869, 0.2515614810981878224 ) ) ;
#12039 = ORIENTED_EDGE ( 'NONE', *, *, #1083, .T. ) ;
#12040 = CARTESIAN_POINT ( 'NONE',  ( 0.3330345116662205007, 0.3130393148774570644, 0.2062858905469921178 ) ) ;
#12041 = LINE ( 'NONE', #10167, #4383 ) ;
#12042 =( LENGTH_UNIT ( ) NAMED_UNIT ( * ) SI_UNIT ( $, .METRE. ) );
#12043 = ORIENTED_EDGE ( 'NONE', *, *, #4134, .T. ) ;
#12044 = AXIS2_PLACEMENT_3D ( 'NONE', #4406, #11551, #9544 ) ;
#12045 = CARTESIAN_POINT ( 'NONE',  ( 0.2483888423748523422, 0.1988660865309976600, 0.3062858905470074999 ) ) ;
#12046 = EDGE_LOOP ( 'NONE', ( #2283, #9341, #11898, #11965 ) ) ;
#12047 = UNCERTAINTY_MEASURE_WITH_UNIT (LENGTH_MEASURE( 1.000000000000000082E-05 ), #2209, 'distance_accuracy_value', 'NONE');
#12048 = CARTESIAN_POINT ( 'NONE',  ( 0.3625620707213386140, 0.3563464014916267741, 0.2850260480273070773 ) ) ;
#12049 = EDGE_CURVE ( 'NONE', #7831, #11015, #9678, .T. ) ;
#12050 = CARTESIAN_POINT ( 'NONE',  ( 0.3208297872567559272, 0.05713380306642448780, 0.4515614810981850025 ) ) ;
#12051 = EDGE_CURVE ( 'NONE', #6095, #10135, #3486, .T. ) ;
#12052 = VERTEX_POINT ( 'NONE', #442 ) ;
#12053 = DIRECTION ( 'NONE',  ( 0.0000000000000000000, -1.000000000000000000, 0.0000000000000000000 ) ) ;
#12054 = DIMENSIONAL_EXPONENTS ( 1.000000000000000000, 0.0000000000000000000, 0.0000000000000000000, 0.0000000000000000000, 0.0000000000000000000, 0.0000000000000000000, 0.0000000000000000000 ) ;
#12055 = DIRECTION ( 'NONE',  ( -1.937287448275559661E-17, -1.000000000000000000, -8.220413448604739958E-18 ) ) ;
#12056 = DIRECTION ( 'NONE',  ( -1.000000000000000000, -3.376070039848300612E-16, -2.359223927328455183E-16 ) ) ;
#12057 = VERTEX_POINT ( 'NONE', #5405 ) ;
#12058 = ORIENTED_EDGE ( 'NONE', *, *, #8947, .F. ) ;
#12059 = CARTESIAN_POINT ( 'NONE',  ( 0.1347607381955348571, 0.4079514893171787282, 0.4991992763737755912 ) ) ;
#12060 =( GEOMETRIC_REPRESENTATION_CONTEXT ( 3 ) GLOBAL_UNCERTAINTY_ASSIGNED_CONTEXT ( ( #8135 ) ) GLOBAL_UNIT_ASSIGNED_CONTEXT ( ( #4715, #12724, #7633 ) ) REPRESENTATION_CONTEXT ( 'NONE', 'WORKASPACE' ) );
#12061 = CARTESIAN_POINT ( 'NONE',  ( 0.3625620707213386140, 0.08862986605856654210, 0.4515614810981740113 ) ) ;
#12062 = ADVANCED_FACE ( 'NONE', ( #5673 ), #6404, .T. ) ;
#12063 = DIRECTION ( 'NONE',  ( 0.0000000000000000000, 0.0000000000000000000, -1.000000000000000000 ) ) ;
#12064 = ORIENTED_EDGE ( 'NONE', *, *, #10996, .T. ) ;
#12065 = APPLICATION_PROTOCOL_DEFINITION ( 'draft international standard', 'automotive_design', 1998, #1605 ) ;
#12066 = ORIENTED_EDGE ( 'NONE', *, *, #1704, .F. ) ;
#12067 = LINE ( 'NONE', #2878, #1730 ) ;
#12068 = CARTESIAN_POINT ( 'NONE',  ( 0.1027195510362948899, 0.2165826219640791250, 0.4007740795234071007 ) ) ;
#12069 = VECTOR ( 'NONE', #9554, 39.37007874015748143 ) ;
#12070 = ORIENTED_EDGE ( 'NONE', *, *, #2736, .T. ) ;
#12071 = CARTESIAN_POINT ( 'NONE',  ( 0.1027195510362848424, 0.1555589999168269788, 0.2456559692871496114 ) ) ;
#12072 = CARTESIAN_POINT ( 'NONE',  ( 0.07319199198116595195, 0.05713380306642409229, 0.1921126622005507878 ) ) ;
#12073 = ORIENTED_EDGE ( 'NONE', *, *, #4611, .F. ) ;
#12074 = CARTESIAN_POINT ( 'NONE',  ( 0.2326408108788039775, 0.4547715983420212993, 0.3456559692871649658 ) ) ;
#12075 =( GEOMETRIC_REPRESENTATION_CONTEXT ( 3 ) GLOBAL_UNCERTAINTY_ASSIGNED_CONTEXT ( ( #9107 ) ) GLOBAL_UNIT_ASSIGNED_CONTEXT ( ( #12417, #7261, #3278 ) ) REPRESENTATION_CONTEXT ( 'NONE', 'WORKASPACE' ) );
#12076 = EDGE_CURVE ( 'NONE', #6923, #10886, #11541, .T. ) ;
#12077 = SURFACE_STYLE_FILL_AREA ( #3070 ) ;
#12078 = DIRECTION ( 'NONE',  ( 2.152236195923769863E-14, 2.498001805406629826E-16, 1.000000000000000000 ) ) ;
#12079 = DIRECTION ( 'NONE',  ( 1.316334802367149914E-16, -1.000000000000000000, 1.526556658859589750E-16 ) ) ;
#12080 = EDGE_CURVE ( 'NONE', #5622, #11182, #581, .T. ) ;
#12081 = DIRECTION ( 'NONE',  ( 0.0000000000000000000, 8.220413448604739958E-18, -1.000000000000000000 ) ) ;
#12082 = ORIENTED_EDGE ( 'NONE', *, *, #6269, .T. ) ;
#12083 = ORIENTED_EDGE ( 'NONE', *, *, #4519, .F. ) ;
#12084 = VERTEX_POINT ( 'NONE', #9747 ) ;
#12085 = CARTESIAN_POINT ( 'NONE',  ( 0.2483888423748704388, 0.1988660865309976600, 0.3850260480273224872 ) ) ;
#12086 = AXIS2_PLACEMENT_3D ( 'NONE', #12302, #2135, #6162 ) ;
#12087 = DIRECTION ( 'NONE',  ( 1.000000000000000000, -1.937287448275559661E-17, -2.565854121688507820E-49 ) ) ;
#12088 = ORIENTED_EDGE ( 'NONE', *, *, #780, .T. ) ;
#12089 = LENGTH_MEASURE_WITH_UNIT ( LENGTH_MEASURE( 0.02539999999999999897 ), #8799 );
#12090 = EDGE_LOOP ( 'NONE', ( #1770, #530, #5746, #3033 ) ) ;
#12091 = EDGE_CURVE ( 'NONE', #1167, #4475, #11674, .T. ) ;
#12092 = PLANE ( 'NONE',  #8502 ) ;
#12093 = EDGE_CURVE ( 'NONE', #12312, #3479, #9533, .T. ) ;
#12094 = DIRECTION ( 'NONE',  ( 3.518308117683324880E-16, -1.000000000000000000, 4.163336342344335054E-16 ) ) ;
#12095 = VECTOR ( 'NONE', #9321, 39.37007874015748143 ) ;
#12096 = FACE_OUTER_BOUND ( 'NONE', #3927, .T. ) ;
#12097 = ORIENTED_EDGE ( 'NONE', *, *, #11377, .T. ) ;
#12098 = ORIENTED_EDGE ( 'NONE', *, *, #5120, .F. ) ;
#12099 = CARTESIAN_POINT ( 'NONE',  ( 0.2549658488673986478, 0.5348511316777833091, 0.2669158118068457042 ) ) ;
#12100 = ORIENTED_EDGE ( 'NONE', *, *, #10589, .F. ) ;
#12101 = ORIENTED_EDGE ( 'NONE', *, *, #4183, .F. ) ;
#12102 = DIRECTION ( 'NONE',  ( 0.0000000000000000000, 1.000000000000000000, 0.0000000000000000000 ) ) ;
#12103 = DIRECTION ( 'NONE',  ( -0.5773502691896267303, 0.5773502691896227335, 0.5773502691896277295 ) ) ;
#12104 = ORIENTED_EDGE ( 'NONE', *, *, #10849, .F. ) ;
#12105 = CARTESIAN_POINT ( 'NONE',  ( 0.2916959289890523888, 0.2441416770821810966, 0.3456559692871527534 ) ) ;
#12106 = DIRECTION ( 'NONE',  ( -0.3511234415894409766, 0.9363291775686509721, -4.820554145997740081E-16 ) ) ;
#12107 = ORIENTED_EDGE ( 'NONE', *, *, #8590, .F. ) ;
#12108 = DIRECTION ( 'NONE',  ( 0.0000000000000000000, -1.000000000000000000, 0.0000000000000000000 ) ) ;
#12109 = EDGE_CURVE ( 'NONE', #13053, #8949, #3548, .T. ) ;
#12110 = LINE ( 'NONE', #12045, #11340 ) ;
#12111 = ORIENTED_EDGE ( 'NONE', *, *, #11326, .F. ) ;
#12112 = VECTOR ( 'NONE', #106, 39.37007874015748143 ) ;
#12113 = DIRECTION ( 'NONE',  ( 4.283287147278279229E-17, 1.665334536937734811E-16, 1.000000000000000000 ) ) ;
#12114 = SURFACE_SIDE_STYLE ('',( #1749 ) ) ;
#12115 = ORIENTED_EDGE ( 'NONE', *, *, #1497, .F. ) ;
#12116 = CARTESIAN_POINT ( 'NONE',  ( 0.2483888423748523422, 0.7897218048774075072, 0.3062858905470074999 ) ) ;
#12117 = PLANE ( 'NONE',  #250 ) ;
#12118 = LENGTH_MEASURE_WITH_UNIT ( LENGTH_MEASURE( 0.02539999999999999897 ), #6966 );
#12119 = VECTOR ( 'NONE', #8417, 39.37007874015748143 ) ;
#12120 = ORIENTED_EDGE ( 'NONE', *, *, #10397, .F. ) ;
#12121 = VECTOR ( 'NONE', #5054, 39.37007874015748143 ) ;
#12122 = EDGE_CURVE ( 'NONE', #1167, #6798, #2433, .T. ) ;
#12123 = ADVANCED_FACE ( 'NONE', ( #370 ), #8441, .F. ) ;
#12124 = DIRECTION ( 'NONE',  ( -3.007447121050439791E-18, -2.498001805406600244E-16, -1.000000000000000000 ) ) ;
#12125 = CARTESIAN_POINT ( 'NONE',  ( 0.4098061652095126295, 0.3957164802317834629, 0.5070732921218070732 ) ) ;
#12126 = VERTEX_POINT ( 'NONE', #5742 ) ;
#12127 = ORIENTED_EDGE ( 'NONE', *, *, #3254, .F. ) ;
#12128 = CARTESIAN_POINT ( 'NONE',  ( 0.3090187636347015987, 0.08075585031051535356, 0.4397504574761377794 ) ) ;
#12129 = VECTOR ( 'NONE', #1391, 39.37007874015748143 ) ;
#12130 = CARTESIAN_POINT ( 'NONE',  ( 0.3310660077292019721, 0.3839054566097366283, 0.2669158118068457042 ) ) ;
#12131 = ORIENTED_EDGE ( 'NONE', *, *, #3374, .T. ) ;
#12132 =( NAMED_UNIT ( * ) SI_UNIT ( $, .STERADIAN. ) SOLID_ANGLE_UNIT ( ) );
#12133 = VERTEX_POINT ( 'NONE', #10017 ) ;
#12134 = VECTOR ( 'NONE', #11213, 39.37007874015748143 ) ;
#12135 = DIRECTION ( 'NONE',  ( 1.000000000000000000, 0.0000000000000000000, 0.0000000000000000000 ) ) ;
#12136 = CARTESIAN_POINT ( 'NONE',  ( 0.3389400234772338982, 0.3760314408617052018, 0.3102228984210196883 ) ) ;
#12137 = VECTOR ( 'NONE', #5484, 39.37007874015748143 ) ;
#12138 = DIRECTION ( 'NONE',  ( 1.000000000000000000, 1.174096724532128111E-16, -4.283287147278279229E-17 ) ) ;
#12139 = SURFACE_STYLE_FILL_AREA ( #207 ) ;
#12140 = DIRECTION ( 'NONE',  ( 2.626713979715460250E-16, -3.747002708109905789E-16, -1.000000000000000000 ) ) ;
#12141 = DIRECTION ( 'NONE',  ( -1.000000000000000000, 1.937287448275559661E-17, 0.0000000000000000000 ) ) ;
#12142 = ORIENTED_EDGE ( 'NONE', *, *, #12367, .F. ) ;
#12143 = ORIENTED_EDGE ( 'NONE', *, *, #3937, .F. ) ;
#12144 = VECTOR ( 'NONE', #12356, 39.37007874015748143 ) ;
#12145 = DIRECTION ( 'NONE',  ( -1.000000000000000000, -1.408738150179759833E-16, 3.007447121050474843E-18 ) ) ;
#12146 = ADVANCED_FACE ( 'NONE', ( #11818 ), #5948, .F. ) ;
#12147 = DIRECTION ( 'NONE',  ( 0.3511234415886834714, -0.9363291775689350782, 4.820554145996930513E-16 ) ) ;
#12148 = ADVANCED_FACE ( 'NONE', ( #13147 ), #1788, .T. ) ;
#12149 = ORIENTED_EDGE ( 'NONE', *, *, #455, .T. ) ;
#12150 = LINE ( 'NONE', #7127, #9658 ) ;
#12151 = ORIENTED_EDGE ( 'NONE', *, *, #5804, .T. ) ;
#12152 = ADVANCED_FACE ( 'NONE', ( #2700 ), #4862, .T. ) ;
#12153 = LENGTH_MEASURE_WITH_UNIT ( LENGTH_MEASURE( 0.02539999999999999897 ), #9005 );
#12154 = AXIS2_PLACEMENT_3D ( 'NONE', #5554, #12762, #529 ) ;
#12155 = PRESENTATION_STYLE_ASSIGNMENT (( #13097 ) ) ;
#12156 = VECTOR ( 'NONE', #3296, 39.37007874015748143 ) ;
#12157 = MANIFOLD_SOLID_BREP ( 'Imported2', #3508 ) ;
#12158 = LINE ( 'NONE', #9523, #199 ) ;
#12159 = ORIENTED_EDGE ( 'NONE', *, *, #12366, .T. ) ;
#12160 = ORIENTED_EDGE ( 'NONE', *, *, #4775, .T. ) ;
#12161 = LINE ( 'NONE', #167, #5768 ) ;
#12162 = ORIENTED_EDGE ( 'NONE', *, *, #601, .T. ) ;
#12163 = VECTOR ( 'NONE', #12344, 39.37007874015748143 ) ;
#12164 =( NAMED_UNIT ( * ) PLANE_ANGLE_UNIT ( ) SI_UNIT ( $, .RADIAN. ) );
#12165 = EDGE_CURVE ( 'NONE', #4005, #4704, #1987, .T. ) ;
#12166 = ORIENTED_EDGE ( 'NONE', *, *, #7092, .F. ) ;
#12167 = VECTOR ( 'NONE', #13026, 39.37007874015748143 ) ;
#12168 = CARTESIAN_POINT ( 'NONE',  ( 0.3385463226898373645, -0.07278745677610237719, 0.4515614810981850025 ) ) ;
#12169 = FILL_AREA_STYLE ('',( #9149 ) ) ;
#12170 = CARTESIAN_POINT ( 'NONE',  ( 0.2090187636347027589, 0.08075585031051535356, 0.4515614810981850025 ) ) ;
#12171 = EDGE_LOOP ( 'NONE', ( #11342, #12082, #5372, #8188 ) ) ;
#12172 = DIRECTION ( 'NONE',  ( -1.000000000000000000, -1.174096724532128111E-16, 4.283287147278279229E-17 ) ) ;
#12173 = DIRECTION ( 'NONE',  ( 0.0000000000000000000, 0.0000000000000000000, -1.000000000000000000 ) ) ;
#12174 = ORIENTED_EDGE ( 'NONE', *, *, #11845, .T. ) ;
#12175 = AXIS2_PLACEMENT_3D ( 'NONE', #11512, #5443, #205 ) ;
#12176 = LINE ( 'NONE', #11912, #2147 ) ;
#12177 = CARTESIAN_POINT ( 'NONE',  ( 0.1342156140284145593, 0.3760314408617052018, 0.2590417960588141666 ) ) ;
#12178 = ORIENTED_EDGE ( 'NONE', *, *, #6180, .F. ) ;
#12179 =( LENGTH_UNIT ( ) NAMED_UNIT ( * ) SI_UNIT ( $, .METRE. ) );
#12180 = FACE_OUTER_BOUND ( 'NONE', #9808, .T. ) ;
#12181 = EDGE_CURVE ( 'NONE', #4170, #5115, #2871, .T. ) ;
#12182 = PLANE ( 'NONE',  #4163 ) ;
#12183 = ORIENTED_EDGE ( 'NONE', *, *, #12808, .T. ) ;
#12184 = AXIS2_PLACEMENT_3D ( 'NONE', #11959, #10956, #653 ) ;
#12185 = ORIENTED_EDGE ( 'NONE', *, *, #1516, .T. ) ;
#12186 = CARTESIAN_POINT ( 'NONE',  ( 0.1027195510362938907, 0.1476849841687954967, 0.4732150244052676924 ) ) ;
#12187 = FACE_OUTER_BOUND ( 'NONE', #9138, .T. ) ;
#12188 = ORIENTED_EDGE ( 'NONE', *, *, #3688, .F. ) ;
#12189 = ORIENTED_EDGE ( 'NONE', *, *, #3854, .F. ) ;
#12190 = LINE ( 'NONE', #9423, #6792 ) ;
#12191 = CARTESIAN_POINT ( 'NONE',  ( 0.1164990785953285424, 0.7897218048774075072, 0.4677032133816496073 ) ) ;
#12192 = EDGE_CURVE ( 'NONE', #6700, #3892, #2838, .T. ) ;
#12193 = VERTEX_POINT ( 'NONE', #2900 ) ;
#12194 = CARTESIAN_POINT ( 'NONE',  ( 0.1401211258394373937, 0.3760314408617059234, 0.3161284102320469080 ) ) ;
#12195 = DIRECTION ( 'NONE',  ( 1.038660023975395207E-16, -0.7071067811865470176, 0.7071067811865480168 ) ) ;
#12196 = ORIENTED_EDGE ( 'NONE', *, *, #3297, .F. ) ;
#12197 = EDGE_LOOP ( 'NONE', ( #6672, #3748, #13027, #9590, #3785, #9954 ) ) ;
#12198 = AXIS2_PLACEMENT_3D ( 'NONE', #7570, #10389, #9512 ) ;
#12199 = CIRCLE ( 'NONE', #944, 0.08267716535433068670 ) ;
#12200 = CARTESIAN_POINT ( 'NONE',  ( 0.2562628581229027813, 0.08075585031050630525, 0.4515614810981850025 ) ) ;
#12201 = CARTESIAN_POINT ( 'NONE',  ( 0.2405148266268504198, 0.3760314408617052018, 0.2456559692871496114 ) ) ;
#12202 = CARTESIAN_POINT ( 'NONE',  ( 0.1893337242646342400, 0.3583149054286425272, 0.2236087251926807129 ) ) ;
#12203 = CARTESIAN_POINT ( 'NONE',  ( 0.1444518345008675153, -0.05703942528005377655, 0.4397504574761377794 ) ) ;
#12204 = DIRECTION ( 'NONE',  ( -1.000000000000000000, 1.937287448275559661E-17, 2.565854121688507820E-49 ) ) ;
#12205 = DIRECTION ( 'NONE',  ( -1.000000000000000000, -1.174096724532128111E-16, 4.283287147278279229E-17 ) ) ;
#12206 = LINE ( 'NONE', #9061, #7863 ) ;
#12207 = AXIS2_PLACEMENT_3D ( 'NONE', #1412, #7295, #2270 ) ;
#12208 = EDGE_CURVE ( 'NONE', #5819, #12612, #6017, .T. ) ;
#12209 = ORIENTED_EDGE ( 'NONE', *, *, #4232, .F. ) ;
#12210 = EDGE_CURVE ( 'NONE', #6573, #2137, #6738, .T. ) ;
#12211 = CARTESIAN_POINT ( 'NONE',  ( 0.2483888423748523422, 0.3760314408617059234, 0.2688843157438653431 ) ) ;
#12212 = VECTOR ( 'NONE', #3905, 39.37007874015748143 ) ;
#12213 = FACE_OUTER_BOUND ( 'NONE', #1459, .T. ) ;
#12214 = LINE ( 'NONE', #214, #6428 ) ;
#12215 = ORIENTED_EDGE ( 'NONE', *, *, #2528, .F. ) ;
#12216 = FILL_AREA_STYLE ('',( #5118 ) ) ;
#12217 = DIRECTION ( 'NONE',  ( -1.000000000000000000, 1.937287448275559661E-17, 0.0000000000000000000 ) ) ;
#12218 = LINE ( 'NONE', #3084, #9820 ) ;
#12219 = VECTOR ( 'NONE', #5138, 39.37007874015748143 ) ;
#12220 = CARTESIAN_POINT ( 'NONE',  ( 0.2208297872567571152, 0.05713380306641550888, 0.4515614810981850025 ) ) ;
#12221 = EDGE_CURVE ( 'NONE', #2192, #8861, #6318, .T. ) ;
#12222 = CARTESIAN_POINT ( 'NONE',  ( 0.3330345116662205007, 0.3130393148774570644, 0.4515614810981740113 ) ) ;
#12223 = ORIENTED_EDGE ( 'NONE', *, *, #6529, .T. ) ;
#12224 = DIRECTION ( 'NONE',  ( -1.000000000000000000, 0.0000000000000000000, 0.0000000000000000000 ) ) ;
#12225 = ORIENTED_EDGE ( 'NONE', *, *, #9486, .F. ) ;
#12226 = CARTESIAN_POINT ( 'NONE',  ( 0.1755541967055905817, 0.1555589999168269788, 0.2515614810981878224 ) ) ;
#12227 = VERTEX_POINT ( 'NONE', #4250 ) ;
#12228 = ORIENTED_EDGE ( 'NONE', *, *, #8634, .F. ) ;
#12229 =( NAMED_UNIT ( * ) SI_UNIT ( $, .STERADIAN. ) SOLID_ANGLE_UNIT ( ) );
#12230 = COLOUR_RGB ( '',0.7529411764705882248, 0.7529411764705882248, 0.0000000000000000000 ) ;
#12231 = DIRECTION ( 'NONE',  ( 2.626713979715460250E-16, -3.747002708109905789E-16, -1.000000000000000000 ) ) ;
#12232 = ORIENTED_EDGE ( 'NONE', *, *, #2854, .F. ) ;
#12233 = LENGTH_MEASURE_WITH_UNIT ( LENGTH_MEASURE( 0.02539999999999999897 ), #2305 );
#12234 = SURFACE_SIDE_STYLE ('',( #11216 ) ) ;
#12235 = DIRECTION ( 'NONE',  ( 1.174096724532128111E-16, -1.000000000000000000, 1.665334536937734811E-16 ) ) ;
#12236 = ORIENTED_EDGE ( 'NONE', *, *, #12181, .T. ) ;
#12237 = PRESENTATION_LAYER_ASSIGNMENT (  '', '', ( #10120 ) ) ;
#12238 = EDGE_CURVE ( 'NONE', #8409, #6075, #12150, .T. ) ;
#12239 =( CONVERSION_BASED_UNIT ( 'INCH', #5147 ) LENGTH_UNIT ( ) NAMED_UNIT ( #8780 ) );
#12240 = VERTEX_POINT ( 'NONE', #10266 ) ;
#12241 = DIRECTION ( 'NONE',  ( 1.000000000000000000, 1.174096724532128111E-16, -4.283287147278279229E-17 ) ) ;
#12242 = CARTESIAN_POINT ( 'NONE',  ( 0.3625620707213386140, 0.1555589999168269788, 0.2180969141690468349 ) ) ;
#12243 = ADVANCED_FACE ( 'NONE', ( #2107 ), #8292, .T. ) ;
#12244 = EDGE_LOOP ( 'NONE', ( #3714, #2375, #9250, #11149 ) ) ;
#12245 = DIRECTION ( 'NONE',  ( -0.7071067811865474617, -0.7071067811865474617, 2.495801191760493122E-16 ) ) ;
#12246 = SURFACE_STYLE_USAGE ( .BOTH. , #8198 ) ;
#12247 = PLANE ( 'NONE',  #9505 ) ;
#12248 = DIRECTION ( 'NONE',  ( -1.316334802367149914E-16, 1.000000000000000000, -1.526556658859589750E-16 ) ) ;
#12249 = ORIENTED_EDGE ( 'NONE', *, *, #6810, .F. ) ;
#12250 = EDGE_CURVE ( 'NONE', #6010, #2235, #3019, .T. ) ;
#12251 = DIRECTION ( 'NONE',  ( 1.174096724532128111E-16, -1.000000000000000000, 1.665334536937734811E-16 ) ) ;
#12252 = AXIS2_PLACEMENT_3D ( 'NONE', #8633, #9513, #10790 ) ;
#12253 = EDGE_CURVE ( 'NONE', #9400, #5954, #282, .T. ) ;
#12254 = AXIS2_PLACEMENT_3D ( 'NONE', #3155, #237, #7200 ) ;
#12255 = DIRECTION ( 'NONE',  ( 1.000000000000000000, -1.937287448275559661E-17, 0.0000000000000000000 ) ) ;
#12256 = ORIENTED_EDGE ( 'NONE', *, *, #10828, .T. ) ;
#12257 = ORIENTED_EDGE ( 'NONE', *, *, #6497, .F. ) ;
#12258 = DIRECTION ( 'NONE',  ( 1.000000000000000000, 0.0000000000000000000, 0.0000000000000000000 ) ) ;
#12259 = DIRECTION ( 'NONE',  ( 1.000000000000000000, 0.0000000000000000000, 0.0000000000000000000 ) ) ;
#12260 = DIRECTION ( 'NONE',  ( -1.000000000000000000, 1.937287448275559661E-17, 0.0000000000000000000 ) ) ;
#12261 = EDGE_LOOP ( 'NONE', ( #2591, #2561, #9294, #12196 ) ) ;
#12262 =( NAMED_UNIT ( * ) PLANE_ANGLE_UNIT ( ) SI_UNIT ( $, .RADIAN. ) );
#12263 = FACE_OUTER_BOUND ( 'NONE', #8289, .T. ) ;
#12264 = ORIENTED_EDGE ( 'NONE', *, *, #5946, .T. ) ;
#12265 = ORIENTED_EDGE ( 'NONE', *, *, #3358, .F. ) ;
#12266 = DIRECTION ( 'NONE',  ( 1.174096724532128111E-16, -1.000000000000000000, 1.665334536937734811E-16 ) ) ;
#12267 = ADVANCED_FACE ( 'NONE', ( #1287 ), #11142, .F. ) ;
#12268 = CARTESIAN_POINT ( 'NONE',  ( 0.1027195510362848424, 0.1555589999168269788, 0.2180969141690468349 ) ) ;
#12269 = CARTESIAN_POINT ( 'NONE',  ( 0.3625620707213386140, 0.1555589999168269788, 0.2102228984210153528 ) ) ;
#12270 = VECTOR ( 'NONE', #10376, 39.37007874015748854 ) ;
#12271 = DIRECTION ( 'NONE',  ( 0.0000000000000000000, -1.000000000000000000, 0.0000000000000000000 ) ) ;
#12272 = PLANE ( 'NONE',  #6145 ) ;
#12273 = PLANE ( 'NONE',  #8440 ) ;
#12274 = ORIENTED_EDGE ( 'NONE', *, *, #11871, .T. ) ;
#12275 = DIRECTION ( 'NONE',  ( -4.283287147278279229E-17, -1.665334536937734811E-16, -1.000000000000000000 ) ) ;
#12276 = DIRECTION ( 'NONE',  ( -4.283287147278279229E-17, -1.665334536937734811E-16, -1.000000000000000000 ) ) ;
#12277 = PRESENTATION_STYLE_ASSIGNMENT (( #8173 ) ) ;
#12278 = VECTOR ( 'NONE', #8671, 39.37007874015748143 ) ;
#12279 = EDGE_CURVE ( 'NONE', #12470, #9014, #2166, .T. ) ;
#12280 = LINE ( 'NONE', #11079, #3681 ) ;
#12281 = EDGE_CURVE ( 'NONE', #4475, #6967, #9255, .T. ) ;
#12282 = CARTESIAN_POINT ( 'NONE',  ( 0.2090187636347251854, 0.08862986605855749378, 0.4854197488147189432 ) ) ;
#12283 = ORIENTED_EDGE ( 'NONE', *, *, #4815, .T. ) ;
#12284 = EDGE_LOOP ( 'NONE', ( #3096, #8369, #8909, #1660 ) ) ;
#12285 = VECTOR ( 'NONE', #5260, 39.37007874015748143 ) ;
#12286 = DIRECTION ( 'NONE',  ( -2.273736754432319837E-13, 8.220413448609138782E-18, -1.000000000000000000 ) ) ;
#12287 = EDGE_LOOP ( 'NONE', ( #1231, #4554, #7674, #5766, #10615, #7215, #7336, #1509 ) ) ;
#12288 = ORIENTED_EDGE ( 'NONE', *, *, #1200, .T. ) ;
#12289 = DIRECTION ( 'NONE',  ( -1.000000000000000000, -1.408738150179759833E-16, 6.014894242100889598E-18 ) ) ;
#12290 = PLANE ( 'NONE',  #10697 ) ;
#12291 = PRESENTATION_STYLE_ASSIGNMENT (( #4025 ) ) ;
#12292 = ORIENTED_EDGE ( 'NONE', *, *, #10815, .F. ) ;
#12293 = COLOUR_RGB ( '',0.7529411764705882248, 0.7529411764705882248, 0.0000000000000000000 ) ;
#12294 =( NAMED_UNIT ( * ) PLANE_ANGLE_UNIT ( ) SI_UNIT ( $, .RADIAN. ) );
#12295 = EDGE_LOOP ( 'NONE', ( #8335, #381, #11521, #3565, #8051 ) ) ;
#12296 = UNCERTAINTY_MEASURE_WITH_UNIT (LENGTH_MEASURE( 1.000000000000000082E-05 ), #928, 'distance_accuracy_value', 'NONE');
#12297 = FACE_BOUND ( 'NONE', #12261, .T. ) ;
#12298 = CARTESIAN_POINT ( 'NONE',  ( 0.2483888423748523422, 0.1988660865309976600, 0.3456559692871649658 ) ) ;
#12299 = ORIENTED_EDGE ( 'NONE', *, *, #4324, .F. ) ;
#12300 = AXIS2_PLACEMENT_3D ( 'NONE', #4389, #2489, #11603 ) ;
#12301 = CARTESIAN_POINT ( 'NONE',  ( 0.2326408108788039775, 0.2579212046412326376, 0.2669158118068504226 ) ) ;
#12302 = CARTESIAN_POINT ( 'NONE',  ( 0.1208297872567765802, 0.05713380306641543255, 0.4515614810981850025 ) ) ;
#12303 = ADVANCED_FACE ( 'NONE', ( #9130 ), #8110, .F. ) ;
#12304 = VERTEX_POINT ( 'NONE', #6456 ) ;
#12305 = EDGE_CURVE ( 'NONE', #3827, #2275, #566, .T. ) ;
#12306 = VECTOR ( 'NONE', #6680, 39.37007874015748143 ) ;
#12307 = DIRECTION ( 'NONE',  ( 1.316334802367149914E-16, -1.000000000000000000, 1.526556658859589750E-16 ) ) ;
#12308 = ORIENTED_EDGE ( 'NONE', *, *, #3668, .F. ) ;
#12309 = UNCERTAINTY_MEASURE_WITH_UNIT (LENGTH_MEASURE( 1.000000000000000082E-05 ), #1958, 'distance_accuracy_value', 'NONE');
#12310 = VERTEX_POINT ( 'NONE', #12525 ) ;
#12311 = CARTESIAN_POINT ( 'NONE',  ( 0.2726091976981878107, 0.1988660865309976600, 0.3062858905470074999 ) ) ;
#12312 = VERTEX_POINT ( 'NONE', #5456 ) ;
#12313 = DIRECTION ( 'NONE',  ( -3.376070039848299626E-16, 1.000000000000000000, -4.302114220422480115E-16 ) ) ;
#12314 = PLANE ( 'NONE',  #5564 ) ;
#12315 = EDGE_CURVE ( 'NONE', #3495, #3308, #4593, .T. ) ;
#12316 = ORIENTED_EDGE ( 'NONE', *, *, #1436, .F. ) ;
#12317 = AXIS2_PLACEMENT_3D ( 'NONE', #5924, #1831, #11120 ) ;
#12318 = SURFACE_STYLE_FILL_AREA ( #5999 ) ;
#12319 = CARTESIAN_POINT ( 'NONE',  ( 0.2405148266268504198, 0.3681574251136630060, 0.2397504574761405716 ) ) ;
#12320 = EDGE_CURVE ( 'NONE', #544, #4812, #3324, .T. ) ;
#12321 = ORIENTED_EDGE ( 'NONE', *, *, #4417, .T. ) ;
#12322 = CARTESIAN_POINT ( 'NONE',  ( 0.07712899985517106261, 0.1988660865309976600, 0.4972307724367677761 ) ) ;
#12323 = FACE_OUTER_BOUND ( 'NONE', #8659, .T. ) ;
#12324 = CARTESIAN_POINT ( 'NONE',  ( 0.3625620707213386140, 0.1555589999168269788, 0.2456559692871496114 ) ) ;
#12325 = VECTOR ( 'NONE', #1281, 39.37007874015748143 ) ;
#12326 = CARTESIAN_POINT ( 'NONE',  ( 0.05547545654809685201, 0.2185511259010751717, 0.3456559692871669642 ) ) ;
#12327 = CARTESIAN_POINT ( 'NONE',  ( 0.3389400234772338982, 0.3760314408617052018, 0.3810890401533106320 ) ) ;
#12328 = EDGE_CURVE ( 'NONE', #4856, #8509, #3276, .T. ) ;
#12329 = ORIENTED_EDGE ( 'NONE', *, *, #3491, .T. ) ;
#12330 = LINE ( 'NONE', #10083, #2415 ) ;
#12331 = CARTESIAN_POINT ( 'NONE',  ( 0.3625620707213386140, 0.3760314408617052018, 0.2456559692871496114 ) ) ;
#12332 = ORIENTED_EDGE ( 'NONE', *, *, #8630, .F. ) ;
#12333 = EDGE_CURVE ( 'NONE', #607, #5864, #11450, .T. ) ;
#12334 = VECTOR ( 'NONE', #4705, 39.37007874015748143 ) ;
#12335 = DIRECTION ( 'NONE',  ( -1.000000000000000000, -1.174096724532128111E-16, 4.283287147278279229E-17 ) ) ;
#12336 = VECTOR ( 'NONE', #12258, 39.37007874015748143 ) ;
#12337 = DIRECTION ( 'NONE',  ( -1.937287448275559661E-17, -1.000000000000000000, -8.220413448604588965E-18 ) ) ;
#12338 = CARTESIAN_POINT ( 'NONE',  ( 0.1385463226898582811, -0.07278745677611142550, 0.2397504574761405716 ) ) ;
#12339 =( CONVERSION_BASED_UNIT ( 'INCH', #5394 ) LENGTH_UNIT ( ) NAMED_UNIT ( #11781 ) );
#12340 = ORIENTED_EDGE ( 'NONE', *, *, #1260, .T. ) ;
#12341 = VECTOR ( 'NONE', #3149, 39.37007874015748143 ) ;
#12342 = VECTOR ( 'NONE', #5937, 39.37007874015748143 ) ;
#12343 = EDGE_LOOP ( 'NONE', ( #10558, #7638, #9406, #1995 ) ) ;
#12344 = DIRECTION ( 'NONE',  ( -3.007447121050439791E-18, -2.498001805406600244E-16, -1.000000000000000000 ) ) ;
#12345 = ORIENTED_EDGE ( 'NONE', *, *, #3420, .F. ) ;
#12346 = ORIENTED_EDGE ( 'NONE', *, *, #8781, .T. ) ;
#12347 = CARTESIAN_POINT ( 'NONE',  ( 0.4255541967055787023, 0.1988660865309964665, 0.3614040007832315382 ) ) ;
#12348 = ADVANCED_FACE ( 'NONE', ( #3531 ), #10454, .F. ) ;
#12349 = EDGE_CURVE ( 'NONE', #179, #4810, #7734, .T. ) ;
#12350 = PRESENTATION_STYLE_ASSIGNMENT (( #2306 ) ) ;
#12351 = VECTOR ( 'NONE', #1524, 39.37007874015748143 ) ;
#12352 = AXIS2_PLACEMENT_3D ( 'NONE', #2598, #4640, #2532 ) ;
#12353 = CARTESIAN_POINT ( 'NONE',  ( 0.2326408108788039775, 0.4272125432239181064, 0.2895536070824405450 ) ) ;
#12354 = VERTEX_POINT ( 'NONE', #2617 ) ;
#12355 = CARTESIAN_POINT ( 'NONE',  ( 0.2405148266268500035, 0.3681574251136630060, 0.4515614810981850025 ) ) ;
#12356 = DIRECTION ( 'NONE',  ( 1.000000000000000000, -1.937287448275559661E-17, 0.0000000000000000000 ) ) ;
#12357 = DIRECTION ( 'NONE',  ( 0.0000000000000000000, 0.0000000000000000000, 1.000000000000000000 ) ) ;
#12358 = ORIENTED_EDGE ( 'NONE', *, *, #8520, .F. ) ;
#12359 = VECTOR ( 'NONE', #4016, 39.37007874015748143 ) ;
#12360 = CARTESIAN_POINT ( 'NONE',  ( 0.07319199198118012117, 0.1476849841687954967, 0.5011677803107859042 ) ) ;
#12361 = CARTESIAN_POINT ( 'NONE',  ( 0.2090187636347251854, 0.08862986605855749378, 0.4854197488147189432 ) ) ;
#12362 = VECTOR ( 'NONE', #7415, 39.37007874015748143 ) ;
#12363 = ORIENTED_EDGE ( 'NONE', *, *, #12932, .T. ) ;
#12364 = LINE ( 'NONE', #3228, #7414 ) ;
#12365 = CARTESIAN_POINT ( 'NONE',  ( 0.1755541967055905817, 0.1555589999168269788, 0.4397504574761377794 ) ) ;
#12366 = EDGE_CURVE ( 'NONE', #4810, #4735, #11577, .T. ) ;
#12367 = EDGE_CURVE ( 'NONE', #12985, #7831, #9514, .T. ) ;
#12368 = DIRECTION ( 'NONE',  ( 0.0000000000000000000, -1.000000000000000000, 0.0000000000000000000 ) ) ;
#12369 = VERTEX_POINT ( 'NONE', #10729 ) ;
#12370 = VECTOR ( 'NONE', #12578, 39.37007874015748143 ) ;
#12371 = FACE_OUTER_BOUND ( 'NONE', #1398, .T. ) ;
#12372 = VECTOR ( 'NONE', #5004, 39.37007874015748143 ) ;
#12373 = PLANE ( 'NONE',  #9649 ) ;
#12374 = VERTEX_POINT ( 'NONE', #9729 ) ;
#12375 = EDGE_CURVE ( 'NONE', #12057, #7537, #354, .T. ) ;
#12376 = ORIENTED_EDGE ( 'NONE', *, *, #6789, .F. ) ;
#12377 = ORIENTED_EDGE ( 'NONE', *, *, #11379, .T. ) ;
#12378 = PLANE ( 'NONE',  #208 ) ;
#12379 =( CONVERSION_BASED_UNIT ( 'INCH', #8270 ) LENGTH_UNIT ( ) NAMED_UNIT ( #8866 ) );
#12380 = VERTEX_POINT ( 'NONE', #5591 ) ;
#12381 = EDGE_CURVE ( 'NONE', #11715, #12133, #2548, .T. ) ;
#12382 = PRESENTATION_LAYER_ASSIGNMENT (  '', '', ( #1557 ) ) ;
#12383 = CARTESIAN_POINT ( 'NONE',  ( 0.3625620707213386140, 0.08862986605856654210, 0.2397504574761405716 ) ) ;
#12384 = LINE ( 'NONE', #3245, #3113 ) ;
#12385 = ORIENTED_EDGE ( 'NONE', *, *, #6490, .F. ) ;
#12386 = CARTESIAN_POINT ( 'NONE',  ( 0.2483888423748476515, 0.3760314408617059234, 0.4007740795233795117 ) ) ;
#12387 = CARTESIAN_POINT ( 'NONE',  ( 0.07319199198116595195, 0.3760314408617052018, 0.3456559692871649658 ) ) ;
#12388 = MECHANICAL_DESIGN_GEOMETRIC_PRESENTATION_REPRESENTATION (  '', ( #9616 ), #270 ) ;
#12389 = CARTESIAN_POINT ( 'NONE',  ( 0.2267352990677846403, -0.07278745677610257148, 0.2515614810981878224 ) ) ;
#12390 = LINE ( 'NONE', #11383, #2766 ) ;
#12391 = EDGE_CURVE ( 'NONE', #4475, #1962, #4453, .T. ) ;
#12392 = CARTESIAN_POINT ( 'NONE',  ( 0.2129557715087252168, 0.1279999447987061056, 0.4893567566887362386 ) ) ;
#12393 = ORIENTED_EDGE ( 'NONE', *, *, #2794, .T. ) ;
#12394 = EDGE_CURVE ( 'NONE', #4714, #6521, #11595, .T. ) ;
#12395 = FACE_OUTER_BOUND ( 'NONE', #12946, .T. ) ;
#12396 = COLOUR_RGB ( '',0.7529411764705882248, 0.7529411764705882248, 0.0000000000000000000 ) ;
#12397 = DIRECTION ( 'NONE',  ( -1.608386623408229791E-17, -1.526556658859589750E-16, -1.000000000000000000 ) ) ;
#12398 = FACE_OUTER_BOUND ( 'NONE', #5194, .T. ) ;
#12399 = VECTOR ( 'NONE', #9870, 39.37007874015748143 ) ;
#12400 = LENGTH_MEASURE_WITH_UNIT ( LENGTH_MEASURE( 0.02539999999999999897 ), #7243 );
#12401 = ORIENTED_EDGE ( 'NONE', *, *, #9980, .F. ) ;
#12402 = DIRECTION ( 'NONE',  ( 3.376070039848298640E-16, -1.000000000000000000, 4.302114220422480608E-16 ) ) ;
#12403 = EDGE_CURVE ( 'NONE', #12753, #6327, #5524, .T. ) ;
#12404 = DIRECTION ( 'NONE',  ( 1.000000000000000000, 0.0000000000000000000, 0.0000000000000000000 ) ) ;
#12405 = VECTOR ( 'NONE', #8632, 39.37007874015748143 ) ;
#12406 = FACE_OUTER_BOUND ( 'NONE', #5262, .T. ) ;
#12407 = ADVANCED_FACE ( 'NONE', ( #8707 ), #4722, .T. ) ;
#12408 = EDGE_LOOP ( 'NONE', ( #6873, #320, #11948, #1104 ) ) ;
#12409 = VECTOR ( 'NONE', #6181, 39.37007874015748143 ) ;
#12410 = LENGTH_MEASURE_WITH_UNIT ( LENGTH_MEASURE( 0.02539999999999999897 ), #3027 );
#12411 = ORIENTED_EDGE ( 'NONE', *, *, #9166, .T. ) ;
#12412 = DIRECTION ( 'NONE',  ( -1.000000000000000000, -1.316334802367149914E-16, 1.608386623408234722E-17 ) ) ;
#12413 = VERTEX_POINT ( 'NONE', #1837 ) ;
#12414 = EDGE_LOOP ( 'NONE', ( #11071, #2399, #6339, #6934, #4527, #7985, #11232 ) ) ;
#12415 = SURFACE_SIDE_STYLE ('',( #6089 ) ) ;
#12416 = CARTESIAN_POINT ( 'NONE',  ( 0.2483888423748523422, 0.4547715983420212993, 0.3456559692871649658 ) ) ;
#12417 =( CONVERSION_BASED_UNIT ( 'INCH', #6209 ) LENGTH_UNIT ( ) NAMED_UNIT ( #2687 ) );
#12418 = AXIS2_PLACEMENT_3D ( 'NONE', #1536, #7485, #2454 ) ;
#12419 = CARTESIAN_POINT ( 'NONE',  ( 0.09484553528825255542, 0.08862986605855728561, 0.1684906149564565081 ) ) ;
#12420 = ORIENTED_EDGE ( 'NONE', *, *, #997, .T. ) ;
#12421 = PLANE ( 'NONE',  #5057 ) ;
#12422 = PLANE ( 'NONE',  #10457 ) ;
#12423 = DIRECTION ( 'NONE',  ( 0.4472135955002290997, 0.8944271909997801862, -1.437323020766680012E-16 ) ) ;
#12424 = EDGE_CURVE ( 'NONE', #11278, #7306, #9932, .T. ) ;
#12425 = SURFACE_STYLE_USAGE ( .BOTH. , #8250 ) ;
#12426 = ORIENTED_EDGE ( 'NONE', *, *, #11447, .F. ) ;
#12427 = VECTOR ( 'NONE', #8514, 39.37007874015748143 ) ;
#12428 = DIRECTION ( 'NONE',  ( -2.359223927328455183E-16, 3.885780586188049864E-16, 1.000000000000000000 ) ) ;
#12429 = LINE ( 'NONE', #12242, #8068 ) ;
#12430 = ORIENTED_EDGE ( 'NONE', *, *, #8046, .T. ) ;
#12431 = DIRECTION ( 'NONE',  ( 0.0000000000000000000, 0.0000000000000000000, 1.000000000000000000 ) ) ;
#12432 = DIRECTION ( 'NONE',  ( 0.0000000000000000000, 0.0000000000000000000, 1.000000000000000000 ) ) ;
#12433 = ORIENTED_EDGE ( 'NONE', *, *, #893, .F. ) ;
#12434 = CARTESIAN_POINT ( 'NONE',  ( 0.2326408108788039775, 0.5295747479483235987, 0.2895536070824405450 ) ) ;
#12435 = AXIS2_PLACEMENT_3D ( 'NONE', #11936, #10791, #2819 ) ;
#12436 = DIRECTION ( 'NONE',  ( -1.000000000000000000, 1.937287448275559661E-17, 2.565854121688507820E-49 ) ) ;
#12437 = EDGE_CURVE ( 'NONE', #6508, #1851, #1703, .T. ) ;
#12438 = DIRECTION ( 'NONE',  ( 0.0000000000000000000, 8.220413448604739958E-18, -1.000000000000000000 ) ) ;
#12439 = EDGE_LOOP ( 'NONE', ( #652, #862, #45, #11838 ) ) ;
#12440 = UNCERTAINTY_MEASURE_WITH_UNIT (LENGTH_MEASURE( 1.000000000000000082E-05 ), #1124, 'distance_accuracy_value', 'NONE');
#12441 = EDGE_CURVE ( 'NONE', #10876, #12975, #6788, .T. ) ;
#12442 = VERTEX_POINT ( 'NONE', #9799 ) ;
#12443 = CARTESIAN_POINT ( 'NONE',  ( 0.1558691573354938908, 0.2421731731451575165, 0.2515614810981878224 ) ) ;
#12444 = ORIENTED_EDGE ( 'NONE', *, *, #5532, .F. ) ;
#12445 = CARTESIAN_POINT ( 'NONE',  ( 0.2326408108788039775, 0.7028030944050177586, 0.2984118747989760179 ) ) ;
#12446 = VECTOR ( 'NONE', #12078, 39.37007874015748143 ) ;
#12447 = DIRECTION ( 'NONE',  ( 0.3511234415886834714, -0.9363291775689350782, 4.820554145996930513E-16 ) ) ;
#12448 = DIRECTION ( 'NONE',  ( 1.000000000000000000, 0.0000000000000000000, 0.0000000000000000000 ) ) ;
#12449 = ORIENTED_EDGE ( 'NONE', *, *, #5198, .T. ) ;
#12450 = LINE ( 'NONE', #11506, #10089 ) ;
#12451 = CARTESIAN_POINT ( 'NONE',  ( 0.2621683699339342755, 0.1555589999168269788, 0.3456559692871527534 ) ) ;
#12452 = ORIENTED_EDGE ( 'NONE', *, *, #8518, .F. ) ;
#12453 = EDGE_CURVE ( 'NONE', #7831, #11366, #629, .T. ) ;
#12454 = VECTOR ( 'NONE', #5516, 39.37007874015748143 ) ;
#12455 = CARTESIAN_POINT ( 'NONE',  ( 0.3290975037921822777, 0.1988660865309976600, 0.2905378590509232195 ) ) ;
#12456 = CARTESIAN_POINT ( 'NONE',  ( 0.3920896297764417393, 0.2579212046412326376, 0.2669158118068504226 ) ) ;
#12457 = LINE ( 'NONE', #12389, #9684 ) ;
#12458 = DIRECTION ( 'NONE',  ( 1.937287448275559661E-17, 1.000000000000000000, 8.220413448604739958E-18 ) ) ;
#12459 = ORIENTED_EDGE ( 'NONE', *, *, #2096, .F. ) ;
#12460 = PLANE ( 'NONE',  #11328 ) ;
#12461 = ORIENTED_EDGE ( 'NONE', *, *, #8679, .F. ) ;
#12462 = DIRECTION ( 'NONE',  ( -1.000000000000000000, -1.316334802367149914E-16, 1.608386623408234722E-17 ) ) ;
#12463 = EDGE_CURVE ( 'NONE', #8667, #8310, #3738, .T. ) ;
#12464 = CARTESIAN_POINT ( 'NONE',  ( 0.3920896297764417393, 0.08862986605855728561, 0.2078606936966141683 ) ) ;
#12465 = VECTOR ( 'NONE', #7227, 39.37007874015748143 ) ;
#12466 = DIRECTION ( 'NONE',  ( -1.000000000000000000, 0.0000000000000000000, 0.0000000000000000000 ) ) ;
#12467 = EDGE_CURVE ( 'NONE', #4887, #9234, #761, .T. ) ;
#12468 = CARTESIAN_POINT ( 'NONE',  ( 0.3389400234772338982, 0.3760314408617052018, 0.2669158118068457042 ) ) ;
#12469 = CARTESIAN_POINT ( 'NONE',  ( 0.2405148266268504198, 0.1555589999168269788, 0.2456559692871496114 ) ) ;
#12470 = VERTEX_POINT ( 'NONE', #9867 ) ;
#12471 = CARTESIAN_POINT ( 'NONE',  ( 0.2326408108788039775, 0.6949290786569842782, 0.3456559692871649658 ) ) ;
#12472 = ORIENTED_EDGE ( 'NONE', *, *, #6810, .T. ) ;
#12473 = DIRECTION ( 'NONE',  ( 0.0000000000000000000, 8.220413448604739958E-18, -1.000000000000000000 ) ) ;
#12474 = ORIENTED_EDGE ( 'NONE', *, *, #10351, .F. ) ;
#12475 = ORIENTED_EDGE ( 'NONE', *, *, #2605, .F. ) ;
#12476 = CARTESIAN_POINT ( 'NONE',  ( 0.1342156140284145593, 0.5295747479483133846, 0.3456559692871649658 ) ) ;
#12477 = AXIS2_PLACEMENT_3D ( 'NONE', #2365, #6406, #1377 ) ;
#12478 = VERTEX_POINT ( 'NONE', #12871 ) ;
#12479 = EDGE_CURVE ( 'NONE', #2869, #6098, #7781, .T. ) ;
#12480 = DIRECTION ( 'NONE',  ( 1.000000000000000000, -1.937287448275559661E-17, 0.0000000000000000000 ) ) ;
#12481 = CARTESIAN_POINT ( 'NONE',  ( 0.3267352990678007996, -0.07278745677610237719, 0.4397504574761377794 ) ) ;
#12482 = ADVANCED_FACE ( 'NONE', ( #6859 ), #4788, .T. ) ;
#12483 = PLANE ( 'NONE',  #10232 ) ;
#12484 = ORIENTED_EDGE ( 'NONE', *, *, #9637, .T. ) ;
#12485 = DIRECTION ( 'NONE',  ( 0.0000000000000000000, 0.0000000000000000000, 1.000000000000000000 ) ) ;
#12486 = VECTOR ( 'NONE', #5139, 39.37007874015748143 ) ;
#12487 = DIRECTION ( 'NONE',  ( 1.000000000000000000, -1.937287448275689700E-17, 1.596249935350384935E-13 ) ) ;
#12488 = PRODUCT_CONTEXT ( 'NONE', #1872, 'mechanical' ) ;
#12489 = VERTEX_POINT ( 'NONE', #10933 ) ;
#12490 = DIRECTION ( 'NONE',  ( 1.000000000000000000, 0.0000000000000000000, 0.0000000000000000000 ) ) ;
#12491 = ORIENTED_EDGE ( 'NONE', *, *, #5678, .T. ) ;
#12492 = SURFACE_STYLE_USAGE ( .BOTH. , #2133 ) ;
#12493 = DIRECTION ( 'NONE',  ( 1.000000000000000000, 1.408738150179759833E-16, -6.014894242100889598E-18 ) ) ;
#12494 =( GEOMETRIC_REPRESENTATION_CONTEXT ( 3 ) GLOBAL_UNCERTAINTY_ASSIGNED_CONTEXT ( ( #10059 ) ) GLOBAL_UNIT_ASSIGNED_CONTEXT ( ( #11987, #8617, #3578 ) ) REPRESENTATION_CONTEXT ( 'NONE', 'WORKASPACE' ) );
#12495 = CARTESIAN_POINT ( 'NONE',  ( 0.3468140392252653248, 0.1791810471609177058, 0.3653410086572472792 ) ) ;
#12496 = ORIENTED_EDGE ( 'NONE', *, *, #7946, .F. ) ;
#12497 = EDGE_CURVE ( 'NONE', #1227, #384, #2746, .T. ) ;
#12498 = CARTESIAN_POINT ( 'NONE',  ( 0.2483888423748523422, 0.3760314408617059234, 0.2669158118068500340 ) ) ;
#12499 = DIRECTION ( 'NONE',  ( -1.937287448275559661E-17, -1.000000000000000000, -8.220413448604739958E-18 ) ) ;
#12500 = ORIENTED_EDGE ( 'NONE', *, *, #9318, .T. ) ;
#12501 = VECTOR ( 'NONE', #5764, 39.37007874015748143 ) ;
#12502 = VERTEX_POINT ( 'NONE', #7615 ) ;
#12503 = DIRECTION ( 'NONE',  ( -1.316334802367149914E-16, 1.000000000000000000, -1.526556658859589750E-16 ) ) ;
#12504 = FACE_OUTER_BOUND ( 'NONE', #10686, .T. ) ;
#12505 = ORIENTED_EDGE ( 'NONE', *, *, #12210, .T. ) ;
#12506 = CARTESIAN_POINT ( 'NONE',  ( 0.3330345116662205007, 0.1555589999168271731, 0.4397504574761377794 ) ) ;
#12507 = CARTESIAN_POINT ( 'NONE',  ( 0.2208297872567575038, -0.05703942528004480456, 0.4397504574761377794 ) ) ;
#12508 = CARTESIAN_POINT ( 'NONE',  ( 0.1558691573354938908, 0.3681574251136630060, 0.2515614810981878224 ) ) ;
#12509 = ORIENTED_EDGE ( 'NONE', *, *, #10555, .T. ) ;
#12510 = DIRECTION ( 'NONE',  ( 1.316334802367149914E-16, -1.000000000000000000, 1.526556658859589750E-16 ) ) ;
#12511 = DIRECTION ( 'NONE',  ( 1.000000000000000000, 1.408738150179707817E-16, -2.099402731964120217E-14 ) ) ;
#12512 = ORIENTED_EDGE ( 'NONE', *, *, #11799, .T. ) ;
#12513 = EDGE_CURVE ( 'NONE', #8771, #4898, #12648, .T. ) ;
#12514 = EDGE_CURVE ( 'NONE', #6967, #145, #3370, .T. ) ;
#12515 = ORIENTED_EDGE ( 'NONE', *, *, #5610, .T. ) ;
#12516 = AXIS2_PLACEMENT_3D ( 'NONE', #7400, #1382, #9468 ) ;
#12517 = LINE ( 'NONE', #3186, #6654 ) ;
#12518 =( NAMED_UNIT ( * ) SI_UNIT ( $, .STERADIAN. ) SOLID_ANGLE_UNIT ( ) );
#12519 = DIRECTION ( 'NONE',  ( 0.0000000000000000000, 1.000000000000000000, 0.0000000000000000000 ) ) ;
#12520 = PLANE ( 'NONE',  #1933 ) ;
#12521 = AXIS2_PLACEMENT_3D ( 'NONE', #1102, #12030, #8116 ) ;
#12522 = ORIENTED_EDGE ( 'NONE', *, *, #2783, .F. ) ;
#12523 = CARTESIAN_POINT ( 'NONE',  ( 0.2483888423748523422, 0.2165826219640791250, 0.4243961267674803417 ) ) ;
#12524 = LINE ( 'NONE', #11449, #983 ) ;
#12525 = CARTESIAN_POINT ( 'NONE',  ( 0.3113809683591188815, 0.5610708109404448640, 0.3299079377910984490 ) ) ;
#12526 = AXIS2_PLACEMENT_3D ( 'NONE', #2221, #3390, #1212 ) ;
#12527 =( LENGTH_UNIT ( ) NAMED_UNIT ( * ) SI_UNIT ( $, .METRE. ) );
#12528 =( GEOMETRIC_REPRESENTATION_CONTEXT ( 3 ) GLOBAL_UNCERTAINTY_ASSIGNED_CONTEXT ( ( #8265 ) ) GLOBAL_UNIT_ASSIGNED_CONTEXT ( ( #3132, #7372, #3189 ) ) REPRESENTATION_CONTEXT ( 'NONE', 'WORKASPACE' ) );
#12529 = CARTESIAN_POINT ( 'NONE',  ( 0.3586250628473003355, 0.3760314408617059234, 0.4007740795233890041 ) ) ;
#12530 = CARTESIAN_POINT ( 'NONE',  ( 0.2405148266268504198, 0.1555589999168269788, 0.2515614810981767757 ) ) ;
#12531 = FACE_OUTER_BOUND ( 'NONE', #10883, .T. ) ;
#12532 = EDGE_CURVE ( 'NONE', #8310, #11996, #4635, .T. ) ;
#12533 = CARTESIAN_POINT ( 'NONE',  ( 0.1539006533984909608, 0.5965038818065866444, 0.2866008511769279621 ) ) ;
#12534 = EDGE_CURVE ( 'NONE', #7434, #8293, #1678, .T. ) ;
#12535 = ORIENTED_EDGE ( 'NONE', *, *, #4918, .T. ) ;
#12536 = CARTESIAN_POINT ( 'NONE',  ( 0.1263415982803830773, 0.3760314408617052018, 0.4322701425155078825 ) ) ;
#12537 = VERTEX_POINT ( 'NONE', #1540 ) ;
#12538 = ORIENTED_EDGE ( 'NONE', *, *, #4535, .T. ) ;
#12539 = VECTOR ( 'NONE', #6905, 39.37007874015748143 ) ;
#12540 = VECTOR ( 'NONE', #10431, 39.37007874015748143 ) ;
#12541 = DIRECTION ( 'NONE',  ( -3.518308117683324880E-16, 1.000000000000000000, -4.163336342344335054E-16 ) ) ;
#12542 = ORIENTED_EDGE ( 'NONE', *, *, #11728, .T. ) ;
#12543 = FACE_OUTER_BOUND ( 'NONE', #561, .T. ) ;
#12544 = SURFACE_SIDE_STYLE ('',( #3415 ) ) ;
#12545 = CARTESIAN_POINT ( 'NONE',  ( 0.3763415982803858806, 0.2579212046412326376, 0.5011677803107913443 ) ) ;
#12546 = ORIENTED_EDGE ( 'NONE', *, *, #4701, .F. ) ;
#12547 = DIRECTION ( 'NONE',  ( 0.7071067811865450192, 0.7071067811865500152, -0.0000000000000000000 ) ) ;
#12548 = CARTESIAN_POINT ( 'NONE',  ( 0.3940581337134496653, 0.05713380306642409229, 0.1842386464525193057 ) ) ;
#12549 = VECTOR ( 'NONE', #12289, 39.37007874015748143 ) ;
#12550 = VECTOR ( 'NONE', #5084, 39.37007874015748143 ) ;
#12551 = DIRECTION ( 'NONE',  ( 0.0000000000000000000, 0.0000000000000000000, 1.000000000000000000 ) ) ;
#12552 = DIRECTION ( 'NONE',  ( 0.0000000000000000000, 0.0000000000000000000, -1.000000000000000000 ) ) ;
#12553 = ORIENTED_EDGE ( 'NONE', *, *, #9486, .T. ) ;
#12554 = VERTEX_POINT ( 'NONE', #5700 ) ;
#12555 = DIRECTION ( 'NONE',  ( -1.000000000000000000, -3.376070039848299626E-16, -2.359223927328455183E-16 ) ) ;
#12556 = EDGE_CURVE ( 'NONE', #5985, #4407, #10571, .T. ) ;
#12557 = DIRECTION ( 'NONE',  ( -1.000000000000000000, -1.408738150179759833E-16, 6.014894242100889598E-18 ) ) ;
#12558 = EDGE_LOOP ( 'NONE', ( #12363, #3286, #8356, #3759 ) ) ;
#12559 = FACE_OUTER_BOUND ( 'NONE', #2162, .T. ) ;
#12560 = CARTESIAN_POINT ( 'NONE',  ( 0.2483888423748523422, 0.4272125432239181064, 0.2905378590509232195 ) ) ;
#12561 = PLANE ( 'NONE',  #4135 ) ;
#12562 = STYLED_ITEM ( 'NONE', ( #8999 ), #5542 ) ;
#12563 = SURFACE_SIDE_STYLE ('',( #1320 ) ) ;
#12564 = LINE ( 'NONE', #7412, #4814 ) ;
#12565 = ORIENTED_EDGE ( 'NONE', *, *, #1453, .T. ) ;
#12566 = DIRECTION ( 'NONE',  ( -1.000000000000000000, -3.518308117683324880E-16, -2.626713979715460250E-16 ) ) ;
#12567 = COLOUR_RGB ( '',0.7529411764705882248, 0.7529411764705882248, 0.0000000000000000000 ) ;
#12568 = DIRECTION ( 'NONE',  ( -0.1240347345890695785, -0.9922778767136850586, 0.0000000000000000000 ) ) ;
#12569 = EDGE_LOOP ( 'NONE', ( #4947, #9096, #5219, #1506, #7388, #1589, #9982 ) ) ;
#12570 = UNCERTAINTY_MEASURE_WITH_UNIT (LENGTH_MEASURE( 1.000000000000000082E-05 ), #2310, 'distance_accuracy_value', 'NONE');
#12571 = VECTOR ( 'NONE', #8394, 39.37007874015748854 ) ;
#12572 = ORIENTED_EDGE ( 'NONE', *, *, #1799, .F. ) ;
#12573 = CARTESIAN_POINT ( 'NONE',  ( 0.2326408108788039775, 0.1988660865309976600, 0.3456559692871649658 ) ) ;
#12574 = EDGE_CURVE ( 'NONE', #10964, #1845, #9638, .T. ) ;
#12575 = CARTESIAN_POINT ( 'NONE',  ( 0.3625620707213386140, 0.1555589999168269788, 0.4102228984210118390 ) ) ;
#12576 = ORIENTED_EDGE ( 'NONE', *, *, #6420, .T. ) ;
#12577 = LENGTH_MEASURE_WITH_UNIT ( LENGTH_MEASURE( 0.02539999999999999897 ), #2997 );
#12578 = DIRECTION ( 'NONE',  ( -1.000000000000000000, 1.937287448275484781E-17, 8.833616147085620181E-14 ) ) ;
#12579 = LINE ( 'NONE', #3453, #12777 ) ;
#12580 = VECTOR ( 'NONE', #9323, 39.37007874015748143 ) ;
#12581 = LINE ( 'NONE', #404, #9007 ) ;
#12582 = DIRECTION ( 'NONE',  ( -3.007447121050439791E-18, -2.498001805406600244E-16, -1.000000000000000000 ) ) ;
#12583 = ORIENTED_EDGE ( 'NONE', *, *, #11954, .F. ) ;
#12584 = VECTOR ( 'NONE', #7590, 39.37007874015748143 ) ;
#12585 = ORIENTED_EDGE ( 'NONE', *, *, #11218, .T. ) ;
#12586 = SURFACE_SIDE_STYLE ('',( #8483 ) ) ;
#12587 = CARTESIAN_POINT ( 'NONE',  ( 0.1027195510362948899, 0.2165826219640791250, 0.1940811661375555497 ) ) ;
#12588 = DIRECTION ( 'NONE',  ( 0.0000000000000000000, 1.000000000000000000, 0.0000000000000000000 ) ) ;
#12589 = DIRECTION ( 'NONE',  ( -0.3511234415877496073, -0.9363291775692852426, 2.975952440747245953E-16 ) ) ;
#12590 = VECTOR ( 'NONE', #6435, 39.37007874015748143 ) ;
#12591 = CARTESIAN_POINT ( 'NONE',  ( 0.2444518345008484528, 0.05713380306641543255, 0.2397504574761405716 ) ) ;
#12592 = PLANE ( 'NONE',  #209 ) ;
#12593 = EDGE_CURVE ( 'NONE', #9145, #3542, #8681, .T. ) ;
#12594 = VECTOR ( 'NONE', #6642, 39.37007874015748143 ) ;
#12595 = FACE_OUTER_BOUND ( 'NONE', #13134, .T. ) ;
#12596 = ORIENTED_EDGE ( 'NONE', *, *, #11870, .T. ) ;
#12597 = DIRECTION ( 'NONE',  ( 0.0000000000000000000, -1.000000000000000000, 0.0000000000000000000 ) ) ;
#12598 = FACE_OUTER_BOUND ( 'NONE', #10032, .T. ) ;
#12599 = DIRECTION ( 'NONE',  ( 0.0000000000000000000, 1.000000000000000000, 0.0000000000000000000 ) ) ;
#12600 = VERTEX_POINT ( 'NONE', #3448 ) ;
#12601 = AXIS2_PLACEMENT_3D ( 'NONE', #8390, #12431, #2319 ) ;
#12602 = VECTOR ( 'NONE', #9955, 39.37007874015748143 ) ;
#12603 = CARTESIAN_POINT ( 'NONE',  ( 0.2483888423748704388, 0.2776062440113113983, 0.5385693551139408841 ) ) ;
#12604 = SURFACE_STYLE_FILL_AREA ( #10330 ) ;
#12605 = CARTESIAN_POINT ( 'NONE',  ( 0.1558691573354860360, 0.3583149054286425272, 0.3456559692871649658 ) ) ;
#12606 = CARTESIAN_POINT ( 'NONE',  ( 0.2326408108788161622, 0.1555589999168269788, 0.4810890401532991745 ) ) ;
#12607 = EDGE_CURVE ( 'NONE', #3497, #4162, #2458, .T. ) ;
#12608 = EDGE_CURVE ( 'NONE', #369, #12680, #8801, .T. ) ;
#12609 = DIRECTION ( 'NONE',  ( 0.0000000000000000000, 0.0000000000000000000, -1.000000000000000000 ) ) ;
#12610 = VERTEX_POINT ( 'NONE', #2594 ) ;
#12611 = CARTESIAN_POINT ( 'NONE',  ( 0.1164990785953285424, 0.3760314408617059234, 0.4677032133816496073 ) ) ;
#12612 = VERTEX_POINT ( 'NONE', #12775 ) ;
#12613 = VECTOR ( 'NONE', #2689, 39.37007874015748143 ) ;
#12614 = ORIENTED_EDGE ( 'NONE', *, *, #541, .T. ) ;
#12615 = DIRECTION ( 'NONE',  ( 0.8944271909997800751, 0.4472135955002295438, -8.265553651050788965E-17 ) ) ;
#12616 = DIRECTION ( 'NONE',  ( 1.000000000000000000, -1.937287448275559661E-17, 0.0000000000000000000 ) ) ;
#12617 = ORIENTED_EDGE ( 'NONE', *, *, #2227, .T. ) ;
#12618 = SURFACE_SIDE_STYLE ('',( #4608 ) ) ;
#12619 = DIRECTION ( 'NONE',  ( 0.0000000000000000000, 1.000000000000000000, 0.0000000000000000000 ) ) ;
#12620 = CARTESIAN_POINT ( 'NONE',  ( 0.2326408108788161622, 0.1555589999168269788, 0.2358134496021149773 ) ) ;
#12621 = EDGE_LOOP ( 'NONE', ( #7657, #3056, #137, #7624 ) ) ;
#12622 = EDGE_CURVE ( 'NONE', #12024, #639, #3648, .T. ) ;
#12623 = VECTOR ( 'NONE', #12147, 39.37007874015748143 ) ;
#12624 = VECTOR ( 'NONE', #8972, 39.37007874015748143 ) ;
#12625 = DIMENSIONAL_EXPONENTS ( 1.000000000000000000, 0.0000000000000000000, 0.0000000000000000000, 0.0000000000000000000, 0.0000000000000000000, 0.0000000000000000000, 0.0000000000000000000 ) ;
#12626 = CARTESIAN_POINT ( 'NONE',  ( 0.2483888423748523422, 0.7028030944050177586, 0.3456559692871649658 ) ) ;
#12627 = SURFACE_STYLE_USAGE ( .BOTH. , #3871 ) ;
#12628 = ORIENTED_EDGE ( 'NONE', *, *, #5198, .F. ) ;
#12629 = EDGE_CURVE ( 'NONE', #6026, #7831, #677, .T. ) ;
#12630 = VERTEX_POINT ( 'NONE', #1611 ) ;
#12631 = CARTESIAN_POINT ( 'NONE',  ( 0.3468140392252720416, 0.1555589999168271731, 0.4062465204682488285 ) ) ;
#12632 = ORIENTED_EDGE ( 'NONE', *, *, #5898, .T. ) ;
#12633 = DIRECTION ( 'NONE',  ( -1.000000000000000000, -1.408738150179759833E-16, 6.014894242100889598E-18 ) ) ;
#12634 = SURFACE_STYLE_FILL_AREA ( #535 ) ;
#12635 = DIRECTION ( 'NONE',  ( 3.518308117683324880E-16, -1.000000000000000000, 4.163336342344335054E-16 ) ) ;
#12636 = AXIS2_PLACEMENT_3D ( 'NONE', #10498, #12499, #12438 ) ;
#12637 =( NAMED_UNIT ( * ) PLANE_ANGLE_UNIT ( ) SI_UNIT ( $, .RADIAN. ) );
#12638 = CARTESIAN_POINT ( 'NONE',  ( 0.1558691573354938908, 0.3091023070034267795, 0.2397504574761405716 ) ) ;
#12639 = ORIENTED_EDGE ( 'NONE', *, *, #11483, .F. ) ;
#12640 = LINE ( 'NONE', #391, #6605 ) ;
#12641 = EDGE_CURVE ( 'NONE', #11886, #12962, #4702, .T. ) ;
#12642 = FILL_AREA_STYLE_COLOUR ( '', #7603 ) ;
#12643 = PRODUCT_DEFINITION_FORMATION_WITH_SPECIFIED_SOURCE ( 'ANY', '', #4548, .NOT_KNOWN. ) ;
#12644 = CARTESIAN_POINT ( 'NONE',  ( 0.1027195510362948899, 0.2165826219640791250, 0.2905378590509232195 ) ) ;
#12645 = ORIENTED_EDGE ( 'NONE', *, *, #2770, .T. ) ;
#12646 = ADVANCED_FACE ( 'NONE', ( #12504, #7423 ), #11573, .F. ) ;
#12647 = ORIENTED_EDGE ( 'NONE', *, *, #11808, .T. ) ;
#12648 = LINE ( 'NONE', #12575, #11803 ) ;
#12649 = EDGE_LOOP ( 'NONE', ( #11719, #11607, #9673, #5164 ) ) ;
#12650 = LINE ( 'NONE', #12851, #5724 ) ;
#12651 = CARTESIAN_POINT ( 'NONE',  ( 0.2405148266268504198, 0.1555589999168269788, 0.2456559692871496114 ) ) ;
#12652 = DIRECTION ( 'NONE',  ( -3.007447121050439791E-18, -2.498001805406600244E-16, -1.000000000000000000 ) ) ;
#12653 = VECTOR ( 'NONE', #7378, 39.37007874015748143 ) ;
#12654 = PLANE ( 'NONE',  #10553 ) ;
#12655 = ORIENTED_EDGE ( 'NONE', *, *, #542, .F. ) ;
#12656 = EDGE_CURVE ( 'NONE', #1053, #10619, #11702, .T. ) ;
#12657 = ADVANCED_FACE ( 'NONE', ( #398 ), #4425, .F. ) ;
#12658 = CARTESIAN_POINT ( 'NONE',  ( 0.07319199198118012117, 0.1476849841687954967, 0.2554984889721937380 ) ) ;
#12659 = DIRECTION ( 'NONE',  ( 0.0000000000000000000, 8.220413448604739958E-18, -1.000000000000000000 ) ) ;
#12660 = CARTESIAN_POINT ( 'NONE',  ( 0.2405148266268504198, 0.1555589999168269788, 0.2397504574761405716 ) ) ;
#12661 = VECTOR ( 'NONE', #7978, 39.37007874015748143 ) ;
#12662 = PLANE ( 'NONE',  #2905 ) ;
#12663 = DIRECTION ( 'NONE',  ( 1.000000000000000000, 1.408738150179759833E-16, -6.014894242100889598E-18 ) ) ;
#12664 = CARTESIAN_POINT ( 'NONE',  ( 0.1893337242646342400, 0.7897218048774075072, 0.3456559692871649658 ) ) ;
#12665 = FACE_OUTER_BOUND ( 'NONE', #7535, .T. ) ;
#12666 = VECTOR ( 'NONE', #317, 39.37007874015748143 ) ;
#12667 = DIRECTION ( 'NONE',  ( -1.937287448275559661E-17, -1.000000000000000000, -8.220413448604588965E-18 ) ) ;
#12668 = COLOUR_RGB ( '',0.7529411764705882248, 0.7529411764705882248, 0.0000000000000000000 ) ;
#12669 = DIRECTION ( 'NONE',  ( 1.000000000000000000, 3.376070039848305050E-16, 2.359223927328455183E-16 ) ) ;
#12670 = EDGE_CURVE ( 'NONE', #8740, #11435, #3510, .T. ) ;
#12671 = DIRECTION ( 'NONE',  ( 1.000000000000000000, 0.0000000000000000000, 0.0000000000000000000 ) ) ;
#12672 = CARTESIAN_POINT ( 'NONE',  ( 0.3330345116662205007, 0.1555589999168271731, 0.4515614810981740113 ) ) ;
#12673 = CARTESIAN_POINT ( 'NONE',  ( 0.2405148266268504198, 0.1555589999168269788, 0.4180969141690433211 ) ) ;
#12674 = CARTESIAN_POINT ( 'NONE',  ( 0.2326408108788039775, 0.4272125432239181064, 0.4017583314918893866 ) ) ;
#12675 =( GEOMETRIC_REPRESENTATION_CONTEXT ( 3 ) GLOBAL_UNCERTAINTY_ASSIGNED_CONTEXT ( ( #11910 ) ) GLOBAL_UNIT_ASSIGNED_CONTEXT ( ( #150, #4993, #10202 ) ) REPRESENTATION_CONTEXT ( 'NONE', 'WORKASPACE' ) );
#12676 = PLANE ( 'NONE',  #11444 ) ;
#12677 = FACE_OUTER_BOUND ( 'NONE', #12744, .T. ) ;
#12678 = ORIENTED_EDGE ( 'NONE', *, *, #921, .T. ) ;
#12679 = DIRECTION ( 'NONE',  ( 0.0000000000000000000, 0.0000000000000000000, -1.000000000000000000 ) ) ;
#12680 = VERTEX_POINT ( 'NONE', #6565 ) ;
#12681 = ORIENTED_EDGE ( 'NONE', *, *, #4067, .F. ) ;
#12682 = CARTESIAN_POINT ( 'NONE',  ( 0.2483888423748523422, 0.3583149054286425272, 0.4007740795234071007 ) ) ;
#12683 = DIRECTION ( 'NONE',  ( -1.937287448275559661E-17, -1.000000000000000000, -8.220413448604739958E-18 ) ) ;
#12684 = VERTEX_POINT ( 'NONE', #9706 ) ;
#12685 = CARTESIAN_POINT ( 'NONE',  ( 0.2326408108788161622, 0.1555589999168269788, 0.4358134496021299209 ) ) ;
#12686 = PRESENTATION_STYLE_ASSIGNMENT (( #2765 ) ) ;
#12687 = VECTOR ( 'NONE', #8089, 39.37007874015748143 ) ;
#12688 = EDGE_CURVE ( 'NONE', #527, #842, #1294, .T. ) ;
#12689 = EDGE_CURVE ( 'NONE', #12413, #10130, #6390, .T. ) ;
#12690 = LINE ( 'NONE', #5818, #8286 ) ;
#12691 = ORIENTED_EDGE ( 'NONE', *, *, #3570, .T. ) ;
#12692 = DIRECTION ( 'NONE',  ( -1.000000000000000000, -1.408738150179759833E-16, 3.007447121050474843E-18 ) ) ;
#12693 = CARTESIAN_POINT ( 'NONE',  ( 0.1164990785953285424, 0.3760314408617052018, 0.4243961267674803417 ) ) ;
#12694 = ORIENTED_EDGE ( 'NONE', *, *, #276, .F. ) ;
#12695 = ORIENTED_EDGE ( 'NONE', *, *, #4378, .F. ) ;
#12696 = MECHANICAL_DESIGN_GEOMETRIC_PRESENTATION_REPRESENTATION (  '', ( #6290 ), #2710 ) ;
#12697 = CARTESIAN_POINT ( 'NONE',  ( 0.05547545654809511728, 0.05713380306642409229, 0.1921126622005507878 ) ) ;
#12698 = ORIENTED_EDGE ( 'NONE', *, *, #10385, .T. ) ;
#12699 = VERTEX_POINT ( 'NONE', #9594 ) ;
#12700 = SURFACE_STYLE_USAGE ( .BOTH. , #8598 ) ;
#12701 = PLANE ( 'NONE',  #7989 ) ;
#12702 = ORIENTED_EDGE ( 'NONE', *, *, #12792, .F. ) ;
#12703 = LINE ( 'NONE', #7483, #9356 ) ;
#12704 = VECTOR ( 'NONE', #4207, 39.37007874015748143 ) ;
#12705 = DIRECTION ( 'NONE',  ( 0.0000000000000000000, 1.000000000000000000, 0.0000000000000000000 ) ) ;
#12706 = ORIENTED_EDGE ( 'NONE', *, *, #6693, .F. ) ;
#12707 = PLANE ( 'NONE',  #871 ) ;
#12708 = CARTESIAN_POINT ( 'NONE',  ( 0.3389400234772338982, 0.3760314408617052018, 0.2669158118068457042 ) ) ;
#12709 = ORIENTED_EDGE ( 'NONE', *, *, #12453, .T. ) ;
#12710 = CARTESIAN_POINT ( 'NONE',  ( 0.1361841179654072753, 0.1988660865309976600, 0.2688843157438653431 ) ) ;
#12712 = EDGE_CURVE ( 'NONE', #7949, #5945, #1433, .T. ) ;
#12711 = DIMENSIONAL_EXPONENTS ( 1.000000000000000000, 0.0000000000000000000, 0.0000000000000000000, 0.0000000000000000000, 0.0000000000000000000, 0.0000000000000000000, 0.0000000000000000000 ) ;
#12713 = DIRECTION ( 'NONE',  ( -4.283287147278279229E-17, -1.665334536937734811E-16, -1.000000000000000000 ) ) ;
#12714 = EDGE_CURVE ( 'NONE', #9297, #9022, #5319, .T. ) ;
#12715 = LINE ( 'NONE', #7534, #4238 ) ;
#12716 = DIRECTION ( 'NONE',  ( -1.937287448275559661E-17, -1.000000000000000000, -8.220413448604739958E-18 ) ) ;
#12717 = EDGE_CURVE ( 'NONE', #9324, #13077, #11456, .T. ) ;
#12718 = VERTEX_POINT ( 'NONE', #10460 ) ;
#12719 = CARTESIAN_POINT ( 'NONE',  ( 0.07319199198116595195, 0.3760314408617052018, 0.5011677803107913443 ) ) ;
#12720 = DIRECTION ( 'NONE',  ( 0.0000000000000000000, 0.0000000000000000000, -1.000000000000000000 ) ) ;
#12721 = AXIS2_PLACEMENT_3D ( 'NONE', #768, #5730, #2692 ) ;
#12722 = DIRECTION ( 'NONE',  ( -1.000000000000000000, -3.376070039848299626E-16, -2.359223927328455183E-16 ) ) ;
#12723 = CARTESIAN_POINT ( 'NONE',  ( 0.0000000000000000000, 0.0000000000000000000, 0.0000000000000000000 ) ) ;
#12724 =( NAMED_UNIT ( * ) PLANE_ANGLE_UNIT ( ) SI_UNIT ( $, .RADIAN. ) );
#12725 = EDGE_LOOP ( 'NONE', ( #1479, #3173, #11646, #7321 ) ) ;
#12726 = CARTESIAN_POINT ( 'NONE',  ( 0.2208297872567575038, 0.05713380306641543255, 0.2397504574761405716 ) ) ;
#12727 = EDGE_CURVE ( 'NONE', #773, #12554, #8639, .T. ) ;
#12728 = PLANE ( 'NONE',  #8674 ) ;
#12729 = APPLICATION_CONTEXT ( 'automotive_design' ) ;
#12730 = EDGE_CURVE ( 'NONE', #5609, #4971, #571, .T. ) ;
#12731 = ORIENTED_EDGE ( 'NONE', *, *, #6530, .F. ) ;
#12732 = DIRECTION ( 'NONE',  ( 0.0000000000000000000, 0.0000000000000000000, 1.000000000000000000 ) ) ;
#12733 = CARTESIAN_POINT ( 'NONE',  ( 0.1562628581229039137, 0.08075585031049743734, 0.4515614810981850025 ) ) ;
#12734 = DIRECTION ( 'NONE',  ( -1.356991020290373981E-16, 1.000000000000000000, -3.469446951953615175E-16 ) ) ;
#12735 = ORIENTED_EDGE ( 'NONE', *, *, #7085, .T. ) ;
#12736 = CARTESIAN_POINT ( 'NONE',  ( 0.09484553528826220048, 0.1555589999168269788, 0.4358134496021299209 ) ) ;
#12737 = DIRECTION ( 'NONE',  ( 0.0000000000000000000, 0.0000000000000000000, 1.000000000000000000 ) ) ;
#12738 = AXIS2_PLACEMENT_3D ( 'NONE', #6198, #6082, #4869 ) ;
#12739 = DIRECTION ( 'NONE',  ( -3.007447121050439791E-18, -2.498001805406600244E-16, -1.000000000000000000 ) ) ;
#12740 = LINE ( 'NONE', #7654, #11429 ) ;
#12741 = ORIENTED_EDGE ( 'NONE', *, *, #9023, .T. ) ;
#12742 = EDGE_CURVE ( 'NONE', #10771, #10563, #360, .T. ) ;
#12743 = LINE ( 'NONE', #11810, #2179 ) ;
#12744 = EDGE_LOOP ( 'NONE', ( #13059, #1727, #8078, #12833 ) ) ;
#12745 = ORIENTED_EDGE ( 'NONE', *, *, #7819, .T. ) ;
#12746 = CARTESIAN_POINT ( 'NONE',  ( 0.2483888423748704388, 0.1988660865309964665, 0.1527425834603897692 ) ) ;
#12747 = FACE_OUTER_BOUND ( 'NONE', #5734, .T. ) ;
#12748 = ORIENTED_EDGE ( 'NONE', *, *, #8754, .F. ) ;
#12749 = PRESENTATION_STYLE_ASSIGNMENT (( #4675 ) ) ;
#12750 = AXIS2_PLACEMENT_3D ( 'NONE', #7350, #4225, #5355 ) ;
#12751 = LINE ( 'NONE', #4610, #5659 ) ;
#12752 = LINE ( 'NONE', #11677, #11733 ) ;
#12753 = VERTEX_POINT ( 'NONE', #4387 ) ;
#12754 = CARTESIAN_POINT ( 'NONE',  ( 0.2483888423748704388, 0.2776062440113113983, 0.3456559692871649658 ) ) ;
#12755 = DIRECTION ( 'NONE',  ( 1.937287448275559661E-17, 1.000000000000000000, 8.220413448604588965E-18 ) ) ;
#12756 = LENGTH_MEASURE_WITH_UNIT ( LENGTH_MEASURE( 0.02539999999999999897 ), #7922 );
#12757 = ORIENTED_EDGE ( 'NONE', *, *, #2772, .T. ) ;
#12758 = VECTOR ( 'NONE', #9161, 39.37007874015748143 ) ;
#12759 = AXIS2_PLACEMENT_3D ( 'NONE', #2556, #635, #4793 ) ;
#12760 = ORIENTED_EDGE ( 'NONE', *, *, #6665, .T. ) ;
#12761 = EDGE_CURVE ( 'NONE', #8579, #10058, #7577, .T. ) ;
#12762 = DIRECTION ( 'NONE',  ( -0.8944271909998483538, 0.4472135955000931529, -5.388384191815311200E-17 ) ) ;
#12763 = ORIENTED_EDGE ( 'NONE', *, *, #7085, .F. ) ;
#12764 = EDGE_LOOP ( 'NONE', ( #919, #6470, #7728, #4770 ) ) ;
#12765 = LINE ( 'NONE', #9623, #875 ) ;
#12766 = ORIENTED_EDGE ( 'NONE', *, *, #1999, .T. ) ;
#12767 = DIRECTION ( 'NONE',  ( 0.7071067811865480168, -0.7071067811865470176, 0.0000000000000000000 ) ) ;
#12768 = CARTESIAN_POINT ( 'NONE',  ( 0.1027195510362938907, 0.1476849841687954967, 0.4358134496021299209 ) ) ;
#12769 =( GEOMETRIC_REPRESENTATION_CONTEXT ( 3 ) GLOBAL_UNCERTAINTY_ASSIGNED_CONTEXT ( ( #11238 ) ) GLOBAL_UNIT_ASSIGNED_CONTEXT ( ( #3894, #1735, #7879 ) ) REPRESENTATION_CONTEXT ( 'NONE', 'WORKASPACE' ) );
#12770 = LINE ( 'NONE', #4630, #8717 ) ;
#12771 = FILL_AREA_STYLE_COLOUR ( '', #6663 ) ;
#12772 = EDGE_LOOP ( 'NONE', ( #5368, #11737, #2201, #12376, #10804, #8731 ) ) ;
#12773 = DIRECTION ( 'NONE',  ( 1.000000000000000000, 3.376070039848299626E-16, 2.359223927328455183E-16 ) ) ;
#12774 = ADVANCED_FACE ( 'NONE', ( #11663 ), #8360, .F. ) ;
#12775 = CARTESIAN_POINT ( 'NONE',  ( 0.2405148266268504198, 0.1555589999168269788, 0.2102228984210153528 ) ) ;
#12776 = EDGE_CURVE ( 'NONE', #8197, #3529, #5463, .T. ) ;
#12777 = VECTOR ( 'NONE', #4577, 39.37007874015748143 ) ;
#12778 = EDGE_LOOP ( 'NONE', ( #3980, #11678, #4200, #2231 ) ) ;
#12779 = DIRECTION ( 'NONE',  ( -1.937287448275559661E-17, -1.000000000000000000, -8.220413448604739958E-18 ) ) ;
#12780 = DIRECTION ( 'NONE',  ( 0.0000000000000000000, 1.000000000000000000, 0.0000000000000000000 ) ) ;
#12781 = CARTESIAN_POINT ( 'NONE',  ( 0.2405148266268504198, 0.3760314408617055348, 0.4653410086572252191 ) ) ;
#12782 = ORIENTED_EDGE ( 'NONE', *, *, #164, .F. ) ;
#12783 = VECTOR ( 'NONE', #10231, 39.37007874015748143 ) ;
#12784 = COLOUR_RGB ( '',0.7529411764705882248, 0.7529411764705882248, 0.0000000000000000000 ) ;
#12785 = CARTESIAN_POINT ( 'NONE',  ( 0.2483888423748523422, 0.7897218048774075072, 0.4243961267674803417 ) ) ;
#12786 = EDGE_CURVE ( 'NONE', #2368, #12024, #504, .T. ) ;
#12787 = DIRECTION ( 'NONE',  ( -1.000000000000000000, 0.0000000000000000000, 0.0000000000000000000 ) ) ;
#12788 = CARTESIAN_POINT ( 'NONE',  ( 0.3625620707213386140, 0.3760314408617055348, 0.4456559692871464584 ) ) ;
#12789 = DIRECTION ( 'NONE',  ( 0.7071067811865475727, 0.7071067811865475727, -1.539524349013029363E-14 ) ) ;
#12790 =( LENGTH_UNIT ( ) NAMED_UNIT ( * ) SI_UNIT ( $, .METRE. ) );
#12791 = LINE ( 'NONE', #12865, #11697 ) ;
#12792 = EDGE_CURVE ( 'NONE', #7691, #3892, #4531, .T. ) ;
#12793 = DIRECTION ( 'NONE',  ( 1.316334802367149914E-16, -1.000000000000000000, 1.526556658859589750E-16 ) ) ;
#12794 = AXIS2_PLACEMENT_3D ( 'NONE', #4945, #9960, #2776 ) ;
#12795 = ORIENTED_EDGE ( 'NONE', *, *, #4775, .F. ) ;
#12796 = CARTESIAN_POINT ( 'NONE',  ( 0.05547545654809511728, 0.05713380306642409229, 0.5070732921218070732 ) ) ;
#12797 = CARTESIAN_POINT ( 'NONE',  ( 0.2326408108788039775, 0.1988660865309964665, 0.3456559692871649658 ) ) ;
#12798 = ORIENTED_EDGE ( 'NONE', *, *, #12513, .F. ) ;
#12799 = DIRECTION ( 'NONE',  ( 0.8320502943379406435, 0.0000000000000000000, 0.5547001962250837082 ) ) ;
#12800 = DIMENSIONAL_EXPONENTS ( 1.000000000000000000, 0.0000000000000000000, 0.0000000000000000000, 0.0000000000000000000, 0.0000000000000000000, 0.0000000000000000000, 0.0000000000000000000 ) ;
#12801 = LINE ( 'NONE', #3600, #7042 ) ;
#12802 = VECTOR ( 'NONE', #6770, 39.37007874015748143 ) ;
#12803 = EDGE_CURVE ( 'NONE', #10900, #8149, #2351, .T. ) ;
#12804 = LINE ( 'NONE', #3671, #1139 ) ;
#12805 = VECTOR ( 'NONE', #8848, 39.37007874015748143 ) ;
#12806 = FACE_OUTER_BOUND ( 'NONE', #11510, .T. ) ;
#12807 = LINE ( 'NONE', #9873, #648 ) ;
#12808 = EDGE_CURVE ( 'NONE', #12872, #11536, #5393, .T. ) ;
#12809 = CARTESIAN_POINT ( 'NONE',  ( 0.2326408108788039775, 0.3760314408617052018, 0.1901441582635393646 ) ) ;
#12810 = CARTESIAN_POINT ( 'NONE',  ( 0.1208297872567765802, -0.05703942528004488088, 0.2397504574761405716 ) ) ;
#12811 = VERTEX_POINT ( 'NONE', #8573 ) ;
#12812 = PLANE ( 'NONE',  #10245 ) ;
#12813 = ORIENTED_EDGE ( 'NONE', *, *, #11871, .F. ) ;
#12814 = ORIENTED_EDGE ( 'NONE', *, *, #1403, .F. ) ;
#12815 = FACE_OUTER_BOUND ( 'NONE', #12880, .T. ) ;
#12816 = AXIS2_PLACEMENT_3D ( 'NONE', #10296, #5346, #1187 ) ;
#12817 = PLANE ( 'NONE',  #7273 ) ;
#12818 = EDGE_LOOP ( 'NONE', ( #9662, #12999, #8955, #82, #11227, #12127, #6750, #6451 ) ) ;
#12819 = DIRECTION ( 'NONE',  ( 0.0000000000000000000, 0.0000000000000000000, -1.000000000000000000 ) ) ;
#12820 =( CONVERSION_BASED_UNIT ( 'INCH', #12889 ) LENGTH_UNIT ( ) NAMED_UNIT ( #3513 ) );
#12821 = CARTESIAN_POINT ( 'NONE',  ( 0.1558691573354936966, 0.2421731731451575165, 0.4397504574761377794 ) ) ;
#12822 = EDGE_CURVE ( 'NONE', #8843, #4130, #7958, .T. ) ;
#12823 = CYLINDRICAL_SURFACE ( 'NONE', #7034, 0.05511811023622047861 ) ;
#12824 = ORIENTED_EDGE ( 'NONE', *, *, #376, .F. ) ;
#12825 = ADVANCED_FACE ( 'NONE', ( #9521 ), #430, .F. ) ;
#12826 = PLANE ( 'NONE',  #10256 ) ;
#12827 = MECHANICAL_DESIGN_GEOMETRIC_PRESENTATION_REPRESENTATION (  '', ( #931 ), #7060 ) ;
#12828 = CARTESIAN_POINT ( 'NONE',  ( 0.2483888423748523422, 0.2165826219640791250, 0.4677032133816496073 ) ) ;
#12829 = ORIENTED_EDGE ( 'NONE', *, *, #11028, .F. ) ;
#12830 = VECTOR ( 'NONE', #1292, 39.37007874015748143 ) ;
#12831 = ORIENTED_EDGE ( 'NONE', *, *, #7652, .T. ) ;
#12832 = CARTESIAN_POINT ( 'NONE',  ( 0.3940581337134496653, 0.05713380306642409229, 0.5070732921218070732 ) ) ;
#12833 = ORIENTED_EDGE ( 'NONE', *, *, #12349, .F. ) ;
#12834 = EDGE_LOOP ( 'NONE', ( #2020, #2142, #6679, #6849, #12655, #7791, #9777 ) ) ;
#12835 = DIRECTION ( 'NONE',  ( 1.316334802367149914E-16, -1.000000000000000000, 1.526556658859589750E-16 ) ) ;
#12836 = LINE ( 'NONE', #12560, #7467 ) ;
#12837 = ORIENTED_EDGE ( 'NONE', *, *, #6315, .T. ) ;
#12838 = LINE ( 'NONE', #8479, #8553 ) ;
#12839 = AXIS2_PLACEMENT_3D ( 'NONE', #8290, #2105, #1216 ) ;
#12840 = LINE ( 'NONE', #5837, #9485 ) ;
#12841 = VERTEX_POINT ( 'NONE', #12673 ) ;
#12842 = VECTOR ( 'NONE', #5661, 39.37007874015748143 ) ;
#12843 = DIRECTION ( 'NONE',  ( 0.0000000000000000000, 0.0000000000000000000, 1.000000000000000000 ) ) ;
#12844 = EDGE_CURVE ( 'NONE', #8149, #962, #3535, .T. ) ;
#12845 = CARTESIAN_POINT ( 'NONE',  ( 0.3724045904063610357, 0.5354802597593409930, 0.3614040007832315382 ) ) ;
#12846 = ORIENTED_EDGE ( 'NONE', *, *, #4069, .T. ) ;
#12847 = VECTOR ( 'NONE', #2092, 39.37007874015748143 ) ;
#12848 = LINE ( 'NONE', #5634, #4029 ) ;
#12849 = VECTOR ( 'NONE', #12588, 39.37007874015748143 ) ;
#12850 = ORIENTED_EDGE ( 'NONE', *, *, #11682, .F. ) ;
#12851 = CARTESIAN_POINT ( 'NONE',  ( 0.2641368738709188868, 0.1988660865309964665, 0.1527425834603897692 ) ) ;
#12852 = CARTESIAN_POINT ( 'NONE',  ( 0.2483888423748476515, 0.1988660865309976600, 0.2905378590509508085 ) ) ;
#12853 = DIRECTION ( 'NONE',  ( -1.316334802367149914E-16, 1.000000000000000000, -1.526556658859589750E-16 ) ) ;
#12854 = ORIENTED_EDGE ( 'NONE', *, *, #8528, .F. ) ;
#12855 = MECHANICAL_DESIGN_GEOMETRIC_PRESENTATION_REPRESENTATION (  '', ( #11339 ), #959 ) ;
#12856 = ADVANCED_FACE ( 'NONE', ( #1568 ), #7785, .F. ) ;
#12857 = LINE ( 'NONE', #12719, #11657 ) ;
#12858 = EDGE_CURVE ( 'NONE', #3210, #11278, #10797, .T. ) ;
#12859 = AXIS2_PLACEMENT_3D ( 'NONE', #10413, #10170, #2248 ) ;
#12860 = CARTESIAN_POINT ( 'NONE',  ( 0.2326408108788039775, 0.5295747479483133846, 0.2669158118068457042 ) ) ;
#12861 = CARTESIAN_POINT ( 'NONE',  ( 0.2483888423748476515, 0.1988660865309976600, 0.2905378590509508085 ) ) ;
#12862 = DIRECTION ( 'NONE',  ( 0.0000000000000000000, 0.0000000000000000000, 1.000000000000000000 ) ) ;
#12863 = PLANE ( 'NONE',  #7880 ) ;
#12864 = ORIENTED_EDGE ( 'NONE', *, *, #5296, .T. ) ;
#12865 = CARTESIAN_POINT ( 'NONE',  ( 0.3090187636347015987, 0.08075585031051535356, 0.4397504574761377794 ) ) ;
#12866 = DIRECTION ( 'NONE',  ( 0.7071067811865469066, -0.7071067811865479058, 0.0000000000000000000 ) ) ;
#12867 = AXIS2_PLACEMENT_3D ( 'NONE', #7572, #5388, #1563 ) ;
#12868 = PRODUCT_DEFINITION_SHAPE ( 'NONE', 'NONE',  #13175 ) ;
#12869 = CARTESIAN_POINT ( 'NONE',  ( 0.3090187636347015987, 0.08075585031051535356, 0.2397504574761405716 ) ) ;
#12870 = CARTESIAN_POINT ( 'NONE',  ( 0.1558691573354936966, 0.2421731731451575165, 0.4515614810981850025 ) ) ;
#12871 = CARTESIAN_POINT ( 'NONE',  ( 0.3704360864693701516, 0.1555589999168269788, 0.4810890401532991745 ) ) ;
#12872 = VERTEX_POINT ( 'NONE', #5662 ) ;
#12873 = LINE ( 'NONE', #12200, #8087 ) ;
#12874 = STYLED_ITEM ( 'NONE', ( #13081 ), #12934 ) ;
#12875 = DIRECTION ( 'NONE',  ( 4.283287147278279229E-17, 1.665334536937734811E-16, 1.000000000000000000 ) ) ;
#12876 = PLANE ( 'NONE',  #5187 ) ;
#12877 = DIRECTION ( 'NONE',  ( 4.283287147278279229E-17, 1.665334536937734811E-16, 1.000000000000000000 ) ) ;
#12878 = SURFACE_STYLE_FILL_AREA ( #8790 ) ;
#12879 = LINE ( 'NONE', #11481, #10215 ) ;
#12880 = EDGE_LOOP ( 'NONE', ( #8086, #9722, #6549, #5003, #2114, #8512, #7320, #2720 ) ) ;
#12881 = FACE_OUTER_BOUND ( 'NONE', #4255, .T. ) ;
#12882 = ORIENTED_EDGE ( 'NONE', *, *, #36, .F. ) ;
#12883 = ORIENTED_EDGE ( 'NONE', *, *, #1096, .T. ) ;
#12884 = FACE_OUTER_BOUND ( 'NONE', #10216, .T. ) ;
#12885 = EDGE_CURVE ( 'NONE', #639, #12227, #3870, .T. ) ;
#12886 = LINE ( 'NONE', #7987, #9635 ) ;
#12887 = ORIENTED_EDGE ( 'NONE', *, *, #7819, .F. ) ;
#12888 = SURFACE_STYLE_FILL_AREA ( #5816 ) ;
#12889 = LENGTH_MEASURE_WITH_UNIT ( LENGTH_MEASURE( 0.02539999999999999897 ), #4741 );
#12890 = LINE ( 'NONE', #7799, #7154 ) ;
#12891 = ADVANCED_FACE ( 'NONE', ( #12806 ), #12876, .T. ) ;
#12892 = FACE_OUTER_BOUND ( 'NONE', #5151, .T. ) ;
#12893 = ORIENTED_EDGE ( 'NONE', *, *, #6471, .T. ) ;
#12894 = VECTOR ( 'NONE', #12276, 39.37007874015748143 ) ;
#12895 = MECHANICAL_DESIGN_GEOMETRIC_PRESENTATION_REPRESENTATION (  '', ( #134 ), #4572 ) ;
#12896 = DIMENSIONAL_EXPONENTS ( 1.000000000000000000, 0.0000000000000000000, 0.0000000000000000000, 0.0000000000000000000, 0.0000000000000000000, 0.0000000000000000000, 0.0000000000000000000 ) ;
#12897 = CARTESIAN_POINT ( 'NONE',  ( 0.2916959289890401763, 0.1279999447987147654, 0.1901441582635393646 ) ) ;
#12898 = ORIENTED_EDGE ( 'NONE', *, *, #11682, .T. ) ;
#12899 = ORIENTED_EDGE ( 'NONE', *, *, #3865, .F. ) ;
#12900 = EDGE_CURVE ( 'NONE', #5519, #6781, #5871, .T. ) ;
#12901 = DIRECTION ( 'NONE',  ( 0.0000000000000000000, 1.000000000000000000, 0.0000000000000000000 ) ) ;
#12902 = VERTEX_POINT ( 'NONE', #11805 ) ;
#12903 = ORIENTED_EDGE ( 'NONE', *, *, #6051, .T. ) ;
#12904 = FACE_OUTER_BOUND ( 'NONE', #10818, .T. ) ;
#12905 = CARTESIAN_POINT ( 'NONE',  ( 0.1755541967055905817, 0.1437479762947635742, 0.2515614810981878224 ) ) ;
#12906 = EDGE_CURVE ( 'NONE', #5973, #12240, #9893, .T. ) ;
#12907 = VERTEX_POINT ( 'NONE', #9937 ) ;
#12908 =( CONVERSION_BASED_UNIT ( 'INCH', #1938 ) LENGTH_UNIT ( ) NAMED_UNIT ( #10752 ) );
#12909 = DIRECTION ( 'NONE',  ( 1.937287448275559661E-17, 1.000000000000000000, 8.220413448604588965E-18 ) ) ;
#12910 = ORIENTED_EDGE ( 'NONE', *, *, #164, .T. ) ;
#12911 = CARTESIAN_POINT ( 'NONE',  ( 0.1558691573354860360, 0.2165826219640791250, 0.4243961267674803417 ) ) ;
#12912 = VECTOR ( 'NONE', #5229, 39.37007874015748143 ) ;
#12913 = CARTESIAN_POINT ( 'NONE',  ( 0.2405148266268504198, 0.1555589999168271731, 0.4102228984210118390 ) ) ;
#12914 = EDGE_LOOP ( 'NONE', ( #4336, #6498, #1044, #13004, #2829, #5656, #2359, #10450, #8621, #3643 ) ) ;
#12915 = LINE ( 'NONE', #8889, #11245 ) ;
#12916 = EDGE_CURVE ( 'NONE', #8409, #384, #10733, .T. ) ;
#12917 = FACE_OUTER_BOUND ( 'NONE', #7476, .T. ) ;
#12918 = ORIENTED_EDGE ( 'NONE', *, *, #10071, .T. ) ;
#12919 =( CONVERSION_BASED_UNIT ( 'INCH', #5028 ) LENGTH_UNIT ( ) NAMED_UNIT ( #5639 ) );
#12920 = CARTESIAN_POINT ( 'NONE',  ( 0.1342156140284145593, 0.5295747479483133846, 0.3456559692871649658 ) ) ;
#12921 = EDGE_CURVE ( 'NONE', #10528, #10096, #1707, .T. ) ;
#12922 = VECTOR ( 'NONE', #1807, 39.37007874015748143 ) ;
#12923 = CARTESIAN_POINT ( 'NONE',  ( 0.3330345116662205007, 0.1555589999168269788, 0.2850260480273070773 ) ) ;
#12924 = FILL_AREA_STYLE_COLOUR ( '', #8655 ) ;
#12925 = SURFACE_STYLE_USAGE ( .BOTH. , #4778 ) ;
#12926 = FACE_OUTER_BOUND ( 'NONE', #1804, .T. ) ;
#12927 = COLOUR_RGB ( '',0.7529411764705882248, 0.7529411764705882248, 0.0000000000000000000 ) ;
#12928 = LINE ( 'NONE', #11718, #4356 ) ;
#12929 = ORIENTED_EDGE ( 'NONE', *, *, #4500, .F. ) ;
#12930 = DIRECTION ( 'NONE',  ( 0.0000000000000000000, 0.0000000000000000000, 1.000000000000000000 ) ) ;
#12931 = DIRECTION ( 'NONE',  ( 2.626713979715460250E-16, -3.747002708109905789E-16, -1.000000000000000000 ) ) ;
#12932 = EDGE_CURVE ( 'NONE', #8705, #7413, #10003, .T. ) ;
#12933 = ORIENTED_EDGE ( 'NONE', *, *, #11860, .F. ) ;
#12934 = ADVANCED_FACE ( 'NONE', ( #6724 ), #5932, .F. ) ;
#12935 = DIRECTION ( 'NONE',  ( -0.9922778767136850586, -0.1240347345890695785, 0.0000000000000000000 ) ) ;
#12936 = LINE ( 'NONE', #9997, #800 ) ;
#12937 = ORIENTED_EDGE ( 'NONE', *, *, #7872, .T. ) ;
#12938 = CARTESIAN_POINT ( 'NONE',  ( 0.07319199198118012117, 0.1476849841687952747, 0.1901441582635378102 ) ) ;
#12939 = ORIENTED_EDGE ( 'NONE', *, *, #9257, .T. ) ;
#12940 = AXIS2_PLACEMENT_3D ( 'NONE', #11675, #4676, #2567 ) ;
#12941 = DIRECTION ( 'NONE',  ( -3.518308117683324880E-16, 1.000000000000000000, -4.163336342344335054E-16 ) ) ;
#12942 = LINE ( 'NONE', #1637, #12842 ) ;
#12943 = SURFACE_STYLE_USAGE ( .BOTH. , #9802 ) ;
#12944 = LINE ( 'NONE', #4598, #2552 ) ;
#12945 = DIRECTION ( 'NONE',  ( -1.608386623408229791E-17, -1.526556658859589750E-16, -1.000000000000000000 ) ) ;
#12946 = EDGE_LOOP ( 'NONE', ( #12954, #8654, #10310, #9388 ) ) ;
#12947 = VECTOR ( 'NONE', #7187, 39.37007874015748143 ) ;
#12948 = EDGE_CURVE ( 'NONE', #6958, #6095, #7921, .T. ) ;
#12949 = CARTESIAN_POINT ( 'NONE',  ( 0.2483888423748523422, 0.2165826219640791250, 0.2905378590509232195 ) ) ;
#12950 = VERTEX_POINT ( 'NONE', #8990 ) ;
#12951 = EDGE_LOOP ( 'NONE', ( #8226, #972, #3438, #5552 ) ) ;
#12952 = LINE ( 'NONE', #900, #10225 ) ;
#12953 = PLANE ( 'NONE',  #2857 ) ;
#12954 = ORIENTED_EDGE ( 'NONE', *, *, #9980, .T. ) ;
#12955 = CARTESIAN_POINT ( 'NONE',  ( 0.1558691573354860360, 0.7897218048774075072, 0.2905378590509590797 ) ) ;
#12956 = DIRECTION ( 'NONE',  ( 3.518308117683324880E-16, -1.000000000000000000, 4.163336342344335054E-16 ) ) ;
#12957 = ORIENTED_EDGE ( 'NONE', *, *, #110, .F. ) ;
#12958 = AXIS2_PLACEMENT_3D ( 'NONE', #11176, #2083, #6104 ) ;
#12959 = LINE ( 'NONE', #3820, #72 ) ;
#12960 = ADVANCED_FACE ( 'NONE', ( #4185 ), #10318, .F. ) ;
#12961 = DIRECTION ( 'NONE',  ( 0.0000000000000000000, 0.0000000000000000000, -1.000000000000000000 ) ) ;
#12962 = VERTEX_POINT ( 'NONE', #1022 ) ;
#12963 = ORIENTED_EDGE ( 'NONE', *, *, #7711, .T. ) ;
#12964 = LINE ( 'NONE', #13102, #1098 ) ;
#12965 = VERTEX_POINT ( 'NONE', #2218 ) ;
#12966 = EDGE_CURVE ( 'NONE', #2071, #9703, #8033, .T. ) ;
#12967 = ORIENTED_EDGE ( 'NONE', *, *, #6867, .F. ) ;
#12968 = VECTOR ( 'NONE', #10205, 39.37007874015748143 ) ;
#12969 = PLANE ( 'NONE',  #2985 ) ;
#12970 = COLOUR_RGB ( '',0.7529411764705882248, 0.7529411764705882248, 0.0000000000000000000 ) ;
#12971 = SURFACE_STYLE_FILL_AREA ( #5963 ) ;
#12972 = ORIENTED_EDGE ( 'NONE', *, *, #9153, .F. ) ;
#12973 = DIRECTION ( 'NONE',  ( 1.000000000000000000, -1.937287448275559661E-17, 0.0000000000000000000 ) ) ;
#12974 = FACE_OUTER_BOUND ( 'NONE', #5027, .T. ) ;
#12975 = VERTEX_POINT ( 'NONE', #4241 ) ;
#12976 = DIRECTION ( 'NONE',  ( 0.4472135955003642693, -0.8944271909997126846, 1.293464547804779505E-16 ) ) ;
#12977 = AXIS2_PLACEMENT_3D ( 'NONE', #2477, #7442, #11443 ) ;
#12978 = AXIS2_PLACEMENT_3D ( 'NONE', #6931, #12014, #12205 ) ;
#12979 = EDGE_CURVE ( 'NONE', #8021, #3541, #5052, .T. ) ;
#12980 = DIRECTION ( 'NONE',  ( -1.937287448275559661E-17, -1.000000000000000000, -8.220413448604588965E-18 ) ) ;
#12981 = ORIENTED_EDGE ( 'NONE', *, *, #2213, .T. ) ;
#12982 = UNCERTAINTY_MEASURE_WITH_UNIT (LENGTH_MEASURE( 1.000000000000000082E-05 ), #3840, 'distance_accuracy_value', 'NONE');
#12983 = CARTESIAN_POINT ( 'NONE',  ( 0.1893337242646519758, 0.2165826219640791250, 0.2236087251926807129 ) ) ;
#12984 = DIRECTION ( 'NONE',  ( 2.626713979715460250E-16, -3.747002708109905789E-16, -1.000000000000000000 ) ) ;
#12985 = VERTEX_POINT ( 'NONE', #3009 ) ;
#12986 = FACE_OUTER_BOUND ( 'NONE', #3382, .T. ) ;
#12987 = CARTESIAN_POINT ( 'NONE',  ( 0.1562628581229039137, 0.08075585031049743734, 0.4515614810981850025 ) ) ;
#12988 = STYLED_ITEM ( 'NONE', ( #10048 ), #4939 ) ;
#12989 = AXIS2_PLACEMENT_3D ( 'NONE', #7161, #1072, #9172 ) ;
#12990 = EDGE_LOOP ( 'NONE', ( #9761, #3067, #3227, #6266 ) ) ;
#12991 = EDGE_CURVE ( 'NONE', #1365, #3308, #10141, .T. ) ;
#12992 =( NAMED_UNIT ( * ) PLANE_ANGLE_UNIT ( ) SI_UNIT ( $, .RADIAN. ) );
#12993 = DIRECTION ( 'NONE',  ( 1.316334802367149914E-16, -1.000000000000000000, 1.526556658859589750E-16 ) ) ;
#12994 = EDGE_CURVE ( 'NONE', #1002, #2869, #8581, .T. ) ;
#12995 = LINE ( 'NONE', #2804, #3470 ) ;
#12996 = ORIENTED_EDGE ( 'NONE', *, *, #2557, .T. ) ;
#12997 = AXIS2_PLACEMENT_3D ( 'NONE', #170, #1302, #7325 ) ;
#12998 = VECTOR ( 'NONE', #94, 39.37007874015748143 ) ;
#12999 = ORIENTED_EDGE ( 'NONE', *, *, #9053, .F. ) ;
#13000 = PLANE ( 'NONE',  #11466 ) ;
#13001 = LINE ( 'NONE', #5100, #426 ) ;
#13002 = DIRECTION ( 'NONE',  ( 1.000000000000000000, 0.0000000000000000000, 0.0000000000000000000 ) ) ;
#13003 = LINE ( 'NONE', #4912, #5872 ) ;
#13004 = ORIENTED_EDGE ( 'NONE', *, *, #105, .T. ) ;
#13005 = AXIS2_PLACEMENT_3D ( 'NONE', #11741, #12615, #6670 ) ;
#13006 = ORIENTED_EDGE ( 'NONE', *, *, #10655, .T. ) ;
#13007 = PLANE ( 'NONE',  #10051 ) ;
#13008 = EDGE_CURVE ( 'NONE', #7010, #2610, #4059, .T. ) ;
#13009 = DIRECTION ( 'NONE',  ( 3.007447121050439791E-18, 2.498001805406600244E-16, 1.000000000000000000 ) ) ;
#13010 = DIRECTION ( 'NONE',  ( 1.316334802367149914E-16, -1.000000000000000000, 1.526556658859589750E-16 ) ) ;
#13011 = VECTOR ( 'NONE', #11350, 39.37007874015748143 ) ;
#13012 = SURFACE_STYLE_FILL_AREA ( #4478 ) ;
#13013 = LINE ( 'NONE', #9121, #1278 ) ;
#13014 = PRESENTATION_LAYER_ASSIGNMENT (  '', '', ( #3004 ) ) ;
#13015 = PLANE ( 'NONE',  #4885 ) ;
#13016 = VERTEX_POINT ( 'NONE', #12203 ) ;
#13017 = LINE ( 'NONE', #9810, #2589 ) ;
#13018 = ORIENTED_EDGE ( 'NONE', *, *, #11634, .T. ) ;
#13019 = ORIENTED_EDGE ( 'NONE', *, *, #409, .T. ) ;
#13020 =( NAMED_UNIT ( * ) PLANE_ANGLE_UNIT ( ) SI_UNIT ( $, .RADIAN. ) );
#13021 = DIRECTION ( 'NONE',  ( 3.518308117683323894E-16, -1.000000000000000000, 4.163336342344335547E-16 ) ) ;
#13022 = DIRECTION ( 'NONE',  ( 1.000000000000000000, 3.376070039848299626E-16, 2.359223927328455183E-16 ) ) ;
#13023 = AXIS2_PLACEMENT_3D ( 'NONE', #11153, #13156, #12412 ) ;
#13024 = DIRECTION ( 'NONE',  ( -1.937287448275559661E-17, -1.000000000000000000, -8.220413448604588965E-18 ) ) ;
#13025 = VECTOR ( 'NONE', #1705, 39.37007874015748143 ) ;
#13026 = DIRECTION ( 'NONE',  ( 2.626713979715460250E-16, -3.747002708109905789E-16, -1.000000000000000000 ) ) ;
#13027 = ORIENTED_EDGE ( 'NONE', *, *, #10056, .T. ) ;
#13028 = ADVANCED_FACE ( 'NONE', ( #3187 ), #7170, .T. ) ;
#13029 = FACE_OUTER_BOUND ( 'NONE', #1329, .T. ) ;
#13030 = EDGE_CURVE ( 'NONE', #3426, #9313, #11194, .T. ) ;
#13031 = PLANE ( 'NONE',  #4213 ) ;
#13032 = VERTEX_POINT ( 'NONE', #6121 ) ;
#13033 = VECTOR ( 'NONE', #2597, 39.37007874015748143 ) ;
#13034 = ORIENTED_EDGE ( 'NONE', *, *, #7054, .F. ) ;
#13035 = CARTESIAN_POINT ( 'NONE',  ( 0.2916959289890523888, 0.1437479762947814765, 0.3456559692871527534 ) ) ;
#13036 = EDGE_LOOP ( 'NONE', ( #8873, #1868, #9689, #12265, #6688, #10007, #5751, #3893 ) ) ;
#13037 = ORIENTED_EDGE ( 'NONE', *, *, #11028, .T. ) ;
#13038 = LINE ( 'NONE', #4756, #11474 ) ;
#13039 = CARTESIAN_POINT ( 'NONE',  ( 0.1893337242646342400, 0.7897218048774075072, 0.4677032133816496073 ) ) ;
#13040 = ORIENTED_EDGE ( 'NONE', *, *, #7101, .F. ) ;
#13041 = CARTESIAN_POINT ( 'NONE',  ( 0.2385463226898389966, -0.07278745677610257148, 0.2515614810981878224 ) ) ;
#13042 = SURFACE_STYLE_USAGE ( .BOTH. , #12234 ) ;
#13043 = EDGE_CURVE ( 'NONE', #9931, #1214, #10199, .T. ) ;
#13044 = DIRECTION ( 'NONE',  ( -1.608386623408229791E-17, -1.526556658859589750E-16, -1.000000000000000000 ) ) ;
#13045 = ORIENTED_EDGE ( 'NONE', *, *, #9517, .F. ) ;
#13046 = DIRECTION ( 'NONE',  ( -9.535965738412075602E-17, 0.7071067811865480168, 0.7071067811865470176 ) ) ;
#13047 = VECTOR ( 'NONE', #3110, 39.37007874015748143 ) ;
#13048 = VECTOR ( 'NONE', #6743, 39.37007874015748143 ) ;
#13049 = CARTESIAN_POINT ( 'NONE',  ( 0.1558691573355116267, 0.2264251416490909441, 0.4515614810981850025 ) ) ;
#13050 = ORIENTED_EDGE ( 'NONE', *, *, #495, .T. ) ;
#13051 = DIRECTION ( 'NONE',  ( -1.000000000000000000, -1.316334802367149914E-16, 1.608386623408234722E-17 ) ) ;
#13052 = DIRECTION ( 'NONE',  ( 1.000000000000000000, 3.518308117683324880E-16, 2.626713979715460250E-16 ) ) ;
#13053 = VERTEX_POINT ( 'NONE', #91 ) ;
#13054 = CARTESIAN_POINT ( 'NONE',  ( 0.1027195510362846342, 0.1555589999168269788, 0.4456559692871464584 ) ) ;
#13055 =( GEOMETRIC_REPRESENTATION_CONTEXT ( 3 ) GLOBAL_UNCERTAINTY_ASSIGNED_CONTEXT ( ( #5632 ) ) GLOBAL_UNIT_ASSIGNED_CONTEXT ( ( #1233, #4332, #6538 ) ) REPRESENTATION_CONTEXT ( 'NONE', 'WORKASPACE' ) );
#13056 = CARTESIAN_POINT ( 'NONE',  ( 0.1164990785953285424, 0.7897218048774075072, 0.3456559692871649658 ) ) ;
#13057 = VECTOR ( 'NONE', #11205, 39.37007874015748143 ) ;
#13058 = EDGE_CURVE ( 'NONE', #2610, #12753, #8163, .T. ) ;
#13059 = ORIENTED_EDGE ( 'NONE', *, *, #8114, .T. ) ;
#13060 = LINE ( 'NONE', #939, #5488 ) ;
#13061 = ADVANCED_FACE ( 'NONE', ( #5177 ), #11515, .T. ) ;
#13062 = CARTESIAN_POINT ( 'NONE',  ( 0.1562628581229041358, 0.08075585031049743734, 0.2515614810981878224 ) ) ;
#13063 = LINE ( 'NONE', #13124, #8546 ) ;
#13064 = ORIENTED_EDGE ( 'NONE', *, *, #8320, .T. ) ;
#13065 = VECTOR ( 'NONE', #7977, 39.37007874015748143 ) ;
#13066 = EDGE_LOOP ( 'NONE', ( #5915, #375, #6566, #8508, #6115, #172 ) ) ;
#13067 = CARTESIAN_POINT ( 'NONE',  ( 0.3645305746583386020, 0.3760314408617052018, 0.4243961267674803417 ) ) ;
#13068 = CARTESIAN_POINT ( 'NONE',  ( 0.1755541967055905817, 0.1791810471608999700, 0.2515614810981878224 ) ) ;
#13069 = ADVANCED_FACE ( 'NONE', ( #11585, #7370 ), #8487, .T. ) ;
#13070 = ORIENTED_EDGE ( 'NONE', *, *, #6716, .F. ) ;
#13071 = VECTOR ( 'NONE', #5506, 39.37007874015748143 ) ;
#13072 = LINE ( 'NONE', #11724, #4099 ) ;
#13073 = LINE ( 'NONE', #7913, #10328 ) ;
#13074 = ORIENTED_EDGE ( 'NONE', *, *, #3624, .T. ) ;
#13075 = EDGE_CURVE ( 'NONE', #11249, #9943, #5376, .T. ) ;
#13076 = VECTOR ( 'NONE', #12255, 39.37007874015748143 ) ;
#13077 = VERTEX_POINT ( 'NONE', #558 ) ;
#13078 = DIMENSIONAL_EXPONENTS ( 1.000000000000000000, 0.0000000000000000000, 0.0000000000000000000, 0.0000000000000000000, 0.0000000000000000000, 0.0000000000000000000, 0.0000000000000000000 ) ;
#13079 = FACE_OUTER_BOUND ( 'NONE', #6464, .T. ) ;
#13080 = LINE ( 'NONE', #4120, #13065 ) ;
#13081 = PRESENTATION_STYLE_ASSIGNMENT (( #12943 ) ) ;
#13082 =( GEOMETRIC_REPRESENTATION_CONTEXT ( 3 ) GLOBAL_UNCERTAINTY_ASSIGNED_CONTEXT ( ( #4153 ) ) GLOBAL_UNIT_ASSIGNED_CONTEXT ( ( #7064, #2286, #6256 ) ) REPRESENTATION_CONTEXT ( 'NONE', 'WORKASPACE' ) );
#13083 = LINE ( 'NONE', #1023, #5200 ) ;
#13084 = CARTESIAN_POINT ( 'NONE',  ( 0.1562628581229041358, 0.08862986605856634781, 0.2397504574761405716 ) ) ;
#13085 = CARTESIAN_POINT ( 'NONE',  ( 0.2326408108788039775, 0.1791810471609177058, 0.3810890401533106320 ) ) ;
#13086 = EDGE_LOOP ( 'NONE', ( #10418, #456, #1702, #1659, #12346, #4377 ) ) ;
#13087 = ORIENTED_EDGE ( 'NONE', *, *, #1260, .F. ) ;
#13088 = EDGE_LOOP ( 'NONE', ( #11413, #9941, #1714, #1801 ) ) ;
#13089 = DIRECTION ( 'NONE',  ( 0.5547001962252281482, 0.0000000000000000000, 0.8320502943378442762 ) ) ;
#13090 = DIRECTION ( 'NONE',  ( -0.7071067811865475727, 0.7071067811865475727, -1.745088153485698425E-16 ) ) ;
#13091 = VERTEX_POINT ( 'NONE', #3385 ) ;
#13092 = EDGE_CURVE ( 'NONE', #4898, #11544, #10445, .T. ) ;
#13093 = VECTOR ( 'NONE', #11637, 39.37007874015748143 ) ;
#13094 = DIRECTION ( 'NONE',  ( -1.937287448275559661E-17, -1.000000000000000000, -8.220413448604588965E-18 ) ) ;
#13095 = DIRECTION ( 'NONE',  ( 1.000000000000000000, 1.316334802367149914E-16, -1.608386623408234722E-17 ) ) ;
#13096 = ORIENTED_EDGE ( 'NONE', *, *, #1421, .T. ) ;
#13097 = SURFACE_STYLE_USAGE ( .BOTH. , #5005 ) ;
#13098 = DIRECTION ( 'NONE',  ( -1.000000000000000000, -3.518308117683324880E-16, -2.626713979715460250E-16 ) ) ;
#13099 = ORIENTED_EDGE ( 'NONE', *, *, #5586, .F. ) ;
#13100 = VECTOR ( 'NONE', #9183, 39.37007874015748143 ) ;
#13101 = ORIENTED_EDGE ( 'NONE', *, *, #9440, .F. ) ;
#13102 = CARTESIAN_POINT ( 'NONE',  ( 0.3468140392252720416, 0.3130393148774570644, 0.4062465204682488285 ) ) ;
#13103 = ORIENTED_EDGE ( 'NONE', *, *, #5721, .T. ) ;
#13104 = VERTEX_POINT ( 'NONE', #10382 ) ;
#13105 = CARTESIAN_POINT ( 'NONE',  ( 0.1893337242646342400, 0.3583149054286425272, 0.1940811661375555497 ) ) ;
#13106 =( CONVERSION_BASED_UNIT ( 'INCH', #2779 ) LENGTH_UNIT ( ) NAMED_UNIT ( #10575 ) );
#13107 = EDGE_CURVE ( 'NONE', #12753, #7537, #11381, .T. ) ;
#13108 = ADVANCED_FACE ( 'NONE', ( #6375 ), #5581, .F. ) ;
#13109 = LINE ( 'NONE', #5899, #4106 ) ;
#13110 = VECTOR ( 'NONE', #12432, 39.37007874015748143 ) ;
#13111 = ORIENTED_EDGE ( 'NONE', *, *, #2294, .T. ) ;
#13112 = VECTOR ( 'NONE', #2045, 39.37007874015748854 ) ;
#13113 = CARTESIAN_POINT ( 'NONE',  ( 0.2326408108788039775, 0.3957164802317834629, 0.2472307724367716342 ) ) ;
#13114 = EDGE_LOOP ( 'NONE', ( #5239, #11417, #1998, #8920 ) ) ;
#13115 = UNCERTAINTY_MEASURE_WITH_UNIT (LENGTH_MEASURE( 1.000000000000000082E-05 ), #11338, 'distance_accuracy_value', 'NONE');
#13116 = LINE ( 'NONE', #9028, #5525 ) ;
#13117 = ORIENTED_EDGE ( 'NONE', *, *, #161, .T. ) ;
#13118 = DIRECTION ( 'NONE',  ( 1.608386623408229791E-17, 1.526556658859589750E-16, 1.000000000000000000 ) ) ;
#13119 = DIRECTION ( 'NONE',  ( 1.316334802367149914E-16, -1.000000000000000000, 1.526556658859589750E-16 ) ) ;
#13120 = ORIENTED_EDGE ( 'NONE', *, *, #6902, .F. ) ;
#13121 = EDGE_LOOP ( 'NONE', ( #5942, #4211, #7801, #574, #8812, #2052, #8072, #11645 ) ) ;
#13122 =( NAMED_UNIT ( * ) SI_UNIT ( $, .STERADIAN. ) SOLID_ANGLE_UNIT ( ) );
#13123 = CARTESIAN_POINT ( 'NONE',  ( 0.1562628581229039137, 0.08075585031049743734, 0.4397504574761377794 ) ) ;
#13124 = CARTESIAN_POINT ( 'NONE',  ( 0.3468140392252720416, 0.1555589999168271731, 0.4062465204682488285 ) ) ;
#13125 = VERTEX_POINT ( 'NONE', #2539 ) ;
#13126 = UNCERTAINTY_MEASURE_WITH_UNIT (LENGTH_MEASURE( 1.000000000000000082E-05 ), #6232, 'distance_accuracy_value', 'NONE');
#13127 = SHAPE_DEFINITION_REPRESENTATION ( #650, #7017 ) ;
#13128 = ADVANCED_FACE ( 'NONE', ( #7301 ), #7563, .F. ) ;
#13129 = CARTESIAN_POINT ( 'NONE',  ( 0.2916959289890401763, 0.3957164802317834629, 0.3456559692871649658 ) ) ;
#13130 = DIRECTION ( 'NONE',  ( 1.000000000000000000, 1.316334802367149914E-16, -1.608386623408234722E-17 ) ) ;
#13131 = MECHANICAL_DESIGN_GEOMETRIC_PRESENTATION_REPRESENTATION (  '', ( #10768 ), #8849 ) ;
#13132 = ADVANCED_FACE ( 'NONE', ( #3463 ), #11650, .T. ) ;
#13133 = DIRECTION ( 'NONE',  ( -2.626713979715460250E-16, 4.163336342344334068E-16, 1.000000000000000000 ) ) ;
#13134 = EDGE_LOOP ( 'NONE', ( #4721, #4448, #10277, #12393 ) ) ;
#13135 = ORIENTED_EDGE ( 'NONE', *, *, #7933, .T. ) ;
#13136 = DIRECTION ( 'NONE',  ( -1.000000000000000000, 0.0000000000000000000, 0.0000000000000000000 ) ) ;
#13137 = PRESENTATION_LAYER_ASSIGNMENT (  '', '', ( #2722 ) ) ;
#13138 = CARTESIAN_POINT ( 'NONE',  ( 0.1164990785953285424, 0.7897218048774075072, 0.2236087251926807129 ) ) ;
#13139 = LINE ( 'NONE', #8036, #4651 ) ;
#13140 = EDGE_CURVE ( 'NONE', #6781, #12126, #9577, .T. ) ;
#13141 = LINE ( 'NONE', #4000, #2752 ) ;
#13142 = ORIENTED_EDGE ( 'NONE', *, *, #5247, .F. ) ;
#13143 = ORIENTED_EDGE ( 'NONE', *, *, #10279, .T. ) ;
#13144 = PLANE ( 'NONE',  #11712 ) ;
#13145 = VECTOR ( 'NONE', #4037, 39.37007874015748143 ) ;
#13146 = CARTESIAN_POINT ( 'NONE',  ( 0.2483888423748704388, 0.2972912833813901590, 0.1684906149564565081 ) ) ;
#13147 = FACE_OUTER_BOUND ( 'NONE', #2523, .T. ) ;
#13148 = LINE ( 'NONE', #7990, #12666 ) ;
#13149 = CARTESIAN_POINT ( 'NONE',  ( 0.2208297872567575038, 0.05713380306641543255, 0.2397504574761405716 ) ) ;
#13150 = DIRECTION ( 'NONE',  ( -1.000000000000000000, -1.408738150179759833E-16, 6.014894242100898072E-18 ) ) ;
#13151 = COLOUR_RGB ( '',0.7529411764705882248, 0.7529411764705882248, 0.0000000000000000000 ) ;
#13152 = LINE ( 'NONE', #4013, #1708 ) ;
#13153 = EDGE_CURVE ( 'NONE', #3119, #5895, #4516, .T. ) ;
#13154 = VERTEX_POINT ( 'NONE', #9719 ) ;
#13155 = VERTEX_POINT ( 'NONE', #1694 ) ;
#13156 = DIRECTION ( 'NONE',  ( -1.316334802367149914E-16, 1.000000000000000000, -1.526556658859589750E-16 ) ) ;
#13157 = ORIENTED_EDGE ( 'NONE', *, *, #8049, .T. ) ;
#13158 = ORIENTED_EDGE ( 'NONE', *, *, #10028, .T. ) ;
#13159 = PRESENTATION_STYLE_ASSIGNMENT (( #12700 ) ) ;
#13160 = ORIENTED_EDGE ( 'NONE', *, *, #12109, .T. ) ;
#13161 = CARTESIAN_POINT ( 'NONE',  ( 0.3389400234772338982, 0.3760314408617052018, 0.2590417960588141666 ) ) ;
#13162 = AXIS2_PLACEMENT_3D ( 'NONE', #12059, #10982, #1891 ) ;
#13163 = ORIENTED_EDGE ( 'NONE', *, *, #5855, .T. ) ;
#13164 = PLANE ( 'NONE',  #8494 ) ;
#13165 = EDGE_LOOP ( 'NONE', ( #11072, #6669, #7134, #2699 ) ) ;
#13166 = EDGE_CURVE ( 'NONE', #13091, #6457, #7838, .T. ) ;
#13167 =( NAMED_UNIT ( * ) PLANE_ANGLE_UNIT ( ) SI_UNIT ( $, .RADIAN. ) );
#13168 = ORIENTED_EDGE ( 'NONE', *, *, #3778, .T. ) ;
#13169 = VECTOR ( 'NONE', #6066, 39.37007874015748143 ) ;
#13170 = DIRECTION ( 'NONE',  ( 0.4472135955003642693, -0.8944271909997126846, 4.898503433089687721E-16 ) ) ;
#13171 = DIRECTION ( 'NONE',  ( 3.376070039848299626E-16, -1.000000000000000000, 4.302114220422480115E-16 ) ) ;
#13172 = EDGE_LOOP ( 'NONE', ( #9205, #5545, #4773, #5683 ) ) ;
#13173 = CARTESIAN_POINT ( 'NONE',  ( 0.2326408108788161622, 0.1476849841687954967, 0.3456559692871708500 ) ) ;
#13174 = ORIENTED_EDGE ( 'NONE', *, *, #12479, .T. ) ;
#13175 = NEXT_ASSEMBLY_USAGE_OCCURRENCE ( 'NAUO1', ' ', ' ', #6586, #9349, $ ) ;
ENDSEC;
END-ISO-10303-21;
