ISO-10303-21;
HEADER;
FILE_DESCRIPTION (( 'STEP AP214' ),
    '1' );
FILE_NAME ('CUI_DEVICES_MPB04-2C54-S-CAP-R-D.step',
    '2021-06-16T15:44:25',
    ( '' ),
    ( '' ),
    'SwSTEP 2.0',
    'SolidWorks 2021',
    '' );
FILE_SCHEMA (( 'AUTOMOTIVE_DESIGN' ));
ENDSEC;

DATA;
#1 = LINE ( 'NONE', #8355, #1166 ) ;
#2 = VECTOR ( 'NONE', #12671, 39.37007874015748143 ) ;
#3 = ORIENTED_EDGE ( 'NONE', *, *, #7924, .F. ) ;
#4 = CARTESIAN_POINT ( 'NONE',  ( 0.3330345116662202787, 0.3130393148774570644, 0.4515614810981740113 ) ) ;
#5 = EDGE_LOOP ( 'NONE', ( #1663, #7114, #10090, #3241 ) ) ;
#6 = ORIENTED_EDGE ( 'NONE', *, *, #128, .T. ) ;
#7 = CARTESIAN_POINT ( 'NONE',  ( 0.05547545654809511728, 0.4297564560040105786, 0.2505015174397471900 ) ) ;
#8 = EDGE_LOOP ( 'NONE', ( #1397, #7702, #7126, #9385 ) ) ;
#9 = LINE ( 'NONE', #11235, #7637 ) ;
#10 = STYLED_ITEM ( 'NONE', ( #6000 ), #10151 ) ;
#11 = ADVANCED_FACE ( 'NONE', ( #1678 ), #12984, .F. ) ;
#12 = LINE ( 'NONE', #7343, #4484 ) ;
#13 = FACE_OUTER_BOUND ( 'NONE', #10235, .T. ) ;
#14 = ADVANCED_FACE ( 'NONE', ( #666 ), #3644, .T. ) ;
#15 = LINE ( 'NONE', #9321, #3953 ) ;
#16 = LINE ( 'NONE', #2114, #1958 ) ;
#17 = DIRECTION ( 'NONE',  ( -0.3511234415885081117, 0.9363291775690008034, -1.372885316240879501E-16 ) ) ;
#18 = ORIENTED_EDGE ( 'NONE', *, *, #7289, .T. ) ;
#19 = VECTOR ( 'NONE', #2954, 39.37007874015748143 ) ;
#20 = SURFACE_STYLE_FILL_AREA ( #6250 ) ;
#21 = ORIENTED_EDGE ( 'NONE', *, *, #441, .T. ) ;
#22 = CARTESIAN_POINT ( 'NONE',  ( 0.1302786061543979579, 0.5728818345624925312, 0.2629788039328345151 ) ) ;
#23 = DIRECTION ( 'NONE',  ( -0.4472135955003647134, 0.8944271909997124625, -4.898503433089685749E-16 ) ) ;
#24 = EDGE_CURVE ( 'NONE', #11546, #2645, #12109, .T. ) ;
#26 = DIRECTION ( 'NONE',  ( 1.000000000000000000, 1.408738150179760326E-16, -6.014894242100891138E-18 ) ) ;
#25 = VECTOR ( 'NONE', #12828, 39.37007874015748143 ) ;
#27 = AXIS2_PLACEMENT_3D ( 'NONE', #12789, #1565, #5491 ) ;
#28 = CARTESIAN_POINT ( 'NONE',  ( 0.2090187636347251854, 0.1279999447987059669, 0.3456559692871707390 ) ) ;
#29 = CARTESIAN_POINT ( 'NONE',  ( 0.3724045904063612022, 0.5354802597593411040, 0.3614040007832317047 ) ) ;
#30 = CARTESIAN_POINT ( 'NONE',  ( 0.2103161765116069171, 0.5348518666414937561, 0.2669158118068457042 ) ) ;
#31 = LENGTH_MEASURE_WITH_UNIT ( LENGTH_MEASURE( 0.02539999999999999897 ), #11258 );
#32 = ORIENTED_EDGE ( 'NONE', *, *, #5461, .T. ) ;
#33 = CARTESIAN_POINT ( 'NONE',  ( 0.3625620707213385585, 0.3760314408617053128, 0.2653410086572284832 ) ) ;
#34 = ORIENTED_EDGE ( 'NONE', *, *, #2100, .F. ) ;
#35 = EDGE_LOOP ( 'NONE', ( #12456, #11959, #9622, #10229 ) ) ;
#36 = PRESENTATION_LAYER_ASSIGNMENT (  '', '', ( #5870 ) ) ;
#37 = FILL_AREA_STYLE ('',( #2202 ) ) ;
#38 = EDGE_CURVE ( 'NONE', #5844, #10632, #3707, .T. ) ;
#39 = ORIENTED_EDGE ( 'NONE', *, *, #11903, .T. ) ;
#40 = VECTOR ( 'NONE', #11199, 39.37007874015748143 ) ;
#41 = EDGE_CURVE ( 'NONE', #12453, #12938, #6853, .T. ) ;
#42 = ORIENTED_EDGE ( 'NONE', *, *, #2257, .T. ) ;
#43 = ORIENTED_EDGE ( 'NONE', *, *, #9081, .F. ) ;
#44 = EDGE_CURVE ( 'NONE', #6198, #9298, #1743, .T. ) ;
#45 = DIRECTION ( 'NONE',  ( 3.376070039848299626E-16, -1.000000000000000000, 4.302114220422482087E-16 ) ) ;
#46 = SURFACE_STYLE_FILL_AREA ( #2013 ) ;
#47 = AXIS2_PLACEMENT_3D ( 'NONE', #2964, #9224, #9145 ) ;
#48 = VECTOR ( 'NONE', #12266, 39.37007874015748143 ) ;
#49 = DIRECTION ( 'NONE',  ( -3.007447121050438636E-18, -2.498001805406601723E-16, -1.000000000000000000 ) ) ;
#50 = AXIS2_PLACEMENT_3D ( 'NONE', #5197, #5402, #1022 ) ;
#51 = ORIENTED_EDGE ( 'NONE', *, *, #9786, .T. ) ;
#52 = LINE ( 'NONE', #12491, #12906 ) ;
#53 = ORIENTED_EDGE ( 'NONE', *, *, #4486, .F. ) ;
#54 = ADVANCED_FACE ( 'NONE', ( #11969 ), #5740, .F. ) ;
#55 = CARTESIAN_POINT ( 'NONE',  ( 0.3468140392252719861, 0.1555589999168271176, 0.4397504574761375573 ) ) ;
#56 = VERTEX_POINT ( 'NONE', #8956 ) ;
#57 = VECTOR ( 'NONE', #6817, 39.37007874015748143 ) ;
#58 = VECTOR ( 'NONE', #5104, 39.37007874015748143 ) ;
#59 = CARTESIAN_POINT ( 'NONE',  ( 0.2326408108788038387, 0.5295747479483139397, 0.2669158118068457042 ) ) ;
#60 = VECTOR ( 'NONE', #122, 39.37007874015748143 ) ;
#61 = FACE_OUTER_BOUND ( 'NONE', #7719, .T. ) ;
#62 = VERTEX_POINT ( 'NONE', #13123 ) ;
#63 = LINE ( 'NONE', #11363, #10619 ) ;
#64 = DIRECTION ( 'NONE',  ( -1.937287448275560894E-17, -1.000000000000000000, -8.220413448604736877E-18 ) ) ;
#65 = VECTOR ( 'NONE', #2574, 39.37007874015748143 ) ;
#66 = DIRECTION ( 'NONE',  ( 0.0000000000000000000, 1.000000000000000000, 0.0000000000000000000 ) ) ;
#67 = AXIS2_PLACEMENT_3D ( 'NONE', #12504, #3307, #8549 ) ;
#68 = LINE ( 'NONE', #6105, #6803 ) ;
#69 = ORIENTED_EDGE ( 'NONE', *, *, #4750, .F. ) ;
#70 = ADVANCED_FACE ( 'NONE', ( #10060 ), #12245, .F. ) ;
#71 = LINE ( 'NONE', #12511, #6835 ) ;
#72 = ORIENTED_EDGE ( 'NONE', *, *, #4356, .F. ) ;
#73 = EDGE_LOOP ( 'NONE', ( #9158, #10204, #4709, #9825 ) ) ;
#74 = LINE ( 'NONE', #5018, #10868 ) ;
#75 = VECTOR ( 'NONE', #3781, 39.37007874015748143 ) ;
#76 = ORIENTED_EDGE ( 'NONE', *, *, #11353, .F. ) ;
#77 = AXIS2_PLACEMENT_3D ( 'NONE', #9050, #5911, #10085 ) ;
#78 = CARTESIAN_POINT ( 'NONE',  ( 0.3901211258394337023, 0.08862986605855729949, 0.4834512448777162907 ) ) ;
#79 = PLANE ( 'NONE',  #1939 ) ;
#80 = DIRECTION ( 'NONE',  ( 1.316334802367150653E-16, -1.000000000000000000, 1.526556658859589750E-16 ) ) ;
#81 = AXIS2_PLACEMENT_3D ( 'NONE', #12863, #7688, #4340 ) ;
#82 = CARTESIAN_POINT ( 'NONE',  ( 0.3625620707213385585, 0.3563464014916266076, 0.2850260480273071884 ) ) ;
#83 = ADVANCED_FACE ( 'NONE', ( #8002 ), #2207, .F. ) ;
#84 = EDGE_CURVE ( 'NONE', #7287, #10420, #12817, .T. ) ;
#85 = CARTESIAN_POINT ( 'NONE',  ( 0.3625620707213385585, 0.1555589999168270066, 0.2062858905469922566 ) ) ;
#86 = ORIENTED_EDGE ( 'NONE', *, *, #5335, .T. ) ;
#87 = DIMENSIONAL_EXPONENTS ( 1.000000000000000000, 0.0000000000000000000, 0.0000000000000000000, 0.0000000000000000000, 0.0000000000000000000, 0.0000000000000000000, 0.0000000000000000000 ) ;
#88 = LINE ( 'NONE', #4214, #9368 ) ;
#89 = FILL_AREA_STYLE ('',( #2254 ) ) ;
#90 = CIRCLE ( 'NONE', #757, 0.01770302147941842791 ) ;
#91 = DIRECTION ( 'NONE',  ( 0.0000000000000000000, 8.220413448604736877E-18, -1.000000000000000000 ) ) ;
#92 = FACE_OUTER_BOUND ( 'NONE', #12886, .T. ) ;
#93 = FACE_OUTER_BOUND ( 'NONE', #8062, .T. ) ;
#94 = LINE ( 'NONE', #5160, #878 ) ;
#95 = CARTESIAN_POINT ( 'NONE',  ( 0.3290975037921824442, 0.1988660865309974379, 0.4007740795234070452 ) ) ;
#96 = LENGTH_MEASURE_WITH_UNIT ( LENGTH_MEASURE( 0.02539999999999999897 ), #4090 );
#97 = ORIENTED_EDGE ( 'NONE', *, *, #12893, .F. ) ;
#98 = DIRECTION ( 'NONE',  ( -1.937287448275561202E-17, -1.000000000000000000, -8.220413448604590506E-18 ) ) ;
#99 = ORIENTED_EDGE ( 'NONE', *, *, #4007, .F. ) ;
#100 = UNCERTAINTY_MEASURE_WITH_UNIT (LENGTH_MEASURE( 1.000000000000000082E-05 ), #694, 'distance_accuracy_value', 'NONE');
#101 = ORIENTED_EDGE ( 'NONE', *, *, #4839, .F. ) ;
#102 = VECTOR ( 'NONE', #10217, 39.37007874015748143 ) ;
#103 = EDGE_CURVE ( 'NONE', #5724, #2150, #9628, .T. ) ;
#104 = DIRECTION ( 'NONE',  ( -0.0000000000000000000, -0.0000000000000000000, -1.000000000000000000 ) ) ;
#105 = ORIENTED_EDGE ( 'NONE', *, *, #11769, .T. ) ;
#106 = EDGE_LOOP ( 'NONE', ( #708, #8289, #6539, #4391 ) ) ;
#107 = PLANE ( 'NONE',  #11134 ) ;
#108 = DIRECTION ( 'NONE',  ( 0.0000000000000000000, 0.0000000000000000000, 1.000000000000000000 ) ) ;
#109 = VECTOR ( 'NONE', #12526, 39.37007874015748143 ) ;
#110 = ADVANCED_FACE ( 'NONE', ( #8727 ), #10649, .T. ) ;
#111 = LINE ( 'NONE', #4174, #9940 ) ;
#112 = EDGE_CURVE ( 'NONE', #7537, #12576, #4473, .T. ) ;
#113 = DIRECTION ( 'NONE',  ( -0.1240347345890697173, -0.9922778767136848366, 0.0000000000000000000 ) ) ;
#114 = CARTESIAN_POINT ( 'NONE',  ( 0.3586250628473005575, 0.3760314408617060900, 0.3456559692871650769 ) ) ;
#115 = FACE_OUTER_BOUND ( 'NONE', #7397, .T. ) ;
#116 = EDGE_CURVE ( 'NONE', #3627, #9189, #8456, .T. ) ;
#117 = ORIENTED_EDGE ( 'NONE', *, *, #4253, .F. ) ;
#118 = CARTESIAN_POINT ( 'NONE',  ( 0.2326408108788038387, 0.7776062440113159502, 0.2984118747989761844 ) ) ;
#119 = ORIENTED_EDGE ( 'NONE', *, *, #10845, .F. ) ;
#120 = VECTOR ( 'NONE', #4869, 39.37007874015748143 ) ;
#121 = ORIENTED_EDGE ( 'NONE', *, *, #9188, .T. ) ;
#122 = DIRECTION ( 'NONE',  ( 2.626713979715461236E-16, -3.747002708109903324E-16, -1.000000000000000000 ) ) ;
#123 = DIRECTION ( 'NONE',  ( 4.283287147278277996E-17, 1.665334536937734318E-16, 1.000000000000000000 ) ) ;
#124 = ORIENTED_EDGE ( 'NONE', *, *, #197, .T. ) ;
#125 = DIRECTION ( 'NONE',  ( -1.356991020290373981E-16, 1.000000000000000000, -3.469446951953614189E-16 ) ) ;
#126 = DIRECTION ( 'NONE',  ( 1.000000000000000000, 0.0000000000000000000, 0.0000000000000000000 ) ) ;
#127 = EDGE_CURVE ( 'NONE', #8339, #960, #10519, .T. ) ;
#128 = EDGE_CURVE ( 'NONE', #1155, #6200, #7506, .T. ) ;
#129 = ORIENTED_EDGE ( 'NONE', *, *, #5652, .T. ) ;
#130 = FACE_OUTER_BOUND ( 'NONE', #5472, .T. ) ;
#131 = ADVANCED_FACE ( 'NONE', ( #12685 ), #9757, .F. ) ;
#132 = CARTESIAN_POINT ( 'NONE',  ( 0.1263415982803829940, 0.3760314408617050908, 0.3456559692871650769 ) ) ;
#133 = ORIENTED_EDGE ( 'NONE', *, *, #3126, .T. ) ;
#134 = ORIENTED_EDGE ( 'NONE', *, *, #4956, .F. ) ;
#135 = COLOUR_RGB ( '',0.7607843137254901578, 0.7607843137254901578, 0.0000000000000000000 ) ;
#136 = CARTESIAN_POINT ( 'NONE',  ( 0.2326408108788038387, 0.5374487636963517501, 0.3456559692871650769 ) ) ;
#137 = EDGE_LOOP ( 'NONE', ( #5420, #4996, #11744, #10781 ) ) ;
#138 = CARTESIAN_POINT ( 'NONE',  ( 0.3389400234772336762, 0.3760314408617050908, 0.3810890401533105210 ) ) ;
#139 = CARTESIAN_POINT ( 'NONE',  ( 0.1263415982803829940, 0.3760314408617050908, 0.3456559692871650769 ) ) ;
#140 =( CONVERSION_BASED_UNIT ( 'INCH', #9454 ) LENGTH_UNIT ( ) NAMED_UNIT ( #5869 ) );
#141 = ADVANCED_FACE ( 'NONE', ( #3354 ), #4436, .F. ) ;
#142 = DIRECTION ( 'NONE',  ( 0.0000000000000000000, 0.0000000000000000000, 1.000000000000000000 ) ) ;
#143 = CARTESIAN_POINT ( 'NONE',  ( 0.3645305746583385464, 0.2776062440113114538, 0.5011677803107907891 ) ) ;
#144 = CARTESIAN_POINT ( 'NONE',  ( 0.2326408108788038387, 0.5295747479483139397, 0.3456559692871650769 ) ) ;
#145 = CIRCLE ( 'NONE', #807, 0.05610236220472444857 ) ;
#146 = PLANE ( 'NONE',  #1106 ) ;
#147 = CARTESIAN_POINT ( 'NONE',  ( 0.1558691573354937521, 0.2933542755073604291, 0.4515614810981848359 ) ) ;
#148 =( CONVERSION_BASED_UNIT ( 'INCH', #11526 ) LENGTH_UNIT ( ) NAMED_UNIT ( #6153 ) );
#149 = ORIENTED_EDGE ( 'NONE', *, *, #6379, .T. ) ;
#150 = DIRECTION ( 'NONE',  ( 0.0000000000000000000, 0.0000000000000000000, 1.000000000000000000 ) ) ;
#151 = AXIS2_PLACEMENT_3D ( 'NONE', #12974, #3634, #4203 ) ;
#152 = CARTESIAN_POINT ( 'NONE',  ( 0.2405148266268503643, 0.3760314408617053128, 0.2590417960588140556 ) ) ;
#153 = VECTOR ( 'NONE', #1615, 39.37007874015748143 ) ;
#154 = DIRECTION ( 'NONE',  ( 1.000000000000000000, -1.937287448275558121E-17, 0.0000000000000000000 ) ) ;
#155 = FACE_OUTER_BOUND ( 'NONE', #10136, .T. ) ;
#156 = EDGE_CURVE ( 'NONE', #5288, #2906, #1254, .T. ) ;
#157 = FACE_OUTER_BOUND ( 'NONE', #9824, .T. ) ;
#158 = DIRECTION ( 'NONE',  ( -3.007447121050438636E-18, -2.498001805406601723E-16, -1.000000000000000000 ) ) ;
#159 = SURFACE_SIDE_STYLE ('',( #6332 ) ) ;
#160 = ORIENTED_EDGE ( 'NONE', *, *, #8193, .F. ) ;
#161 = FACE_OUTER_BOUND ( 'NONE', #12699, .T. ) ;
#162 = EDGE_LOOP ( 'NONE', ( #13327, #2037, #8723, #13310 ) ) ;
#163 = ORIENTED_EDGE ( 'NONE', *, *, #1412, .F. ) ;
#164 = VECTOR ( 'NONE', #4335, 39.37007874015748854 ) ;
#165 = ORIENTED_EDGE ( 'NONE', *, *, #7073, .T. ) ;
#166 = ORIENTED_EDGE ( 'NONE', *, *, #12667, .T. ) ;
#167 = DIRECTION ( 'NONE',  ( 1.316334802367150653E-16, -1.000000000000000000, 1.526556658859589750E-16 ) ) ;
#168 = CARTESIAN_POINT ( 'NONE',  ( 0.2208297872567573095, -0.05703942528004485313, 0.2515614810981877669 ) ) ;
#169 = LINE ( 'NONE', #9480, #8077 ) ;
#170 = DIRECTION ( 'NONE',  ( -1.937287448275560894E-17, -1.000000000000000000, -8.220413448604736877E-18 ) ) ;
#171 = DIRECTION ( 'NONE',  ( 0.0000000000000000000, 0.0000000000000000000, -1.000000000000000000 ) ) ;
#172 = EDGE_CURVE ( 'NONE', #12187, #7759, #226, .T. ) ;
#173 = EDGE_CURVE ( 'NONE', #9198, #9581, #2417, .T. ) ;
#174 = DIMENSIONAL_EXPONENTS ( 1.000000000000000000, 0.0000000000000000000, 0.0000000000000000000, 0.0000000000000000000, 0.0000000000000000000, 0.0000000000000000000, 0.0000000000000000000 ) ;
#175 = CARTESIAN_POINT ( 'NONE',  ( 0.1539006533984910163, 0.5965038818065856452, 0.2866008511769277955 ) ) ;
#176 = VERTEX_POINT ( 'NONE', #7574 ) ;
#177 = ORIENTED_EDGE ( 'NONE', *, *, #8636, .F. ) ;
#178 = VERTEX_POINT ( 'NONE', #11751 ) ;
#179 =( GEOMETRIC_REPRESENTATION_CONTEXT ( 3 ) GLOBAL_UNCERTAINTY_ASSIGNED_CONTEXT ( ( #8084 ) ) GLOBAL_UNIT_ASSIGNED_CONTEXT ( ( #8380, #1920, #8182 ) ) REPRESENTATION_CONTEXT ( 'NONE', 'WORKASPACE' ) );
#180 = DIRECTION ( 'NONE',  ( 0.8320502943379405325, 0.0000000000000000000, -0.5547001962250837082 ) ) ;
#181 = CARTESIAN_POINT ( 'NONE',  ( 0.3940581337134494433, 0.3957164802317839070, 0.5070732921218072953 ) ) ;
#182 = CARTESIAN_POINT ( 'NONE',  ( 0.2090187636347028144, 0.08075585031051536744, 0.4515614810981848914 ) ) ;
#183 = EDGE_CURVE ( 'NONE', #357, #2593, #2621, .T. ) ;
#184 = VECTOR ( 'NONE', #3167, 39.37007874015748143 ) ;
#185 = ORIENTED_EDGE ( 'NONE', *, *, #1650, .F. ) ;
#186 = LINE ( 'NONE', #7265, #3474 ) ;
#187 = FACE_BOUND ( 'NONE', #5674, .T. ) ;
#188 = CARTESIAN_POINT ( 'NONE',  ( 0.2483888423748524532, 0.3760314408617060900, 0.4243961267674800641 ) ) ;
#189 = VERTEX_POINT ( 'NONE', #971 ) ;
#190 = ORIENTED_EDGE ( 'NONE', *, *, #183, .T. ) ;
#191 = EDGE_CURVE ( 'NONE', #6753, #6429, #12010, .T. ) ;
#192 = AXIS2_PLACEMENT_3D ( 'NONE', #11880, #1593, #713 ) ;
#193 = EDGE_CURVE ( 'NONE', #6403, #10928, #1972, .T. ) ;
#194 = ORIENTED_EDGE ( 'NONE', *, *, #3194, .F. ) ;
#195 = SURFACE_SIDE_STYLE ('',( #12853 ) ) ;
#196 = LINE ( 'NONE', #1031, #12124 ) ;
#197 = EDGE_CURVE ( 'NONE', #9446, #12466, #7133, .T. ) ;
#198 = SURFACE_STYLE_USAGE ( .BOTH. , #9452 ) ;
#199 = VECTOR ( 'NONE', #13374, 39.37007874015748143 ) ;
#200 = FACE_OUTER_BOUND ( 'NONE', #10044, .T. ) ;
#201 = DIRECTION ( 'NONE',  ( 0.0000000000000000000, 0.0000000000000000000, 1.000000000000000000 ) ) ;
#202 = LINE ( 'NONE', #2467, #5698 ) ;
#203 = FACE_OUTER_BOUND ( 'NONE', #13031, .T. ) ;
#204 =( LENGTH_UNIT ( ) NAMED_UNIT ( * ) SI_UNIT ( $, .METRE. ) );
#205 = ORIENTED_EDGE ( 'NONE', *, *, #13142, .T. ) ;
#206 = ADVANCED_FACE ( 'NONE', ( #5022 ), #5092, .T. ) ;
#207 = AXIS2_PLACEMENT_3D ( 'NONE', #3268, #5295, #7428 ) ;
#208 = LINE ( 'NONE', #12344, #3289 ) ;
#209 = CARTESIAN_POINT ( 'NONE',  ( 0.2326408108788038387, 0.5729212046412326398, 0.2895536070824406560 ) ) ;
#210 = CARTESIAN_POINT ( 'NONE',  ( 0.2483888423748524532, 0.3760314408617060900, 0.2669158118068501451 ) ) ;
#211 = CARTESIAN_POINT ( 'NONE',  ( 0.2483888423748524532, 0.5098897085782487792, 0.2905378590509231085 ) ) ;
#212 = LINE ( 'NONE', #3403, #11487 ) ;
#213 = VECTOR ( 'NONE', #6310, 39.37007874015748143 ) ;
#214 = ORIENTED_EDGE ( 'NONE', *, *, #3001, .T. ) ;
#215 = DIRECTION ( 'NONE',  ( 0.0000000000000000000, -1.000000000000000000, 0.0000000000000000000 ) ) ;
#216 = VERTEX_POINT ( 'NONE', #3616 ) ;
#217 = UNCERTAINTY_MEASURE_WITH_UNIT (LENGTH_MEASURE( 1.000000000000000082E-05 ), #416, 'distance_accuracy_value', 'NONE');
#218 = ORIENTED_EDGE ( 'NONE', *, *, #542, .F. ) ;
#219 = EDGE_LOOP ( 'NONE', ( #12292, #11410, #8573, #12663 ) ) ;
#220 = CARTESIAN_POINT ( 'NONE',  ( 0.3200423856819638035, 0.1051652991294207418, 0.2606165992084213401 ) ) ;
#221 = ORIENTED_EDGE ( 'NONE', *, *, #3833, .T. ) ;
#222 = EDGE_CURVE ( 'NONE', #7965, #12866, #9891, .T. ) ;
#223 = ORIENTED_EDGE ( 'NONE', *, *, #4643, .F. ) ;
#224 = PRESENTATION_LAYER_ASSIGNMENT (  '', '', ( #12623 ) ) ;
#225 =( CONVERSION_BASED_UNIT ( 'INCH', #5244 ) LENGTH_UNIT ( ) NAMED_UNIT ( #10073 ) );
#226 = LINE ( 'NONE', #11684, #3821 ) ;
#227 = CARTESIAN_POINT ( 'NONE',  ( 0.07319199198118010730, 0.1476849841687954135, 0.3456559692871707390 ) ) ;
#228 = DIRECTION ( 'NONE',  ( -1.316334802367150653E-16, 1.000000000000000000, -1.526556658859589750E-16 ) ) ;
#229 = SURFACE_STYLE_FILL_AREA ( #9557 ) ;
#230 = DIRECTION ( 'NONE',  ( 1.000000000000000000, 3.376070039848300612E-16, 2.359223927328455183E-16 ) ) ;
#231 = VECTOR ( 'NONE', #6321, 39.37007874015748854 ) ;
#232 = DIRECTION ( 'NONE',  ( 1.000000000000000000, 1.408738150179760326E-16, -6.014894242100905005E-18 ) ) ;
#233 = MECHANICAL_DESIGN_GEOMETRIC_PRESENTATION_REPRESENTATION (  '', ( #13066 ), #10239 ) ;
#234 = CARTESIAN_POINT ( 'NONE',  ( 0.3330345116662203897, 0.1555589999168270066, 0.2102228984210151586 ) ) ;
#235 = DIRECTION ( 'NONE',  ( 1.000000000000000000, 1.174096724532127865E-16, -4.283287147278279229E-17 ) ) ;
#236 = ORIENTED_EDGE ( 'NONE', *, *, #3734, .F. ) ;
#237 = ADVANCED_FACE ( 'NONE', ( #9191 ), #5641, .F. ) ;
#238 = EDGE_CURVE ( 'NONE', #12203, #1388, #6037, .T. ) ;
#239 = PLANE ( 'NONE',  #8699 ) ;
#240 = FACE_OUTER_BOUND ( 'NONE', #5035, .T. ) ;
#241 = VERTEX_POINT ( 'NONE', #1644 ) ;
#242 = AXIS2_PLACEMENT_3D ( 'NONE', #6499, #12831, #11832 ) ;
#243 = COLOUR_RGB ( '',0.7607843137254901578, 0.7607843137254901578, 0.0000000000000000000 ) ;
#244 = DIRECTION ( 'NONE',  ( 0.0000000000000000000, 1.000000000000000000, 0.0000000000000000000 ) ) ;
#245 = CARTESIAN_POINT ( 'NONE',  ( 0.3920896297764487337, 0.08862986605855746602, 0.3456559692871673528 ) ) ;
#246 = VECTOR ( 'NONE', #9850, 39.37007874015748143 ) ;
#247 = DIRECTION ( 'NONE',  ( 1.000000000000000000, 0.0000000000000000000, 0.0000000000000000000 ) ) ;
#248 = VECTOR ( 'NONE', #9306, 39.37007874015748143 ) ;
#249 = VECTOR ( 'NONE', #154, 39.37007874015748143 ) ;
#250 = DIRECTION ( 'NONE',  ( -0.5773502691896255090, -0.5773502691896256200, 0.5773502691896259531 ) ) ;
#251 = AXIS2_PLACEMENT_3D ( 'NONE', #7454, #8540, #11354 ) ;
#252 = CARTESIAN_POINT ( 'NONE',  ( 0.4098061652095124630, 0.3957164802317839070, 0.5070732921218072953 ) ) ;
#253 = EDGE_CURVE ( 'NONE', #10814, #11818, #1528, .T. ) ;
#254 = EDGE_LOOP ( 'NONE', ( #4228, #9675, #6170, #2103 ) ) ;
#255 = ORIENTED_EDGE ( 'NONE', *, *, #6247, .T. ) ;
#256 = CARTESIAN_POINT ( 'NONE',  ( 0.3090187636347014322, 0.08862986605856641720, 0.2397504574761404883 ) ) ;
#257 = VERTEX_POINT ( 'NONE', #11879 ) ;
#258 = CARTESIAN_POINT ( 'NONE',  ( 0.3208297872567558162, 0.05713380306642436984, 0.2515614810981877114 ) ) ;
#259 = SURFACE_STYLE_USAGE ( .BOTH. , #8624 ) ;
#260 = VECTOR ( 'NONE', #4908, 39.37007874015748143 ) ;
#261 = AXIS2_PLACEMENT_3D ( 'NONE', #7623, #9027, #11217 ) ;
#263 = DIRECTION ( 'NONE',  ( 1.000000000000000000, 1.316334802367150653E-16, -1.608386623408235030E-17 ) ) ;
#262 = PRODUCT_DEFINITION_FORMATION_WITH_SPECIFIED_SOURCE ( 'ANY', '', #7427, .NOT_KNOWN. ) ;
#264 = LINE ( 'NONE', #8563, #12464 ) ;
#265 = FACE_OUTER_BOUND ( 'NONE', #10615, .T. ) ;
#266 = CARTESIAN_POINT ( 'NONE',  ( 0.3267352990678009106, -0.07278745677610237719, 0.4515614810981849470 ) ) ;
#267 = EDGE_CURVE ( 'NONE', #56, #4329, #900, .T. ) ;
#268 = EDGE_CURVE ( 'NONE', #5181, #7537, #6851, .T. ) ;
#269 = DIRECTION ( 'NONE',  ( -1.000000000000000000, -3.376070039848302092E-16, -2.359223927328455183E-16 ) ) ;
#270 = LINE ( 'NONE', #5049, #7197 ) ;
#271 = ORIENTED_EDGE ( 'NONE', *, *, #9897, .T. ) ;
#272 = AXIS2_PLACEMENT_3D ( 'NONE', #11062, #6967, #6006 ) ;
#273 = CARTESIAN_POINT ( 'NONE',  ( 0.3920896297764415728, 0.1476849841688036846, 0.1901441582635394756 ) ) ;
#274 = EDGE_CURVE ( 'NONE', #11911, #4961, #5778, .T. ) ;
#275 = VECTOR ( 'NONE', #6471, 39.37007874015748143 ) ;
#276 = ORIENTED_EDGE ( 'NONE', *, *, #8770, .F. ) ;
#277 = ORIENTED_EDGE ( 'NONE', *, *, #2950, .F. ) ;
#278 = CARTESIAN_POINT ( 'NONE',  ( 0.1401211258394373105, 0.7897218048774069521, 0.3751835283422832457 ) ) ;
#279 = CARTESIAN_POINT ( 'NONE',  ( 0.1460266376504679164, 0.1043778975546213045, 0.2614040007832207912 ) ) ;
#280 = EDGE_LOOP ( 'NONE', ( #3695, #9476, #8590, #9244 ) ) ;
#281 = CARTESIAN_POINT ( 'NONE',  ( 0.2326408108788161344, 0.1555589999168270066, 0.4810890401532994520 ) ) ;
#282 = CIRCLE ( 'NONE', #8972, 0.08267716535433072833 ) ;
#283 = LINE ( 'NONE', #6536, #8677 ) ;
#284 = LINE ( 'NONE', #1394, #275 ) ;
#285 = AXIS2_PLACEMENT_3D ( 'NONE', #5417, #9592, #6519 ) ;
#286 = CARTESIAN_POINT ( 'NONE',  ( 0.2483888423748524532, 0.2815432518853281940, 0.3062858905470076110 ) ) ;
#287 = EDGE_CURVE ( 'NONE', #11696, #5514, #828, .T. ) ;
#288 = CARTESIAN_POINT ( 'NONE',  ( 0.2326408108788161344, 0.1555589999168269233, 0.2810890401533022165 ) ) ;
#289 = CARTESIAN_POINT ( 'NONE',  ( 0.3940581337134494433, 0.3957164802317839070, 0.1684906149564564526 ) ) ;
#290 = ORIENTED_EDGE ( 'NONE', *, *, #7707, .F. ) ;
#291 = VERTEX_POINT ( 'NONE', #1591 ) ;
#292 = EDGE_CURVE ( 'NONE', #2238, #9868, #10283, .T. ) ;
#293 = DIRECTION ( 'NONE',  ( -1.000000000000000000, 1.937287448275630844E-17, -8.833616147085625230E-14 ) ) ;
#294 = VERTEX_POINT ( 'NONE', #6682 ) ;
#295 = VECTOR ( 'NONE', #3004, 39.37007874015748143 ) ;
#296 = ORIENTED_EDGE ( 'NONE', *, *, #11621, .F. ) ;
#297 = PLANE ( 'NONE',  #3931 ) ;
#298 = CARTESIAN_POINT ( 'NONE',  ( 0.2326408108788038387, 0.1988660865309964110, 0.3614040007832317047 ) ) ;
#299 = DIRECTION ( 'NONE',  ( -0.1240347345890697034, -0.9922778767136850586, 0.0000000000000000000 ) ) ;
#300 = CARTESIAN_POINT ( 'NONE',  ( 0.1027195510362847869, 0.1555589999168269788, 0.2456559692871497225 ) ) ;
#301 = CARTESIAN_POINT ( 'NONE',  ( 0.3310660077292020276, 0.1791810471609177335, 0.3810890401533105210 ) ) ;
#302 = LINE ( 'NONE', #7512, #2156 ) ;
#303 =( LENGTH_UNIT ( ) NAMED_UNIT ( * ) SI_UNIT ( $, .METRE. ) );
#304 = ADVANCED_FACE ( 'NONE', ( #8854 ), #13023, .T. ) ;
#305 = VECTOR ( 'NONE', #9231, 39.37007874015748143 ) ;
#306 = CARTESIAN_POINT ( 'NONE',  ( 0.1755541967055904706, 0.1437479762947636852, 0.4515614810981848914 ) ) ;
#307 = PLANE ( 'NONE',  #2160 ) ;
#308 = ORIENTED_EDGE ( 'NONE', *, *, #13157, .T. ) ;
#309 = ORIENTED_EDGE ( 'NONE', *, *, #7433, .T. ) ;
#310 = SURFACE_SIDE_STYLE ('',( #6757 ) ) ;
#311 = VERTEX_POINT ( 'NONE', #12267 ) ;
#312 = CARTESIAN_POINT ( 'NONE',  ( 0.3625620707213385030, 0.08862986605856656985, 0.4515614810981740668 ) ) ;
#313 = DIRECTION ( 'NONE',  ( -1.174096724532128111E-16, 1.000000000000000000, -1.665334536937734318E-16 ) ) ;
#314 = AXIS2_PLACEMENT_3D ( 'NONE', #7285, #8502, #10356 ) ;
#315 = VERTEX_POINT ( 'NONE', #5346 ) ;
#316 = DIRECTION ( 'NONE',  ( 1.000000000000000000, 0.0000000000000000000, 0.0000000000000000000 ) ) ;
#317 = DIRECTION ( 'NONE',  ( 8.833616147085623967E-14, -8.220413448606447103E-18, 1.000000000000000000 ) ) ;
#318 = DIRECTION ( 'NONE',  ( -1.937287448275561202E-17, -1.000000000000000000, -8.220413448604590506E-18 ) ) ;
#319 = EDGE_CURVE ( 'NONE', #5792, #2409, #4067, .T. ) ;
#320 = ORIENTED_EDGE ( 'NONE', *, *, #10734, .F. ) ;
#321 = FACE_OUTER_BOUND ( 'NONE', #3675, .T. ) ;
#322 = AXIS2_PLACEMENT_3D ( 'NONE', #4733, #12982, #13192 ) ;
#323 = DIRECTION ( 'NONE',  ( 1.316334802367150653E-16, -1.000000000000000000, 1.526556658859589750E-16 ) ) ;
#324 =( LENGTH_UNIT ( ) NAMED_UNIT ( * ) SI_UNIT ( $, .METRE. ) );
#325 = ORIENTED_EDGE ( 'NONE', *, *, #4990, .F. ) ;
#326 = VERTEX_POINT ( 'NONE', #12393 ) ;
#327 = CARTESIAN_POINT ( 'NONE',  ( 0.3330345116662203342, 0.1555589999168270621, 0.4062465204682492170 ) ) ;
#328 = ORIENTED_EDGE ( 'NONE', *, *, #11508, .T. ) ;
#329 = ORIENTED_EDGE ( 'NONE', *, *, #13351, .T. ) ;
#330 = LINE ( 'NONE', #7677, #12847 ) ;
#331 = ORIENTED_EDGE ( 'NONE', *, *, #4452, .T. ) ;
#332 = CARTESIAN_POINT ( 'NONE',  ( 0.1267352990678038693, -0.07278745677611141163, 0.4515614810981849470 ) ) ;
#333 = CARTESIAN_POINT ( 'NONE',  ( 0.2483888423748767116, 0.7897218048774069521, 0.1940811661375717867 ) ) ;
#334 = LINE ( 'NONE', #2381, #2469 ) ;
#335 = EDGE_CURVE ( 'NONE', #6645, #2298, #12, .T. ) ;
#336 = FACE_OUTER_BOUND ( 'NONE', #1693, .T. ) ;
#337 = EDGE_CURVE ( 'NONE', #12866, #8047, #1160, .T. ) ;
#338 = CARTESIAN_POINT ( 'NONE',  ( 0.2326408108788038387, 0.3760314408617050908, 0.4243961267674801197 ) ) ;
#339 = CARTESIAN_POINT ( 'NONE',  ( 0.1027195510362948483, 0.2165826219640790973, 0.4972307724367678317 ) ) ;
#340 = DIRECTION ( 'NONE',  ( 3.518308117683322415E-16, -1.000000000000000000, 4.163336342344337027E-16 ) ) ;
#341 = ORIENTED_EDGE ( 'NONE', *, *, #8552, .F. ) ;
#342 = CARTESIAN_POINT ( 'NONE',  ( 0.2483888423748524532, 0.2165826219640790973, 0.2669158118068501451 ) ) ;
#343 = VERTEX_POINT ( 'NONE', #11585 ) ;
#344 = VERTEX_POINT ( 'NONE', #6381 ) ;
#345 = ORIENTED_EDGE ( 'NONE', *, *, #2909, .T. ) ;
#346 = CARTESIAN_POINT ( 'NONE',  ( 0.2090187636347251854, 0.08862986605855745215, 0.3456559692871707390 ) ) ;
#347 = ORIENTED_EDGE ( 'NONE', *, *, #10397, .T. ) ;
#348 = LINE ( 'NONE', #12666, #9093 ) ;
#349 = CARTESIAN_POINT ( 'NONE',  ( 0.2405148266268503643, 0.3563464014916266076, 0.2062858905469922566 ) ) ;
#350 = AXIS2_PLACEMENT_3D ( 'NONE', #1060, #12362, #5177 ) ;
#351 = PLANE ( 'NONE',  #9711 ) ;
#352 = DIRECTION ( 'NONE',  ( 0.0000000000000000000, 0.0000000000000000000, 1.000000000000000000 ) ) ;
#353 = CARTESIAN_POINT ( 'NONE',  ( 0.2444518345008482307, 0.05713380306641541867, 0.2515614810981877114 ) ) ;
#354 = ADVANCED_FACE ( 'NONE', ( #3321 ), #3250, .T. ) ;
#355 = CARTESIAN_POINT ( 'NONE',  ( 0.2326408108788038387, 0.5531967951924049443, 0.2669158118068479246 ) ) ;
#356 = CYLINDRICAL_SURFACE ( 'NONE', #5185, 0.1003937007874015630 ) ;
#357 = VERTEX_POINT ( 'NONE', #9449 ) ;
#358 = VERTEX_POINT ( 'NONE', #9513 ) ;
#359 = VERTEX_POINT ( 'NONE', #11652 ) ;
#360 = CARTESIAN_POINT ( 'NONE',  ( 0.3290975037921824442, 0.4272125432239180509, 0.4007740795234070452 ) ) ;
#361 = ORIENTED_EDGE ( 'NONE', *, *, #11740, .F. ) ;
#362 = VECTOR ( 'NONE', #1046, 39.37007874015748854 ) ;
#363 = VECTOR ( 'NONE', #5582, 39.37007874015748143 ) ;
#364 = EDGE_LOOP ( 'NONE', ( #13132, #2552, #6665, #11472 ) ) ;
#365 = EDGE_CURVE ( 'NONE', #6032, #11185, #11473, .T. ) ;
#366 = PLANE ( 'NONE',  #8294 ) ;
#367 = EDGE_CURVE ( 'NONE', #1536, #7042, #7404, .T. ) ;
#368 = DIRECTION ( 'NONE',  ( -0.0000000000000000000, -0.0000000000000000000, -1.000000000000000000 ) ) ;
#369 = DIRECTION ( 'NONE',  ( 0.0000000000000000000, 8.220413448604736877E-18, -1.000000000000000000 ) ) ;
#370 =( LENGTH_UNIT ( ) NAMED_UNIT ( * ) SI_UNIT ( $, .METRE. ) );
#371 = LINE ( 'NONE', #5522, #12338 ) ;
#372 = VECTOR ( 'NONE', #7959, 39.37007874015748143 ) ;
#373 = ORIENTED_EDGE ( 'NONE', *, *, #1143, .F. ) ;
#374 = CARTESIAN_POINT ( 'NONE',  ( 0.2483888423748703833, 0.2185511259010752549, 0.5228213236178718137 ) ) ;
#375 = ORIENTED_EDGE ( 'NONE', *, *, #12373, .T. ) ;
#376 = EDGE_LOOP ( 'NONE', ( #2976, #5070, #12823, #11841 ) ) ;
#377 = DIRECTION ( 'NONE',  ( 0.0000000000000000000, 0.0000000000000000000, 1.000000000000000000 ) ) ;
#378 = ORIENTED_EDGE ( 'NONE', *, *, #3897, .F. ) ;
#379 = DIRECTION ( 'NONE',  ( -0.0000000000000000000, -1.000000000000000000, -0.0000000000000000000 ) ) ;
#380 = FACE_OUTER_BOUND ( 'NONE', #4553, .T. ) ;
#381 = EDGE_CURVE ( 'NONE', #7402, #6795, #5278, .T. ) ;
#382 = ORIENTED_EDGE ( 'NONE', *, *, #3802, .T. ) ;
#383 = CARTESIAN_POINT ( 'NONE',  ( 0.3330345116662203342, 0.1555589999168271176, 0.4850260480273043129 ) ) ;
#384 = CARTESIAN_POINT ( 'NONE',  ( 0.1558691573355117932, 0.2264251416490908608, 0.2515614810981877114 ) ) ;
#385 = DIRECTION ( 'NONE',  ( -0.0000000000000000000, -1.000000000000000000, -0.0000000000000000000 ) ) ;
#386 = DIRECTION ( 'NONE',  ( 3.518308117683322415E-16, -1.000000000000000000, 4.163336342344337027E-16 ) ) ;
#387 = CARTESIAN_POINT ( 'NONE',  ( 0.1164990785953285146, 0.7897218048774069521, 0.2236087251926805186 ) ) ;
#388 = AXIS2_PLACEMENT_3D ( 'NONE', #11099, #5700, #1767 ) ;
#389 = CARTESIAN_POINT ( 'NONE',  ( 0.07319199198118010730, 0.08862986605855742439, 0.3456559692871707390 ) ) ;
#390 = CARTESIAN_POINT ( 'NONE',  ( 0.2326408108788038387, 0.08862986605855729949, 0.5228213236178702594 ) ) ;
#391 = LINE ( 'NONE', #5600, #8283 ) ;
#392 = ORIENTED_EDGE ( 'NONE', *, *, #8269, .T. ) ;
#393 = LINE ( 'NONE', #8686, #8362 ) ;
#394 = ORIENTED_EDGE ( 'NONE', *, *, #10282, .F. ) ;
#395 = ORIENTED_EDGE ( 'NONE', *, *, #8269, .F. ) ;
#396 = CARTESIAN_POINT ( 'NONE',  ( 0.2431035528205067187, 0.2815432518853281940, 0.4007740795233790121 ) ) ;
#397 = ADVANCED_FACE ( 'NONE', ( #2108 ), #6304, .T. ) ;
#398 = VERTEX_POINT ( 'NONE', #6447 ) ;
#399 = CARTESIAN_POINT ( 'NONE',  ( 0.3444518345008468208, 0.05713380306641541867, 0.2515614810981877114 ) ) ;
#400 = VECTOR ( 'NONE', #4187, 39.37007874015748143 ) ;
#401 =( NAMED_UNIT ( * ) PLANE_ANGLE_UNIT ( ) SI_UNIT ( $, .RADIAN. ) );
#402 = FACE_OUTER_BOUND ( 'NONE', #6462, .T. ) ;
#403 = LINE ( 'NONE', #4538, #2686 ) ;
#404 = FACE_OUTER_BOUND ( 'NONE', #6815, .T. ) ;
#405 = FACE_OUTER_BOUND ( 'NONE', #10002, .T. ) ;
#406 = DIRECTION ( 'NONE',  ( -2.359223927328456662E-16, 3.885780586188047398E-16, 1.000000000000000000 ) ) ;
#407 = CARTESIAN_POINT ( 'NONE',  ( 0.2326408108788038387, 0.7854802597593475433, 0.3456559692871650769 ) ) ;
#408 = VECTOR ( 'NONE', #12081, 39.37007874015748143 ) ;
#409 = EDGE_LOOP ( 'NONE', ( #3689, #7033, #3562, #11545 ) ) ;
#410 = LINE ( 'NONE', #1506, #8132 ) ;
#411 = ORIENTED_EDGE ( 'NONE', *, *, #8662, .T. ) ;
#412 = ORIENTED_EDGE ( 'NONE', *, *, #9952, .T. ) ;
#413 = EDGE_CURVE ( 'NONE', #12648, #12062, #196, .T. ) ;
#414 = EDGE_CURVE ( 'NONE', #12683, #5434, #7202, .T. ) ;
#415 = ORIENTED_EDGE ( 'NONE', *, *, #3353, .T. ) ;
#416 =( CONVERSION_BASED_UNIT ( 'INCH', #8577 ) LENGTH_UNIT ( ) NAMED_UNIT ( #2713 ) );
#417 = DIRECTION ( 'NONE',  ( 2.626713979715461236E-16, -3.747002708109903324E-16, -1.000000000000000000 ) ) ;
#418 = ORIENTED_EDGE ( 'NONE', *, *, #6593, .T. ) ;
#419 = PRESENTATION_STYLE_ASSIGNMENT (( #1176 ) ) ;
#420 = AXIS2_PLACEMENT_3D ( 'NONE', #10853, #12212, #9064 ) ;
#421 = CARTESIAN_POINT ( 'NONE',  ( 0.1460266376504679164, 0.1043778975546213461, 0.4614040007832179713 ) ) ;
#422 = DIRECTION ( 'NONE',  ( -1.000000000000000000, 1.937287448275561202E-17, 2.565854121688507820E-49 ) ) ;
#423 = LINE ( 'NONE', #11672, #12992 ) ;
#424 = FACE_OUTER_BOUND ( 'NONE', #9934, .T. ) ;
#425 = ORIENTED_EDGE ( 'NONE', *, *, #6791, .F. ) ;
#426 = AXIS2_PLACEMENT_3D ( 'NONE', #4910, #4976, #8929 ) ;
#427 = ORIENTED_EDGE ( 'NONE', *, *, #8006, .T. ) ;
#428 = ORIENTED_EDGE ( 'NONE', *, *, #10195, .T. ) ;
#429 = ORIENTED_EDGE ( 'NONE', *, *, #11554, .F. ) ;
#430 = VECTOR ( 'NONE', #4131, 39.37007874015748854 ) ;
#431 = ADVANCED_FACE ( 'NONE', ( #3054 ), #5144, .F. ) ;
#432 = ORIENTED_EDGE ( 'NONE', *, *, #10653, .T. ) ;
#433 = CARTESIAN_POINT ( 'NONE',  ( 0.3267352990678009106, -0.07278745677610237719, 0.4515614810981849470 ) ) ;
#434 = DIRECTION ( 'NONE',  ( 0.0000000000000000000, -8.220413448604736877E-18, 1.000000000000000000 ) ) ;
#435 = CARTESIAN_POINT ( 'NONE',  ( 0.1444518345008675708, 0.05713380306640643974, 0.2515614810981877114 ) ) ;
#436 = AXIS2_PLACEMENT_3D ( 'NONE', #3671, #7834, #11999 ) ;
#437 = PLANE ( 'NONE',  #6432 ) ;
#438 = DIMENSIONAL_EXPONENTS ( 1.000000000000000000, 0.0000000000000000000, 0.0000000000000000000, 0.0000000000000000000, 0.0000000000000000000, 0.0000000000000000000, 0.0000000000000000000 ) ;
#439 = CARTESIAN_POINT ( 'NONE',  ( 0.2326408108788038387, 0.7045896617363757164, 0.2905378590509447023 ) ) ;
#440 = CARTESIAN_POINT ( 'NONE',  ( 0.3920896297764415728, 0.1791810471609177335, 0.3810890401533105210 ) ) ;
#441 = EDGE_CURVE ( 'NONE', #4396, #10311, #6584, .T. ) ;
#442 = ORIENTED_EDGE ( 'NONE', *, *, #2100, .T. ) ;
#443 = CARTESIAN_POINT ( 'NONE',  ( 0.2090187636347128897, 0.4272125432239180509, 0.4007740795234070452 ) ) ;
#444 = ADVANCED_FACE ( 'NONE', ( #1367 ), #5484, .F. ) ;
#445 = ORIENTED_EDGE ( 'NONE', *, *, #1931, .F. ) ;
#446 = CARTESIAN_POINT ( 'NONE',  ( 0.3350030156032096085, 0.5728818345624925312, 0.3299079377910985045 ) ) ;
#447 = VERTEX_POINT ( 'NONE', #7809 ) ;
#448 = CIRCLE ( 'NONE', #10007, 0.01574803149606299885 ) ;
#449 = EDGE_CURVE ( 'NONE', #6361, #5653, #12920, .T. ) ;
#450 = DIRECTION ( 'NONE',  ( 0.0000000000000000000, 0.0000000000000000000, 1.000000000000000000 ) ) ;
#451 = ORIENTED_EDGE ( 'NONE', *, *, #84, .T. ) ;
#452 = LINE ( 'NONE', #245, #12237 ) ;
#453 = DIRECTION ( 'NONE',  ( -9.535965738412071904E-17, 0.7071067811865477948, 0.7071067811865473507 ) ) ;
#454 = VECTOR ( 'NONE', #10220, 39.37007874015748143 ) ;
#455 = VECTOR ( 'NONE', #5598, 39.37007874015748143 ) ;
#456 = DIRECTION ( 'NONE',  ( -1.937287448275561202E-17, -1.000000000000000000, -8.220413448604590506E-18 ) ) ;
#457 = EDGE_CURVE ( 'NONE', #4460, #9661, #5677, .T. ) ;
#458 = CARTESIAN_POINT ( 'NONE',  ( 0.09090852741424042260, 0.05713380306642412698, 0.4991992763737758132 ) ) ;
#459 = ORIENTED_EDGE ( 'NONE', *, *, #4659, .F. ) ;
#460 = CARTESIAN_POINT ( 'NONE',  ( 0.08106600772921163101, 0.1555589999168269233, 0.4554984889722087371 ) ) ;
#461 = ORIENTED_EDGE ( 'NONE', *, *, #4502, .F. ) ;
#462 = STYLED_ITEM ( 'NONE', ( #3763 ), #4519 ) ;
#463 = VERTEX_POINT ( 'NONE', #3583 ) ;
#464 = VECTOR ( 'NONE', #8804, 39.37007874015748143 ) ;
#465 = CARTESIAN_POINT ( 'NONE',  ( 0.3290975037921824442, 0.1988660865309974379, 0.2688843157438651765 ) ) ;
#466 = ORIENTED_EDGE ( 'NONE', *, *, #2547, .T. ) ;
#467 = SURFACE_STYLE_FILL_AREA ( #3845 ) ;
#468 = CARTESIAN_POINT ( 'NONE',  ( 0.3625620707213385585, 0.2756377400743056372, 0.3657347094446282143 ) ) ;
#469 = CARTESIAN_POINT ( 'NONE',  ( 0.1027195510362847869, 0.1476849841687954412, 0.2732150244052707899 ) ) ;
#470 = FILL_AREA_STYLE_COLOUR ( '', #3682 ) ;
#471 = VECTOR ( 'NONE', #8455, 39.37007874015748143 ) ;
#472 = VECTOR ( 'NONE', #7403, 39.37007874015748143 ) ;
#473 = COLOUR_RGB ( '',0.7607843137254901578, 0.7607843137254901578, 0.0000000000000000000 ) ;
#474 = ORIENTED_EDGE ( 'NONE', *, *, #11974, .F. ) ;
#475 = DIRECTION ( 'NONE',  ( 2.626713979715461236E-16, -3.747002708109903324E-16, -1.000000000000000000 ) ) ;
#476 = ADVANCED_FACE ( 'NONE', ( #12786 ), #2523, .F. ) ;
#477 = CARTESIAN_POINT ( 'NONE',  ( 0.2916959289890400653, 0.1279999447987147931, 0.4893567566887362941 ) ) ;
#478 = VERTEX_POINT ( 'NONE', #11786 ) ;
#479 = CARTESIAN_POINT ( 'NONE',  ( 0.07319199198118010730, 0.1476849841687954412, 0.5011677803107856821 ) ) ;
#480 = ORIENTED_EDGE ( 'NONE', *, *, #10747, .T. ) ;
#481 = VERTEX_POINT ( 'NONE', #3382 ) ;
#482 = VECTOR ( 'NONE', #9960, 39.37007874015748143 ) ;
#483 = ORIENTED_EDGE ( 'NONE', *, *, #12825, .T. ) ;
#484 = VECTOR ( 'NONE', #1209, 39.37007874015748143 ) ;
#485 = VERTEX_POINT ( 'NONE', #12988 ) ;
#486 = DIRECTION ( 'NONE',  ( 1.000000000000000000, 3.518308117683323401E-16, 2.626713979715459264E-16 ) ) ;
#487 = FACE_OUTER_BOUND ( 'NONE', #4817, .T. ) ;
#488 = LINE ( 'NONE', #6672, #2677 ) ;
#489 = LINE ( 'NONE', #13150, #10608 ) ;
#490 = EDGE_CURVE ( 'NONE', #8853, #9495, #3647, .T. ) ;
#491 = MECHANICAL_DESIGN_GEOMETRIC_PRESENTATION_REPRESENTATION (  '', ( #5469 ), #3737 ) ;
#492 = EDGE_CURVE ( 'NONE', #10778, #2500, #7542, .T. ) ;
#493 = VECTOR ( 'NONE', #904, 39.37007874015748143 ) ;
#494 = PLANE ( 'NONE',  #6945 ) ;
#495 = ORIENTED_EDGE ( 'NONE', *, *, #10636, .F. ) ;
#496 = ORIENTED_EDGE ( 'NONE', *, *, #6097, .F. ) ;
#497 = ORIENTED_EDGE ( 'NONE', *, *, #1276, .F. ) ;
#498 = VERTEX_POINT ( 'NONE', #2379 ) ;
#499 = VERTEX_POINT ( 'NONE', #6517 ) ;
#500 = MECHANICAL_DESIGN_GEOMETRIC_PRESENTATION_REPRESENTATION (  '', ( #1590 ), #13116 ) ;
#501 = CARTESIAN_POINT ( 'NONE',  ( 0.2405148266268504198, 0.1555589999168270066, 0.2397504574761404605 ) ) ;
#502 = VECTOR ( 'NONE', #3325, 39.37007874015748143 ) ;
#503 = CARTESIAN_POINT ( 'NONE',  ( 0.2326408108788038387, 0.2815432518853281940, 0.3456559692871650769 ) ) ;
#504 = DIRECTION ( 'NONE',  ( -1.000000000000000000, -1.408738150179760326E-16, 3.007447121050473688E-18 ) ) ;
#505 =( CONVERSION_BASED_UNIT ( 'INCH', #6888 ) LENGTH_UNIT ( ) NAMED_UNIT ( #4746 ) );
#506 = DIRECTION ( 'NONE',  ( 1.000000000000000000, 3.376070039848302585E-16, 2.359223927328455183E-16 ) ) ;
#507 = DIRECTION ( 'NONE',  ( 2.865203769218833733E-48, -8.220413448604590506E-18, 1.000000000000000000 ) ) ;
#508 = EDGE_CURVE ( 'NONE', #12812, #6676, #8692, .T. ) ;
#509 = DIRECTION ( 'NONE',  ( 0.0000000000000000000, 1.000000000000000000, 0.0000000000000000000 ) ) ;
#510 = EDGE_CURVE ( 'NONE', #3373, #1526, #7116, .T. ) ;
#511 = ORIENTED_EDGE ( 'NONE', *, *, #579, .T. ) ;
#512 = FACE_OUTER_BOUND ( 'NONE', #3753, .T. ) ;
#513 = ORIENTED_EDGE ( 'NONE', *, *, #7850, .T. ) ;
#514 = AXIS2_PLACEMENT_3D ( 'NONE', #8695, #12856, #7684 ) ;
#515 = ORIENTED_EDGE ( 'NONE', *, *, #11636, .T. ) ;
#516 = LINE ( 'NONE', #4713, #25 ) ;
#517 = VERTEX_POINT ( 'NONE', #1618 ) ;
#518 = CARTESIAN_POINT ( 'NONE',  ( 0.1164990785953285146, 0.3760314408617050908, 0.2669158118068501451 ) ) ;
#519 = CARTESIAN_POINT ( 'NONE',  ( 0.1361841179654072198, 0.1988660865309974379, 0.4224276228305008374 ) ) ;
#520 = ORIENTED_EDGE ( 'NONE', *, *, #10398, .F. ) ;
#521 = LINE ( 'NONE', #4656, #1493 ) ;
#522 = ADVANCED_FACE ( 'NONE', ( #2724 ), #11220, .F. ) ;
#523 = ADVANCED_FACE ( 'NONE', ( #1879 ), #5815, .T. ) ;
#524 = VECTOR ( 'NONE', #9432, 39.37007874015748143 ) ;
#525 = CARTESIAN_POINT ( 'NONE',  ( 0.1208297872567766079, 0.05713380306641546030, 0.4515614810981848914 ) ) ;
#526 = ADVANCED_FACE ( 'NONE', ( #13128 ), #12310, .F. ) ;
#527 = CARTESIAN_POINT ( 'NONE',  ( 0.2326408108788038387, 0.08862986605855729949, 0.1901441582635394756 ) ) ;
#528 = FILL_AREA_STYLE_COLOUR ( '', #11350 ) ;
#529 = ORIENTED_EDGE ( 'NONE', *, *, #12033, .F. ) ;
#530 = VECTOR ( 'NONE', #13083, 39.37007874015748143 ) ;
#531 = DIRECTION ( 'NONE',  ( -3.518308117683322415E-16, 1.000000000000000000, -4.163336342344337027E-16 ) ) ;
#532 = ORIENTED_EDGE ( 'NONE', *, *, #12006, .F. ) ;
#533 = LINE ( 'NONE', #7878, #693 ) ;
#534 = ORIENTED_EDGE ( 'NONE', *, *, #7177, .T. ) ;
#535 = CARTESIAN_POINT ( 'NONE',  ( 0.1263415982803839377, 0.3760314408617060900, 0.4243961267674800641 ) ) ;
#536 = ADVANCED_FACE ( 'NONE', ( #5957 ), #672, .F. ) ;
#537 = EDGE_CURVE ( 'NONE', #3110, #62, #6019, .T. ) ;
#538 = CARTESIAN_POINT ( 'NONE',  ( 0.2405148266268501978, 0.3760314408617053683, 0.4259709299170679753 ) ) ;
#539 = AXIS2_PLACEMENT_3D ( 'NONE', #12060, #8017, #3791 ) ;
#540 = DIRECTION ( 'NONE',  ( 0.0000000000000000000, 0.0000000000000000000, 1.000000000000000000 ) ) ;
#541 = DIRECTION ( 'NONE',  ( 0.0000000000000000000, -8.220413448604736877E-18, 1.000000000000000000 ) ) ;
#542 = EDGE_CURVE ( 'NONE', #5635, #689, #5745, .T. ) ;
#543 = VERTEX_POINT ( 'NONE', #2848 ) ;
#544 = DIRECTION ( 'NONE',  ( -2.359223927328456662E-16, 3.885780586188047398E-16, 1.000000000000000000 ) ) ;
#545 = DIRECTION ( 'NONE',  ( -1.000000000000000000, 0.0000000000000000000, 0.0000000000000000000 ) ) ;
#546 = CARTESIAN_POINT ( 'NONE',  ( 0.2405148266268504198, 0.1555589999168269233, 0.2810890401533022165 ) ) ;
#547 = ORIENTED_EDGE ( 'NONE', *, *, #8747, .F. ) ;
#548 = CARTESIAN_POINT ( 'NONE',  ( 0.1401211258394373105, 0.3760314408617060900, 0.3751835283422832457 ) ) ;
#549 = VERTEX_POINT ( 'NONE', #3846 ) ;
#550 = ORIENTED_EDGE ( 'NONE', *, *, #7380, .F. ) ;
#551 = VECTOR ( 'NONE', #12149, 39.37007874015748143 ) ;
#552 = EDGE_LOOP ( 'NONE', ( #7568, #13423, #5089, #1967, #5437, #1520 ) ) ;
#553 = EDGE_CURVE ( 'NONE', #9182, #1288, #3780, .T. ) ;
#554 = ORIENTED_EDGE ( 'NONE', *, *, #2999, .T. ) ;
#555 = DIRECTION ( 'NONE',  ( -3.518308117683322415E-16, 1.000000000000000000, -4.163336342344337027E-16 ) ) ;
#556 = CARTESIAN_POINT ( 'NONE',  ( 0.2385463226898389133, -0.07278745677610241882, 0.4397504574761376683 ) ) ;
#557 = DIRECTION ( 'NONE',  ( -1.000000000000000000, 1.937287448275558121E-17, 0.0000000000000000000 ) ) ;
#558 = CARTESIAN_POINT ( 'NONE',  ( 0.1562628581229039970, 0.08075585031049740958, 0.4397504574761375573 ) ) ;
#559 = CARTESIAN_POINT ( 'NONE',  ( 0.1893337242646520313, 0.2165826219640790973, 0.2905378590509231085 ) ) ;
#560 = VERTEX_POINT ( 'NONE', #9921 ) ;
#561 = EDGE_LOOP ( 'NONE', ( #8158, #7093, #8862, #4939, #5689, #13213, #12769, #9238, #1970, #2572 ) ) ;
#562 = ORIENTED_EDGE ( 'NONE', *, *, #10270, .F. ) ;
#563 = ORIENTED_EDGE ( 'NONE', *, *, #4143, .F. ) ;
#564 = EDGE_LOOP ( 'NONE', ( #5809, #1478, #12591, #9119, #7171 ) ) ;
#565 = LINE ( 'NONE', #13020, #11781 ) ;
#566 = EDGE_CURVE ( 'NONE', #5127, #4378, #9168, .T. ) ;
#567 = CARTESIAN_POINT ( 'NONE',  ( 0.2356888323972174681, 0.5531967951923916216, 0.2669158118068457597 ) ) ;
#568 = CARTESIAN_POINT ( 'NONE',  ( 0.3625620707213385585, 0.3130393148774569534, 0.2850260480273071884 ) ) ;
#569 = PLANE ( 'NONE',  #10210 ) ;
#570 = FACE_OUTER_BOUND ( 'NONE', #4307, .T. ) ;
#571 = COLOUR_RGB ( '',0.7607843137254901578, 0.7607843137254901578, 0.0000000000000000000 ) ;
#572 = ORIENTED_EDGE ( 'NONE', *, *, #7007, .F. ) ;
#573 = CARTESIAN_POINT ( 'NONE',  ( 0.2483888423748524532, 0.3760314408617060900, 0.3850260480273225983 ) ) ;
#574 = ORIENTED_EDGE ( 'NONE', *, *, #5607, .F. ) ;
#575 = EDGE_LOOP ( 'NONE', ( #13381, #329 ) ) ;
#576 = CARTESIAN_POINT ( 'NONE',  ( 0.3920896297764415728, 0.3760314408617050908, 0.3810890401533105210 ) ) ;
#577 = ORIENTED_EDGE ( 'NONE', *, *, #103, .T. ) ;
#578 = CARTESIAN_POINT ( 'NONE',  ( 0.1558691573354937243, 0.3091023070034269460, 0.4515614810981847249 ) ) ;
#579 = EDGE_CURVE ( 'NONE', #5635, #6361, #881, .T. ) ;
#580 = VERTEX_POINT ( 'NONE', #2916 ) ;
#581 = ADVANCED_FACE ( 'NONE', ( #7052 ), #2788, .T. ) ;
#582 = CARTESIAN_POINT ( 'NONE',  ( 0.07319199198116600746, 0.3760314408617050908, 0.3456559692871650769 ) ) ;
#583 = SURFACE_STYLE_USAGE ( .BOTH. , #4988 ) ;
#584 = COLOUR_RGB ( '',0.7607843137254901578, 0.7607843137254901578, 0.0000000000000000000 ) ;
#585 = DIRECTION ( 'NONE',  ( -0.0000000000000000000, -1.000000000000000000, -0.0000000000000000000 ) ) ;
#586 = VECTOR ( 'NONE', #10917, 39.37007874015748143 ) ;
#587 = DIRECTION ( 'NONE',  ( -0.4472135955000930418, -0.8944271909998483538, 2.549099026651717973E-16 ) ) ;
#588 = CARTESIAN_POINT ( 'NONE',  ( 0.1558691573354937243, 0.3091023070034269460, 0.4397504574761374463 ) ) ;
#589 = CARTESIAN_POINT ( 'NONE',  ( 0.07332322557697278087, 0.1770813096281164123, 0.3026113498645917055 ) ) ;
#590 = EDGE_LOOP ( 'NONE', ( #6709, #8914, #9265, #11249, #911, #9225, #8287 ) ) ;
#591 = VERTEX_POINT ( 'NONE', #3988 ) ;
#592 = MECHANICAL_DESIGN_GEOMETRIC_PRESENTATION_REPRESENTATION (  '', ( #9728 ), #5785 ) ;
#593 = VECTOR ( 'NONE', #5073, 39.37007874015748143 ) ;
#594 = CARTESIAN_POINT ( 'NONE',  ( 0.07319199198118010730, 0.1476849841687953580, 0.1901441582635378935 ) ) ;
#595 = DIRECTION ( 'NONE',  ( -0.7071067811865474617, -0.7071067811865476838, 1.787619878552794159E-16 ) ) ;
#596 = LINE ( 'NONE', #7943, #11109 ) ;
#597 = EDGE_CURVE ( 'NONE', #5166, #11227, #13332, .T. ) ;
#598 = PLANE ( 'NONE',  #10245 ) ;
#599 = DIRECTION ( 'NONE',  ( -1.000000000000000000, 0.0000000000000000000, 0.0000000000000000000 ) ) ;
#600 = CARTESIAN_POINT ( 'NONE',  ( 0.0000000000000000000, 0.0000000000000000000, 0.0000000000000000000 ) ) ;
#601 = CARTESIAN_POINT ( 'NONE',  ( 0.3444518345008468208, 0.05713380306641541867, 0.2515614810981877114 ) ) ;
#602 = DIRECTION ( 'NONE',  ( 0.0000000000000000000, 0.0000000000000000000, -1.000000000000000000 ) ) ;
#603 = MECHANICAL_DESIGN_GEOMETRIC_PRESENTATION_REPRESENTATION (  '', ( #2998 ), #2578 ) ;
#604 = LINE ( 'NONE', #12993, #9847 ) ;
#605 = ORIENTED_EDGE ( 'NONE', *, *, #4081, .T. ) ;
#606 = DIRECTION ( 'NONE',  ( 2.865203769218833733E-48, -8.220413448604590506E-18, 1.000000000000000000 ) ) ;
#607 = LINE ( 'NONE', #4544, #896 ) ;
#608 = ADVANCED_FACE ( 'NONE', ( #8145 ), #9094, .F. ) ;
#609 = ORIENTED_EDGE ( 'NONE', *, *, #10514, .F. ) ;
#610 = UNCERTAINTY_MEASURE_WITH_UNIT (LENGTH_MEASURE( 1.000000000000000082E-05 ), #1293, 'distance_accuracy_value', 'NONE');
#611 = EDGE_CURVE ( 'NONE', #8989, #5391, #751, .T. ) ;
#612 = LINE ( 'NONE', #11166, #1831 ) ;
#613 = ORIENTED_EDGE ( 'NONE', *, *, #11918, .T. ) ;
#614 = ORIENTED_EDGE ( 'NONE', *, *, #5593, .T. ) ;
#615 = MECHANICAL_DESIGN_GEOMETRIC_PRESENTATION_REPRESENTATION (  '', ( #7119 ), #2358 ) ;
#616 = EDGE_LOOP ( 'NONE', ( #11760, #8705, #10418, #8525 ) ) ;
#617 = EDGE_CURVE ( 'NONE', #13339, #5704, #8071, .T. ) ;
#618 = DIMENSIONAL_EXPONENTS ( 1.000000000000000000, 0.0000000000000000000, 0.0000000000000000000, 0.0000000000000000000, 0.0000000000000000000, 0.0000000000000000000, 0.0000000000000000000 ) ;
#619 = CARTESIAN_POINT ( 'NONE',  ( 0.3763415982803857696, 0.2579212046412327486, 0.4243961267674801197 ) ) ;
#620 = CARTESIAN_POINT ( 'NONE',  ( 0.1558691573354937521, 0.2933542755073604291, 0.4515614810981848359 ) ) ;
#621 = PLANE ( 'NONE',  #7968 ) ;
#622 = LINE ( 'NONE', #12942, #10494 ) ;
#623 = LINE ( 'NONE', #13077, #9738 ) ;
#624 = VECTOR ( 'NONE', #5347, 39.37007874015748143 ) ;
#625 = FACE_OUTER_BOUND ( 'NONE', #10893, .T. ) ;
#626 = CARTESIAN_POINT ( 'NONE',  ( 0.0000000000000000000, 0.1574803149606299191, 0.0000000000000000000 ) ) ;
#627 = ORIENTED_EDGE ( 'NONE', *, *, #1740, .F. ) ;
#628 = ADVANCED_FACE ( 'NONE', ( #9302 ), #8475, .F. ) ;
#629 = ORIENTED_EDGE ( 'NONE', *, *, #10733, .T. ) ;
#630 = FACE_OUTER_BOUND ( 'NONE', #4476, .T. ) ;
#631 = VERTEX_POINT ( 'NONE', #6094 ) ;
#632 = VERTEX_POINT ( 'NONE', #12375 ) ;
#633 = EDGE_LOOP ( 'NONE', ( #9660, #1159, #6494, #7247 ) ) ;
#634 = CIRCLE ( 'NONE', #5383, 0.01574803149606299885 ) ;
#635 = DIRECTION ( 'NONE',  ( 3.518308117683322415E-16, -1.000000000000000000, 4.163336342344337027E-16 ) ) ;
#636 = LINE ( 'NONE', #9955, #11940 ) ;
#637 = DIRECTION ( 'NONE',  ( -2.626713979715461236E-16, 4.163336342344336041E-16, 1.000000000000000000 ) ) ;
#638 = LINE ( 'NONE', #5715, #3177 ) ;
#639 = CARTESIAN_POINT ( 'NONE',  ( 0.2405148266268501978, 0.3563464014916266076, 0.4850260480273042574 ) ) ;
#640 = DIRECTION ( 'NONE',  ( 1.000000000000000000, 0.0000000000000000000, 0.0000000000000000000 ) ) ;
#641 = DIRECTION ( 'NONE',  ( -1.316334802367150653E-16, 1.000000000000000000, -1.526556658859589750E-16 ) ) ;
#642 = VECTOR ( 'NONE', #6825, 39.37007874015748143 ) ;
#643 = CARTESIAN_POINT ( 'NONE',  ( 0.2090187636347028977, 0.08075585031051529805, 0.2515614810981877114 ) ) ;
#644 = EDGE_LOOP ( 'NONE', ( #11232, #5046, #2802, #6957 ) ) ;
#645 = LINE ( 'NONE', #2564, #11586 ) ;
#646 = CIRCLE ( 'NONE', #2387, 0.05511811023622047168 ) ;
#647 = UNCERTAINTY_MEASURE_WITH_UNIT (LENGTH_MEASURE( 1.000000000000000082E-05 ), #4938, 'distance_accuracy_value', 'NONE');
#648 = DIRECTION ( 'NONE',  ( 2.359223927328456662E-16, -3.885780586188047398E-16, -1.000000000000000000 ) ) ;
#649 = EDGE_CURVE ( 'NONE', #13081, #11696, #6646, .T. ) ;
#650 = ORIENTED_EDGE ( 'NONE', *, *, #553, .T. ) ;
#651 = SURFACE_SIDE_STYLE ('',( #932 ) ) ;
#652 = ORIENTED_EDGE ( 'NONE', *, *, #2981, .F. ) ;
#653 = VECTOR ( 'NONE', #12680, 39.37007874015748143 ) ;
#654 = ORIENTED_EDGE ( 'NONE', *, *, #10426, .T. ) ;
#655 = LINE ( 'NONE', #12969, #6034 ) ;
#656 = PLANE ( 'NONE',  #9839 ) ;
#657 = CARTESIAN_POINT ( 'NONE',  ( 0.1558691573355116822, 0.2264251416490909163, 0.4515614810981848359 ) ) ;
#658 =( NAMED_UNIT ( * ) PLANE_ANGLE_UNIT ( ) SI_UNIT ( $, .RADIAN. ) );
#659 =( GEOMETRIC_REPRESENTATION_CONTEXT ( 3 ) GLOBAL_UNCERTAINTY_ASSIGNED_CONTEXT ( ( #8250 ) ) GLOBAL_UNIT_ASSIGNED_CONTEXT ( ( #8892, #9925, #676 ) ) REPRESENTATION_CONTEXT ( 'NONE', 'WORKASPACE' ) );
#660 = CARTESIAN_POINT ( 'NONE',  ( 0.1558691573355116822, 0.2264251416490909163, 0.4397504574761375018 ) ) ;
#661 = EDGE_CURVE ( 'NONE', #9624, #10161, #7184, .T. ) ;
#662 = EDGE_CURVE ( 'NONE', #5565, #4854, #4051, .T. ) ;
#663 = PRESENTATION_STYLE_ASSIGNMENT (( #11904 ) ) ;
#664 = ORIENTED_EDGE ( 'NONE', *, *, #1190, .T. ) ;
#665 = CARTESIAN_POINT ( 'NONE',  ( 0.2405148266268502810, 0.3091023070034269460, 0.4515614810981740113 ) ) ;
#666 = FACE_OUTER_BOUND ( 'NONE', #10341, .T. ) ;
#667 = DIRECTION ( 'NONE',  ( 0.4472135955003647134, -0.8944271909997124625, 4.898503433089684763E-16 ) ) ;
#668 = VECTOR ( 'NONE', #8338, 39.37007874015748143 ) ;
#669 = LINE ( 'NONE', #8957, #12228 ) ;
#670 =( CONVERSION_BASED_UNIT ( 'INCH', #5813 ) LENGTH_UNIT ( ) NAMED_UNIT ( #618 ) );
#671 = COLOUR_RGB ( '',0.7607843137254901578, 0.7607843137254901578, 0.0000000000000000000 ) ;
#672 = PLANE ( 'NONE',  #12981 ) ;
#673 = DIRECTION ( 'NONE',  ( 1.000000000000000000, 0.0000000000000000000, 0.0000000000000000000 ) ) ;
#674 = DIRECTION ( 'NONE',  ( 2.626713979715461236E-16, -3.747002708109903324E-16, -1.000000000000000000 ) ) ;
#675 = LINE ( 'NONE', #13201, #13082 ) ;
#676 =( NAMED_UNIT ( * ) SI_UNIT ( $, .STERADIAN. ) SOLID_ANGLE_UNIT ( ) );
#677 = CARTESIAN_POINT ( 'NONE',  ( 0.2916959289890400653, 0.1279999447987147931, 0.4893567566887362941 ) ) ;
#678 = EDGE_LOOP ( 'NONE', ( #7851, #9950, #1281, #3611 ) ) ;
#679 = DIRECTION ( 'NONE',  ( -1.937287448275561202E-17, -1.000000000000000000, -8.220413448604590506E-18 ) ) ;
#680 = SURFACE_STYLE_USAGE ( .BOTH. , #10000 ) ;
#681 = EDGE_CURVE ( 'NONE', #10728, #7139, #8207, .T. ) ;
#682 = VECTOR ( 'NONE', #5627, 39.37007874015748143 ) ;
#683 = DIRECTION ( 'NONE',  ( 1.000000000000000000, 3.376070039848300612E-16, 2.359223927328455183E-16 ) ) ;
#684 = EDGE_LOOP ( 'NONE', ( #6934, #8078, #4498, #9373 ) ) ;
#685 = VECTOR ( 'NONE', #456, 39.37007874015748143 ) ;
#686 = DIRECTION ( 'NONE',  ( 0.0000000000000000000, -1.000000000000000000, 0.0000000000000000000 ) ) ;
#687 = ORIENTED_EDGE ( 'NONE', *, *, #9458, .T. ) ;
#688 = ORIENTED_EDGE ( 'NONE', *, *, #8841, .T. ) ;
#689 = VERTEX_POINT ( 'NONE', #2227 ) ;
#690 = FILL_AREA_STYLE_COLOUR ( '', #1117 ) ;
#691 = DIRECTION ( 'NONE',  ( -1.000000000000000000, 1.937287448275558121E-17, 0.0000000000000000000 ) ) ;
#692 = PLANE ( 'NONE',  #707 ) ;
#693 = VECTOR ( 'NONE', #6916, 39.37007874015748143 ) ;
#694 =( CONVERSION_BASED_UNIT ( 'INCH', #3796 ) LENGTH_UNIT ( ) NAMED_UNIT ( #11394 ) );
#695 = EDGE_CURVE ( 'NONE', #3231, #9883, #7388, .T. ) ;
#696 = CIRCLE ( 'NONE', #6765, 0.05610236220472444857 ) ;
#697 = ADVANCED_FACE ( 'NONE', ( #11364 ), #7326, .F. ) ;
#698 = CARTESIAN_POINT ( 'NONE',  ( 0.3389400234772357301, 0.2008345904680063354, 0.2432937645627432088 ) ) ;
#699 = DIRECTION ( 'NONE',  ( 0.1240347345890697173, 0.9922778767136848366, 0.0000000000000000000 ) ) ;
#700 = PLANE ( 'NONE',  #12139 ) ;
#701 = CARTESIAN_POINT ( 'NONE',  ( 0.3468140392252719861, 0.1555589999168270621, 0.4062858905469893811 ) ) ;
#702 = ADVANCED_FACE ( 'NONE', ( #1208 ), #10391, .T. ) ;
#703 = VERTEX_POINT ( 'NONE', #1074 ) ;
#704 = CARTESIAN_POINT ( 'NONE',  ( 0.2208297872567573095, 0.05713380306641541867, 0.2397504574761404883 ) ) ;
#705 = VECTOR ( 'NONE', #11604, 39.37007874015748143 ) ;
#706 = ORIENTED_EDGE ( 'NONE', *, *, #3342, .F. ) ;
#707 = AXIS2_PLACEMENT_3D ( 'NONE', #7901, #13284, #6800 ) ;
#708 = ORIENTED_EDGE ( 'NONE', *, *, #11963, .T. ) ;
#709 = VECTOR ( 'NONE', #7385, 39.37007874015748143 ) ;
#710 = ORIENTED_EDGE ( 'NONE', *, *, #4297, .F. ) ;
#711 = DIRECTION ( 'NONE',  ( 2.865203769218833733E-48, -8.220413448604590506E-18, 1.000000000000000000 ) ) ;
#712 = LINE ( 'NONE', #1527, #10909 ) ;
#713 = DIRECTION ( 'NONE',  ( -1.000000000000000000, 0.0000000000000000000, 0.0000000000000000000 ) ) ;
#714 = EDGE_CURVE ( 'NONE', #9883, #12453, #9371, .T. ) ;
#715 = CARTESIAN_POINT ( 'NONE',  ( 0.3468140392252718751, 0.1555589999168269788, 0.4850260480273043129 ) ) ;
#716 = LINE ( 'NONE', #10982, #9175 ) ;
#717 = AXIS2_PLACEMENT_3D ( 'NONE', #883, #5005, #1817 ) ;
#718 = PRODUCT_DEFINITION_FORMATION_WITH_SPECIFIED_SOURCE ( 'ANY', '', #9723, .NOT_KNOWN. ) ;
#719 = FILL_AREA_STYLE_COLOUR ( '', #2290 ) ;
#720 = LINE ( 'NONE', #387, #11763 ) ;
#721 = VERTEX_POINT ( 'NONE', #3306 ) ;
#722 = DIRECTION ( 'NONE',  ( 0.0000000000000000000, 0.0000000000000000000, -1.000000000000000000 ) ) ;
#723 = EDGE_CURVE ( 'NONE', #11911, #3221, #11289, .T. ) ;
#724 = DIRECTION ( 'NONE',  ( 1.000000000000000000, 1.408738150179760326E-16, -6.014894242100891138E-18 ) ) ;
#725 = ORIENTED_EDGE ( 'NONE', *, *, #11903, .F. ) ;
#726 = CARTESIAN_POINT ( 'NONE',  ( 0.2405148266268503088, 0.1555589999168270621, 0.4456559692871469025 ) ) ;
#727 = ORIENTED_EDGE ( 'NONE', *, *, #11443, .T. ) ;
#728 = CARTESIAN_POINT ( 'NONE',  ( 0.1444518345008675153, 0.05713380306640647444, 0.4515614810981848914 ) ) ;
#729 = ORIENTED_EDGE ( 'NONE', *, *, #10535, .T. ) ;
#730 = PRESENTATION_LAYER_ASSIGNMENT (  '', '', ( #6347 ) ) ;
#731 = ORIENTED_EDGE ( 'NONE', *, *, #8225, .F. ) ;
#732 = VECTOR ( 'NONE', #4220, 39.37007874015748143 ) ;
#733 = FACE_OUTER_BOUND ( 'NONE', #2879, .T. ) ;
#734 = CARTESIAN_POINT ( 'NONE',  ( 0.1562628581229040525, 0.08075585031049736795, 0.2515614810981877114 ) ) ;
#735 = ORIENTED_EDGE ( 'NONE', *, *, #6841, .T. ) ;
#736 = FACE_OUTER_BOUND ( 'NONE', #8279, .T. ) ;
#737 = DIRECTION ( 'NONE',  ( 0.0000000000000000000, 1.000000000000000000, 0.0000000000000000000 ) ) ;
#738 = EDGE_CURVE ( 'NONE', #12701, #3815, #9713, .T. ) ;
#739 = LINE ( 'NONE', #11964, #12100 ) ;
#740 = PRESENTATION_STYLE_ASSIGNMENT (( #7934 ) ) ;
#741 =( GEOMETRIC_REPRESENTATION_CONTEXT ( 3 ) GLOBAL_UNCERTAINTY_ASSIGNED_CONTEXT ( ( #5238 ) ) GLOBAL_UNIT_ASSIGNED_CONTEXT ( ( #9532, #8710, #11867 ) ) REPRESENTATION_CONTEXT ( 'NONE', 'WORKASPACE' ) );
#742 = ORIENTED_EDGE ( 'NONE', *, *, #10108, .F. ) ;
#743 = CARTESIAN_POINT ( 'NONE',  ( 0.3389400234772336762, 0.3760314408617053128, 0.2653410086572284832 ) ) ;
#744 = DIRECTION ( 'NONE',  ( 1.174096724532128111E-16, -1.000000000000000000, 1.665334536937734318E-16 ) ) ;
#745 = ORIENTED_EDGE ( 'NONE', *, *, #661, .F. ) ;
#746 = CARTESIAN_POINT ( 'NONE',  ( 0.2326408108788057538, 0.2185511259010752549, 0.5228213236178720358 ) ) ;
#747 = DIRECTION ( 'NONE',  ( 1.937287448275560894E-17, 1.000000000000000000, 8.220413448604736877E-18 ) ) ;
#748 = AXIS2_PLACEMENT_3D ( 'NONE', #6458, #5493, #1566 ) ;
#749 = FACE_OUTER_BOUND ( 'NONE', #4634, .T. ) ;
#750 = EDGE_CURVE ( 'NONE', #2004, #3296, #7526, .T. ) ;
#751 = LINE ( 'NONE', #4873, #4699 ) ;
#752 = DIRECTION ( 'NONE',  ( -1.937287448275561202E-17, -1.000000000000000000, -8.220413448604590506E-18 ) ) ;
#753 = PLANE ( 'NONE',  #1803 ) ;
#754 = ORIENTED_EDGE ( 'NONE', *, *, #5379, .T. ) ;
#755 = LINE ( 'NONE', #1688, #4755 ) ;
#756 = DIRECTION ( 'NONE',  ( -1.608386623408232256E-17, -1.526556658859589750E-16, -1.000000000000000000 ) ) ;
#757 = AXIS2_PLACEMENT_3D ( 'NONE', #12908, #9503, #3574 ) ;
#758 = LINE ( 'NONE', #10074, #12047 ) ;
#759 = EDGE_LOOP ( 'NONE', ( #5356, #3006, #8759, #1707 ) ) ;
#760 = UNCERTAINTY_MEASURE_WITH_UNIT (LENGTH_MEASURE( 1.000000000000000082E-05 ), #3093, 'distance_accuracy_value', 'NONE');
#761 = CARTESIAN_POINT ( 'NONE',  ( 0.07319199198118010730, 0.1476849841687953857, 0.2554984889721936270 ) ) ;
#762 = ORIENTED_EDGE ( 'NONE', *, *, #10108, .T. ) ;
#763 = EDGE_LOOP ( 'NONE', ( #11268, #10831, #7588, #5936, #4551, #2431 ) ) ;
#764 = EDGE_LOOP ( 'NONE', ( #6295, #4735, #4673, #3800 ) ) ;
#765 = CARTESIAN_POINT ( 'NONE',  ( 0.1090187636347222100, 0.08075585031049740958, 0.4515614810981848914 ) ) ;
#766 = EDGE_CURVE ( 'NONE', #12576, #5342, #1547, .T. ) ;
#767 = VECTOR ( 'NONE', #2533, 39.37007874015748143 ) ;
#768 = CARTESIAN_POINT ( 'NONE',  ( 0.1558691573355116822, 0.2264251416490909163, 0.4515614810981848359 ) ) ;
#769 = ADVANCED_FACE ( 'NONE', ( #9778 ), #11897, .T. ) ;
#770 = LINE ( 'NONE', #11034, #4481 ) ;
#771 = CARTESIAN_POINT ( 'NONE',  ( 0.1558691573354938631, 0.2421731731451573777, 0.2397504574761404605 ) ) ;
#772 = LINE ( 'NONE', #4691, #6899 ) ;
#773 = ORIENTED_EDGE ( 'NONE', *, *, #9054, .T. ) ;
#774 = AXIS2_PLACEMENT_3D ( 'NONE', #2040, #9248, #6173 ) ;
#775 = LINE ( 'NONE', #10147, #12066 ) ;
#776 = VERTEX_POINT ( 'NONE', #5663 ) ;
#777 = ORIENTED_EDGE ( 'NONE', *, *, #10759, .T. ) ;
#778 = EDGE_CURVE ( 'NONE', #11445, #3906, #5536, .T. ) ;
#779 = PLANE ( 'NONE',  #1278 ) ;
#780 = SURFACE_SIDE_STYLE ('',( #1784 ) ) ;
#781 = DIRECTION ( 'NONE',  ( 0.0000000000000000000, -0.7999999999998906874, -0.6000000000001457501 ) ) ;
#782 = CARTESIAN_POINT ( 'NONE',  ( 0.2916959289890524443, 0.1555589999168269788, 0.3456559692871528644 ) ) ;
#783 = ORIENTED_EDGE ( 'NONE', *, *, #12172, .F. ) ;
#784 = CARTESIAN_POINT ( 'NONE',  ( 0.1444518345008675153, 0.05713380306640647444, 0.4397504574761375573 ) ) ;
#785 = CARTESIAN_POINT ( 'NONE',  ( 0.2326408108788125817, -0.1446865674942330593, 0.2397504574761405161 ) ) ;
#786 = UNCERTAINTY_MEASURE_WITH_UNIT (LENGTH_MEASURE( 1.000000000000000082E-05 ), #8197, 'distance_accuracy_value', 'NONE');
#787 = CARTESIAN_POINT ( 'NONE',  ( 0.3468140392252719861, 0.1555589999168270621, 0.4062465204682492170 ) ) ;
#788 = ORIENTED_EDGE ( 'NONE', *, *, #11265, .T. ) ;
#789 = ADVANCED_FACE ( 'NONE', ( #1484 ), #12771, .T. ) ;
#790 = ORIENTED_EDGE ( 'NONE', *, *, #8225, .T. ) ;
#791 = ADVANCED_FACE ( 'NONE', ( #2575 ), #4592, .T. ) ;
#792 =( CONVERSION_BASED_UNIT ( 'INCH', #10240 ) LENGTH_UNIT ( ) NAMED_UNIT ( #9017 ) );
#793 = VERTEX_POINT ( 'NONE', #1421 ) ;
#794 = EDGE_CURVE ( 'NONE', #11228, #4434, #10739, .T. ) ;
#795 = FACE_OUTER_BOUND ( 'NONE', #7455, .T. ) ;
#796 = FACE_OUTER_BOUND ( 'NONE', #7586, .T. ) ;
#797 = FACE_OUTER_BOUND ( 'NONE', #6737, .T. ) ;
#798 = CARTESIAN_POINT ( 'NONE',  ( 0.1027195510362847869, 0.1555589999168269788, 0.2180969141690466684 ) ) ;
#799 = AXIS2_PLACEMENT_3D ( 'NONE', #3357, #1258, #11688 ) ;
#800 = CARTESIAN_POINT ( 'NONE',  ( 0.1558691573355117932, 0.1791810471609001365, 0.2397504574761404883 ) ) ;
#801 = FACE_OUTER_BOUND ( 'NONE', #4045, .T. ) ;
#802 = SURFACE_SIDE_STYLE ('',( #13324 ) ) ;
#803 = VERTEX_POINT ( 'NONE', #4658 ) ;
#804 = EDGE_CURVE ( 'NONE', #498, #4095, #9942, .T. ) ;
#805 = CARTESIAN_POINT ( 'NONE',  ( 0.2405148266268503365, 0.3681574251136630616, 0.2515614810981877114 ) ) ;
#806 = ORIENTED_EDGE ( 'NONE', *, *, #13076, .T. ) ;
#807 = AXIS2_PLACEMENT_3D ( 'NONE', #2420, #4302, #10724 ) ;
#808 = ORIENTED_EDGE ( 'NONE', *, *, #3664, .F. ) ;
#809 = CARTESIAN_POINT ( 'NONE',  ( 0.3385463226898374756, -0.07278745677610237719, 0.4515614810981849470 ) ) ;
#810 = DIRECTION ( 'NONE',  ( 1.133085894446546862E-16, -0.7071067811865472397, 0.7071067811865479058 ) ) ;
#811 = CARTESIAN_POINT ( 'NONE',  ( 0.3940581337134494433, 0.05713380306642412698, 0.1842386464525194167 ) ) ;
#812 = CARTESIAN_POINT ( 'NONE',  ( 0.2483888423748524532, 0.3760314408617060900, 0.2688843157438651765 ) ) ;
#813 = PLANE ( 'NONE',  #12673 ) ;
#814 = AXIS2_PLACEMENT_3D ( 'NONE', #11900, #4267, #7345 ) ;
#815 = VERTEX_POINT ( 'NONE', #6699 ) ;
#816 = LINE ( 'NONE', #9035, #9100 ) ;
#817 = LINE ( 'NONE', #10072, #10224 ) ;
#818 = AXIS2_PLACEMENT_3D ( 'NONE', #7711, #11237, #8798 ) ;
#819 = DIRECTION ( 'NONE',  ( 1.000000000000000000, 1.316334802367150653E-16, -1.608386623408235030E-17 ) ) ;
#820 = ORIENTED_EDGE ( 'NONE', *, *, #10180, .F. ) ;
#821 = EDGE_CURVE ( 'NONE', #343, #8579, #5468, .T. ) ;
#822 = LINE ( 'NONE', #7954, #4002 ) ;
#823 = ORIENTED_EDGE ( 'NONE', *, *, #5652, .F. ) ;
#824 = ORIENTED_EDGE ( 'NONE', *, *, #10561, .T. ) ;
#825 = ORIENTED_EDGE ( 'NONE', *, *, #10666, .T. ) ;
#826 = DIRECTION ( 'NONE',  ( 0.3511234415886834159, -0.9363291775689350782, 4.820554145996929526E-16 ) ) ;
#827 = VECTOR ( 'NONE', #8262, 39.37007874015748854 ) ;
#828 = LINE ( 'NONE', #3000, #586 ) ;
#829 = LINE ( 'NONE', #7069, #11803 ) ;
#830 = LINE ( 'NONE', #1089, #3829 ) ;
#831 = CARTESIAN_POINT ( 'NONE',  ( 0.2483888423748524532, 0.2815432518853281940, 0.3850260480273225983 ) ) ;
#832 = COLOUR_RGB ( '',0.7607843137254901578, 0.7607843137254901578, 0.0000000000000000000 ) ;
#833 = VERTEX_POINT ( 'NONE', #6504 ) ;
#834 = ADVANCED_FACE ( 'NONE', ( #4522 ), #7666, .F. ) ;
#835 = EDGE_CURVE ( 'NONE', #1507, #7270, #6968, .T. ) ;
#836 = CARTESIAN_POINT ( 'NONE',  ( 0.1558691573354937243, 0.3681574251136631171, 0.4515614810981847249 ) ) ;
#837 = ORIENTED_EDGE ( 'NONE', *, *, #6775, .F. ) ;
#838 = VERTEX_POINT ( 'NONE', #5943 ) ;
#839 = ORIENTED_EDGE ( 'NONE', *, *, #319, .F. ) ;
#840 = DIRECTION ( 'NONE',  ( -8.833616147085623967E-14, -8.220413448603023570E-18, 1.000000000000000000 ) ) ;
#841 = LINE ( 'NONE', #10295, #2654 ) ;
#842 = DIRECTION ( 'NONE',  ( 3.007447121050438636E-18, 2.498001805406601723E-16, 1.000000000000000000 ) ) ;
#843 = CARTESIAN_POINT ( 'NONE',  ( 0.3330345116662203342, 0.1555589999168270621, 0.4062465204682492170 ) ) ;
#844 = VECTOR ( 'NONE', #6566, 39.37007874015748143 ) ;
#845 = DIRECTION ( 'NONE',  ( -1.937287448275561202E-17, -1.000000000000000000, -8.220413448604590506E-18 ) ) ;
#846 = CARTESIAN_POINT ( 'NONE',  ( 0.3310660077292020276, 0.1949290786569807532, 0.3456559692871650769 ) ) ;
#847 = SURFACE_STYLE_FILL_AREA ( #2952 ) ;
#848 = LINE ( 'NONE', #4024, #3465 ) ;
#849 = EDGE_LOOP ( 'NONE', ( #12411, #7925, #7159, #10976 ) ) ;
#850 = FACE_OUTER_BOUND ( 'NONE', #8863, .T. ) ;
#851 = CARTESIAN_POINT ( 'NONE',  ( 0.1263415982803829940, 0.3760314408617050908, 0.2669158118068501451 ) ) ;
#852 = VERTEX_POINT ( 'NONE', #10112 ) ;
#853 = CARTESIAN_POINT ( 'NONE',  ( 0.3313688544887175014, 0.2972912833813901590, 0.1975639038722385166 ) ) ;
#854 = ORIENTED_EDGE ( 'NONE', *, *, #1512, .F. ) ;
#855 = EDGE_CURVE ( 'NONE', #5920, #8936, #6839, .T. ) ;
#856 = VERTEX_POINT ( 'NONE', #657 ) ;
#857 = EDGE_LOOP ( 'NONE', ( #9342, #3018, #8232, #1705 ) ) ;
#858 = AXIS2_PLACEMENT_3D ( 'NONE', #6819, #10979, #1645 ) ;
#859 = EDGE_LOOP ( 'NONE', ( #4636, #11294 ) ) ;
#860 = CYLINDRICAL_SURFACE ( 'NONE', #13441, 0.02952755905511810289 ) ;
#861 = LENGTH_MEASURE_WITH_UNIT ( LENGTH_MEASURE( 0.02539999999999999897 ), #13113 );
#862 = VECTOR ( 'NONE', #11693, 39.37007874015748143 ) ;
#863 = DIRECTION ( 'NONE',  ( -1.000000000000000000, -3.518308117683323401E-16, -2.626713979715459264E-16 ) ) ;
#864 = DIMENSIONAL_EXPONENTS ( 1.000000000000000000, 0.0000000000000000000, 0.0000000000000000000, 0.0000000000000000000, 0.0000000000000000000, 0.0000000000000000000, 0.0000000000000000000 ) ;
#865 = EDGE_CURVE ( 'NONE', #6238, #9692, #4791, .T. ) ;
#866 = AXIS2_PLACEMENT_3D ( 'NONE', #10488, #1161, #9515 ) ;
#867 = EDGE_CURVE ( 'NONE', #7131, #2138, #739, .T. ) ;
#868 = DIRECTION ( 'NONE',  ( -1.608386623408232256E-17, -1.526556658859589750E-16, -1.000000000000000000 ) ) ;
#869 = ORIENTED_EDGE ( 'NONE', *, *, #4183, .F. ) ;
#870 = DIRECTION ( 'NONE',  ( 0.0000000000000000000, 1.000000000000000000, 0.0000000000000000000 ) ) ;
#871 = EDGE_CURVE ( 'NONE', #7453, #10311, #5868, .T. ) ;
#872 = LINE ( 'NONE', #6012, #9865 ) ;
#873 = DIRECTION ( 'NONE',  ( 1.000000000000000000, 1.408738150179707817E-16, -2.099402731964118323E-14 ) ) ;
#874 = VERTEX_POINT ( 'NONE', #10935 ) ;
#875 = AXIS2_PLACEMENT_3D ( 'NONE', #6146, #6264, #12609 ) ;
#876 = CARTESIAN_POINT ( 'NONE',  ( 0.2221780689370912998, -0.07318115756351306622, 0.4007740795233771247 ) ) ;
#877 = DIRECTION ( 'NONE',  ( 0.0000000000000000000, 0.9922778767136848366, 0.1240347345890697173 ) ) ;
#878 = VECTOR ( 'NONE', #12406, 39.37007874015748143 ) ;
#879 = LINE ( 'NONE', #8345, #184 ) ;
#880 = DIRECTION ( 'NONE',  ( -0.3511234415875753578, -0.9363291775693507457, 2.975952440747971705E-16 ) ) ;
#881 = LINE ( 'NONE', #7945, #11022 ) ;
#882 = DIRECTION ( 'NONE',  ( 0.3511234415877494408, 0.9363291775692853536, -2.975952440747242502E-16 ) ) ;
#883 = CARTESIAN_POINT ( 'NONE',  ( 0.1755541967055904706, 0.1437479762947636852, 0.4515614810981848914 ) ) ;
#884 = MECHANICAL_DESIGN_GEOMETRIC_PRESENTATION_REPRESENTATION (  '', ( #1540 ), #12190 ) ;
#885 = ADVANCED_FACE ( 'NONE', ( #9975 ), #4860, .F. ) ;
#886 = LINE ( 'NONE', #3171, #2032 ) ;
#887 = DIRECTION ( 'NONE',  ( 1.174096724532128111E-16, -1.000000000000000000, 1.665334536937734318E-16 ) ) ;
#888 = ORIENTED_EDGE ( 'NONE', *, *, #4548, .F. ) ;
#889 = FILL_AREA_STYLE ('',( #11021 ) ) ;
#890 = EDGE_CURVE ( 'NONE', #2749, #9709, #6007, .T. ) ;
#891 = ORIENTED_EDGE ( 'NONE', *, *, #413, .F. ) ;
#892 = ORIENTED_EDGE ( 'NONE', *, *, #13089, .T. ) ;
#893 = CARTESIAN_POINT ( 'NONE',  ( 0.2090187636347251854, 0.08862986605855729949, 0.1901441582635394756 ) ) ;
#894 = VERTEX_POINT ( 'NONE', #10997 ) ;
#895 = ORIENTED_EDGE ( 'NONE', *, *, #4794, .T. ) ;
#896 = VECTOR ( 'NONE', #8697, 39.37007874015748143 ) ;
#897 = FACE_OUTER_BOUND ( 'NONE', #11683, .T. ) ;
#898 = ORIENTED_EDGE ( 'NONE', *, *, #10604, .F. ) ;
#899 = PRESENTATION_STYLE_ASSIGNMENT (( #6180 ) ) ;
#900 = LINE ( 'NONE', #501, #10150 ) ;
#901 = DIRECTION ( 'NONE',  ( 1.000000000000000000, 0.0000000000000000000, 0.0000000000000000000 ) ) ;
#902 = FACE_OUTER_BOUND ( 'NONE', #11352, .T. ) ;
#903 = EDGE_CURVE ( 'NONE', #8849, #1567, #2772, .T. ) ;
#904 = DIRECTION ( 'NONE',  ( 0.0000000000000000000, 1.000000000000000000, 0.0000000000000000000 ) ) ;
#905 = MECHANICAL_DESIGN_GEOMETRIC_PRESENTATION_REPRESENTATION (  '', ( #5870 ), #11981 ) ;
#906 =( CONVERSION_BASED_UNIT ( 'INCH', #9324 ) LENGTH_UNIT ( ) NAMED_UNIT ( #9976 ) );
#907 = VECTOR ( 'NONE', #11278, 39.37007874015748143 ) ;
#908 = ORIENTED_EDGE ( 'NONE', *, *, #6355, .T. ) ;
#909 = CARTESIAN_POINT ( 'NONE',  ( 0.2326408108788161344, 0.1476849841687954135, 0.2732150244052707899 ) ) ;
#910 = ORIENTED_EDGE ( 'NONE', *, *, #1262, .T. ) ;
#911 = ORIENTED_EDGE ( 'NONE', *, *, #4840, .T. ) ;
#912 = COLOUR_RGB ( '',0.7607843137254901578, 0.7607843137254901578, 0.0000000000000000000 ) ;
#913 = LINE ( 'NONE', #4078, #1335 ) ;
#914 = VECTOR ( 'NONE', #870, 39.37007874015748143 ) ;
#915 = DIRECTION ( 'NONE',  ( 0.4472135955000933194, -0.8944271909998482428, 1.293464547805031694E-16 ) ) ;
#916 = CARTESIAN_POINT ( 'NONE',  ( 0.3330345116662203897, 0.1555589999168270066, 0.2732150244052707344 ) ) ;
#917 = LINE ( 'NONE', #4020, #6212 ) ;
#918 = ADVANCED_FACE ( 'NONE', ( #797 ), #5801, .F. ) ;
#919 = DIRECTION ( 'NONE',  ( -0.9363291775692853536, 0.3511234415877494963, -3.921313925348018014E-16 ) ) ;
#920 = DIRECTION ( 'NONE',  ( 1.000000000000000000, 3.376070039848302092E-16, 2.359223927328455183E-16 ) ) ;
#921 = EDGE_CURVE ( 'NONE', #591, #7919, #11063, .T. ) ;
#922 = ORIENTED_EDGE ( 'NONE', *, *, #9637, .T. ) ;
#923 = AXIS2_PLACEMENT_3D ( 'NONE', #10823, #11976, #3587 ) ;
#924 = LINE ( 'NONE', #7981, #11132 ) ;
#925 = VECTOR ( 'NONE', #6267, 39.37007874015748143 ) ;
#926 = AXIS2_PLACEMENT_3D ( 'NONE', #5628, #486, #9876 ) ;
#927 = LINE ( 'NONE', #9216, #199 ) ;
#928 = VECTOR ( 'NONE', #5419, 39.37007874015748854 ) ;
#929 = VERTEX_POINT ( 'NONE', #1732 ) ;
#930 = UNCERTAINTY_MEASURE_WITH_UNIT (LENGTH_MEASURE( 1.000000000000000082E-05 ), #4109, 'distance_accuracy_value', 'NONE');
#931 = CARTESIAN_POINT ( 'NONE',  ( 0.2326408108788125817, -0.1446865674942329760, 0.4515614810981849470 ) ) ;
#932 = SURFACE_STYLE_FILL_AREA ( #11264 ) ;
#933 = AXIS2_PLACEMENT_3D ( 'NONE', #5180, #6081, #13185 ) ;
#934 = EDGE_LOOP ( 'NONE', ( #4601, #6286, #12569, #1416 ) ) ;
#935 = AXIS2_PLACEMENT_3D ( 'NONE', #3044, #13200, #3848 ) ;
#936 = DIRECTION ( 'NONE',  ( -3.518308117683323894E-16, 1.000000000000000000, -4.163336342344337027E-16 ) ) ;
#937 = LINE ( 'NONE', #12548, #6569 ) ;
#938 = ADVANCED_FACE ( 'NONE', ( #3830 ), #7993, .F. ) ;
#939 = EDGE_CURVE ( 'NONE', #6677, #2413, #7244, .T. ) ;
#940 = CARTESIAN_POINT ( 'NONE',  ( 0.3625620707213385030, 0.1555589999168269233, 0.2102228984210151586 ) ) ;
#941 = VERTEX_POINT ( 'NONE', #4235 ) ;
#942 = DIRECTION ( 'NONE',  ( 0.0000000000000000000, 1.000000000000000000, 0.0000000000000000000 ) ) ;
#943 = VECTOR ( 'NONE', #12891, 39.37007874015748143 ) ;
#944 = STYLED_ITEM ( 'NONE', ( #4690 ), #5796 ) ;
#945 = LINE ( 'NONE', #5183, #3547 ) ;
#946 = DIRECTION ( 'NONE',  ( 0.8944271909997125736, 0.4472135955003645469, -8.265553651052743861E-17 ) ) ;
#947 = DIRECTION ( 'NONE',  ( -1.000000000000000000, 0.0000000000000000000, 0.0000000000000000000 ) ) ;
#948 = ORIENTED_EDGE ( 'NONE', *, *, #3515, .F. ) ;
#949 = EDGE_CURVE ( 'NONE', #12418, #9076, #11345, .T. ) ;
#950 = ORIENTED_EDGE ( 'NONE', *, *, #8348, .T. ) ;
#951 = FACE_OUTER_BOUND ( 'NONE', #5125, .T. ) ;
#952 = DIRECTION ( 'NONE',  ( 1.000000000000000000, 0.0000000000000000000, 0.0000000000000000000 ) ) ;
#953 = AXIS2_PLACEMENT_3D ( 'NONE', #6193, #2948, #989 ) ;
#954 = SHAPE_DEFINITION_REPRESENTATION ( #12650, #11341 ) ;
#955 = ADVANCED_FACE ( 'NONE', ( #6077 ), #13319, .T. ) ;
#956 = VECTOR ( 'NONE', #10394, 39.37007874015748143 ) ;
#957 = DIRECTION ( 'NONE',  ( 0.0000000000000000000, -1.000000000000000000, 0.0000000000000000000 ) ) ;
#958 = LINE ( 'NONE', #10266, #11145 ) ;
#959 = CARTESIAN_POINT ( 'NONE',  ( 0.2483888423748524532, 0.1988660865309974379, 0.3456559692871650769 ) ) ;
#960 = VERTEX_POINT ( 'NONE', #6354 ) ;
#961 = LINE ( 'NONE', #5010, #2635 ) ;
#962 = VERTEX_POINT ( 'NONE', #3029 ) ;
#963 = VECTOR ( 'NONE', #269, 39.37007874015748143 ) ;
#964 = DIRECTION ( 'NONE',  ( -1.356991020290373981E-16, 1.000000000000000000, -3.469446951953614189E-16 ) ) ;
#965 = ORIENTED_EDGE ( 'NONE', *, *, #8193, .T. ) ;
#966 = VERTEX_POINT ( 'NONE', #6211 ) ;
#967 = ADVANCED_FACE ( 'NONE', ( #10379 ), #7167, .F. ) ;
#968 = LINE ( 'NONE', #5204, #1722 ) ;
#969 = ADVANCED_FACE ( 'NONE', ( #10852 ), #5520, .F. ) ;
#970 = ORIENTED_EDGE ( 'NONE', *, *, #12736, .T. ) ;
#971 = CARTESIAN_POINT ( 'NONE',  ( 0.09484553528826229762, 0.1555589999168269233, 0.2810890401533022165 ) ) ;
#972 = DIRECTION ( 'NONE',  ( 0.0000000000000000000, 0.0000000000000000000, 1.000000000000000000 ) ) ;
#973 = EDGE_CURVE ( 'NONE', #5343, #11561, #8460, .T. ) ;
#974 = DIRECTION ( 'NONE',  ( 0.0000000000000000000, 0.0000000000000000000, 1.000000000000000000 ) ) ;
#975 = CARTESIAN_POINT ( 'NONE',  ( 0.1401211258394373105, 0.1988660865309974379, 0.3456559692871650769 ) ) ;
#976 = PLANE ( 'NONE',  #10369 ) ;
#977 = SURFACE_STYLE_FILL_AREA ( #10286 ) ;
#978 = DIRECTION ( 'NONE',  ( -0.8574929257125444293, -0.5144957554275261247, -0.0000000000000000000 ) ) ;
#979 = EDGE_LOOP ( 'NONE', ( #10376, #5109, #2132, #6380 ) ) ;
#980 = CARTESIAN_POINT ( 'NONE',  ( 0.3468140392252719861, 0.1555589999168271176, 0.4850260480273044239 ) ) ;
#981 = ORIENTED_EDGE ( 'NONE', *, *, #7678, .F. ) ;
#982 = EDGE_LOOP ( 'NONE', ( #7499, #5994, #3237, #1966, #10780, #3410 ) ) ;
#983 = ADVANCED_FACE ( 'NONE', ( #3418 ), #437, .T. ) ;
#984 = VECTOR ( 'NONE', #7063, 39.37007874015748143 ) ;
#985 = EDGE_LOOP ( 'NONE', ( #4305, #9431, #1518, #6129 ) ) ;
#986 = LINE ( 'NONE', #7144, #1753 ) ;
#987 = CARTESIAN_POINT ( 'NONE',  ( 0.3468140392252718751, 0.3130393148774570644, 0.4515614810981740113 ) ) ;
#988 = CARTESIAN_POINT ( 'NONE',  ( 0.3920896297764415728, 0.2579212046412327486, 0.1901441582635394756 ) ) ;
#989 = DIRECTION ( 'NONE',  ( -3.518308117683322415E-16, 1.000000000000000000, -4.163336342344337027E-16 ) ) ;
#990 = CARTESIAN_POINT ( 'NONE',  ( 0.3625620707213385585, 0.1476849841687954135, 0.2180969141690466684 ) ) ;
#991 = LENGTH_MEASURE_WITH_UNIT ( LENGTH_MEASURE( 0.02539999999999999897 ), #13431 );
#992 = LINE ( 'NONE', #6330, #7216 ) ;
#993 = SURFACE_STYLE_USAGE ( .BOTH. , #11467 ) ;
#994 = CIRCLE ( 'NONE', #13371, 0.01574803149606296415 ) ;
#995 = ORIENTED_EDGE ( 'NONE', *, *, #13265, .F. ) ;
#996 = CARTESIAN_POINT ( 'NONE',  ( 0.1558691573355117099, 0.1791810471609002198, 0.4397504574761375018 ) ) ;
#997 = ORIENTED_EDGE ( 'NONE', *, *, #7348, .F. ) ;
#998 = DIRECTION ( 'NONE',  ( -1.937287448275560894E-17, -1.000000000000000000, -8.220413448604736877E-18 ) ) ;
#999 = ORIENTED_EDGE ( 'NONE', *, *, #2193, .T. ) ;
#1000 = ADVANCED_FACE ( 'NONE', ( #4439 ), #9632, .F. ) ;
#1001 = AXIS2_PLACEMENT_3D ( 'NONE', #11489, #6088, #10255 ) ;
#1002 = ORIENTED_EDGE ( 'NONE', *, *, #6917, .T. ) ;
#1003 =( NAMED_UNIT ( * ) SI_UNIT ( $, .STERADIAN. ) SOLID_ANGLE_UNIT ( ) );
#1004 = SURFACE_STYLE_USAGE ( .BOTH. , #11481 ) ;
#1005 = ORIENTED_EDGE ( 'NONE', *, *, #8592, .F. ) ;
#1006 = CARTESIAN_POINT ( 'NONE',  ( 0.07319199198116600746, 0.3760314408617050908, 0.5011677803107907891 ) ) ;
#1007 = DIRECTION ( 'NONE',  ( 0.0000000000000000000, 0.0000000000000000000, -1.000000000000000000 ) ) ;
#1008 = ORIENTED_EDGE ( 'NONE', *, *, #12189, .T. ) ;
#1009 = EDGE_CURVE ( 'NONE', #4065, #10152, #2495, .T. ) ;
#1010 = PLANE ( 'NONE',  #12935 ) ;
#1011 = ADVANCED_FACE ( 'NONE', ( #5377, #9762, #10788 ), #11755, .T. ) ;
#1012 = VERTEX_POINT ( 'NONE', #9700 ) ;
#1013 = CARTESIAN_POINT ( 'NONE',  ( 0.2405148266268502810, 0.3091023070034269460, 0.4456559692871467915 ) ) ;
#1014 = ORIENTED_EDGE ( 'NONE', *, *, #13001, .T. ) ;
#1015 = COLOUR_RGB ( '',0.7607843137254901578, 0.7607843137254901578, 0.0000000000000000000 ) ;
#1016 = CARTESIAN_POINT ( 'NONE',  ( 0.2326408108788038387, 0.3760314408617050908, 0.5011677803107907891 ) ) ;
#1017 = ITEM_DEFINED_TRANSFORMATION ( 'NONE', 'NONE', #9618,  #5463 ) ;
#1018 = CARTESIAN_POINT ( 'NONE',  ( 0.2483888423748524532, 0.5295747479483238207, 0.4224276228305008374 ) ) ;
#1019 = LENGTH_MEASURE_WITH_UNIT ( LENGTH_MEASURE( 0.02539999999999999897 ), #8150 );
#1020 = ORIENTED_EDGE ( 'NONE', *, *, #2534, .T. ) ;
#1021 = DIRECTION ( 'NONE',  ( 2.359223927328456662E-16, -3.885780586188047398E-16, -1.000000000000000000 ) ) ;
#1022 = DIRECTION ( 'NONE',  ( 3.518308117683322415E-16, -1.000000000000000000, 4.163336342344337027E-16 ) ) ;
#1023 = ORIENTED_EDGE ( 'NONE', *, *, #11626, .F. ) ;
#1024 = VECTOR ( 'NONE', #1313, 39.37007874015748143 ) ;
#1025 =( GEOMETRIC_REPRESENTATION_CONTEXT ( 3 ) GLOBAL_UNCERTAINTY_ASSIGNED_CONTEXT ( ( #9869 ) ) GLOBAL_UNIT_ASSIGNED_CONTEXT ( ( #4299, #6348, #6486 ) ) REPRESENTATION_CONTEXT ( 'NONE', 'WORKASPACE' ) );
#1026 = FACE_OUTER_BOUND ( 'NONE', #12743, .T. ) ;
#1027 = EDGE_CURVE ( 'NONE', #8926, #12078, #1467, .T. ) ;
#1028 = VERTEX_POINT ( 'NONE', #3554 ) ;
#1029 = ORIENTED_EDGE ( 'NONE', *, *, #11000, .F. ) ;
#1030 =( CONVERSION_BASED_UNIT ( 'INCH', #7132 ) LENGTH_UNIT ( ) NAMED_UNIT ( #3459 ) );
#1031 = CARTESIAN_POINT ( 'NONE',  ( 0.1893337242646341567, 0.3583149054286423607, 0.2905378590509231085 ) ) ;
#1032 = CARTESIAN_POINT ( 'NONE',  ( 0.2405148266268503643, 0.3760314408617053128, 0.2653410086572284832 ) ) ;
#1033 = VECTOR ( 'NONE', #1801, 39.37007874015748143 ) ;
#1034 = DIRECTION ( 'NONE',  ( 0.7071067811865476838, -0.7071067811865474617, 1.745088153485699165E-16 ) ) ;
#1035 = CARTESIAN_POINT ( 'NONE',  ( 0.2326408108788038387, 0.7776062440113159502, 0.3456559692871650769 ) ) ;
#1036 = CARTESIAN_POINT ( 'NONE',  ( 0.2483888423748524532, 0.2165826219640790973, 0.2236087251926805186 ) ) ;
#1037 = EDGE_CURVE ( 'NONE', #9808, #11818, #145, .T. ) ;
#1038 = ADVANCED_FACE ( 'NONE', ( #2279 ), #2559, .F. ) ;
#1039 = LINE ( 'NONE', #10563, #9001 ) ;
#1040 = EDGE_CURVE ( 'NONE', #463, #7061, #638, .T. ) ;
#1041 = ORIENTED_EDGE ( 'NONE', *, *, #9548, .F. ) ;
#1042 = VERTEX_POINT ( 'NONE', #9893 ) ;
#1043 = VECTOR ( 'NONE', #6892, 39.37007874015748143 ) ;
#1044 = LINE ( 'NONE', #8311, #231 ) ;
#1045 = CARTESIAN_POINT ( 'NONE',  ( 0.3920896297764487337, 0.08862986605855746602, 0.3456559692871673528 ) ) ;
#1046 = DIRECTION ( 'NONE',  ( -0.5773502691896255090, -0.5773502691896256200, 0.5773502691896259531 ) ) ;
#1047 = AXIS2_PLACEMENT_3D ( 'NONE', #6924, #6653, #10826 ) ;
#1048 = EDGE_CURVE ( 'NONE', #12450, #6376, #4773, .T. ) ;
#1049 = CARTESIAN_POINT ( 'NONE',  ( 0.2208297872567573095, -0.05703942528004485313, 0.2515614810981877669 ) ) ;
#1050 = ORIENTED_EDGE ( 'NONE', *, *, #11902, .T. ) ;
#1051 = CARTESIAN_POINT ( 'NONE',  ( 0.2326408108788038387, 0.2972912833813901590, 0.3456559692871650769 ) ) ;
#1052 = ORIENTED_EDGE ( 'NONE', *, *, #2423, .F. ) ;
#1053 = UNCERTAINTY_MEASURE_WITH_UNIT (LENGTH_MEASURE( 1.000000000000000082E-05 ), #12176, 'distance_accuracy_value', 'NONE');
#1054 = VERTEX_POINT ( 'NONE', #10919 ) ;
#1055 = EDGE_LOOP ( 'NONE', ( #5269, #8334, #2647, #2305 ) ) ;
#1056 = AXIS2_PLACEMENT_3D ( 'NONE', #6633, #5595, #316 ) ;
#1057 = ORIENTED_EDGE ( 'NONE', *, *, #11239, .F. ) ;
#1058 = FILL_AREA_STYLE ('',( #2077 ) ) ;
#1059 = DIRECTION ( 'NONE',  ( 1.000000000000000000, 3.518308117683325373E-16, 2.626713979715459264E-16 ) ) ;
#1060 = CARTESIAN_POINT ( 'NONE',  ( 0.1027195510362846897, 0.1555589999168270066, 0.4456559692871467915 ) ) ;
#1061 = LINE ( 'NONE', #10317, #3193 ) ;
#1062 = EDGE_CURVE ( 'NONE', #5078, #11798, #1646, .T. ) ;
#1063 = DIRECTION ( 'NONE',  ( 0.0000000000000000000, -8.220413448604736877E-18, 1.000000000000000000 ) ) ;
#1064 = DIRECTION ( 'NONE',  ( 0.0000000000000000000, -8.220413448604736877E-18, 1.000000000000000000 ) ) ;
#1065 = VECTOR ( 'NONE', #7644, 39.37007874015748143 ) ;
#1066 = VERTEX_POINT ( 'NONE', #715 ) ;
#1067 = PLANE ( 'NONE',  #6163 ) ;
#1068 = DIRECTION ( 'NONE',  ( 0.0000000000000000000, 0.0000000000000000000, -1.000000000000000000 ) ) ;
#1069 = ORIENTED_EDGE ( 'NONE', *, *, #4167, .F. ) ;
#1070 = DIRECTION ( 'NONE',  ( -3.518308117683322908E-16, 1.000000000000000000, -4.163336342344337520E-16 ) ) ;
#1071 = VERTEX_POINT ( 'NONE', #9829 ) ;
#1072 = LINE ( 'NONE', #5324, #12436 ) ;
#1073 = DIRECTION ( 'NONE',  ( 0.0000000000000000000, 0.0000000000000000000, 1.000000000000000000 ) ) ;
#1074 = CARTESIAN_POINT ( 'NONE',  ( 0.09090852741424042260, 0.05713380306642412698, 0.5228213236178702594 ) ) ;
#1075 = CARTESIAN_POINT ( 'NONE',  ( 0.2326408108788038387, 0.2815432518853281940, 0.3456559692871650769 ) ) ;
#1076 = ADVANCED_FACE ( 'NONE', ( #8997 ), #12082, .T. ) ;
#1077 = EDGE_CURVE ( 'NONE', #6736, #11860, #2756, .T. ) ;
#1078 = VECTOR ( 'NONE', #9999, 39.37007874015748143 ) ;
#1079 = CARTESIAN_POINT ( 'NONE',  ( 0.3645305746583385464, 0.2776062440113114538, 0.2669158118068502006 ) ) ;
#1080 = DIRECTION ( 'NONE',  ( 1.000000000000000000, 1.316334802367150653E-16, -1.608386623408235030E-17 ) ) ;
#1081 = VECTOR ( 'NONE', #1991, 39.37007874015748143 ) ;
#1082 = VERTEX_POINT ( 'NONE', #6952 ) ;
#1083 = CARTESIAN_POINT ( 'NONE',  ( 0.2405148266268503643, 0.3760314408617053128, 0.2653410086572284832 ) ) ;
#1084 = EDGE_LOOP ( 'NONE', ( #8371, #5323, #2485, #11707 ) ) ;
#1085 = ORIENTED_EDGE ( 'NONE', *, *, #10314, .T. ) ;
#1086 = ORIENTED_EDGE ( 'NONE', *, *, #8716, .T. ) ;
#1087 = VECTOR ( 'NONE', #11101, 39.37007874015748143 ) ;
#1088 = DIRECTION ( 'NONE',  ( 0.0000000000000000000, 0.0000000000000000000, 1.000000000000000000 ) ) ;
#1089 = CARTESIAN_POINT ( 'NONE',  ( 0.3444518345008468208, 0.05713380306641541867, 0.2397504574761404883 ) ) ;
#1090 = CARTESIAN_POINT ( 'NONE',  ( 0.2436485637416072603, 0.5488415724236829218, 0.4243961267674756788 ) ) ;
#1091 = LINE ( 'NONE', #2053, #5632 ) ;
#1092 = ADVANCED_FACE ( 'NONE', ( #7848 ), #12956, .T. ) ;
#1093 = SURFACE_STYLE_USAGE ( .BOTH. , #9393 ) ;
#1094 = CARTESIAN_POINT ( 'NONE',  ( 0.2483888423748524532, 0.5374487636963517501, 0.3062858905470076110 ) ) ;
#1095 = DIRECTION ( 'NONE',  ( -1.316334802367150653E-16, 1.000000000000000000, -1.526556658859589750E-16 ) ) ;
#1096 = DIRECTION ( 'NONE',  ( -1.000000000000000000, -1.174096724532128111E-16, 4.283287147278279229E-17 ) ) ;
#1097 = ORIENTED_EDGE ( 'NONE', *, *, #1802, .F. ) ;
#1098 = ORIENTED_EDGE ( 'NONE', *, *, #8782, .F. ) ;
#1099 = DIRECTION ( 'NONE',  ( -1.608386623408232256E-17, -1.526556658859589750E-16, -1.000000000000000000 ) ) ;
#1100 = EDGE_CURVE ( 'NONE', #5704, #4961, #4152, .T. ) ;
#1101 = LINE ( 'NONE', #9610, #12216 ) ;
#1102 = EDGE_CURVE ( 'NONE', #12094, #4058, #9272, .T. ) ;
#1103 = FACE_OUTER_BOUND ( 'NONE', #6066, .T. ) ;
#1104 = CONICAL_SURFACE ( 'NONE', #4783, 0.02165354330709375746, 0.03906109573595079737 ) ;
#1105 = LINE ( 'NONE', #5226, #7452 ) ;
#1106 = AXIS2_PLACEMENT_3D ( 'NONE', #11455, #6248, #10416 ) ;
#1107 = DIRECTION ( 'NONE',  ( 0.0000000000000000000, 0.0000000000000000000, 1.000000000000000000 ) ) ;
#1108 = DIRECTION ( 'NONE',  ( -1.000000000000000000, 1.937287448275558121E-17, 0.0000000000000000000 ) ) ;
#1109 = CARTESIAN_POINT ( 'NONE',  ( 0.4098061652095124630, 0.3957164802317839070, 0.5228213236178702594 ) ) ;
#1110 = EDGE_CURVE ( 'NONE', #10842, #11815, #8179, .T. ) ;
#1111 =( NAMED_UNIT ( * ) SI_UNIT ( $, .STERADIAN. ) SOLID_ANGLE_UNIT ( ) );
#1112 = ORIENTED_EDGE ( 'NONE', *, *, #13223, .T. ) ;
#1113 = DIRECTION ( 'NONE',  ( 1.000000000000000000, 1.408738150179760326E-16, -6.014894242100891138E-18 ) ) ;
#1114 = ORIENTED_EDGE ( 'NONE', *, *, #5477, .T. ) ;
#1115 = ORIENTED_EDGE ( 'NONE', *, *, #10516, .F. ) ;
#1116 = AXIS2_PLACEMENT_3D ( 'NONE', #11764, #3230, #10736 ) ;
#1117 = COLOUR_RGB ( '',0.7607843137254901578, 0.7607843137254901578, 0.0000000000000000000 ) ;
#1118 = DIRECTION ( 'NONE',  ( 1.000000000000000000, 3.376070039848302585E-16, 2.359223927328455183E-16 ) ) ;
#1119 = ORIENTED_EDGE ( 'NONE', *, *, #3637, .F. ) ;
#1120 = AXIS2_PLACEMENT_3D ( 'NONE', #5723, #2764, #12024 ) ;
#1121 = ORIENTED_EDGE ( 'NONE', *, *, #11095, .T. ) ;
#1122 = ADVANCED_FACE ( 'NONE', ( #11253 ), #1917, .F. ) ;
#1123 = EDGE_CURVE ( 'NONE', #11210, #11614, #2125, .T. ) ;
#1124 = DIRECTION ( 'NONE',  ( 1.174096724532128111E-16, -1.000000000000000000, 1.665334536937734071E-16 ) ) ;
#1125 = DIRECTION ( 'NONE',  ( -1.000000000000000000, 1.937287448275558121E-17, 0.0000000000000000000 ) ) ;
#1126 = DIMENSIONAL_EXPONENTS ( 1.000000000000000000, 0.0000000000000000000, 0.0000000000000000000, 0.0000000000000000000, 0.0000000000000000000, 0.0000000000000000000, 0.0000000000000000000 ) ;
#1127 = VECTOR ( 'NONE', #4404, 39.37007874015748143 ) ;
#1128 = CARTESIAN_POINT ( 'NONE',  ( 0.2405148266268504198, 0.2264251416491176172, 0.2456559692871497225 ) ) ;
#1129 = CIRCLE ( 'NONE', #10475, 0.05610236220472444857 ) ;
#1130 = ORIENTED_EDGE ( 'NONE', *, *, #2336, .T. ) ;
#1131 = LINE ( 'NONE', #8600, #6744 ) ;
#1132 = ORIENTED_EDGE ( 'NONE', *, *, #10019, .T. ) ;
#1133 = DIRECTION ( 'NONE',  ( 0.1240347345890697034, -0.9922778767136850586, 0.0000000000000000000 ) ) ;
#1134 = DIRECTION ( 'NONE',  ( 1.000000000000000000, 1.408738150179760326E-16, -6.014894242100891138E-18 ) ) ;
#1135 = ORIENTED_EDGE ( 'NONE', *, *, #8812, .F. ) ;
#1136 = COLOUR_RGB ( '',0.7607843137254901578, 0.7607843137254901578, 0.0000000000000000000 ) ;
#1137 = DIRECTION ( 'NONE',  ( -0.0000000000000000000, -1.000000000000000000, -0.0000000000000000000 ) ) ;
#1138 = ORIENTED_EDGE ( 'NONE', *, *, #3451, .T. ) ;
#1139 = AXIS2_PLACEMENT_3D ( 'NONE', #11011, #1682, #9989 ) ;
#1140 = VECTOR ( 'NONE', #6349, 39.37007874015748143 ) ;
#1141 = DIRECTION ( 'NONE',  ( -1.000000000000000000, -1.174096724532128111E-16, 4.283287147278279229E-17 ) ) ;
#1142 = DIRECTION ( 'NONE',  ( 0.0000000000000000000, 0.0000000000000000000, -1.000000000000000000 ) ) ;
#1143 = EDGE_CURVE ( 'NONE', #3906, #12259, #5106, .T. ) ;
#1144 = ORIENTED_EDGE ( 'NONE', *, *, #10195, .F. ) ;
#1145 = CARTESIAN_POINT ( 'NONE',  ( 0.3625620707213385585, 0.3760314408617050908, 0.2259709299170707952 ) ) ;
#1146 = DIRECTION ( 'NONE',  ( 1.174096724532128111E-16, -1.000000000000000000, 1.665334536937734318E-16 ) ) ;
#1147 = DIRECTION ( 'NONE',  ( -1.608386623408232256E-17, -1.526556658859589750E-16, -1.000000000000000000 ) ) ;
#1148 = LINE ( 'NONE', #4190, #2460 ) ;
#1149 = COLOUR_RGB ( '',0.7607843137254901578, 0.7607843137254901578, 0.0000000000000000000 ) ;
#1150 = CARTESIAN_POINT ( 'NONE',  ( 0.2483888423748703833, 0.2185511259010752549, 0.5228213236178718137 ) ) ;
#1151 = VECTOR ( 'NONE', #5107, 39.37007874015748143 ) ;
#1152 =( CONVERSION_BASED_UNIT ( 'INCH', #1284 ) LENGTH_UNIT ( ) NAMED_UNIT ( #5449 ) );
#1153 = DIRECTION ( 'NONE',  ( 1.000000000000000000, -1.937287448275558121E-17, 0.0000000000000000000 ) ) ;
#1154 = VERTEX_POINT ( 'NONE', #10225 ) ;
#1155 = VERTEX_POINT ( 'NONE', #13301 ) ;
#1156 = LINE ( 'NONE', #12454, #1524 ) ;
#1157 = EDGE_CURVE ( 'NONE', #13245, #4434, #917, .T. ) ;
#1158 = VECTOR ( 'NONE', #4806, 39.37007874015748854 ) ;
#1159 = ORIENTED_EDGE ( 'NONE', *, *, #1494, .F. ) ;
#1160 = LINE ( 'NONE', #4134, #8189 ) ;
#1161 = DIRECTION ( 'NONE',  ( 0.0000000000000000000, -1.000000000000000000, 0.0000000000000000000 ) ) ;
#1162 = LINE ( 'NONE', #2177, #8325 ) ;
#1163 = PRESENTATION_STYLE_ASSIGNMENT (( #8227 ) ) ;
#1164 = LINE ( 'NONE', #2315, #10216 ) ;
#1165 = FACE_OUTER_BOUND ( 'NONE', #376, .T. ) ;
#1166 = VECTOR ( 'NONE', #9246, 39.37007874015748143 ) ;
#1167 = FACE_OUTER_BOUND ( 'NONE', #10858, .T. ) ;
#1168 = LINE ( 'NONE', #5287, #1613 ) ;
#1169 = EDGE_LOOP ( 'NONE', ( #529, #12023, #8837, #550 ) ) ;
#1170 = EDGE_CURVE ( 'NONE', #2996, #178, #5041, .T. ) ;
#1171 = EDGE_CURVE ( 'NONE', #929, #12432, #7293, .T. ) ;
#1172 = LINE ( 'NONE', #13363, #2190 ) ;
#1173 = CARTESIAN_POINT ( 'NONE',  ( 0.3625620707213385585, 0.2756377400743055817, 0.1255772291296712306 ) ) ;
#1174 = VECTOR ( 'NONE', #5737, 39.37007874015748143 ) ;
#1175 = CARTESIAN_POINT ( 'NONE',  ( 0.1755541967055905261, 0.1437479762947636575, 0.2515614810981877114 ) ) ;
#1176 = SURFACE_STYLE_USAGE ( .BOTH. , #10500 ) ;
#1177 = CARTESIAN_POINT ( 'NONE',  ( 0.1208297872567766079, 0.05713380306641546030, 0.4397504574761375573 ) ) ;
#1178 = DIRECTION ( 'NONE',  ( 1.316334802367150653E-16, -1.000000000000000000, 1.526556658859589750E-16 ) ) ;
#1179 = LINE ( 'NONE', #9468, #6571 ) ;
#1180 = DIRECTION ( 'NONE',  ( 3.007447121050438636E-18, 2.498001805406601723E-16, 1.000000000000000000 ) ) ;
#1181 = ORIENTED_EDGE ( 'NONE', *, *, #890, .T. ) ;
#1182 = CARTESIAN_POINT ( 'NONE',  ( 0.3208297872567558162, 0.05713380306642446699, 0.4397504574761376683 ) ) ;
#1183 = EDGE_LOOP ( 'NONE', ( #412, #1821, #854, #1632 ) ) ;
#1184 = UNCERTAINTY_MEASURE_WITH_UNIT (LENGTH_MEASURE( 1.000000000000000082E-05 ), #6294, 'distance_accuracy_value', 'NONE');
#1185 = EDGE_LOOP ( 'NONE', ( #8633, #11663, #4155, #2519 ) ) ;
#1186 =( GEOMETRIC_REPRESENTATION_CONTEXT ( 3 ) GLOBAL_UNCERTAINTY_ASSIGNED_CONTEXT ( ( #6064 ) ) GLOBAL_UNIT_ASSIGNED_CONTEXT ( ( #148, #11392, #9263 ) ) REPRESENTATION_CONTEXT ( 'NONE', 'WORKASPACE' ) );
#1187 = ORIENTED_EDGE ( 'NONE', *, *, #4715, .F. ) ;
#1188 = CARTESIAN_POINT ( 'NONE',  ( 0.2326408108788038387, 0.1791810471609177335, 0.3259709299170829300 ) ) ;
#1189 = EDGE_LOOP ( 'NONE', ( #12304, #11936 ) ) ;
#1190 = EDGE_CURVE ( 'NONE', #13081, #4462, #9209, .T. ) ;
#1191 = ORIENTED_EDGE ( 'NONE', *, *, #8896, .F. ) ;
#1192 = LINE ( 'NONE', #7573, #8506 ) ;
#1193 = LENGTH_MEASURE_WITH_UNIT ( LENGTH_MEASURE( 0.02539999999999999897 ), #8258 );
#1194 = CARTESIAN_POINT ( 'NONE',  ( 0.1267352990678038693, -0.07278745677611146714, 0.2515614810981877669 ) ) ;
#1195 = DIRECTION ( 'NONE',  ( -1.000000000000000000, -1.174096724532128111E-16, 4.283287147278279229E-17 ) ) ;
#1196 = DIRECTION ( 'NONE',  ( -1.608386623408232256E-17, -1.526556658859589750E-16, -1.000000000000000000 ) ) ;
#1197 = VECTOR ( 'NONE', #9659, 39.37007874015748143 ) ;
#1198 = EDGE_CURVE ( 'NONE', #4851, #1474, #7224, .T. ) ;
#1199 = LINE ( 'NONE', #8464, #12381 ) ;
#1200 = DIRECTION ( 'NONE',  ( -2.626713979715461236E-16, 4.163336342344336041E-16, 1.000000000000000000 ) ) ;
#1201 = EDGE_CURVE ( 'NONE', #12004, #7272, #2061, .T. ) ;
#1202 = ORIENTED_EDGE ( 'NONE', *, *, #10666, .F. ) ;
#1203 = EDGE_LOOP ( 'NONE', ( #6756, #2697, #10859, #4782 ) ) ;
#1204 = EDGE_CURVE ( 'NONE', #815, #4075, #7085, .T. ) ;
#1205 = LINE ( 'NONE', #6162, #5201 ) ;
#1206 = DIRECTION ( 'NONE',  ( -1.937287448275561202E-17, -1.000000000000000000, -8.220413448604590506E-18 ) ) ;
#1207 = DIRECTION ( 'NONE',  ( 1.000000000000000000, 3.376070039848300612E-16, 2.359223927328455183E-16 ) ) ;
#1208 = FACE_OUTER_BOUND ( 'NONE', #4113, .T. ) ;
#1209 = DIRECTION ( 'NONE',  ( 0.5144957554275261247, -0.8574929257125444293, 0.0000000000000000000 ) ) ;
#1210 = CARTESIAN_POINT ( 'NONE',  ( 0.05547545654809511728, 0.05713380306642412698, 0.1921126622005508988 ) ) ;
#1211 = EDGE_CURVE ( 'NONE', #1508, #962, #9335, .T. ) ;
#1212 = FACE_BOUND ( 'NONE', #11066, .T. ) ;
#1213 = ORIENTED_EDGE ( 'NONE', *, *, #6206, .F. ) ;
#1214 = DIRECTION ( 'NONE',  ( 0.0000000000000000000, -8.220413448604736877E-18, 1.000000000000000000 ) ) ;
#1215 = EDGE_LOOP ( 'NONE', ( #1115, #12542, #3612, #2360, #7003, #296, #13179, #134, #3614, #2681 ) ) ;
#1216 = ORIENTED_EDGE ( 'NONE', *, *, #10733, .F. ) ;
#1217 = VECTOR ( 'NONE', #4249, 39.37007874015748143 ) ;
#1218 = FACE_OUTER_BOUND ( 'NONE', #11494, .T. ) ;
#1219 = ORIENTED_EDGE ( 'NONE', *, *, #287, .T. ) ;
#1220 = PLANE ( 'NONE',  #1557 ) ;
#1221 = DIRECTION ( 'NONE',  ( -1.937287448275561202E-17, -1.000000000000000000, -8.220413448604590506E-18 ) ) ;
#1222 = SURFACE_STYLE_FILL_AREA ( #8293 ) ;
#1223 = LINE ( 'NONE', #12459, #5814 ) ;
#1224 = CARTESIAN_POINT ( 'NONE',  ( 0.1208297872567766496, 0.05713380306641541867, 0.2515614810981877114 ) ) ;
#1225 = PLANE ( 'NONE',  #13203 ) ;
#1226 = PLANE ( 'NONE',  #8538 ) ;
#1227 = LINE ( 'NONE', #1036, #10661 ) ;
#1228 = VECTOR ( 'NONE', #2822, 39.37007874015748143 ) ;
#1229 = EDGE_CURVE ( 'NONE', #6361, #2337, #3137, .T. ) ;
#1230 = DIRECTION ( 'NONE',  ( 1.174096724532128111E-16, -1.000000000000000000, 1.665334536937734318E-16 ) ) ;
#1231 = DIRECTION ( 'NONE',  ( 1.000000000000000000, 3.376070039848302092E-16, 2.359223927328455183E-16 ) ) ;
#1232 = ORIENTED_EDGE ( 'NONE', *, *, #8347, .T. ) ;
#1233 = PLANE ( 'NONE',  #4868 ) ;
#1234 = ORIENTED_EDGE ( 'NONE', *, *, #9820, .F. ) ;
#1235 = ORIENTED_EDGE ( 'NONE', *, *, #6639, .T. ) ;
#1236 = VECTOR ( 'NONE', #7105, 39.37007874015748143 ) ;
#1237 =( LENGTH_UNIT ( ) NAMED_UNIT ( * ) SI_UNIT ( $, .METRE. ) );
#1238 = CARTESIAN_POINT ( 'NONE',  ( 0.1558691573354938353, 0.3091023070034268905, 0.2397504574761404605 ) ) ;
#1239 = CARTESIAN_POINT ( 'NONE',  ( 0.05547545654809706017, 0.2185511259010752549, 0.3614040007832317047 ) ) ;
#1240 = LINE ( 'NONE', #9535, #6062 ) ;
#1241 = DIRECTION ( 'NONE',  ( -1.937287448275561202E-17, -1.000000000000000000, -8.220413448604590506E-18 ) ) ;
#1242 = APPLICATION_CONTEXT ( 'automotive_design' ) ;
#1243 = EDGE_CURVE ( 'NONE', #3132, #1526, #3603, .T. ) ;
#1244 = ORIENTED_EDGE ( 'NONE', *, *, #1110, .T. ) ;
#1245 = ADVANCED_FACE ( 'NONE', ( #93 ), #12533, .F. ) ;
#1246 = DIRECTION ( 'NONE',  ( 0.0000000000000000000, 0.0000000000000000000, -1.000000000000000000 ) ) ;
#1247 = VECTOR ( 'NONE', #9289, 39.37007874015748143 ) ;
#1248 = ORIENTED_EDGE ( 'NONE', *, *, #7041, .T. ) ;
#1249 = ORIENTED_EDGE ( 'NONE', *, *, #4762, .T. ) ;
#1250 = VECTOR ( 'NONE', #4935, 39.37007874015748143 ) ;
#1251 = LINE ( 'NONE', #4360, #3035 ) ;
#1252 = ORIENTED_EDGE ( 'NONE', *, *, #8395, .T. ) ;
#1253 = ORIENTED_EDGE ( 'NONE', *, *, #508, .T. ) ;
#1254 = LINE ( 'NONE', #7442, #7960 ) ;
#1255 = CARTESIAN_POINT ( 'NONE',  ( 0.3920896297764415728, 0.4297564560040105786, 0.2505015174397471900 ) ) ;
#1256 = LINE ( 'NONE', #227, #11047 ) ;
#1257 =( GEOMETRIC_REPRESENTATION_CONTEXT ( 3 ) GLOBAL_UNCERTAINTY_ASSIGNED_CONTEXT ( ( #2959 ) ) GLOBAL_UNIT_ASSIGNED_CONTEXT ( ( #8301, #7282, #10414 ) ) REPRESENTATION_CONTEXT ( 'NONE', 'WORKASPACE' ) );
#1258 = DIRECTION ( 'NONE',  ( -1.937287448275560894E-17, -1.000000000000000000, -8.220413448604736877E-18 ) ) ;
#1259 = CARTESIAN_POINT ( 'NONE',  ( 0.1164990785953284869, 0.1988660865309974379, 0.4677032133816496628 ) ) ;
#1260 = FACE_OUTER_BOUND ( 'NONE', #10511, .T. ) ;
#1261 = PLANE ( 'NONE',  #11368 ) ;
#1262 = EDGE_CURVE ( 'NONE', #9108, #7131, #4966, .T. ) ;
#1263 = FACE_OUTER_BOUND ( 'NONE', #1404, .T. ) ;
#1264 = DIRECTION ( 'NONE',  ( 0.0000000000000000000, 8.220413448604736877E-18, -1.000000000000000000 ) ) ;
#1265 = ORIENTED_EDGE ( 'NONE', *, *, #3411, .F. ) ;
#1266 = DIRECTION ( 'NONE',  ( -1.356991020290373981E-16, 1.000000000000000000, -3.469446951953614189E-16 ) ) ;
#1267 = DIRECTION ( 'NONE',  ( 3.518308117683322415E-16, -1.000000000000000000, 4.163336342344337027E-16 ) ) ;
#1268 = ORIENTED_EDGE ( 'NONE', *, *, #5425, .T. ) ;
#1269 = AXIS2_PLACEMENT_3D ( 'NONE', #2028, #10464, #10185 ) ;
#1270 = DIRECTION ( 'NONE',  ( -1.174096724532128111E-16, 1.000000000000000000, -1.665334536937734318E-16 ) ) ;
#1271 = CARTESIAN_POINT ( 'NONE',  ( 0.2405148266268502810, 0.3563464014916266076, 0.4062858905469893256 ) ) ;
#1272 = ORIENTED_EDGE ( 'NONE', *, *, #553, .F. ) ;
#1273 = LINE ( 'NONE', #4450, #6695 ) ;
#1274 = PRESENTATION_STYLE_ASSIGNMENT (( #2435 ) ) ;
#1275 = EDGE_CURVE ( 'NONE', #1639, #9108, #2328, .T. ) ;
#1276 = EDGE_CURVE ( 'NONE', #7270, #3364, #7491, .T. ) ;
#1277 = DIRECTION ( 'NONE',  ( -1.316334802367150653E-16, 1.000000000000000000, -1.526556658859589750E-16 ) ) ;
#1278 = AXIS2_PLACEMENT_3D ( 'NONE', #9207, #3012, #10223 ) ;
#1279 = LINE ( 'NONE', #13303, #10880 ) ;
#1280 = ADVANCED_FACE ( 'NONE', ( #6469, #1391 ), #11669, .T. ) ;
#1281 = ORIENTED_EDGE ( 'NONE', *, *, #7646, .F. ) ;
#1282 = DIRECTION ( 'NONE',  ( -0.0000000000000000000, -0.0000000000000000000, -1.000000000000000000 ) ) ;
#1283 = CARTESIAN_POINT ( 'NONE',  ( 0.2444518345008482030, 0.05713380306641549500, 0.4515614810981848914 ) ) ;
#1284 = LENGTH_MEASURE_WITH_UNIT ( LENGTH_MEASURE( 0.02539999999999999897 ), #2372 );
#1285 = ORIENTED_EDGE ( 'NONE', *, *, #6426, .T. ) ;
#1286 = DIRECTION ( 'NONE',  ( -2.359223927328456662E-16, 3.885780586188047398E-16, 1.000000000000000000 ) ) ;
#1287 = VERTEX_POINT ( 'NONE', #1239 ) ;
#1288 = VERTEX_POINT ( 'NONE', #8509 ) ;
#1289 = DIRECTION ( 'NONE',  ( 1.937287448275561202E-17, 1.000000000000000000, 8.220413448604590506E-18 ) ) ;
#1290 = EDGE_LOOP ( 'NONE', ( #754, #4948, #6869, #10168 ) ) ;
#1291 = CARTESIAN_POINT ( 'NONE',  ( 0.3350030156032096085, 0.5728818345624925312, 0.4283331346414958052 ) ) ;
#1292 = EDGE_CURVE ( 'NONE', #12142, #11300, #12669, .T. ) ;
#1293 =( CONVERSION_BASED_UNIT ( 'INCH', #3186 ) LENGTH_UNIT ( ) NAMED_UNIT ( #4660 ) );
#1294 = LINE ( 'NONE', #4201, #12365 ) ;
#1295 = DIRECTION ( 'NONE',  ( -1.316334802367150653E-16, 1.000000000000000000, -1.526556658859589750E-16 ) ) ;
#1296 = AXIS2_PLACEMENT_3D ( 'NONE', #10305, #8248, #3144 ) ;
#1297 = LINE ( 'NONE', #2384, #3966 ) ;
#1298 =( CONVERSION_BASED_UNIT ( 'INCH', #12396 ) LENGTH_UNIT ( ) NAMED_UNIT ( #5717 ) );
#1299 = EDGE_CURVE ( 'NONE', #2008, #1364, #5503, .T. ) ;
#1300 = LINE ( 'NONE', #11595, #3203 ) ;
#1301 = AXIS2_PLACEMENT_3D ( 'NONE', #7339, #5275, #4198 ) ;
#1302 = FACE_OUTER_BOUND ( 'NONE', #857, .T. ) ;
#1303 = CARTESIAN_POINT ( 'NONE',  ( 0.2326408108788161344, 0.1555589999168269233, 0.2810890401533022165 ) ) ;
#1304 = ORIENTED_EDGE ( 'NONE', *, *, #11351, .F. ) ;
#1305 = DIRECTION ( 'NONE',  ( 0.0000000000000000000, 0.0000000000000000000, 1.000000000000000000 ) ) ;
#1306 = ORIENTED_EDGE ( 'NONE', *, *, #7738, .F. ) ;
#1307 = ORIENTED_EDGE ( 'NONE', *, *, #7592, .T. ) ;
#1308 = VECTOR ( 'NONE', #6542, 39.37007874015748143 ) ;
#1309 = DIRECTION ( 'NONE',  ( -1.937287448275561202E-17, -1.000000000000000000, -8.220413448604590506E-18 ) ) ;
#1310 = DIRECTION ( 'NONE',  ( 0.0000000000000000000, -8.220413448604736877E-18, 1.000000000000000000 ) ) ;
#1311 = EDGE_CURVE ( 'NONE', #10152, #6723, #2258, .T. ) ;
#1312 = ORIENTED_EDGE ( 'NONE', *, *, #9753, .T. ) ;
#1313 = DIRECTION ( 'NONE',  ( -2.359223927328456662E-16, 3.885780586188047398E-16, 1.000000000000000000 ) ) ;
#1314 = CARTESIAN_POINT ( 'NONE',  ( 0.2090187636347251854, 0.1279999447987060224, 0.5011677803107856821 ) ) ;
#1315 = LINE ( 'NONE', #5432, #10281 ) ;
#1316 = MECHANICAL_DESIGN_GEOMETRIC_PRESENTATION_REPRESENTATION (  '', ( #7164 ), #659 ) ;
#1317 = ORIENTED_EDGE ( 'NONE', *, *, #11351, .T. ) ;
#1318 = FACE_OUTER_BOUND ( 'NONE', #10889, .T. ) ;
#1319 = VERTEX_POINT ( 'NONE', #3339 ) ;
#1320 = EDGE_LOOP ( 'NONE', ( #3773, #11436, #3100, #13070 ) ) ;
#1321 = CARTESIAN_POINT ( 'NONE',  ( 0.3625620707213385585, 0.3760314408617053128, 0.2456559692871496947 ) ) ;
#1322 = ORIENTED_EDGE ( 'NONE', *, *, #12704, .T. ) ;
#1323 = ORIENTED_EDGE ( 'NONE', *, *, #9332, .F. ) ;
#1324 = AXIS2_PLACEMENT_3D ( 'NONE', #1870, #1946, #4995 ) ;
#1325 = AXIS2_PLACEMENT_3D ( 'NONE', #7190, #6436, #12566 ) ;
#1326 = CARTESIAN_POINT ( 'NONE',  ( 0.3920896297764415728, 0.05713380306642412698, 0.5011677803107907891 ) ) ;
#1327 = EDGE_CURVE ( 'NONE', #2169, #8504, #12599, .T. ) ;
#1328 = ADVANCED_FACE ( 'NONE', ( #11809 ), #351, .F. ) ;
#1329 = CARTESIAN_POINT ( 'NONE',  ( 0.2405148266268504198, 0.1555589999168270066, 0.2515614810981769423 ) ) ;
#1330 = CARTESIAN_POINT ( 'NONE',  ( 0.05547545654809511728, 0.3957164802317839070, 0.5228213236178702594 ) ) ;
#1331 = LINE ( 'NONE', #301, #11143 ) ;
#1332 = DIRECTION ( 'NONE',  ( 0.0000000000000000000, 8.220413448604736877E-18, -1.000000000000000000 ) ) ;
#1333 = CARTESIAN_POINT ( 'NONE',  ( 0.2267352990677845015, -0.07278745677610248821, 0.2397504574761405161 ) ) ;
#1334 = DIRECTION ( 'NONE',  ( 0.0000000000000000000, 0.0000000000000000000, -1.000000000000000000 ) ) ;
#1335 = VECTOR ( 'NONE', #6050, 39.37007874015748143 ) ;
#1336 = DIRECTION ( 'NONE',  ( -1.000000000000000000, 1.937287448275485398E-17, 8.833616147085625230E-14 ) ) ;
#1337 = COLOUR_RGB ( '',0.7607843137254901578, 0.7607843137254901578, 0.0000000000000000000 ) ;
#1338 = ORIENTED_EDGE ( 'NONE', *, *, #2762, .F. ) ;
#1339 = ORIENTED_EDGE ( 'NONE', *, *, #4394, .T. ) ;
#1340 = DIRECTION ( 'NONE',  ( 2.626713979715461236E-16, -3.747002708109903324E-16, -1.000000000000000000 ) ) ;
#1341 = EDGE_LOOP ( 'NONE', ( #3426, #5760, #7283, #5882 ) ) ;
#1342 = CARTESIAN_POINT ( 'NONE',  ( 0.3562628581229011493, 0.08075585031051529805, 0.2515614810981877114 ) ) ;
#1343 = EDGE_CURVE ( 'NONE', #2454, #5459, #4349, .T. ) ;
#1344 = ORIENTED_EDGE ( 'NONE', *, *, #6507, .F. ) ;
#1345 = EDGE_CURVE ( 'NONE', #3548, #8019, #5569, .T. ) ;
#1346 = VECTOR ( 'NONE', #3778, 39.37007874015748854 ) ;
#1347 = STYLED_ITEM ( 'NONE', ( #11029 ), #12692 ) ;
#1348 = CARTESIAN_POINT ( 'NONE',  ( 0.2326408108788161344, 0.1555589999168269233, 0.2810890401533022165 ) ) ;
#1349 = FILL_AREA_STYLE_COLOUR ( '', #4832 ) ;
#1350 = VECTOR ( 'NONE', #5337, 39.37007874015748143 ) ;
#1351 = CARTESIAN_POINT ( 'NONE',  ( 0.2483888423748524532, 0.5295747479483238207, 0.2688843157438651765 ) ) ;
#1352 = PLANE ( 'NONE',  #67 ) ;
#1353 = CARTESIAN_POINT ( 'NONE',  ( 0.3290975037921824442, 0.4547715983420210217, 0.3062858905470076110 ) ) ;
#1354 = DIRECTION ( 'NONE',  ( 0.0000000000000000000, -8.220413448604736877E-18, 1.000000000000000000 ) ) ;
#1355 = PRESENTATION_LAYER_ASSIGNMENT (  '', '', ( #3320 ) ) ;
#1356 = PRESENTATION_LAYER_ASSIGNMENT (  '', '', ( #8720 ) ) ;
#1357 = VECTOR ( 'NONE', #7222, 39.37007874015748143 ) ;
#1358 = CARTESIAN_POINT ( 'NONE',  ( 0.1027195510362948483, 0.3583149054286423607, 0.4007740795234070452 ) ) ;
#1359 = DIRECTION ( 'NONE',  ( 1.000000000000000000, -1.937287448275558121E-17, 0.0000000000000000000 ) ) ;
#1360 = ORIENTED_EDGE ( 'NONE', *, *, #10586, .F. ) ;
#1361 = PRESENTATION_LAYER_ASSIGNMENT (  '', '', ( #11098 ) ) ;
#1362 = DIRECTION ( 'NONE',  ( -0.0000000000000000000, -1.000000000000000000, -0.0000000000000000000 ) ) ;
#1363 = ORIENTED_EDGE ( 'NONE', *, *, #4668, .T. ) ;
#1364 = VERTEX_POINT ( 'NONE', #8643 ) ;
#1365 = ORIENTED_EDGE ( 'NONE', *, *, #12390, .T. ) ;
#1366 = ADVANCED_FACE ( 'NONE', ( #155 ), #10566, .F. ) ;
#1367 = FACE_OUTER_BOUND ( 'NONE', #10092, .T. ) ;
#1368 = VECTOR ( 'NONE', #2215, 39.37007874015748143 ) ;
#1369 = VECTOR ( 'NONE', #7151, 39.37007874015748143 ) ;
#1370 = CARTESIAN_POINT ( 'NONE',  ( 0.3290975037921824442, 0.3760314408617060900, 0.2905378590509436476 ) ) ;
#1371 = CARTESIAN_POINT ( 'NONE',  ( 0.3468140392252652138, 0.1791810471609177335, 0.3259709299170829300 ) ) ;
#1372 = SURFACE_STYLE_USAGE ( .BOTH. , #6520 ) ;
#1373 = LINE ( 'NONE', #5488, #11038 ) ;
#1374 = CARTESIAN_POINT ( 'NONE',  ( 0.3350030156032096085, 0.5728818345624925312, 0.2629788039328345151 ) ) ;
#1375 = FACE_OUTER_BOUND ( 'NONE', #12093, .T. ) ;
#1376 = DIRECTION ( 'NONE',  ( -2.359223927328456662E-16, 3.885780586188047398E-16, 1.000000000000000000 ) ) ;
#1377 = CARTESIAN_POINT ( 'NONE',  ( 0.1893337242646520313, 0.2165826219640790973, 0.4007740795234070452 ) ) ;
#1378 = ADVANCED_FACE ( 'NONE', ( #12737 ), #11736, .T. ) ;
#1379 = ORIENTED_EDGE ( 'NONE', *, *, #3227, .F. ) ;
#1380 = ADVANCED_FACE ( 'NONE', ( #2194 ), #6328, .T. ) ;
#1381 = CARTESIAN_POINT ( 'NONE',  ( 0.3625620707213385585, 0.1555589999168270066, 0.2180969141690466684 ) ) ;
#1382 = AXIS2_PLACEMENT_3D ( 'NONE', #1035, #1902, #6121 ) ;
#1383 = ORIENTED_EDGE ( 'NONE', *, *, #8521, .F. ) ;
#1384 = ORIENTED_EDGE ( 'NONE', *, *, #5743, .T. ) ;
#1385 = VERTEX_POINT ( 'NONE', #10772 ) ;
#1386 = EDGE_CURVE ( 'NONE', #11185, #3857, #9718, .T. ) ;
#1387 = CARTESIAN_POINT ( 'NONE',  ( 0.2562628581229026148, 0.08862986605856643108, 0.2397504574761404883 ) ) ;
#1388 = VERTEX_POINT ( 'NONE', #1177 ) ;
#1389 = LENGTH_MEASURE_WITH_UNIT ( LENGTH_MEASURE( 0.02539999999999999897 ), #10704 );
#1390 = LINE ( 'NONE', #349, #9195 ) ;
#1391 = FACE_OUTER_BOUND ( 'NONE', #4227, .T. ) ;
#1392 = AXIS2_PLACEMENT_3D ( 'NONE', #11115, #637, #10156 ) ;
#1393 = CARTESIAN_POINT ( 'NONE',  ( 0.2483888423748703833, 0.1988660865309964110, 0.3456559692871650769 ) ) ;
#1394 = CARTESIAN_POINT ( 'NONE',  ( 0.1090187636347222100, 0.08075585031049740958, 0.4397504574761375573 ) ) ;
#1395 = VECTOR ( 'NONE', #7527, 39.37007874015748143 ) ;
#1396 = PLANE ( 'NONE',  #10431 ) ;
#1397 = ORIENTED_EDGE ( 'NONE', *, *, #8323, .T. ) ;
#1398 = EDGE_CURVE ( 'NONE', #498, #241, #7426, .T. ) ;
#1399 = EDGE_LOOP ( 'NONE', ( #10306, #9819, #185, #6612 ) ) ;
#1400 = ORIENTED_EDGE ( 'NONE', *, *, #8550, .F. ) ;
#1401 = LINE ( 'NONE', #1321, #10652 ) ;
#1402 = ORIENTED_EDGE ( 'NONE', *, *, #3499, .F. ) ;
#1403 = AXIS2_PLACEMENT_3D ( 'NONE', #407, #4545, #6722 ) ;
#1404 = EDGE_LOOP ( 'NONE', ( #2611, #4399, #839, #8514 ) ) ;
#1405 = CARTESIAN_POINT ( 'NONE',  ( 0.1145305746583313578, 0.5571338030664260144, 0.4440811661375588248 ) ) ;
#1406 = FACE_BOUND ( 'NONE', #11727, .T. ) ;
#1407 = FILL_AREA_STYLE_COLOUR ( '', #571 ) ;
#1408 = PLANE ( 'NONE',  #13422 ) ;
#1409 = DIRECTION ( 'NONE',  ( -1.937287448275561202E-17, -1.000000000000000000, -8.220413448604590506E-18 ) ) ;
#1410 = ORIENTED_EDGE ( 'NONE', *, *, #10499, .T. ) ;
#1411 = CARTESIAN_POINT ( 'NONE',  ( 0.2326408108788038387, 0.5531967951924182669, 0.3456559692871650769 ) ) ;
#1412 = EDGE_CURVE ( 'NONE', #9295, #5127, #1634, .T. ) ;
#1413 = ORIENTED_EDGE ( 'NONE', *, *, #8395, .F. ) ;
#1414 = ORIENTED_EDGE ( 'NONE', *, *, #7413, .T. ) ;
#1415 = CARTESIAN_POINT ( 'NONE',  ( 0.2431035528205069407, 0.009496007790817656904, 0.2905378590509512526 ) ) ;
#1416 = ORIENTED_EDGE ( 'NONE', *, *, #3061, .T. ) ;
#1417 = CARTESIAN_POINT ( 'NONE',  ( 0.2562628581229025593, 0.08075585031050638851, 0.4515614810981848914 ) ) ;
#1418 = VECTOR ( 'NONE', #7011, 39.37007874015748143 ) ;
#1419 = ORIENTED_EDGE ( 'NONE', *, *, #12389, .T. ) ;
#1420 = CARTESIAN_POINT ( 'NONE',  ( 0.3704360864693550526, 0.08862986605855729949, 0.1684906149564564526 ) ) ;
#1421 = CARTESIAN_POINT ( 'NONE',  ( 0.3468140392252720416, 0.3130393148774569534, 0.2850260480273071884 ) ) ;
#1422 = LINE ( 'NONE', #8115, #7004 ) ;
#1423 = LINE ( 'NONE', #7529, #3051 ) ;
#1424 = EDGE_CURVE ( 'NONE', #7416, #2238, #4626, .T. ) ;
#1425 = AXIS2_PLACEMENT_3D ( 'NONE', #3242, #7396, #5199 ) ;
#1426 = EDGE_CURVE ( 'NONE', #3221, #8607, #9813, .T. ) ;
#1427 = DIRECTION ( 'NONE',  ( 0.0000000000000000000, 0.0000000000000000000, 1.000000000000000000 ) ) ;
#1428 = CARTESIAN_POINT ( 'NONE',  ( 0.2326408108788038387, 0.3957164802317839070, 0.1684906149564564526 ) ) ;
#1429 = CARTESIAN_POINT ( 'NONE',  ( 0.3562628581229010938, 0.08075585031051536744, 0.4515614810981849470 ) ) ;
#1430 = ORIENTED_EDGE ( 'NONE', *, *, #12589, .F. ) ;
#1431 = ORIENTED_EDGE ( 'NONE', *, *, #4742, .T. ) ;
#1432 = ORIENTED_EDGE ( 'NONE', *, *, #5987, .T. ) ;
#1433 = APPLICATION_CONTEXT ( 'automotive_design' ) ;
#1434 = DIRECTION ( 'NONE',  ( 0.0000000000000000000, 0.0000000000000000000, -1.000000000000000000 ) ) ;
#1435 = CARTESIAN_POINT ( 'NONE',  ( 0.1755541967055905261, 0.1791810471609001365, 0.2515614810981877114 ) ) ;
#1436 = FACE_OUTER_BOUND ( 'NONE', #849, .T. ) ;
#1437 = DIRECTION ( 'NONE',  ( 2.626713979715461236E-16, -3.747002708109903324E-16, -1.000000000000000000 ) ) ;
#1438 = LINE ( 'NONE', #6455, #2347 ) ;
#1439 = LINE ( 'NONE', #9668, #3158 ) ;
#1440 = EDGE_CURVE ( 'NONE', #8687, #12829, #770, .T. ) ;
#1441 = DIRECTION ( 'NONE',  ( 1.000000000000000000, 0.0000000000000000000, 0.0000000000000000000 ) ) ;
#1442 = ORIENTED_EDGE ( 'NONE', *, *, #5686, .F. ) ;
#1443 = CARTESIAN_POINT ( 'NONE',  ( 0.0000000000000000000, 0.1220472440944881942, 0.0000000000000000000 ) ) ;
#1444 = ORIENTED_EDGE ( 'NONE', *, *, #12148, .F. ) ;
#1445 = VERTEX_POINT ( 'NONE', #12068 ) ;
#1446 = ORIENTED_EDGE ( 'NONE', *, *, #5055, .F. ) ;
#1447 = SURFACE_SIDE_STYLE ('',( #3600 ) ) ;
#1448 = LINE ( 'NONE', #2846, #9831 ) ;
#1449 = ORIENTED_EDGE ( 'NONE', *, *, #3353, .F. ) ;
#1450 = EDGE_CURVE ( 'NONE', #6128, #4763, #2807, .T. ) ;
#1451 = ADVANCED_FACE ( 'NONE', ( #10083 ), #6802, .T. ) ;
#1452 = DIRECTION ( 'NONE',  ( 0.0000000000000000000, -1.000000000000000000, 0.0000000000000000000 ) ) ;
#1453 = CARTESIAN_POINT ( 'NONE',  ( 0.1164990785953285146, 0.7897218048774069521, 0.3456559692871650769 ) ) ;
#1454 = EDGE_CURVE ( 'NONE', #8607, #5166, #13219, .T. ) ;
#1455 = DIRECTION ( 'NONE',  ( 1.316334802367150653E-16, -1.000000000000000000, 1.526556658859589750E-16 ) ) ;
#1456 = ORIENTED_EDGE ( 'NONE', *, *, #1343, .F. ) ;
#1457 = ORIENTED_EDGE ( 'NONE', *, *, #4438, .F. ) ;
#1458 = ORIENTED_EDGE ( 'NONE', *, *, #8981, .F. ) ;
#1459 = ORIENTED_EDGE ( 'NONE', *, *, #2271, .F. ) ;
#1460 = AXIS2_PLACEMENT_3D ( 'NONE', #8712, #2402, #11533 ) ;
#1461 = EDGE_LOOP ( 'NONE', ( #3764, #2043, #5194, #3209 ) ) ;
#1462 = DIMENSIONAL_EXPONENTS ( 1.000000000000000000, 0.0000000000000000000, 0.0000000000000000000, 0.0000000000000000000, 0.0000000000000000000, 0.0000000000000000000, 0.0000000000000000000 ) ;
#1463 = DIRECTION ( 'NONE',  ( 0.0000000000000000000, 1.000000000000000000, 0.0000000000000000000 ) ) ;
#1464 = DIRECTION ( 'NONE',  ( -1.000000000000000000, 0.0000000000000000000, 0.0000000000000000000 ) ) ;
#1465 = LINE ( 'NONE', #6616, #7660 ) ;
#1466 = ADVANCED_FACE ( 'NONE', ( #4827 ), #8983, .F. ) ;
#1467 = LINE ( 'NONE', #6687, #7082 ) ;
#1468 = DIRECTION ( 'NONE',  ( 1.000000000000000000, 0.0000000000000000000, 0.0000000000000000000 ) ) ;
#1469 = VECTOR ( 'NONE', #11718, 39.37007874015748143 ) ;
#1470 = CARTESIAN_POINT ( 'NONE',  ( 0.3468140392252718751, 0.3130393148774570644, 0.4850260480273042574 ) ) ;
#1471 = EDGE_CURVE ( 'NONE', #11471, #6500, #11930, .T. ) ;
#1472 = ORIENTED_EDGE ( 'NONE', *, *, #8698, .T. ) ;
#1473 = DIRECTION ( 'NONE',  ( -1.000000000000000000, 1.937287448275558121E-17, 0.0000000000000000000 ) ) ;
#1474 = VERTEX_POINT ( 'NONE', #1577 ) ;
#1475 = VERTEX_POINT ( 'NONE', #1766 ) ;
#1476 = DIRECTION ( 'NONE',  ( 4.283287147278277996E-17, 1.665334536937734318E-16, 1.000000000000000000 ) ) ;
#1477 = LINE ( 'NONE', #8602, #10701 ) ;
#1478 = ORIENTED_EDGE ( 'NONE', *, *, #4376, .F. ) ;
#1479 = STYLED_ITEM ( 'NONE', ( #9275 ), #1999 ) ;
#1480 = PLANE ( 'NONE',  #11993 ) ;
#1481 = ORIENTED_EDGE ( 'NONE', *, *, #8480, .T. ) ;
#1482 = FACE_OUTER_BOUND ( 'NONE', #11618, .T. ) ;
#1483 = EDGE_CURVE ( 'NONE', #5786, #6391, #3797, .T. ) ;
#1484 = FACE_OUTER_BOUND ( 'NONE', #6528, .T. ) ;
#1485 = PLANE ( 'NONE',  #8990 ) ;
#1486 = DIRECTION ( 'NONE',  ( 0.0000000000000000000, 0.0000000000000000000, -1.000000000000000000 ) ) ;
#1487 = ORIENTED_EDGE ( 'NONE', *, *, #2518, .T. ) ;
#1488 = LINE ( 'NONE', #5544, #2728 ) ;
#1489 = VERTEX_POINT ( 'NONE', #11096 ) ;
#1490 = ORIENTED_EDGE ( 'NONE', *, *, #12689, .T. ) ;
#1491 = VERTEX_POINT ( 'NONE', #11868 ) ;
#1492 = CARTESIAN_POINT ( 'NONE',  ( 0.2326408108788038387, 0.5728818345624925312, 0.4017583314918895532 ) ) ;
#1493 = VECTOR ( 'NONE', #7794, 39.37007874015748143 ) ;
#1494 = EDGE_CURVE ( 'NONE', #5792, #5166, #10835, .T. ) ;
#1495 = PRESENTATION_STYLE_ASSIGNMENT (( #259 ) ) ;
#1496 = ADVANCED_FACE ( 'NONE', ( #487 ), #621, .T. ) ;
#1497 = DIRECTION ( 'NONE',  ( 1.000000000000000000, 1.408738150179760326E-16, -6.014894242100905005E-18 ) ) ;
#1498 = CARTESIAN_POINT ( 'NONE',  ( 0.2129557715087250780, 0.3957164802317839070, 0.3456559692871650769 ) ) ;
#1499 = DIRECTION ( 'NONE',  ( -2.626713979715461236E-16, 4.163336342344336041E-16, 1.000000000000000000 ) ) ;
#1500 = DIRECTION ( 'NONE',  ( 3.518308117683322415E-16, -1.000000000000000000, 4.163336342344337027E-16 ) ) ;
#1501 = DIRECTION ( 'NONE',  ( 0.0000000000000000000, 0.0000000000000000000, 1.000000000000000000 ) ) ;
#1502 = LENGTH_MEASURE_WITH_UNIT ( LENGTH_MEASURE( 0.02539999999999999897 ), #10827 );
#1503 = LINE ( 'NONE', #5560, #8110 ) ;
#1504 = VECTOR ( 'NONE', #10850, 39.37007874015748143 ) ;
#1505 = ORIENTED_EDGE ( 'NONE', *, *, #10068, .F. ) ;
#1506 = CARTESIAN_POINT ( 'NONE',  ( 0.1164990785953284869, 0.1988660865309974379, 0.3456559692871650769 ) ) ;
#1507 = VERTEX_POINT ( 'NONE', #7765 ) ;
#1508 = VERTEX_POINT ( 'NONE', #6732 ) ;
#1509 = VERTEX_POINT ( 'NONE', #556 ) ;
#1510 = VECTOR ( 'NONE', #5820, 39.37007874015748143 ) ;
#1511 =( NAMED_UNIT ( * ) SI_UNIT ( $, .STERADIAN. ) SOLID_ANGLE_UNIT ( ) );
#1512 = EDGE_CURVE ( 'NONE', #7301, #6068, #13007, .T. ) ;
#1513 = FACE_OUTER_BOUND ( 'NONE', #3885, .T. ) ;
#1514 = COLOUR_RGB ( '',0.7607843137254901578, 0.7607843137254901578, 0.0000000000000000000 ) ;
#1515 = CARTESIAN_POINT ( 'NONE',  ( 0.2090187636347251854, 0.1279999447987148764, 0.1901441582635379490 ) ) ;
#1516 = LINE ( 'NONE', #7562, #10833 ) ;
#1517 = DIRECTION ( 'NONE',  ( 1.000000000000000000, -1.937287448275558121E-17, 0.0000000000000000000 ) ) ;
#1518 = ORIENTED_EDGE ( 'NONE', *, *, #12917, .F. ) ;
#1519 = VECTOR ( 'NONE', #12224, 39.37007874015748143 ) ;
#1520 = ORIENTED_EDGE ( 'NONE', *, *, #855, .F. ) ;
#1521 = ORIENTED_EDGE ( 'NONE', *, *, #542, .T. ) ;
#1522 = PRODUCT_DEFINITION ( 'UNKNOWN', '', #262, #12201 ) ;
#1523 = ORIENTED_EDGE ( 'NONE', *, *, #9085, .F. ) ;
#1524 = VECTOR ( 'NONE', #6110, 39.37007874015748143 ) ;
#1525 = EDGE_CURVE ( 'NONE', #6445, #7838, #10350, .T. ) ;
#1526 = VERTEX_POINT ( 'NONE', #2050 ) ;
#1527 = CARTESIAN_POINT ( 'NONE',  ( 0.3625620707213385585, 0.1555589999168270066, 0.2732150244052707344 ) ) ;
#1528 = LINE ( 'NONE', #3551, #2990 ) ;
#1529 = EDGE_CURVE ( 'NONE', #10712, #2472, #1833, .T. ) ;
#1530 = DIRECTION ( 'NONE',  ( 3.376070039848299626E-16, -1.000000000000000000, 4.302114220422482087E-16 ) ) ;
#1531 = SURFACE_STYLE_USAGE ( .BOTH. , #9552 ) ;
#1532 =( GEOMETRIC_REPRESENTATION_CONTEXT ( 3 ) GLOBAL_UNCERTAINTY_ASSIGNED_CONTEXT ( ( #11542 ) ) GLOBAL_UNIT_ASSIGNED_CONTEXT ( ( #1795, #10107, #8935 ) ) REPRESENTATION_CONTEXT ( 'NONE', 'WORKASPACE' ) );
#1533 = DIRECTION ( 'NONE',  ( -1.000000000000000000, -3.376070039848302092E-16, -2.359223927328455183E-16 ) ) ;
#1534 = DIRECTION ( 'NONE',  ( 0.0000000000000000000, 1.000000000000000000, 0.0000000000000000000 ) ) ;
#1535 = FILL_AREA_STYLE_COLOUR ( '', #1136 ) ;
#1536 = VERTEX_POINT ( 'NONE', #3056 ) ;
#1537 = LINE ( 'NONE', #9837, #10667 ) ;
#1538 = EDGE_CURVE ( 'NONE', #9184, #12465, #830, .T. ) ;
#1539 = ORIENTED_EDGE ( 'NONE', *, *, #7306, .F. ) ;
#1540 = STYLED_ITEM ( 'NONE', ( #3188 ), #10345 ) ;
#1541 = ADVANCED_FACE ( 'NONE', ( #11175 ), #976, .F. ) ;
#1542 = LINE ( 'NONE', #12158, #12632 ) ;
#1543 = ORIENTED_EDGE ( 'NONE', *, *, #3194, .T. ) ;
#1544 = EDGE_CURVE ( 'NONE', #4133, #10005, #7092, .T. ) ;
#1545 = LINE ( 'NONE', #6697, #7782 ) ;
#1546 = LINE ( 'NONE', #8746, #6559 ) ;
#1547 = LINE ( 'NONE', #1351, #9911 ) ;
#1548 = DIRECTION ( 'NONE',  ( -3.518308117683322415E-16, 1.000000000000000000, -4.163336342344337027E-16 ) ) ;
#1549 = VECTOR ( 'NONE', #2388, 39.37007874015748143 ) ;
#1550 = CARTESIAN_POINT ( 'NONE',  ( 0.2405148266268503088, 0.1555589999168270621, 0.4456559692871469025 ) ) ;
#1551 = FILL_AREA_STYLE ('',( #528 ) ) ;
#1552 = VERTEX_POINT ( 'NONE', #10411 ) ;
#1553 = EDGE_CURVE ( 'NONE', #1598, #12648, #5976, .T. ) ;
#1554 = CARTESIAN_POINT ( 'NONE',  ( 0.1562628581229039970, 0.08862986605856648659, 0.4397504574761375573 ) ) ;
#1555 = ORIENTED_EDGE ( 'NONE', *, *, #11190, .T. ) ;
#1556 = AXIS2_PLACEMENT_3D ( 'NONE', #4856, #5795, #2636 ) ;
#1557 = AXIS2_PLACEMENT_3D ( 'NONE', #8623, #8422, #5483 ) ;
#1558 = VECTOR ( 'NONE', #4864, 39.37007874015748143 ) ;
#1559 = ORIENTED_EDGE ( 'NONE', *, *, #2364, .T. ) ;
#1560 =( CONVERSION_BASED_UNIT ( 'INCH', #12113 ) LENGTH_UNIT ( ) NAMED_UNIT ( #4684 ) );
#1561 = VECTOR ( 'NONE', #108, 39.37007874015748143 ) ;
#1562 = PRESENTATION_LAYER_ASSIGNMENT (  '', '', ( #4362 ) ) ;
#1563 = VERTEX_POINT ( 'NONE', #2111 ) ;
#1564 = CARTESIAN_POINT ( 'NONE',  ( 0.2326408108788038387, 0.009496007790817656904, 0.3456559692871650769 ) ) ;
#1565 = DIRECTION ( 'NONE',  ( 0.9363291775686510832, 0.3511234415894409211, -6.866077602708826938E-17 ) ) ;
#1566 = DIRECTION ( 'NONE',  ( 0.0000000000000000000, 0.0000000000000000000, 1.000000000000000000 ) ) ;
#1567 = VERTEX_POINT ( 'NONE', #7279 ) ;
#1568 = EDGE_CURVE ( 'NONE', #10292, #3994, #7208, .T. ) ;
#1569 = CARTESIAN_POINT ( 'NONE',  ( 0.2483888423748524532, 0.7897218048774069521, 0.2236087251926805186 ) ) ;
#1570 = ORIENTED_EDGE ( 'NONE', *, *, #597, .F. ) ;
#1571 = ORIENTED_EDGE ( 'NONE', *, *, #1062, .T. ) ;
#1572 = VECTOR ( 'NONE', #12694, 39.37007874015748143 ) ;
#1573 = ORIENTED_EDGE ( 'NONE', *, *, #6394, .T. ) ;
#1574 = VECTOR ( 'NONE', #781, 39.37007874015748143 ) ;
#1575 = ORIENTED_EDGE ( 'NONE', *, *, #3359, .T. ) ;
#1576 = DIRECTION ( 'NONE',  ( -0.3511234415875755244, -0.9363291775693505237, 1.485833765564466994E-16 ) ) ;
#1577 = CARTESIAN_POINT ( 'NONE',  ( 0.1263415982803829940, 0.3760314408617050908, 0.2590417960588140556 ) ) ;
#1578 = LINE ( 'NONE', #771, #9412 ) ;
#1579 = LINE ( 'NONE', #12197, #2129 ) ;
#1580 = VECTOR ( 'NONE', #11703, 39.37007874015748143 ) ;
#1581 = VECTOR ( 'NONE', #4205, 39.37007874015748143 ) ;
#1582 = LINE ( 'NONE', #7497, #6716 ) ;
#1583 = VERTEX_POINT ( 'NONE', #10143 ) ;
#1584 = EDGE_CURVE ( 'NONE', #1508, #13245, #2937, .T. ) ;
#1585 = ADVANCED_FACE ( 'NONE', ( #12330 ), #13414, .F. ) ;
#1586 = EDGE_LOOP ( 'NONE', ( #194, #4320, #11441, #5367 ) ) ;
#1587 = ORIENTED_EDGE ( 'NONE', *, *, #1275, .F. ) ;
#1588 = ORIENTED_EDGE ( 'NONE', *, *, #1494, .T. ) ;
#1589 = DIRECTION ( 'NONE',  ( 3.518308117683322415E-16, -1.000000000000000000, 4.163336342344337027E-16 ) ) ;
#1590 = STYLED_ITEM ( 'NONE', ( #1783 ), #7142 ) ;
#1591 = CARTESIAN_POINT ( 'NONE',  ( 0.1164990785953285146, 0.3760314408617050908, 0.4243961267674800641 ) ) ;
#1592 = AXIS2_PLACEMENT_3D ( 'NONE', #4269, #11592, #10622 ) ;
#1593 = DIRECTION ( 'NONE',  ( 0.0000000000000000000, 0.7071067811865497932, -0.7071067811865452413 ) ) ;
#1594 =( NAMED_UNIT ( * ) PLANE_ANGLE_UNIT ( ) SI_UNIT ( $, .RADIAN. ) );
#1595 = DIRECTION ( 'NONE',  ( 0.0000000000000000000, 1.000000000000000000, 0.0000000000000000000 ) ) ;
#1596 = ADVANCED_FACE ( 'NONE', ( #1974 ), #2871, .F. ) ;
#1597 = ORIENTED_EDGE ( 'NONE', *, *, #12477, .T. ) ;
#1598 = VERTEX_POINT ( 'NONE', #10211 ) ;
#1599 = ORIENTED_EDGE ( 'NONE', *, *, #7229, .T. ) ;
#1600 = DIRECTION ( 'NONE',  ( 0.4472135955003644914, -0.8944271909997126846, 1.293464547804780738E-16 ) ) ;
#1601 = FACE_OUTER_BOUND ( 'NONE', #684, .T. ) ;
#1602 = CARTESIAN_POINT ( 'NONE',  ( 0.4098061652095124630, 0.1988660865309964110, 0.4007740795233891151 ) ) ;
#1603 = MECHANICAL_DESIGN_GEOMETRIC_PRESENTATION_REPRESENTATION (  '', ( #5937 ), #2913 ) ;
#1604 = ADVANCED_FACE ( 'NONE', ( #902 ), #5027, .F. ) ;
#1605 = DIRECTION ( 'NONE',  ( 0.0000000000000000000, 1.000000000000000000, 0.0000000000000000000 ) ) ;
#1606 = ADVANCED_FACE ( 'NONE', ( #10554 ), #3502, .T. ) ;
#1607 = DIRECTION ( 'NONE',  ( -3.007447121050438636E-18, -2.498001805406601723E-16, -1.000000000000000000 ) ) ;
#1608 = ADVANCED_FACE ( 'NONE', ( #6766, #12583 ), #6384, .T. ) ;
#1609 = DIRECTION ( 'NONE',  ( -1.608386623408232256E-17, -1.526556658859589750E-16, -1.000000000000000000 ) ) ;
#1610 =( NAMED_UNIT ( * ) SI_UNIT ( $, .STERADIAN. ) SOLID_ANGLE_UNIT ( ) );
#1611 = ORIENTED_EDGE ( 'NONE', *, *, #12343, .T. ) ;
#1612 = EDGE_LOOP ( 'NONE', ( #2478, #9605, #12695, #10094 ) ) ;
#1613 = VECTOR ( 'NONE', #2322, 39.37007874015748143 ) ;
#1614 = DIRECTION ( 'NONE',  ( -1.000000000000000000, -3.518308117683324880E-16, -2.626713979715458771E-16 ) ) ;
#1615 = DIRECTION ( 'NONE',  ( -3.518308117683322415E-16, 1.000000000000000000, -4.163336342344337027E-16 ) ) ;
#1616 = DIRECTION ( 'NONE',  ( 0.0000000000000000000, 1.000000000000000000, 0.0000000000000000000 ) ) ;
#1617 = CARTESIAN_POINT ( 'NONE',  ( 0.2267352990677845015, -0.07278745677610241882, 0.4515614810981849470 ) ) ;
#1618 = CARTESIAN_POINT ( 'NONE',  ( 0.1558691573354859805, 0.2165826219640790973, 0.2669158118068501451 ) ) ;
#1619 = DIRECTION ( 'NONE',  ( 2.359223927328456662E-16, -3.885780586188047398E-16, -1.000000000000000000 ) ) ;
#1620 = CYLINDRICAL_SURFACE ( 'NONE', #8332, 0.05511811023622047168 ) ;
#1621 = ADVANCED_FACE ( 'NONE', ( #2178 ), #1225, .F. ) ;
#1622 = AXIS2_PLACEMENT_3D ( 'NONE', #6016, #8955, #1614 ) ;
#1623 = DIRECTION ( 'NONE',  ( -1.937287448275560894E-17, -1.000000000000000000, -8.220413448604736877E-18 ) ) ;
#1624 = ORIENTED_EDGE ( 'NONE', *, *, #5158, .F. ) ;
#1625 = CARTESIAN_POINT ( 'NONE',  ( 0.1893337242646341567, 0.7897218048774069521, 0.2236087251926805186 ) ) ;
#1626 = FACE_OUTER_BOUND ( 'NONE', #9251, .T. ) ;
#1627 = CARTESIAN_POINT ( 'NONE',  ( 0.09484553528826229762, 0.1555589999168268955, 0.2358134496021148940 ) ) ;
#1628 = ORIENTED_EDGE ( 'NONE', *, *, #4667, .T. ) ;
#1629 = DIRECTION ( 'NONE',  ( -0.7071067811865473507, -0.7071067811865475727, 2.495801191760492629E-16 ) ) ;
#1630 = ORIENTED_EDGE ( 'NONE', *, *, #5191, .T. ) ;
#1631 = ORIENTED_EDGE ( 'NONE', *, *, #3292, .T. ) ;
#1632 = ORIENTED_EDGE ( 'NONE', *, *, #5497, .T. ) ;
#1633 = DIRECTION ( 'NONE',  ( 0.0000000000000000000, 0.0000000000000000000, 1.000000000000000000 ) ) ;
#1634 = LINE ( 'NONE', #4892, #11018 ) ;
#1635 = ADVANCED_FACE ( 'NONE', ( #5735 ), #10869, .F. ) ;
#1636 = CARTESIAN_POINT ( 'NONE',  ( 0.1145305746583313578, 0.5571338030664260144, 0.4440811661375588248 ) ) ;
#1637 = DIRECTION ( 'NONE',  ( 0.0000000000000000000, -8.220413448604736877E-18, 1.000000000000000000 ) ) ;
#1638 = ORIENTED_EDGE ( 'NONE', *, *, #9803, .T. ) ;
#1639 = VERTEX_POINT ( 'NONE', #7040 ) ;
#1640 = VERTEX_POINT ( 'NONE', #4989 ) ;
#1641 = VERTEX_POINT ( 'NONE', #7994 ) ;
#1642 = ORIENTED_EDGE ( 'NONE', *, *, #8023, .T. ) ;
#1643 = STYLED_ITEM ( 'NONE', ( #12550 ), #967 ) ;
#1644 = CARTESIAN_POINT ( 'NONE',  ( 0.2326408108788038387, 0.5531967951924182669, 0.2895536070824406560 ) ) ;
#1645 = DIRECTION ( 'NONE',  ( 1.174096724532128111E-16, -1.000000000000000000, 1.665334536937734318E-16 ) ) ;
#1646 = LINE ( 'NONE', #10099, #10803 ) ;
#1647 = ADVANCED_FACE ( 'NONE', ( #6905, #9152 ), #13183, .F. ) ;
#1648 = FACE_OUTER_BOUND ( 'NONE', #7566, .T. ) ;
#1649 = CARTESIAN_POINT ( 'NONE',  ( 0.3562628581229010938, 0.08075585031051536744, 0.4515614810981849470 ) ) ;
#1650 = EDGE_CURVE ( 'NONE', #8853, #11471, #13115, .T. ) ;
#1651 = DIMENSIONAL_EXPONENTS ( 1.000000000000000000, 0.0000000000000000000, 0.0000000000000000000, 0.0000000000000000000, 0.0000000000000000000, 0.0000000000000000000, 0.0000000000000000000 ) ;
#1652 = LINE ( 'NONE', #8925, #12767 ) ;
#1653 = ORIENTED_EDGE ( 'NONE', *, *, #12746, .T. ) ;
#1654 = CARTESIAN_POINT ( 'NONE',  ( 0.3940581337134494433, 0.05713380306642412698, 0.1684906149564564526 ) ) ;
#1655 = PLANE ( 'NONE',  #11071 ) ;
#1656 = AXIS2_PLACEMENT_3D ( 'NONE', #3618, #4844, #7017 ) ;
#1657 = VERTEX_POINT ( 'NONE', #1938 ) ;
#1658 = PLANE ( 'NONE',  #10247 ) ;
#1659 = VERTEX_POINT ( 'NONE', #12233 ) ;
#1660 = AXIS2_PLACEMENT_3D ( 'NONE', #2912, #747, #4870 ) ;
#1661 = ORIENTED_EDGE ( 'NONE', *, *, #11128, .F. ) ;
#1662 = PLANE ( 'NONE',  #7384 ) ;
#1663 = ORIENTED_EDGE ( 'NONE', *, *, #2695, .T. ) ;
#1664 = LENGTH_MEASURE_WITH_UNIT ( LENGTH_MEASURE( 0.02539999999999999897 ), #3967 );
#1665 = VERTEX_POINT ( 'NONE', #10174 ) ;
#1666 = LINE ( 'NONE', #6764, #10177 ) ;
#1667 = LINE ( 'NONE', #5733, #5904 ) ;
#1668 = AXIS2_PLACEMENT_3D ( 'NONE', #332, #9793, #10818 ) ;
#1669 = EDGE_CURVE ( 'NONE', #4884, #7659, #6971, .T. ) ;
#1670 = APPLICATION_CONTEXT ( 'automotive_design' ) ;
#1671 = DIRECTION ( 'NONE',  ( 1.000000000000000000, 1.316334802367150653E-16, -1.608386623408235030E-17 ) ) ;
#1672 = DIRECTION ( 'NONE',  ( -3.007447121050438636E-18, -2.498001805406601723E-16, -1.000000000000000000 ) ) ;
#1673 = DIRECTION ( 'NONE',  ( -1.000000000000000000, 1.937287448275630844E-17, -8.833616147085623967E-14 ) ) ;
#1674 = ORIENTED_EDGE ( 'NONE', *, *, #3536, .T. ) ;
#1675 = VERTEX_POINT ( 'NONE', #9910 ) ;
#1676 = MECHANICAL_DESIGN_GEOMETRIC_PRESENTATION_REPRESENTATION (  '', ( #1883 ), #8843 ) ;
#1677 = LINE ( 'NONE', #746, #5289 ) ;
#1678 = FACE_OUTER_BOUND ( 'NONE', #1586, .T. ) ;
#1679 = ADVANCED_FACE ( 'NONE', ( #9018 ), #3701, .F. ) ;
#1680 = CARTESIAN_POINT ( 'NONE',  ( 0.3290975037921824442, 0.1988660865309974379, 0.4224276228305008374 ) ) ;
#1681 = EDGE_CURVE ( 'NONE', #8851, #9495, #12037, .T. ) ;
#1682 = DIRECTION ( 'NONE',  ( -0.0000000000000000000, -1.000000000000000000, -0.0000000000000000000 ) ) ;
#1683 = DIRECTION ( 'NONE',  ( -1.000000000000000000, -3.376070039848302092E-16, -2.359223927328455183E-16 ) ) ;
#1684 = ADVANCED_FACE ( 'NONE', ( #12163 ), #5802, .T. ) ;
#1685 = FILL_AREA_STYLE_COLOUR ( '', #3233 ) ;
#1686 = AXIS2_PLACEMENT_3D ( 'NONE', #8166, #9259, #17 ) ;
#1687 = ORIENTED_EDGE ( 'NONE', *, *, #4343, .F. ) ;
#1688 = CARTESIAN_POINT ( 'NONE',  ( 0.2326408108788038387, 0.3760314408617050908, 0.2669158118068502006 ) ) ;
#1689 = SURFACE_STYLE_FILL_AREA ( #889 ) ;
#1690 = DIRECTION ( 'NONE',  ( -1.937287448275561202E-17, -1.000000000000000000, -8.220413448604590506E-18 ) ) ;
#1691 = ORIENTED_EDGE ( 'NONE', *, *, #10945, .T. ) ;
#1692 = FACE_OUTER_BOUND ( 'NONE', #1892, .T. ) ;
#1693 = EDGE_LOOP ( 'NONE', ( #6704, #7957, #9043, #3927, #7634 ) ) ;
#1694 = ORIENTED_EDGE ( 'NONE', *, *, #12343, .F. ) ;
#1695 = VECTOR ( 'NONE', #9352, 39.37007874015748143 ) ;
#1696 = EDGE_CURVE ( 'NONE', #5634, #7855, #9977, .T. ) ;
#1697 = ORIENTED_EDGE ( 'NONE', *, *, #10543, .T. ) ;
#1698 = FACE_OUTER_BOUND ( 'NONE', #9346, .T. ) ;
#1699 = DIRECTION ( 'NONE',  ( -1.000000000000000000, -1.316334802367150653E-16, 1.608386623408235030E-17 ) ) ;
#1700 = DIRECTION ( 'NONE',  ( -1.000000000000000000, 1.937287448275558121E-17, 0.0000000000000000000 ) ) ;
#1701 = PLANE ( 'NONE',  #9840 ) ;
#1702 = SURFACE_STYLE_USAGE ( .BOTH. , #11178 ) ;
#1703 = VECTOR ( 'NONE', #12211, 39.37007874015748143 ) ;
#1704 = LINE ( 'NONE', #8911, #4446 ) ;
#1705 = ORIENTED_EDGE ( 'NONE', *, *, #8053, .F. ) ;
#1706 = FACE_OUTER_BOUND ( 'NONE', #2161, .T. ) ;
#1707 = ORIENTED_EDGE ( 'NONE', *, *, #9170, .F. ) ;
#1708 = EDGE_CURVE ( 'NONE', #11543, #11413, #5871, .T. ) ;
#1709 = ORIENTED_EDGE ( 'NONE', *, *, #11086, .T. ) ;
#1710 = DIMENSIONAL_EXPONENTS ( 1.000000000000000000, 0.0000000000000000000, 0.0000000000000000000, 0.0000000000000000000, 0.0000000000000000000, 0.0000000000000000000, 0.0000000000000000000 ) ;
#1711 = DIRECTION ( 'NONE',  ( -1.937287448275561202E-17, -1.000000000000000000, -8.220413448604590506E-18 ) ) ;
#1712 = LINE ( 'NONE', #8037, #6992 ) ;
#1713 = CARTESIAN_POINT ( 'NONE',  ( 0.2483888423748524532, 0.3760314408617060900, 0.4972307724367678317 ) ) ;
#1714 = SURFACE_STYLE_USAGE ( .BOTH. , #9063 ) ;
#1715 = PRESENTATION_STYLE_ASSIGNMENT (( #4903 ) ) ;
#1716 = DIRECTION ( 'NONE',  ( 0.0000000000000000000, 0.0000000000000000000, 1.000000000000000000 ) ) ;
#1717 = DIRECTION ( 'NONE',  ( 1.608386623408232256E-17, 1.526556658859589750E-16, 1.000000000000000000 ) ) ;
#1718 = AXIS2_PLACEMENT_3D ( 'NONE', #5896, #10886, #12122 ) ;
#1719 = ORIENTED_EDGE ( 'NONE', *, *, #3832, .F. ) ;
#1720 = LINE ( 'NONE', #1924, #9387 ) ;
#1721 = CARTESIAN_POINT ( 'NONE',  ( 0.3468140392252720416, 0.1555589999168270066, 0.2732150244052707344 ) ) ;
#1722 = VECTOR ( 'NONE', #8419, 39.37007874015748143 ) ;
#1723 = UNCERTAINTY_MEASURE_WITH_UNIT (LENGTH_MEASURE( 1.000000000000000082E-05 ), #7992, 'distance_accuracy_value', 'NONE');
#1724 = CARTESIAN_POINT ( 'NONE',  ( 0.2483888423748524532, 0.5374487636963517501, 0.3456559692871650769 ) ) ;
#1725 = LINE ( 'NONE', #7987, #9112 ) ;
#1726 = EDGE_CURVE ( 'NONE', #6407, #7532, #5945, .T. ) ;
#1727 = ORIENTED_EDGE ( 'NONE', *, *, #7229, .F. ) ;
#1728 = STYLED_ITEM ( 'NONE', ( #9417 ), #10231 ) ;
#1729 = FILL_AREA_STYLE_COLOUR ( '', #912 ) ;
#1730 = ORIENTED_EDGE ( 'NONE', *, *, #292, .T. ) ;
#1731 = FACE_OUTER_BOUND ( 'NONE', #575, .T. ) ;
#1732 = CARTESIAN_POINT ( 'NONE',  ( 0.1893337242646341567, 0.1988660865309974379, 0.4972307724367678317 ) ) ;
#1733 = DIRECTION ( 'NONE',  ( 1.316334802367150653E-16, -1.000000000000000000, 1.526556658859589750E-16 ) ) ;
#1734 = VECTOR ( 'NONE', #11328, 39.37007874015748143 ) ;
#1735 = ORIENTED_EDGE ( 'NONE', *, *, #6364, .T. ) ;
#1736 = LINE ( 'NONE', #3703, #11111 ) ;
#1737 = DIRECTION ( 'NONE',  ( -1.000000000000000000, -3.376070039848302092E-16, -2.359223927328455183E-16 ) ) ;
#1738 = DIRECTION ( 'NONE',  ( -0.4472135955003644914, 0.8944271909997124625, -1.293464547804780491E-16 ) ) ;
#1739 = VERTEX_POINT ( 'NONE', #9425 ) ;
#1740 = EDGE_CURVE ( 'NONE', #4328, #12774, #5060, .T. ) ;
#1741 = DIRECTION ( 'NONE',  ( -1.000000000000000000, -3.518308117683324880E-16, -2.626713979715458771E-16 ) ) ;
#1742 = EDGE_CURVE ( 'NONE', #3723, #9110, #7168, .T. ) ;
#1743 = LINE ( 'NONE', #2783, #5120 ) ;
#1744 = CARTESIAN_POINT ( 'NONE',  ( 0.2578499614198901391, 0.5295747479483172704, 0.4243961267674756233 ) ) ;
#1745 = CARTESIAN_POINT ( 'NONE',  ( 0.2483888423748524532, 0.3760314408617060900, 0.4243961267674800641 ) ) ;
#1746 = DIRECTION ( 'NONE',  ( 0.3511234415894411431, -0.9363291775686509721, 4.820554145997737123E-16 ) ) ;
#1747 = PRESENTATION_LAYER_ASSIGNMENT (  '', '', ( #8702 ) ) ;
#1748 = DIRECTION ( 'NONE',  ( -6.014894242100855701E-18, -2.498001805406601723E-16, -1.000000000000000000 ) ) ;
#1749 = CARTESIAN_POINT ( 'NONE',  ( 0.2385463226898389133, -0.07278745677610248821, 0.2515614810981877669 ) ) ;
#1750 = PLANE ( 'NONE',  #514 ) ;
#1751 = ORIENTED_EDGE ( 'NONE', *, *, #794, .F. ) ;
#1752 = DIRECTION ( 'NONE',  ( 0.0000000000000000000, 1.000000000000000000, 0.0000000000000000000 ) ) ;
#1753 = VECTOR ( 'NONE', #11318, 39.37007874015748143 ) ;
#1754 = CARTESIAN_POINT ( 'NONE',  ( 0.3444518345008468208, 0.05713380306641552275, 0.4515614810981849470 ) ) ;
#1755 = ORIENTED_EDGE ( 'NONE', *, *, #11189, .F. ) ;
#1756 = VECTOR ( 'NONE', #5804, 39.37007874015748143 ) ;
#1757 = DIRECTION ( 'NONE',  ( 1.937287448275561202E-17, 1.000000000000000000, 8.220413448604590506E-18 ) ) ;
#1758 = EDGE_CURVE ( 'NONE', #178, #1491, #2119, .T. ) ;
#1759 = ORIENTED_EDGE ( 'NONE', *, *, #5191, .F. ) ;
#1760 = ORIENTED_EDGE ( 'NONE', *, *, #13001, .F. ) ;
#1761 = DIRECTION ( 'NONE',  ( 3.518308117683322415E-16, -1.000000000000000000, 4.163336342344337027E-16 ) ) ;
#1762 = DIRECTION ( 'NONE',  ( 0.4472135955000932084, 0.8944271909998482428, -1.437323020766761117E-16 ) ) ;
#1763 = AXIS2_PLACEMENT_3D ( 'NONE', #7742, #1616, #5675 ) ;
#1764 = CARTESIAN_POINT ( 'NONE',  ( 0.2641368738709190533, 0.1988660865309964110, 0.1527425834603898525 ) ) ;
#1765 = MECHANICAL_DESIGN_GEOMETRIC_PRESENTATION_REPRESENTATION (  '', ( #4362 ), #3933 ) ;
#1766 = CARTESIAN_POINT ( 'NONE',  ( 0.1164990785953284869, 0.2165826219640790973, 0.4677032133816496628 ) ) ;
#1767 = DIRECTION ( 'NONE',  ( 0.0000000000000000000, 8.220413448604736877E-18, -1.000000000000000000 ) ) ;
#1768 = EDGE_CURVE ( 'NONE', #478, #2911, #13447, .T. ) ;
#1769 = EDGE_CURVE ( 'NONE', #7175, #12203, #8397, .T. ) ;
#1770 = DIRECTION ( 'NONE',  ( 3.376070039848301106E-16, -1.000000000000000000, 4.302114220422481101E-16 ) ) ;
#1771 = ORIENTED_EDGE ( 'NONE', *, *, #11864, .F. ) ;
#1772 = VECTOR ( 'NONE', #12300, 39.37007874015748143 ) ;
#1773 = CARTESIAN_POINT ( 'NONE',  ( 0.1444518345008675708, -0.05703942528005378348, 0.4397504574761376683 ) ) ;
#1774 = VECTOR ( 'NONE', #13231, 39.37007874015748143 ) ;
#1775 = ORIENTED_EDGE ( 'NONE', *, *, #8104, .F. ) ;
#1776 = VECTOR ( 'NONE', #12546, 39.37007874015748854 ) ;
#1777 = ORIENTED_EDGE ( 'NONE', *, *, #921, .T. ) ;
#1778 = AXIS2_PLACEMENT_3D ( 'NONE', #10460, #4309, #6284 ) ;
#1779 = ORIENTED_EDGE ( 'NONE', *, *, #9366, .T. ) ;
#1780 = LINE ( 'NONE', #4963, #10473 ) ;
#1781 = LINE ( 'NONE', #9206, #2444 ) ;
#1782 = CARTESIAN_POINT ( 'NONE',  ( 0.3330345116662203342, 0.1555589999168271176, 0.4850260480273043129 ) ) ;
#1783 = PRESENTATION_STYLE_ASSIGNMENT (( #1714 ) ) ;
#1784 = SURFACE_STYLE_FILL_AREA ( #2884 ) ;
#1785 = MECHANICAL_DESIGN_GEOMETRIC_PRESENTATION_REPRESENTATION (  '', ( #6347 ), #12879 ) ;
#1786 = LINE ( 'NONE', #5928, #8462 ) ;
#1787 = DIRECTION ( 'NONE',  ( 0.0000000000000000000, -8.220413448604736877E-18, 1.000000000000000000 ) ) ;
#1788 = VECTOR ( 'NONE', #9242, 39.37007874015748143 ) ;
#1789 =( GEOMETRIC_REPRESENTATION_CONTEXT ( 3 ) GLOBAL_UNCERTAINTY_ASSIGNED_CONTEXT ( ( #3080 ) ) GLOBAL_UNIT_ASSIGNED_CONTEXT ( ( #11383, #11515, #2175 ) ) REPRESENTATION_CONTEXT ( 'NONE', 'WORKASPACE' ) );
#1790 = EDGE_CURVE ( 'NONE', #8934, #12062, #111, .T. ) ;
#1791 = ORIENTED_EDGE ( 'NONE', *, *, #1398, .F. ) ;
#1792 = DIRECTION ( 'NONE',  ( 3.007447121050438636E-18, 2.498001805406601723E-16, 1.000000000000000000 ) ) ;
#1793 = DIRECTION ( 'NONE',  ( -1.000000000000000000, 0.0000000000000000000, 0.0000000000000000000 ) ) ;
#1794 = EDGE_LOOP ( 'NONE', ( #2272, #7956, #10975, #6283, #3758, #4618, #13325, #6202 ) ) ;
#1795 =( CONVERSION_BASED_UNIT ( 'INCH', #11130 ) LENGTH_UNIT ( ) NAMED_UNIT ( #9556 ) );
#1796 = VECTOR ( 'NONE', #5551, 39.37007874015748143 ) ;
#1797 = VECTOR ( 'NONE', #9945, 39.37007874015748143 ) ;
#1798 = ORIENTED_EDGE ( 'NONE', *, *, #8503, .T. ) ;
#1799 = CARTESIAN_POINT ( 'NONE',  ( 0.2405148266268503643, 0.3760314408617053128, 0.2456559692871496947 ) ) ;
#1800 = DIRECTION ( 'NONE',  ( 0.0000000000000000000, 0.0000000000000000000, 1.000000000000000000 ) ) ;
#1801 = DIRECTION ( 'NONE',  ( 4.283287147278277996E-17, 1.665334536937734318E-16, 1.000000000000000000 ) ) ;
#1802 = EDGE_CURVE ( 'NONE', #1929, #6404, #5118, .T. ) ;
#1803 = AXIS2_PLACEMENT_3D ( 'NONE', #4740, #8889, #13056 ) ;
#1804 = ORIENTED_EDGE ( 'NONE', *, *, #3762, .T. ) ;
#1805 = CARTESIAN_POINT ( 'NONE',  ( 0.3468140392252719861, 0.1555589999168271176, 0.4515614810981740668 ) ) ;
#1806 = LINE ( 'NONE', #4728, #5069 ) ;
#1807 =( NAMED_UNIT ( * ) PLANE_ANGLE_UNIT ( ) SI_UNIT ( $, .RADIAN. ) );
#1808 = ORIENTED_EDGE ( 'NONE', *, *, #11298, .T. ) ;
#1809 = CARTESIAN_POINT ( 'NONE',  ( 0.2405148266268504198, 0.1555589999168270066, 0.2102228984210151586 ) ) ;
#1810 = CARTESIAN_POINT ( 'NONE',  ( 0.0000000000000000000, 0.1574803149606299191, 0.0000000000000000000 ) ) ;
#1811 = DIRECTION ( 'NONE',  ( 2.626713979715461236E-16, -3.747002708109903324E-16, -1.000000000000000000 ) ) ;
#1812 = VECTOR ( 'NONE', #8337, 39.37007874015748143 ) ;
#1813 = DIRECTION ( 'NONE',  ( 1.000000000000000000, 0.0000000000000000000, 0.0000000000000000000 ) ) ;
#1814 = CARTESIAN_POINT ( 'NONE',  ( 0.3208297872567558162, -0.05703942528003578399, 0.4515614810981849470 ) ) ;
#1815 = DIRECTION ( 'NONE',  ( 3.376070039848301106E-16, -1.000000000000000000, 4.302114220422481101E-16 ) ) ;
#1816 = LINE ( 'NONE', #6987, #12587 ) ;
#1817 = DIRECTION ( 'NONE',  ( -3.518308117683322415E-16, 1.000000000000000000, -4.163336342344337027E-16 ) ) ;
#1818 = EDGE_CURVE ( 'NONE', #7761, #6614, #6079, .T. ) ;
#1819 = FACE_OUTER_BOUND ( 'NONE', #8634, .T. ) ;
#1820 = EDGE_CURVE ( 'NONE', #6629, #3598, #1061, .T. ) ;
#1821 = ORIENTED_EDGE ( 'NONE', *, *, #5021, .T. ) ;
#1822 = DIRECTION ( 'NONE',  ( -1.000000000000000000, 0.0000000000000000000, 0.0000000000000000000 ) ) ;
#1823 = LINE ( 'NONE', #13206, #7618 ) ;
#1824 = PRESENTATION_LAYER_ASSIGNMENT (  '', '', ( #3557 ) ) ;
#1825 = ORIENTED_EDGE ( 'NONE', *, *, #4039, .T. ) ;
#1826 = LINE ( 'NONE', #4818, #11637 ) ;
#1827 = ORIENTED_EDGE ( 'NONE', *, *, #7393, .F. ) ;
#1828 = VERTEX_POINT ( 'NONE', #6154 ) ;
#1829 = ORIENTED_EDGE ( 'NONE', *, *, #1768, .T. ) ;
#1830 = SURFACE_STYLE_FILL_AREA ( #7900 ) ;
#1831 = VECTOR ( 'NONE', #10134, 39.37007874015748143 ) ;
#1832 = DIRECTION ( 'NONE',  ( 1.000000000000000000, 1.174096724532128111E-16, -4.283287147278279229E-17 ) ) ;
#1833 = LINE ( 'NONE', #6039, #4256 ) ;
#1834 =( NAMED_UNIT ( * ) PLANE_ANGLE_UNIT ( ) SI_UNIT ( $, .RADIAN. ) );
#1835 = ADVANCED_FACE ( 'NONE', ( #2080 ), #5178, .F. ) ;
#1836 = DIRECTION ( 'NONE',  ( 0.0000000000000000000, 1.000000000000000000, 0.0000000000000000000 ) ) ;
#1837 = VERTEX_POINT ( 'NONE', #10523 ) ;
#1838 = VECTOR ( 'NONE', #7198, 39.37007874015748143 ) ;
#1839 = CARTESIAN_POINT ( 'NONE',  ( 0.3468140392252720416, 0.1555589999168270066, 0.2850260480273072439 ) ) ;
#1840 = ORIENTED_EDGE ( 'NONE', *, *, #12590, .T. ) ;
#1841 = ORIENTED_EDGE ( 'NONE', *, *, #4761, .F. ) ;
#1842 = EDGE_CURVE ( 'NONE', #11004, #6145, #4037, .T. ) ;
#1843 = EDGE_CURVE ( 'NONE', #12466, #2150, #9482, .T. ) ;
#1844 = CARTESIAN_POINT ( 'NONE',  ( 0.2326408108788038387, 0.5728818345624925312, 0.3299079377910985045 ) ) ;
#1845 = DIRECTION ( 'NONE',  ( 2.152236195923768601E-14, 2.498001805406631798E-16, 1.000000000000000000 ) ) ;
#1846 = PLANE ( 'NONE',  #1392 ) ;
#1847 = PLANE ( 'NONE',  #2615 ) ;
#1848 = DIRECTION ( 'NONE',  ( 3.518308117683322415E-16, -1.000000000000000000, 4.163336342344337027E-16 ) ) ;
#1849 = EDGE_CURVE ( 'NONE', #8864, #3132, #371, .T. ) ;
#1850 = CARTESIAN_POINT ( 'NONE',  ( 0.2405148266268503088, 0.2933542755073603736, 0.2515614810981877114 ) ) ;
#1851 = FACE_OUTER_BOUND ( 'NONE', #13049, .T. ) ;
#1852 = ORIENTED_EDGE ( 'NONE', *, *, #9332, .T. ) ;
#1853 = CARTESIAN_POINT ( 'NONE',  ( 0.2326408108788038387, 0.3760314408617050908, 0.1901441582635394756 ) ) ;
#1854 = CARTESIAN_POINT ( 'NONE',  ( 0.1558691573354937243, 0.3681574251136631171, 0.4515614810981847249 ) ) ;
#1855 = UNCERTAINTY_MEASURE_WITH_UNIT (LENGTH_MEASURE( 1.000000000000000082E-05 ), #225, 'distance_accuracy_value', 'NONE');
#1856 = CARTESIAN_POINT ( 'NONE',  ( 0.3208297872567558162, -0.05703942528003588114, 0.2515614810981877669 ) ) ;
#1857 = EDGE_LOOP ( 'NONE', ( #2962, #4947, #6365, #2473 ) ) ;
#1858 = AXIS2_PLACEMENT_3D ( 'NONE', #8275, #8346, #5264 ) ;
#1859 = SURFACE_STYLE_FILL_AREA ( #11204 ) ;
#1860 = EDGE_CURVE ( 'NONE', #6925, #4229, #2560, .T. ) ;
#1861 = VERTEX_POINT ( 'NONE', #6689 ) ;
#1862 = CARTESIAN_POINT ( 'NONE',  ( 0.2483888423748703833, 0.1988660865309964110, 0.1527425834603898525 ) ) ;
#1863 = DIRECTION ( 'NONE',  ( -1.937287448275561202E-17, -1.000000000000000000, -8.220413448604590506E-18 ) ) ;
#1864 = ADVANCED_FACE ( 'NONE', ( #8733 ), #2282, .T. ) ;
#1865 = SURFACE_SIDE_STYLE ('',( #9080 ) ) ;
#1866 = VECTOR ( 'NONE', #5430, 39.37007874015748143 ) ;
#1867 = CARTESIAN_POINT ( 'NONE',  ( 0.3625620707213383920, 0.3760314408617053683, 0.4653410086572254967 ) ) ;
#1868 = ORIENTED_EDGE ( 'NONE', *, *, #12754, .T. ) ;
#1869 = CARTESIAN_POINT ( 'NONE',  ( 0.1385463226898582811, -0.07278745677611141163, 0.4515614810981849470 ) ) ;
#1870 = CARTESIAN_POINT ( 'NONE',  ( 0.3940581337134494433, 0.3957164802317839070, 0.5070732921218072953 ) ) ;
#1871 = ORIENTED_EDGE ( 'NONE', *, *, #5555, .T. ) ;
#1872 =( CONVERSION_BASED_UNIT ( 'INCH', #2646 ) LENGTH_UNIT ( ) NAMED_UNIT ( #9288 ) );
#1873 = ORIENTED_EDGE ( 'NONE', *, *, #5811, .T. ) ;
#1874 = PRESENTATION_LAYER_ASSIGNMENT (  '', '', ( #7320 ) ) ;
#1875 = EDGE_CURVE ( 'NONE', #1154, #10370, #8661, .T. ) ;
#1876 = AXIS2_PLACEMENT_3D ( 'NONE', #10119, #11151, #877 ) ;
#1877 = DIRECTION ( 'NONE',  ( 1.174096724532128111E-16, -1.000000000000000000, 1.665334536937734071E-16 ) ) ;
#1878 = LINE ( 'NONE', #7051, #2655 ) ;
#1879 = FACE_OUTER_BOUND ( 'NONE', #1183, .T. ) ;
#1880 = CARTESIAN_POINT ( 'NONE',  ( 0.2326408108788038387, -0.07318115756351306622, 0.3456559692871650769 ) ) ;
#1881 = DIRECTION ( 'NONE',  ( -1.000000000000000000, -3.518308117683325373E-16, -2.626713979715459264E-16 ) ) ;
#1882 = CARTESIAN_POINT ( 'NONE',  ( 0.3290975037921824442, 0.4547715983420210217, 0.3850260480273225983 ) ) ;
#1883 = STYLED_ITEM ( 'NONE', ( #10246 ), #1835 ) ;
#1884 = EDGE_LOOP ( 'NONE', ( #11026, #8757, #6755, #3149 ) ) ;
#1885 = DIRECTION ( 'NONE',  ( 1.000000000000000000, 0.0000000000000000000, 0.0000000000000000000 ) ) ;
#1886 = AXIS2_PLACEMENT_3D ( 'NONE', #7681, #4535, #8825 ) ;
#1887 = LINE ( 'NONE', #3113, #12898 ) ;
#1888 = ORIENTED_EDGE ( 'NONE', *, *, #1201, .F. ) ;
#1889 = EDGE_LOOP ( 'NONE', ( #7464, #3008, #6188, #1798 ) ) ;
#1890 = CARTESIAN_POINT ( 'NONE',  ( 0.2326408108788038387, 0.3957164802317839070, 0.2472307724367714676 ) ) ;
#1891 = ORIENTED_EDGE ( 'NONE', *, *, #6015, .F. ) ;
#1892 = EDGE_LOOP ( 'NONE', ( #10238, #777, #5290, #2067 ) ) ;
#1893 = LINE ( 'NONE', #8160, #3030 ) ;
#1894 = ADVANCED_FACE ( 'NONE', ( #4644 ), #10855, .T. ) ;
#1895 = ADVANCED_FACE ( 'NONE', ( #10789 ), #7578, .F. ) ;
#1896 = ORIENTED_EDGE ( 'NONE', *, *, #5247, .F. ) ;
#1897 = VECTOR ( 'NONE', #406, 39.37007874015748143 ) ;
#1898 = DIRECTION ( 'NONE',  ( -1.316334802367150653E-16, 1.000000000000000000, -1.526556658859589750E-16 ) ) ;
#1899 = CARTESIAN_POINT ( 'NONE',  ( 0.1558691573354859805, 0.3760314408617060900, 0.3456559692871650769 ) ) ;
#1900 = LINE ( 'NONE', #9319, #10187 ) ;
#1901 = DIRECTION ( 'NONE',  ( -3.376070039848299626E-16, 1.000000000000000000, -4.302114220422482087E-16 ) ) ;
#1902 = DIRECTION ( 'NONE',  ( 1.937287448275561202E-17, 1.000000000000000000, 8.220413448604590506E-18 ) ) ;
#1903 =( LENGTH_UNIT ( ) NAMED_UNIT ( * ) SI_UNIT ( $, .METRE. ) );
#1904 = AXIS2_PLACEMENT_3D ( 'NONE', #4789, #9077, #7991 ) ;
#1905 = ORIENTED_EDGE ( 'NONE', *, *, #6503, .T. ) ;
#1906 = PLANE ( 'NONE',  #6611 ) ;
#1907 = VERTEX_POINT ( 'NONE', #1333 ) ;
#1908 = EDGE_CURVE ( 'NONE', #8689, #7548, #8801, .T. ) ;
#1909 = EDGE_CURVE ( 'NONE', #1567, #9724, #11480, .T. ) ;
#1910 = ORIENTED_EDGE ( 'NONE', *, *, #7394, .T. ) ;
#1911 = CARTESIAN_POINT ( 'NONE',  ( 0.3208297872567558162, -0.05703942528003578399, 0.4515614810981849470 ) ) ;
#1912 =( NAMED_UNIT ( * ) PLANE_ANGLE_UNIT ( ) SI_UNIT ( $, .RADIAN. ) );
#1913 = LINE ( 'NONE', #11113, #10911 ) ;
#1914 = DIRECTION ( 'NONE',  ( -2.359223927328456662E-16, 3.885780586188047398E-16, 1.000000000000000000 ) ) ;
#1915 = FILL_AREA_STYLE ('',( #4217 ) ) ;
#1916 = VECTOR ( 'NONE', #244, 39.37007874015748143 ) ;
#1917 = PLANE ( 'NONE',  #13402 ) ;
#1918 = CARTESIAN_POINT ( 'NONE',  ( 0.2483888423748524532, 0.4272125432239180509, 0.2905378590509231085 ) ) ;
#1919 = CARTESIAN_POINT ( 'NONE',  ( 0.0000000000000000000, 0.1496062992125984370, 0.0000000000000000000 ) ) ;
#1920 =( NAMED_UNIT ( * ) PLANE_ANGLE_UNIT ( ) SI_UNIT ( $, .RADIAN. ) );
#1921 = SURFACE_STYLE_FILL_AREA ( #8116 ) ;
#1922 = CARTESIAN_POINT ( 'NONE',  ( 0.3090187636347014322, 0.08862986605856648659, 0.4515614810981848914 ) ) ;
#1923 = ORIENTED_EDGE ( 'NONE', *, *, #12545, .T. ) ;
#1924 = CARTESIAN_POINT ( 'NONE',  ( 0.07319199198118010730, 0.1476849841687953857, 0.2358134496021148940 ) ) ;
#1925 = ADVANCED_FACE ( 'NONE', ( #1260 ), #8533, .T. ) ;
#1926 = VERTEX_POINT ( 'NONE', #3420 ) ;
#1927 = LINE ( 'NONE', #3389, #2656 ) ;
#1928 = EDGE_CURVE ( 'NONE', #2007, #8741, #7513, .T. ) ;
#1929 = VERTEX_POINT ( 'NONE', #5586 ) ;
#1930 = AXIS2_PLACEMENT_3D ( 'NONE', #2346, #10786, #1464 ) ;
#1931 = EDGE_CURVE ( 'NONE', #3298, #3627, #6620, .T. ) ;
#1932 = PLANE ( 'NONE',  #11556 ) ;
#1933 = SURFACE_SIDE_STYLE ('',( #1859 ) ) ;
#1934 = EDGE_LOOP ( 'NONE', ( #5399, #8838, #12512, #12325 ) ) ;
#1935 = DIRECTION ( 'NONE',  ( 1.356991020290373981E-16, -1.000000000000000000, 3.469446951953614189E-16 ) ) ;
#1936 = DIRECTION ( 'NONE',  ( 2.359223927328456662E-16, -3.885780586188047398E-16, -1.000000000000000000 ) ) ;
#1937 = VECTOR ( 'NONE', #1246, 39.37007874015748143 ) ;
#1938 = CARTESIAN_POINT ( 'NONE',  ( 0.2726091976981876441, 0.5374487636963517501, 0.3062858905470076110 ) ) ;
#1939 = AXIS2_PLACEMENT_3D ( 'NONE', #6649, #4670, #2726 ) ;
#1940 = FACE_OUTER_BOUND ( 'NONE', #4748, .T. ) ;
#1941 = ADVANCED_FACE ( 'NONE', ( #12691 ), #1408, .F. ) ;
#1942 = EDGE_LOOP ( 'NONE', ( #2335, #4184, #177, #10601 ) ) ;
#1943 = LINE ( 'NONE', #5874, #4579 ) ;
#1944 = EDGE_CURVE ( 'NONE', #1445, #8140, #1652, .T. ) ;
#1945 = LENGTH_MEASURE_WITH_UNIT ( LENGTH_MEASURE( 0.02539999999999999897 ), #2083 );
#1946 = DIRECTION ( 'NONE',  ( 0.0000000000000000000, 1.000000000000000000, 0.0000000000000000000 ) ) ;
#1947 = ORIENTED_EDGE ( 'NONE', *, *, #2036, .F. ) ;
#1948 = VECTOR ( 'NONE', #1118, 39.37007874015748143 ) ;
#1949 = DIRECTION ( 'NONE',  ( 0.0000000000000000000, -8.220413448604736877E-18, 1.000000000000000000 ) ) ;
#1950 = EDGE_CURVE ( 'NONE', #10961, #9123, #7019, .T. ) ;
#1951 = ORIENTED_EDGE ( 'NONE', *, *, #750, .F. ) ;
#1952 = AXIS2_PLACEMENT_3D ( 'NONE', #136, #9187, #10406 ) ;
#1953 = CARTESIAN_POINT ( 'NONE',  ( 0.1893337242646341567, 0.7897218048774069521, 0.4972307724367678317 ) ) ;
#1954 = LINE ( 'NONE', #9301, #12564 ) ;
#1955 = CARTESIAN_POINT ( 'NONE',  ( 0.2326408108788038387, 0.2579212046412327486, 0.1901441582635394756 ) ) ;
#1956 = CARTESIAN_POINT ( 'NONE',  ( 0.07319199198116600746, 0.4297564560040105786, 0.2505015174397471900 ) ) ;
#1957 = DIRECTION ( 'NONE',  ( -1.000000000000000000, -1.174096724532128111E-16, 4.283287147278279229E-17 ) ) ;
#1958 = VECTOR ( 'NONE', #12585, 39.37007874015748143 ) ;
#1959 = DIRECTION ( 'NONE',  ( 3.007447121050438636E-18, 2.498001805406601723E-16, 1.000000000000000000 ) ) ;
#1960 = ORIENTED_EDGE ( 'NONE', *, *, #3047, .T. ) ;
#1961 = DIRECTION ( 'NONE',  ( 1.000000000000000000, 0.0000000000000000000, 0.0000000000000000000 ) ) ;
#1962 = EDGE_CURVE ( 'NONE', #189, #9965, #9000, .T. ) ;
#1963 = CARTESIAN_POINT ( 'NONE',  ( 0.2090187636347028144, 0.08075585031051536744, 0.4515614810981848914 ) ) ;
#1964 = ORIENTED_EDGE ( 'NONE', *, *, #4324, .T. ) ;
#1965 = DIRECTION ( 'NONE',  ( -0.0000000000000000000, -0.0000000000000000000, -1.000000000000000000 ) ) ;
#1966 = ORIENTED_EDGE ( 'NONE', *, *, #7678, .T. ) ;
#1967 = ORIENTED_EDGE ( 'NONE', *, *, #3062, .F. ) ;
#1968 = VECTOR ( 'NONE', #8013, 39.37007874015748143 ) ;
#1969 = DIRECTION ( 'NONE',  ( -1.937287448275561202E-17, -1.000000000000000000, -8.220413448604590506E-18 ) ) ;
#1970 = ORIENTED_EDGE ( 'NONE', *, *, #13076, .F. ) ;
#1971 =( NAMED_UNIT ( * ) PLANE_ANGLE_UNIT ( ) SI_UNIT ( $, .RADIAN. ) );
#1972 = LINE ( 'NONE', #2933, #9929 ) ;
#1973 = LINE ( 'NONE', #13411, #3646 ) ;
#1974 = FACE_OUTER_BOUND ( 'NONE', #8794, .T. ) ;
#1975 = FACE_OUTER_BOUND ( 'NONE', #6828, .T. ) ;
#1976 = PRESENTATION_LAYER_ASSIGNMENT (  '', '', ( #3909 ) ) ;
#1977 =( NAMED_UNIT ( * ) PLANE_ANGLE_UNIT ( ) SI_UNIT ( $, .RADIAN. ) );
#1978 = CONICAL_SURFACE ( 'NONE', #11984, 0.07874015748031495954, 0.1651486774145597969 ) ;
#1979 = ADVANCED_FACE ( 'NONE', ( #3814 ), #11118, .F. ) ;
#1980 = LINE ( 'NONE', #10354, #9418 ) ;
#1981 = CARTESIAN_POINT ( 'NONE',  ( 0.2405148266268504198, 0.1555589999168269788, 0.2062858905469922566 ) ) ;
#1982 = VERTEX_POINT ( 'NONE', #11193 ) ;
#1983 = ORIENTED_EDGE ( 'NONE', *, *, #2759, .F. ) ;
#1984 = VERTEX_POINT ( 'NONE', #1850 ) ;
#1985 = COLOUR_RGB ( '',0.7607843137254901578, 0.7607843137254901578, 0.0000000000000000000 ) ;
#1986 = MECHANICAL_DESIGN_GEOMETRIC_PRESENTATION_REPRESENTATION (  '', ( #11994 ), #9594 ) ;
#1987 = DIRECTION ( 'NONE',  ( 1.000000000000000000, -1.937287448275485398E-17, -8.833616147085625230E-14 ) ) ;
#1988 = AXIS2_PLACEMENT_3D ( 'NONE', #7600, #12843, #10873 ) ;
#1989 = DIRECTION ( 'NONE',  ( 0.0000000000000000000, 0.0000000000000000000, -1.000000000000000000 ) ) ;
#1990 = DIRECTION ( 'NONE',  ( 0.0000000000000000000, 0.0000000000000000000, -1.000000000000000000 ) ) ;
#1991 = DIRECTION ( 'NONE',  ( 1.000000000000000000, 3.518308117683325373E-16, 2.626713979715459264E-16 ) ) ;
#1992 = FACE_OUTER_BOUND ( 'NONE', #759, .T. ) ;
#1993 =( CONVERSION_BASED_UNIT ( 'INCH', #11327 ) LENGTH_UNIT ( ) NAMED_UNIT ( #6414 ) );
#1994 = DIRECTION ( 'NONE',  ( 0.4472135955002297103, -0.8944271909997799641, 4.898503433089610807E-16 ) ) ;
#1995 = ADVANCED_FACE ( 'NONE', ( #2627 ), #6750, .F. ) ;
#1996 = EDGE_LOOP ( 'NONE', ( #11661, #7740, #11234, #5739 ) ) ;
#1997 = AXIS2_PLACEMENT_3D ( 'NONE', #6784, #1499, #12118 ) ;
#1998 = FACE_OUTER_BOUND ( 'NONE', #5016, .T. ) ;
#1999 = ADVANCED_FACE ( 'NONE', ( #5230 ), #2064, .F. ) ;
#2000 = VECTOR ( 'NONE', #6396, 39.37007874015748143 ) ;
#2001 = AXIS2_PLACEMENT_3D ( 'NONE', #11685, #1124, #11218 ) ;
#2002 = CARTESIAN_POINT ( 'NONE',  ( 0.3290975037921824442, 0.1988660865309974379, 0.2688843157438651765 ) ) ;
#2003 = VECTOR ( 'NONE', #7315, 39.37007874015748143 ) ;
#2004 = VERTEX_POINT ( 'NONE', #6056 ) ;
#2005 = UNCERTAINTY_MEASURE_WITH_UNIT (LENGTH_MEASURE( 1.000000000000000082E-05 ), #4080, 'distance_accuracy_value', 'NONE');
#2006 = FILL_AREA_STYLE_COLOUR ( '', #7854 ) ;
#2007 = VERTEX_POINT ( 'NONE', #5162 ) ;
#2008 = VERTEX_POINT ( 'NONE', #9339 ) ;
#2009 = VECTOR ( 'NONE', #9875, 39.37007874015748143 ) ;
#2010 = VERTEX_POINT ( 'NONE', #7152 ) ;
#2011 = FACE_OUTER_BOUND ( 'NONE', #73, .T. ) ;
#2012 = LINE ( 'NONE', #10243, #9627 ) ;
#2013 = FILL_AREA_STYLE ('',( #9424 ) ) ;
#2014 = DIRECTION ( 'NONE',  ( -0.5773502691896240657, -0.5773502691896246208, -0.5773502691896283956 ) ) ;
#2015 = CARTESIAN_POINT ( 'NONE',  ( 0.2916959289890400653, 0.09256687393256948782, 0.5011677803107907891 ) ) ;
#2016 = EDGE_CURVE ( 'NONE', #10290, #5181, #6806, .T. ) ;
#2017 = ORIENTED_EDGE ( 'NONE', *, *, #7129, .T. ) ;
#2018 = DIRECTION ( 'NONE',  ( 1.000000000000000000, 1.316334802367150653E-16, -1.608386623408235030E-17 ) ) ;
#2019 = VECTOR ( 'NONE', #3633, 39.37007874015748143 ) ;
#2020 = VECTOR ( 'NONE', #10903, 39.37007874015748143 ) ;
#2021 = CARTESIAN_POINT ( 'NONE',  ( 0.07712899985517100709, 0.7897218048774069521, 0.1940811661375444752 ) ) ;
#2022 = LINE ( 'NONE', #5386, #7169 ) ;
#2023 = VERTEX_POINT ( 'NONE', #9815 ) ;
#2024 = LINE ( 'NONE', #3163, #10550 ) ;
#2025 = ORIENTED_EDGE ( 'NONE', *, *, #8875, .F. ) ;
#2026 = DIRECTION ( 'NONE',  ( 0.0000000000000000000, 1.000000000000000000, 0.0000000000000000000 ) ) ;
#2027 = ORIENTED_EDGE ( 'NONE', *, *, #1843, .T. ) ;
#2028 = CARTESIAN_POINT ( 'NONE',  ( 0.1558691573354859805, 0.7897218048774069521, 0.3456559692871650769 ) ) ;
#2029 = EDGE_CURVE ( 'NONE', #8738, #7139, #10569, .T. ) ;
#2030 = ADVANCED_FACE ( 'NONE', ( #12878 ), #8584, .F. ) ;
#2031 = PRESENTATION_LAYER_ASSIGNMENT (  '', '', ( #1590 ) ) ;
#2032 = VECTOR ( 'NONE', #1959, 39.37007874015748143 ) ;
#2033 = DIRECTION ( 'NONE',  ( 1.316334802367150653E-16, -1.000000000000000000, 1.526556658859589750E-16 ) ) ;
#2034 = LINE ( 'NONE', #7054, #3520 ) ;
#2035 = PLANE ( 'NONE',  #6148 ) ;
#2036 = EDGE_CURVE ( 'NONE', #5342, #10934, #212, .T. ) ;
#2037 = ORIENTED_EDGE ( 'NONE', *, *, #7177, .F. ) ;
#2038 = ORIENTED_EDGE ( 'NONE', *, *, #4056, .T. ) ;
#2039 = COLOUR_RGB ( '',0.7607843137254901578, 0.7607843137254901578, 0.0000000000000000000 ) ;
#2040 = CARTESIAN_POINT ( 'NONE',  ( 0.2326408108788038387, 0.1988660865309964110, 0.3456559692871650769 ) ) ;
#2041 = EDGE_LOOP ( 'NONE', ( #5100, #6090, #13106, #5684, #11202, #12826, #6236, #10594 ) ) ;
#2042 = VERTEX_POINT ( 'NONE', #4352 ) ;
#2043 = ORIENTED_EDGE ( 'NONE', *, *, #116, .T. ) ;
#2044 = DIRECTION ( 'NONE',  ( 1.000000000000000000, 3.376070039848302092E-16, 2.359223927328455183E-16 ) ) ;
#2045 = EDGE_CURVE ( 'NONE', #7776, #6642, #1516, .T. ) ;
#2046 = DIRECTION ( 'NONE',  ( 0.0000000000000000000, -1.000000000000000000, 0.0000000000000000000 ) ) ;
#2047 = LINE ( 'NONE', #13410, #9176 ) ;
#2048 = FACE_OUTER_BOUND ( 'NONE', #3920, .T. ) ;
#2049 = CARTESIAN_POINT ( 'NONE',  ( 0.07319199198116600746, 0.05713380306642412698, 0.1901441582635394756 ) ) ;
#2050 = CARTESIAN_POINT ( 'NONE',  ( 0.2221780689370909945, 0.2815432518853281940, 0.2905378590509531400 ) ) ;
#2051 = VECTOR ( 'NONE', #2580, 39.37007874015748854 ) ;
#2052 = CARTESIAN_POINT ( 'NONE',  ( 0.2517718562799923787, 0.5400093426233005811, 0.4243961267674756233 ) ) ;
#2053 = CARTESIAN_POINT ( 'NONE',  ( 0.2444518345008482030, 0.05713380306641549500, 0.4397504574761375573 ) ) ;
#2054 = CARTESIAN_POINT ( 'NONE',  ( 0.2090187636347128619, 0.3760314408617060900, 0.4007740795234070452 ) ) ;
#2055 = ORIENTED_EDGE ( 'NONE', *, *, #8797, .T. ) ;
#2056 = VECTOR ( 'NONE', #9327, 39.37007874015748143 ) ;
#2057 = LINE ( 'NONE', #3196, #5428 ) ;
#2058 = EDGE_CURVE ( 'NONE', #291, #4378, #4491, .T. ) ;
#2059 = DIRECTION ( 'NONE',  ( 1.937287448275561202E-17, 1.000000000000000000, 8.220413448604590506E-18 ) ) ;
#2060 = LINE ( 'NONE', #4964, #8005 ) ;
#2061 = LINE ( 'NONE', #5989, #8388 ) ;
#2062 = CARTESIAN_POINT ( 'NONE',  ( 0.1444518345008675708, 0.05713380306640643974, 0.2397504574761404883 ) ) ;
#2063 = CARTESIAN_POINT ( 'NONE',  ( 0.2483888423748767116, 0.1988660865309974379, 0.1940811661375717867 ) ) ;
#2064 = PLANE ( 'NONE',  #4066 ) ;
#2065 = DIRECTION ( 'NONE',  ( 1.608386623408232256E-17, 1.526556658859589750E-16, 1.000000000000000000 ) ) ;
#2066 = AXIS2_PLACEMENT_3D ( 'NONE', #12044, #4798, #2782 ) ;
#2067 = ORIENTED_EDGE ( 'NONE', *, *, #3183, .T. ) ;
#2068 = LINE ( 'NONE', #996, #7140 ) ;
#2069 = VERTEX_POINT ( 'NONE', #12674 ) ;
#2070 = ORIENTED_EDGE ( 'NONE', *, *, #11769, .F. ) ;
#2071 = ORIENTED_EDGE ( 'NONE', *, *, #9350, .F. ) ;
#2072 = ORIENTED_EDGE ( 'NONE', *, *, #10848, .T. ) ;
#2073 = PLANE ( 'NONE',  #9388 ) ;
#2074 = EDGE_CURVE ( 'NONE', #12701, #6059, #423, .T. ) ;
#2075 = ORIENTED_EDGE ( 'NONE', *, *, #5224, .T. ) ;
#2076 = ADVANCED_FACE ( 'NONE', ( #7631 ), #11613, .F. ) ;
#2077 = FILL_AREA_STYLE_COLOUR ( '', #11499 ) ;
#2078 = CARTESIAN_POINT ( 'NONE',  ( 0.1558691573354938353, 0.3681574251136630616, 0.2397504574761404605 ) ) ;
#2079 = DIRECTION ( 'NONE',  ( 1.000000000000000000, 0.0000000000000000000, 0.0000000000000000000 ) ) ;
#2080 = FACE_OUTER_BOUND ( 'NONE', #2447, .T. ) ;
#2081 = PLANE ( 'NONE',  #3086 ) ;
#2082 = PRESENTATION_STYLE_ASSIGNMENT (( #9230 ) ) ;
#2083 =( LENGTH_UNIT ( ) NAMED_UNIT ( * ) SI_UNIT ( $, .METRE. ) );
#2084 = PLANE ( 'NONE',  #251 ) ;
#2085 = ORIENTED_EDGE ( 'NONE', *, *, #8876, .T. ) ;
#2086 = DIRECTION ( 'NONE',  ( 0.0000000000000000000, 0.0000000000000000000, -1.000000000000000000 ) ) ;
#2087 = VERTEX_POINT ( 'NONE', #9880 ) ;
#2088 = LINE ( 'NONE', #6222, #6554 ) ;
#2089 = ORIENTED_EDGE ( 'NONE', *, *, #3683, .T. ) ;
#2090 = ADVANCED_FACE ( 'NONE', ( #8986 ), #700, .F. ) ;
#2091 =( GEOMETRIC_REPRESENTATION_CONTEXT ( 3 ) GLOBAL_UNCERTAINTY_ASSIGNED_CONTEXT ( ( #12318 ) ) GLOBAL_UNIT_ASSIGNED_CONTEXT ( ( #6488, #6617, #4368 ) ) REPRESENTATION_CONTEXT ( 'NONE', 'WORKASPACE' ) );
#2092 = SURFACE_STYLE_USAGE ( .BOTH. , #4116 ) ;
#2093 = CONTEXT_DEPENDENT_SHAPE_REPRESENTATION ( #4885, #10927 ) ;
#2094 = CARTESIAN_POINT ( 'NONE',  ( 0.3842156140284140875, 0.1555589999168269233, 0.1980181740115629363 ) ) ;
#2095 = DIRECTION ( 'NONE',  ( -3.518308117683323894E-16, 1.000000000000000000, -4.163336342344337027E-16 ) ) ;
#2096 = ORIENTED_EDGE ( 'NONE', *, *, #1568, .T. ) ;
#2097 = EDGE_CURVE ( 'NONE', #8916, #8190, #7962, .T. ) ;
#2098 = ORIENTED_EDGE ( 'NONE', *, *, #8178, .T. ) ;
#2099 = AXIS2_PLACEMENT_3D ( 'NONE', #3200, #10157, #845 ) ;
#2100 = EDGE_CURVE ( 'NONE', #6599, #8190, #1579, .T. ) ;
#2101 = VECTOR ( 'NONE', #8657, 39.37007874015748143 ) ;
#2102 = CARTESIAN_POINT ( 'NONE',  ( 0.3704360864693550526, 0.08862986605855729949, 0.1921126622005508988 ) ) ;
#2103 = ORIENTED_EDGE ( 'NONE', *, *, #1769, .T. ) ;
#2104 = ORIENTED_EDGE ( 'NONE', *, *, #10069, .F. ) ;
#2105 = CARTESIAN_POINT ( 'NONE',  ( 1.181253802327171185E-17, 0.1574803149606299191, -0.09251968503937006705 ) ) ;
#2106 = ORIENTED_EDGE ( 'NONE', *, *, #2923, .F. ) ;
#2107 = EDGE_CURVE ( 'NONE', #5436, #11967, #489, .T. ) ;
#2108 = FACE_OUTER_BOUND ( 'NONE', #6089, .T. ) ;
#2109 = CARTESIAN_POINT ( 'NONE',  ( 0.2916959289890400653, 0.1083149054286360186, 0.2019551818855939151 ) ) ;
#2110 = LINE ( 'NONE', #2176, #8865 ) ;
#2111 = CARTESIAN_POINT ( 'NONE',  ( 0.1558691573355117099, 0.1791810471609002198, 0.4397504574761375018 ) ) ;
#2112 = AXIS2_PLACEMENT_3D ( 'NONE', #10549, #8487, #1221 ) ;
#2113 =( NAMED_UNIT ( * ) SI_UNIT ( $, .STERADIAN. ) SOLID_ANGLE_UNIT ( ) );
#2114 = CARTESIAN_POINT ( 'NONE',  ( 0.3625620707213385030, 0.1555589999168269233, 0.2102228984210151586 ) ) ;
#2115 = LINE ( 'NONE', #11524, #2489 ) ;
#2116 = EDGE_CURVE ( 'NONE', #10989, #6014, #12137, .T. ) ;
#2117 = DIRECTION ( 'NONE',  ( 1.174096724532128111E-16, -1.000000000000000000, 1.665334536937734318E-16 ) ) ;
#2118 = ORIENTED_EDGE ( 'NONE', *, *, #3097, .F. ) ;
#2119 = CIRCLE ( 'NONE', #3405, 0.05511811023622047168 ) ;
#2120 = ORIENTED_EDGE ( 'NONE', *, *, #12915, .F. ) ;
#2121 = EDGE_CURVE ( 'NONE', #6435, #463, #623, .T. ) ;
#2122 = CARTESIAN_POINT ( 'NONE',  ( 0.2405148266268504198, 0.1555589999168270066, 0.2456559692871497225 ) ) ;
#2123 = CARTESIAN_POINT ( 'NONE',  ( 0.2326408108788038387, 0.05713380306642412698, 0.5228213236178702594 ) ) ;
#2124 = CARTESIAN_POINT ( 'NONE',  ( 0.1558691573354859805, 0.3760314408617060900, 0.3456559692871650769 ) ) ;
#2125 = LINE ( 'NONE', #990, #9477 ) ;
#2126 = LINE ( 'NONE', #2062, #9115 ) ;
#2127 = DIRECTION ( 'NONE',  ( -1.000000000000000000, 1.937287448275689392E-17, -1.596249935350384177E-13 ) ) ;
#2128 =( NAMED_UNIT ( * ) PLANE_ANGLE_UNIT ( ) SI_UNIT ( $, .RADIAN. ) );
#2129 = VECTOR ( 'NONE', #10016, 39.37007874015748143 ) ;
#2130 = ORIENTED_EDGE ( 'NONE', *, *, #10575, .F. ) ;
#2131 = CARTESIAN_POINT ( 'NONE',  ( 0.2405148266268503088, 0.1555589999168270621, 0.4456559692871469025 ) ) ;
#2132 = ORIENTED_EDGE ( 'NONE', *, *, #4089, .F. ) ;
#2133 = UNCERTAINTY_MEASURE_WITH_UNIT (LENGTH_MEASURE( 1.000000000000000082E-05 ), #10315, 'distance_accuracy_value', 'NONE');
#2134 = EDGE_CURVE ( 'NONE', #12513, #5343, #4830, .T. ) ;
#2135 = EDGE_LOOP ( 'NONE', ( #8310, #4193, #5384, #9736, #13421, #11056, #5840, #2730 ) ) ;
#2136 = FACE_OUTER_BOUND ( 'NONE', #7502, .T. ) ;
#2137 = CARTESIAN_POINT ( 'NONE',  ( 0.3625620707213383920, 0.3130393148774570644, 0.4515614810981740113 ) ) ;
#2138 = VERTEX_POINT ( 'NONE', #2609 ) ;
#2139 = DIRECTION ( 'NONE',  ( 1.000000000000000000, -1.937287448275558121E-17, 0.0000000000000000000 ) ) ;
#2140 = LENGTH_MEASURE_WITH_UNIT ( LENGTH_MEASURE( 0.02539999999999999897 ), #10443 );
#2141 = DIRECTION ( 'NONE',  ( 1.000000000000000000, 1.316334802367150653E-16, -1.608386623408235030E-17 ) ) ;
#2142 = VECTOR ( 'NONE', #8240, 39.37007874015748143 ) ;
#2143 = DIRECTION ( 'NONE',  ( -1.316334802367150653E-16, 1.000000000000000000, -1.526556658859589750E-16 ) ) ;
#2144 = ADVANCED_FACE ( 'NONE', ( #6942 ), #8028, .T. ) ;
#2145 = ORIENTED_EDGE ( 'NONE', *, *, #1568, .F. ) ;
#2146 = CARTESIAN_POINT ( 'NONE',  ( 0.3704360864693551081, 0.08862986605855716071, 0.5011677803107907891 ) ) ;
#2147 = CARTESIAN_POINT ( 'NONE',  ( 0.09090852741424043648, 0.05713380306642412698, 0.1684906149564564526 ) ) ;
#2148 = VERTEX_POINT ( 'NONE', #5912 ) ;
#2149 = DIRECTION ( 'NONE',  ( 0.0000000000000000000, 1.000000000000000000, 0.0000000000000000000 ) ) ;
#2150 = VERTEX_POINT ( 'NONE', #2674 ) ;
#2151 = DIRECTION ( 'NONE',  ( -1.000000000000000000, -1.408738150179760326E-16, 6.014894242100891138E-18 ) ) ;
#2152 = PLANE ( 'NONE',  #6103 ) ;
#2153 = VERTEX_POINT ( 'NONE', #2872 ) ;
#2154 = DIRECTION ( 'NONE',  ( 0.0000000000000000000, -0.7999999999998906874, -0.6000000000001457501 ) ) ;
#2155 = CARTESIAN_POINT ( 'NONE',  ( 0.3807328762937056688, 0.1988660865309964110, 0.4443840128970995007 ) ) ;
#2156 = VECTOR ( 'NONE', #6489, 39.37007874015748143 ) ;
#2157 = CARTESIAN_POINT ( 'NONE',  ( 0.2129557715087250780, 0.1279999447987147931, 0.2019551818855939151 ) ) ;
#2158 = CARTESIAN_POINT ( 'NONE',  ( 0.2326408108788038387, 0.3760314408617050908, 0.5011677803107907891 ) ) ;
#2159 = LINE ( 'NONE', #6292, #3259 ) ;
#2160 = AXIS2_PLACEMENT_3D ( 'NONE', #8598, #13102, #7158 ) ;
#2161 = EDGE_LOOP ( 'NONE', ( #2070, #11355, #6786, #7617, #762, #8736, #8324, #4822 ) ) ;
#2162 = EDGE_CURVE ( 'NONE', #11697, #9044, #10087, .T. ) ;
#2163 = EDGE_CURVE ( 'NONE', #12813, #9182, #772, .T. ) ;
#2164 = SURFACE_STYLE_USAGE ( .BOTH. , #7531 ) ;
#2165 = ORIENTED_EDGE ( 'NONE', *, *, #8595, .T. ) ;
#2166 =( GEOMETRIC_REPRESENTATION_CONTEXT ( 3 ) GLOBAL_UNCERTAINTY_ASSIGNED_CONTEXT ( ( #12355 ) ) GLOBAL_UNIT_ASSIGNED_CONTEXT ( ( #5228, #7018, #4087 ) ) REPRESENTATION_CONTEXT ( 'NONE', 'WORKASPACE' ) );
#2167 = ORIENTED_EDGE ( 'NONE', *, *, #12825, .F. ) ;
#2168 = CARTESIAN_POINT ( 'NONE',  ( 0.2221780689372487572, 0.5098897085782487792, 0.4007740795234070452 ) ) ;
#2169 = VERTEX_POINT ( 'NONE', #5978 ) ;
#2170 = ORIENTED_EDGE ( 'NONE', *, *, #13351, .F. ) ;
#2171 = CARTESIAN_POINT ( 'NONE',  ( 0.2431035528205068852, 0.1988660865309974379, 0.2905378590509512526 ) ) ;
#2172 = ORIENTED_EDGE ( 'NONE', *, *, #4732, .F. ) ;
#2173 = MECHANICAL_DESIGN_GEOMETRIC_PRESENTATION_REPRESENTATION (  '', ( #10 ), #1532 ) ;
#2174 =( NAMED_UNIT ( * ) SI_UNIT ( $, .STERADIAN. ) SOLID_ANGLE_UNIT ( ) );
#2175 =( NAMED_UNIT ( * ) SI_UNIT ( $, .STERADIAN. ) SOLID_ANGLE_UNIT ( ) );
#2176 = CARTESIAN_POINT ( 'NONE',  ( 0.1558691573355117932, 0.2264251416490908608, 0.2515614810981877114 ) ) ;
#2177 = CARTESIAN_POINT ( 'NONE',  ( 0.2483888423748703833, 0.1988660865309964110, 0.1684906149564564526 ) ) ;
#2178 = FACE_OUTER_BOUND ( 'NONE', #6965, .T. ) ;
#2179 = PLANE ( 'NONE',  #5691 ) ;
#2180 = SURFACE_SIDE_STYLE ('',( #4206 ) ) ;
#2181 = LENGTH_MEASURE_WITH_UNIT ( LENGTH_MEASURE( 0.02539999999999999897 ), #11389 );
#2182 = EDGE_CURVE ( 'NONE', #10658, #8819, #8846, .T. ) ;
#2183 = PLANE ( 'NONE',  #11396 ) ;
#2184 = MECHANICAL_DESIGN_GEOMETRIC_PRESENTATION_REPRESENTATION (  '', ( #10870 ), #8469 ) ;
#2185 = CARTESIAN_POINT ( 'NONE',  ( 0.1558691573355117932, 0.2264251416490908608, 0.2515614810981877114 ) ) ;
#2186 = ORIENTED_EDGE ( 'NONE', *, *, #2967, .F. ) ;
#2187 = CARTESIAN_POINT ( 'NONE',  ( 0.3444518345008468208, -0.05703942528003580481, 0.4515614810981849470 ) ) ;
#2188 = CARTESIAN_POINT ( 'NONE',  ( 0.3290975037921824442, 0.4272125432239180509, 0.2905378590509231085 ) ) ;
#2189 = LINE ( 'NONE', #1175, #12642 ) ;
#2191 = DIRECTION ( 'NONE',  ( -1.000000000000000000, 1.937287448275370766E-17, 2.273736754432320595E-13 ) ) ;
#2190 = VECTOR ( 'NONE', #5037, 39.37007874015748143 ) ;
#2192 = ADVANCED_FACE ( 'NONE', ( #11997 ), #4630, .F. ) ;
#2193 = EDGE_CURVE ( 'NONE', #10778, #8576, #4893, .T. ) ;
#2194 = FACE_OUTER_BOUND ( 'NONE', #5101, .T. ) ;
#2195 = CARTESIAN_POINT ( 'NONE',  ( 0.3468140392252720416, 0.1555589999168270066, 0.2062465204682520925 ) ) ;
#2196 = LINE ( 'NONE', #9411, #1151 ) ;
#2197 = DIRECTION ( 'NONE',  ( -3.518308117683323894E-16, 1.000000000000000000, -4.163336342344337027E-16 ) ) ;
#2198 = ORIENTED_EDGE ( 'NONE', *, *, #12501, .T. ) ;
#2199 = CARTESIAN_POINT ( 'NONE',  ( 0.3625620707213383920, 0.3130393148774570644, 0.4062858905469893811 ) ) ;
#2200 = ORIENTED_EDGE ( 'NONE', *, *, #9009, .T. ) ;
#2201 = ORIENTED_EDGE ( 'NONE', *, *, #11267, .T. ) ;
#2202 = FILL_AREA_STYLE_COLOUR ( '', #11957 ) ;
#2203 = ORIENTED_EDGE ( 'NONE', *, *, #3822, .F. ) ;
#2204 = CIRCLE ( 'NONE', #1120, 0.05511811023622047168 ) ;
#2205 = VERTEX_POINT ( 'NONE', #3736 ) ;
#2206 = LINE ( 'NONE', #3475, #10257 ) ;
#2207 = PLANE ( 'NONE',  #12973 ) ;
#2208 = LINE ( 'NONE', #8391, #1776 ) ;
#2209 = DIRECTION ( 'NONE',  ( -1.000000000000000000, -0.0000000000000000000, -0.0000000000000000000 ) ) ;
#2210 = ADVANCED_FACE ( 'NONE', ( #9051 ), #2743, .F. ) ;
#2211 = VECTOR ( 'NONE', #10916, 39.37007874015748143 ) ;
#2212 = VECTOR ( 'NONE', #7643, 39.37007874015748143 ) ;
#2213 = CARTESIAN_POINT ( 'NONE',  ( 0.09484553528826229762, 0.1555589999168269233, 0.3456559692871707390 ) ) ;
#2214 = VECTOR ( 'NONE', #12412, 39.37007874015748143 ) ;
#2215 = DIRECTION ( 'NONE',  ( -1.000000000000000000, 1.937287448275558121E-17, 0.0000000000000000000 ) ) ;
#2216 = DIRECTION ( 'NONE',  ( -1.000000000000000000, -1.408738150179760326E-16, 6.014894242100891138E-18 ) ) ;
#2217 = ORIENTED_EDGE ( 'NONE', *, *, #7723, .T. ) ;
#2218 = LINE ( 'NONE', #8267, #7207 ) ;
#2219 = ORIENTED_EDGE ( 'NONE', *, *, #9937, .F. ) ;
#2220 = VECTOR ( 'NONE', #13117, 39.37007874015748143 ) ;
#2221 = CIRCLE ( 'NONE', #11587, 0.05610236220472444857 ) ;
#2222 = VECTOR ( 'NONE', #11287, 39.37007874015748143 ) ;
#2223 = DIRECTION ( 'NONE',  ( -2.359223927328456662E-16, 3.885780586188047398E-16, 1.000000000000000000 ) ) ;
#2224 = CARTESIAN_POINT ( 'NONE',  ( 0.09287703135124647513, 0.5354802597593411040, 0.4440811661375588248 ) ) ;
#2225 = ORIENTED_EDGE ( 'NONE', *, *, #2775, .F. ) ;
#2226 = ADVANCED_FACE ( 'NONE', ( #12334 ), #7211, .F. ) ;
#2227 = CARTESIAN_POINT ( 'NONE',  ( 0.3310660077292020276, 0.5295747479483139397, 0.4243961267674756233 ) ) ;
#2228 = DIRECTION ( 'NONE',  ( 8.833616147085623967E-14, -8.220413448606447103E-18, 1.000000000000000000 ) ) ;
#2229 = AXIS2_PLACEMENT_3D ( 'NONE', #7728, #5867, #12231 ) ;
#2230 = LINE ( 'NONE', #6370, #2220 ) ;
#2231 = CARTESIAN_POINT ( 'NONE',  ( 0.2405148266268504198, 0.1555589999168270066, 0.2850260480273072439 ) ) ;
#2232 = VECTOR ( 'NONE', #12601, 39.37007874015748143 ) ;
#2233 = VECTOR ( 'NONE', #8363, 39.37007874015748143 ) ;
#2234 =( LENGTH_UNIT ( ) NAMED_UNIT ( * ) SI_UNIT ( $, .METRE. ) );
#2235 = CARTESIAN_POINT ( 'NONE',  ( 0.2405148266268503643, 0.2421731731451662872, 0.2456559692871497225 ) ) ;
#2236 = DIRECTION ( 'NONE',  ( -3.376070039848299626E-16, 1.000000000000000000, -4.302114220422482087E-16 ) ) ;
#2237 = ORIENTED_EDGE ( 'NONE', *, *, #3536, .F. ) ;
#2238 = VERTEX_POINT ( 'NONE', #11657 ) ;
#2239 = CARTESIAN_POINT ( 'NONE',  ( 0.2982576087790692609, 0.2277374776071133811, 0.4138974391034433986 ) ) ;
#2240 = VECTOR ( 'NONE', #11589, 39.37007874015748143 ) ;
#2241 = ORIENTED_EDGE ( 'NONE', *, *, #13458, .F. ) ;
#2242 = AXIS2_PLACEMENT_3D ( 'NONE', #8696, #7685, #11853 ) ;
#2243 = PLANE ( 'NONE',  #7194 ) ;
#2244 = EDGE_CURVE ( 'NONE', #9214, #11413, #4271, .T. ) ;
#2245 = DIRECTION ( 'NONE',  ( 0.0000000000000000000, -1.000000000000000000, 0.0000000000000000000 ) ) ;
#2246 = EDGE_CURVE ( 'NONE', #4058, #7062, #12724, .T. ) ;
#2247 = DIRECTION ( 'NONE',  ( 0.0000000000000000000, 1.000000000000000000, 0.0000000000000000000 ) ) ;
#2248 = CARTESIAN_POINT ( 'NONE',  ( 0.3330345116662202787, 0.3130393148774570644, 0.4062858905469893256 ) ) ;
#2249 = LINE ( 'NONE', #9519, #9128 ) ;
#2250 = VECTOR ( 'NONE', #12524, 39.37007874015748854 ) ;
#2251 = DIRECTION ( 'NONE',  ( -1.608386623408232256E-17, -1.526556658859589750E-16, -1.000000000000000000 ) ) ;
#2252 = ORIENTED_EDGE ( 'NONE', *, *, #3324, .F. ) ;
#2253 = ORIENTED_EDGE ( 'NONE', *, *, #11417, .T. ) ;
#2254 = FILL_AREA_STYLE_COLOUR ( '', #3506 ) ;
#2255 = VECTOR ( 'NONE', #7733, 39.37007874015748143 ) ;
#2256 = CARTESIAN_POINT ( 'NONE',  ( 0.07712899985517100709, 0.7897218048774069521, 0.3456559692871650769 ) ) ;
#2257 = EDGE_CURVE ( 'NONE', #9951, #9348, #1438, .T. ) ;
#2258 = LINE ( 'NONE', #9684, #1024 ) ;
#2259 = CARTESIAN_POINT ( 'NONE',  ( 0.2916959289890400653, 0.1083149054286360186, 0.4893567566887362941 ) ) ;
#2260 = DIRECTION ( 'NONE',  ( 1.937287448275561202E-17, 1.000000000000000000, 8.220413448604590506E-18 ) ) ;
#2261 = DIRECTION ( 'NONE',  ( 3.007447121050438636E-18, 2.498001805406601723E-16, 1.000000000000000000 ) ) ;
#2262 = SURFACE_STYLE_USAGE ( .BOTH. , #5298 ) ;
#2263 = EDGE_LOOP ( 'NONE', ( #121, #5187, #547, #1597 ) ) ;
#2264 = CARTESIAN_POINT ( 'NONE',  ( 0.2326408108788038387, 0.7776062440113159502, 0.3929000637753539693 ) ) ;
#2265 = ORIENTED_EDGE ( 'NONE', *, *, #8224, .F. ) ;
#2266 = UNCERTAINTY_MEASURE_WITH_UNIT (LENGTH_MEASURE( 1.000000000000000082E-05 ), #7585, 'distance_accuracy_value', 'NONE');
#2267 = ORIENTED_EDGE ( 'NONE', *, *, #2302, .T. ) ;
#2268 = AXIS2_PLACEMENT_3D ( 'NONE', #2941, #10022, #2748 ) ;
#2269 = ORIENTED_EDGE ( 'NONE', *, *, #1483, .T. ) ;
#2270 = LENGTH_MEASURE_WITH_UNIT ( LENGTH_MEASURE( 0.02539999999999999897 ), #4031 );
#2271 = EDGE_CURVE ( 'NONE', #3857, #10290, #9075, .T. ) ;
#2272 = ORIENTED_EDGE ( 'NONE', *, *, #2908, .T. ) ;
#2273 = EDGE_CURVE ( 'NONE', #4534, #2148, #1300, .T. ) ;
#2274 = VERTEX_POINT ( 'NONE', #9595 ) ;
#2275 =( LENGTH_UNIT ( ) NAMED_UNIT ( * ) SI_UNIT ( $, .METRE. ) );
#2276 = FACE_OUTER_BOUND ( 'NONE', #4294, .T. ) ;
#2277 = EDGE_CURVE ( 'NONE', #10478, #4009, #9667, .T. ) ;
#2278 = CARTESIAN_POINT ( 'NONE',  ( 0.1558691573355117099, 0.1791810471609002198, 0.4515614810981848359 ) ) ;
#2279 = FACE_OUTER_BOUND ( 'NONE', #13153, .T. ) ;
#2280 = VECTOR ( 'NONE', #12780, 39.37007874015748143 ) ;
#2281 = CARTESIAN_POINT ( 'NONE',  ( 0.2483888423748524532, 0.4272125432239180509, 0.4224276228305008374 ) ) ;
#2282 = PLANE ( 'NONE',  #6451 ) ;
#2283 = CARTESIAN_POINT ( 'NONE',  ( 0.1027195510362847869, 0.1476849841687954135, 0.2180969141690466684 ) ) ;
#2284 = CARTESIAN_POINT ( 'NONE',  ( 0.2326408108788038387, 0.009496007790817656904, 0.4017583314918895532 ) ) ;
#2285 = DIRECTION ( 'NONE',  ( 0.0000000000000000000, 0.0000000000000000000, -1.000000000000000000 ) ) ;
#2286 = ORIENTED_EDGE ( 'NONE', *, *, #871, .T. ) ;
#2287 = PLANE ( 'NONE',  #4128 ) ;
#2288 = EDGE_LOOP ( 'NONE', ( #7760, #12398, #8664, #8128 ) ) ;
#2289 = EDGE_CURVE ( 'NONE', #6391, #11024, #4542, .T. ) ;
#2290 = COLOUR_RGB ( '',0.7607843137254901578, 0.7607843137254901578, 0.0000000000000000000 ) ;
#2291 = CARTESIAN_POINT ( 'NONE',  ( 0.3330345116662203342, 0.1555589999168270621, 0.4102228984210123386 ) ) ;
#2292 = PLANE ( 'NONE',  #1116 ) ;
#2293 = ORIENTED_EDGE ( 'NONE', *, *, #492, .F. ) ;
#2294 = CARTESIAN_POINT ( 'NONE',  ( 0.1145305746583313578, 0.3957164802317839070, 0.2472307724367714676 ) ) ;
#2295 = DIRECTION ( 'NONE',  ( 0.7071067811865474617, 0.7071067811865476838, -1.787619878552794159E-16 ) ) ;
#2296 = DIRECTION ( 'NONE',  ( 1.000000000000000000, 0.0000000000000000000, 0.0000000000000000000 ) ) ;
#2297 = CARTESIAN_POINT ( 'NONE',  ( 0.2405148266268503088, 0.1555589999168270621, 0.4732150244052678034 ) ) ;
#2298 = VERTEX_POINT ( 'NONE', #10687 ) ;
#2299 = DIRECTION ( 'NONE',  ( -1.937287448275561202E-17, -1.000000000000000000, -8.220413448604590506E-18 ) ) ;
#2300 = FACE_OUTER_BOUND ( 'NONE', #13435, .T. ) ;
#2301 = ORIENTED_EDGE ( 'NONE', *, *, #9234, .T. ) ;
#2302 = EDGE_CURVE ( 'NONE', #3493, #8184, #1373, .T. ) ;
#2303 = DIRECTION ( 'NONE',  ( 0.0000000000000000000, 8.220413448604736877E-18, -1.000000000000000000 ) ) ;
#2304 = ORIENTED_EDGE ( 'NONE', *, *, #10535, .F. ) ;
#2305 = ORIENTED_EDGE ( 'NONE', *, *, #191, .T. ) ;
#2306 = AXIS2_PLACEMENT_3D ( 'NONE', #3286, #228, #10585 ) ;
#2307 = DIRECTION ( 'NONE',  ( 3.007447121050438636E-18, 2.498001805406601723E-16, 1.000000000000000000 ) ) ;
#2308 = ORIENTED_EDGE ( 'NONE', *, *, #6437, .T. ) ;
#2309 = DIRECTION ( 'NONE',  ( 0.0000000000000000000, 0.0000000000000000000, 1.000000000000000000 ) ) ;
#2310 = FILL_AREA_STYLE_COLOUR ( '', #6881 ) ;
#2311 = SURFACE_STYLE_USAGE ( .BOTH. , #3322 ) ;
#2312 = DIRECTION ( 'NONE',  ( -1.000000000000000000, 1.937287448275689084E-17, -1.596249935350383925E-13 ) ) ;
#2313 = LINE ( 'NONE', #11654, #3106 ) ;
#2314 = CARTESIAN_POINT ( 'NONE',  ( 0.2483888423748524532, 0.8723989702317377359, 0.3062858905470076665 ) ) ;
#2315 = CARTESIAN_POINT ( 'NONE',  ( 0.2444518345008482307, 0.05713380306641541867, 0.2515614810981877114 ) ) ;
#2316 = VECTOR ( 'NONE', #7149, 39.37007874015748143 ) ;
#2317 = FACE_OUTER_BOUND ( 'NONE', #1889, .T. ) ;
#2318 = DIRECTION ( 'NONE',  ( 1.000000000000000000, 1.408738150179707817E-16, -2.099402731964118323E-14 ) ) ;
#2319 = ORIENTED_EDGE ( 'NONE', *, *, #2874, .F. ) ;
#2320 = ADVANCED_FACE ( 'NONE', ( #8966 ), #12052, .T. ) ;
#2321 = ADVANCED_FACE ( 'NONE', ( #9862 ), #3651, .T. ) ;
#2322 = DIRECTION ( 'NONE',  ( 0.0000000000000000000, 1.000000000000000000, 0.0000000000000000000 ) ) ;
#2323 = ORIENTED_EDGE ( 'NONE', *, *, #2712, .F. ) ;
#2324 = AXIS2_PLACEMENT_3D ( 'NONE', #13252, #12099, #2774 ) ;
#2325 = DIRECTION ( 'NONE',  ( 0.8944271909997124625, 0.4472135955003647134, 4.875037914994279981E-17 ) ) ;
#2326 = SURFACE_SIDE_STYLE ('',( #12939 ) ) ;
#2327 = PRESENTATION_STYLE_ASSIGNMENT (( #4019 ) ) ;
#2328 = LINE ( 'NONE', #281, #11008 ) ;
#2329 = PRODUCT_DEFINITION_SHAPE ( 'NONE', 'NONE',  #1522 ) ;
#2330 = CARTESIAN_POINT ( 'NONE',  ( 0.2326408108788125817, -0.1446865674942330593, 0.2397504574761405161 ) ) ;
#2331 = PLANE ( 'NONE',  #12238 ) ;
#2332 = DIRECTION ( 'NONE',  ( -1.000000000000000000, -1.408738150179760326E-16, 6.014894242100891138E-18 ) ) ;
#2333 = ORIENTED_EDGE ( 'NONE', *, *, #7798, .T. ) ;
#2334 = LINE ( 'NONE', #6478, #7595 ) ;
#2335 = ORIENTED_EDGE ( 'NONE', *, *, #5552, .T. ) ;
#2336 = EDGE_CURVE ( 'NONE', #11968, #11228, #4672, .T. ) ;
#2337 = VERTEX_POINT ( 'NONE', #7815 ) ;
#2338 = VECTOR ( 'NONE', #12635, 39.37007874015748143 ) ;
#2339 = ADVANCED_FACE ( 'NONE', ( #11977 ), #6785, .F. ) ;
#2340 = VERTEX_POINT ( 'NONE', #9177 ) ;
#2341 = DIRECTION ( 'NONE',  ( 1.000000000000000000, 1.174096724532127865E-16, -4.283287147278279229E-17 ) ) ;
#2342 = ORIENTED_EDGE ( 'NONE', *, *, #10854, .T. ) ;
#2343 = EDGE_LOOP ( 'NONE', ( #9281, #7030, #11393, #7252 ) ) ;
#2344 = DIRECTION ( 'NONE',  ( 2.626713979715461236E-16, -3.747002708109903324E-16, -1.000000000000000000 ) ) ;
#2345 = CARTESIAN_POINT ( 'NONE',  ( 0.3330345116662203342, 0.1555589999168271176, 0.4515614810981740668 ) ) ;
#2346 = CARTESIAN_POINT ( 'NONE',  ( 0.2326408108788038387, 0.4575997454093465033, 0.2669158118068502006 ) ) ;
#2347 = VECTOR ( 'NONE', #9457, 39.37007874015748143 ) ;
#2348 = DIRECTION ( 'NONE',  ( -3.376070039848299626E-16, 1.000000000000000000, -4.302114220422482087E-16 ) ) ;
#2349 = DIRECTION ( 'NONE',  ( -0.7071067811865475727, 0.7071067811865473507, -2.410737741626303627E-16 ) ) ;
#2350 = ADVANCED_FACE ( 'NONE', ( #4721 ), #9240, .T. ) ;
#2351 = PRESENTATION_STYLE_ASSIGNMENT (( #3480 ) ) ;
#2352 = DIRECTION ( 'NONE',  ( 3.376070039848299626E-16, -1.000000000000000000, 4.302114220422482087E-16 ) ) ;
#2353 = ORIENTED_EDGE ( 'NONE', *, *, #5156, .F. ) ;
#2354 = ADVANCED_FACE ( 'NONE', ( #951 ), #5190, .F. ) ;
#2355 = ORIENTED_EDGE ( 'NONE', *, *, #3023, .T. ) ;
#2356 = LINE ( 'NONE', #7789, #4569 ) ;
#2357 = ORIENTED_EDGE ( 'NONE', *, *, #9601, .T. ) ;
#2358 =( GEOMETRIC_REPRESENTATION_CONTEXT ( 3 ) GLOBAL_UNCERTAINTY_ASSIGNED_CONTEXT ( ( #2133 ) ) GLOBAL_UNIT_ASSIGNED_CONTEXT ( ( #10315, #12230, #1003 ) ) REPRESENTATION_CONTEXT ( 'NONE', 'WORKASPACE' ) );
#2359 = CARTESIAN_POINT ( 'NONE',  ( 0.3507510470992762364, 0.3957164802317839070, 0.4440811661375588248 ) ) ;
#2360 = ORIENTED_EDGE ( 'NONE', *, *, #8591, .F. ) ;
#2361 =( CONVERSION_BASED_UNIT ( 'INCH', #10738 ) LENGTH_UNIT ( ) NAMED_UNIT ( #864 ) );
#2362 = CARTESIAN_POINT ( 'NONE',  ( 0.2090187636347251854, 0.08862986605855742439, 0.2058921897596044936 ) ) ;
#2363 = CARTESIAN_POINT ( 'NONE',  ( 0.1444518345008675708, 0.05713380306640643974, 0.2515614810981877114 ) ) ;
#2364 = EDGE_CURVE ( 'NONE', #4622, #4614, #9369, .T. ) ;
#2365 = VECTOR ( 'NONE', #11306, 39.37007874015748143 ) ;
#2366 = EDGE_CURVE ( 'NONE', #12938, #3231, #1954, .T. ) ;
#2367 = CARTESIAN_POINT ( 'NONE',  ( 0.3645305746583385464, 0.2776062440113114538, 0.4243961267674801197 ) ) ;
#2368 = ORIENTED_EDGE ( 'NONE', *, *, #4297, .T. ) ;
#2369 = CARTESIAN_POINT ( 'NONE',  ( 0.2090187636347128619, 0.3760314408617060900, 0.2688843157438651765 ) ) ;
#2370 = EDGE_CURVE ( 'NONE', #6993, #12676, #63, .T. ) ;
#2371 = CARTESIAN_POINT ( 'NONE',  ( 0.2129557715087251057, 0.1279999447987060224, 0.4893567566887362941 ) ) ;
#2372 =( LENGTH_UNIT ( ) NAMED_UNIT ( * ) SI_UNIT ( $, .METRE. ) );
#2373 = ORIENTED_EDGE ( 'NONE', *, *, #1740, .T. ) ;
#2374 = LINE ( 'NONE', #8618, #2280 ) ;
#2375 = ORIENTED_EDGE ( 'NONE', *, *, #6178, .T. ) ;
#2376 = ORIENTED_EDGE ( 'NONE', *, *, #3094, .F. ) ;
#2377 = VECTOR ( 'NONE', #506, 39.37007874015748143 ) ;
#2378 = ORIENTED_EDGE ( 'NONE', *, *, #10163, .T. ) ;
#2379 = CARTESIAN_POINT ( 'NONE',  ( 0.2326408108788038387, 0.5728818345624925312, 0.2895536070824406560 ) ) ;
#2380 = FILL_AREA_STYLE_COLOUR ( '', #3445 ) ;
#2381 = CARTESIAN_POINT ( 'NONE',  ( 0.2726091976981875886, 0.009496007790817656904, 0.3850260480273225983 ) ) ;
#2382 = VECTOR ( 'NONE', #1064, 39.37007874015748143 ) ;
#2383 = EDGE_CURVE ( 'NONE', #3443, #5410, #5072, .T. ) ;
#2384 = CARTESIAN_POINT ( 'NONE',  ( 0.2502096806881521918, 0.4681410672949555818, 0.4243961267674801197 ) ) ;
#2385 = CARTESIAN_POINT ( 'NONE',  ( 0.1361841179654072198, 0.5295747479483238207, 0.2688843157438651765 ) ) ;
#2386 = DIRECTION ( 'NONE',  ( 1.000000000000000000, -1.937287448275558121E-17, 0.0000000000000000000 ) ) ;
#2387 = AXIS2_PLACEMENT_3D ( 'NONE', #2691, #4845, #9896 ) ;
#2388 = DIRECTION ( 'NONE',  ( -3.376070039848299626E-16, 1.000000000000000000, -4.302114220422482087E-16 ) ) ;
#2389 = FACE_OUTER_BOUND ( 'NONE', #1612, .T. ) ;
#2390 = PLANE ( 'NONE',  #5222 ) ;
#2391 = ORIENTED_EDGE ( 'NONE', *, *, #7041, .F. ) ;
#2392 = DIRECTION ( 'NONE',  ( 2.865203769218833733E-48, -8.220413448604590506E-18, 1.000000000000000000 ) ) ;
#2393 = ORIENTED_EDGE ( 'NONE', *, *, #8698, .F. ) ;
#2394 = ORIENTED_EDGE ( 'NONE', *, *, #1950, .F. ) ;
#2395 = VECTOR ( 'NONE', #10776, 39.37007874015748143 ) ;
#2396 = VERTEX_POINT ( 'NONE', #1145 ) ;
#2397 = LINE ( 'NONE', #3337, #4588 ) ;
#2398 = ORIENTED_EDGE ( 'NONE', *, *, #3379, .T. ) ;
#2399 = FILL_AREA_STYLE ('',( #8641 ) ) ;
#2400 = CARTESIAN_POINT ( 'NONE',  ( 0.2129557715087250780, 0.09256687393256948782, 0.1901441582635394756 ) ) ;
#2401 = CARTESIAN_POINT ( 'NONE',  ( 0.1090187636347222100, 0.08075585031049740958, 0.4515614810981848914 ) ) ;
#2402 = DIRECTION ( 'NONE',  ( 3.376070039848301106E-16, -1.000000000000000000, 4.302114220422481101E-16 ) ) ;
#2403 = ADVANCED_FACE ( 'NONE', ( #12438 ), #3104, .T. ) ;
#2404 = DIRECTION ( 'NONE',  ( 0.0000000000000000000, 0.0000000000000000000, 1.000000000000000000 ) ) ;
#2405 = CARTESIAN_POINT ( 'NONE',  ( 0.3920896297764415728, 0.05713380306642399514, 0.4873882527517284236 ) ) ;
#2406 = VECTOR ( 'NONE', #6099, 39.37007874015748143 ) ;
#2407 = CARTESIAN_POINT ( 'NONE',  ( 0.4255541967055790908, 0.2972912833813901590, 0.3771520322792893953 ) ) ;
#2408 = EDGE_LOOP ( 'NONE', ( #11713, #10344, #1868, #8247 ) ) ;
#2409 = VERTEX_POINT ( 'NONE', #10328 ) ;
#2410 = ORIENTED_EDGE ( 'NONE', *, *, #7163, .F. ) ;
#2411 = LINE ( 'NONE', #220, #11303 ) ;
#2412 = ORIENTED_EDGE ( 'NONE', *, *, #172, .T. ) ;
#2413 = VERTEX_POINT ( 'NONE', #13456 ) ;
#2414 = VECTOR ( 'NONE', #10797, 39.37007874015748143 ) ;
#2415 = AXIS2_PLACEMENT_3D ( 'NONE', #3450, #8895, #10760 ) ;
#2416 = DIRECTION ( 'NONE',  ( -1.000000000000000000, -3.376070039848302092E-16, -2.359223927328455183E-16 ) ) ;
#2417 = LINE ( 'NONE', #298, #5559 ) ;
#2418 = CARTESIAN_POINT ( 'NONE',  ( 0.2483888423748524532, 0.5295747479483238207, 0.2688843157438651765 ) ) ;
#2419 = DIRECTION ( 'NONE',  ( 1.000000000000000000, 1.316334802367150653E-16, -1.608386623408235030E-17 ) ) ;
#2420 = CARTESIAN_POINT ( 'NONE',  ( 0.2326408108788038387, 0.1988660865309974379, 0.3456559692871650769 ) ) ;
#2421 = EDGE_CURVE ( 'NONE', #6564, #3983, #879, .T. ) ;
#2422 = FACE_OUTER_BOUND ( 'NONE', #8018, .T. ) ;
#2423 = EDGE_CURVE ( 'NONE', #6691, #9791, #6287, .T. ) ;
#2424 = VECTOR ( 'NONE', #379, 39.37007874015748143 ) ;
#2425 = VERTEX_POINT ( 'NONE', #5262 ) ;
#2426 = ORIENTED_EDGE ( 'NONE', *, *, #8979, .F. ) ;
#2427 = DIRECTION ( 'NONE',  ( 1.000000000000000000, -1.937287448275558121E-17, 0.0000000000000000000 ) ) ;
#2428 = VERTEX_POINT ( 'NONE', #9439 ) ;
#2429 = LINE ( 'NONE', #9707, #2424 ) ;
#2430 = CARTESIAN_POINT ( 'NONE',  ( 0.3468140392252719861, 0.1555589999168270621, 0.4062858905469893811 ) ) ;
#2431 = ORIENTED_EDGE ( 'NONE', *, *, #11949, .T. ) ;
#2432 = VECTOR ( 'NONE', #5390, 39.37007874015748143 ) ;
#2433 = VECTOR ( 'NONE', #9939, 39.37007874015748143 ) ;
#2434 = DIRECTION ( 'NONE',  ( -5.273376169246161374E-17, 0.7071067811865473507, 0.7071067811865476838 ) ) ;
#2435 = SURFACE_STYLE_USAGE ( .BOTH. , #9710 ) ;
#2436 = AXIS2_PLACEMENT_3D ( 'NONE', #9716, #5670, #4664 ) ;
#2437 = CARTESIAN_POINT ( 'NONE',  ( 0.2326408108788161344, 0.1476849841687954412, 0.4180969141690438762 ) ) ;
#2438 = EDGE_CURVE ( 'NONE', #9586, #4666, #11286, .T. ) ;
#2439 = LINE ( 'NONE', #11641, #12002 ) ;
#2440 = DIRECTION ( 'NONE',  ( 0.0000000000000000000, 1.000000000000000000, 0.0000000000000000000 ) ) ;
#2441 = VECTOR ( 'NONE', #1063, 39.37007874015748143 ) ;
#2442 = DIMENSIONAL_EXPONENTS ( 1.000000000000000000, 0.0000000000000000000, 0.0000000000000000000, 0.0000000000000000000, 0.0000000000000000000, 0.0000000000000000000, 0.0000000000000000000 ) ;
#2443 = MECHANICAL_DESIGN_GEOMETRIC_PRESENTATION_REPRESENTATION (  '', ( #8720 ), #6551 ) ;
#2444 = VECTOR ( 'NONE', #2754, 39.37007874015748143 ) ;
#2445 = CARTESIAN_POINT ( 'NONE',  ( 0.1027195510362846897, 0.1555589999168270343, 0.4732150244052678034 ) ) ;
#2446 = FACE_OUTER_BOUND ( 'NONE', #590, .T. ) ;
#2447 = EDGE_LOOP ( 'NONE', ( #6302, #11478, #7930, #1910 ) ) ;
#2448 = DIRECTION ( 'NONE',  ( -0.0000000000000000000, -1.000000000000000000, -0.0000000000000000000 ) ) ;
#2449 = ORIENTED_EDGE ( 'NONE', *, *, #5523, .T. ) ;
#2450 = ORIENTED_EDGE ( 'NONE', *, *, #11281, .F. ) ;
#2451 = EDGE_CURVE ( 'NONE', #6299, #10373, #3232, .T. ) ;
#2452 = DIRECTION ( 'NONE',  ( 0.0000000000000000000, 0.0000000000000000000, 1.000000000000000000 ) ) ;
#2453 = ADVANCED_FACE ( 'NONE', ( #2979 ), #13390, .T. ) ;
#2454 = VERTEX_POINT ( 'NONE', #4589 ) ;
#2455 =( NAMED_UNIT ( * ) PLANE_ANGLE_UNIT ( ) SI_UNIT ( $, .RADIAN. ) );
#2456 = DIRECTION ( 'NONE',  ( 1.000000000000000000, 0.0000000000000000000, 0.0000000000000000000 ) ) ;
#2457 = AXIS2_PLACEMENT_3D ( 'NONE', #6684, #504, #12756 ) ;
#2458 =( CONVERSION_BASED_UNIT ( 'INCH', #7609 ) LENGTH_UNIT ( ) NAMED_UNIT ( #11049 ) );
#2459 = EDGE_CURVE ( 'NONE', #8504, #3906, #12833, .T. ) ;
#2460 = VECTOR ( 'NONE', #1277, 39.37007874015748143 ) ;
#2461 = VECTOR ( 'NONE', #4492, 39.37007874015748143 ) ;
#2462 = DIRECTION ( 'NONE',  ( -0.8944271909998483538, 0.4472135955000930974, -5.388384191815303188E-17 ) ) ;
#2463 = DIRECTION ( 'NONE',  ( 0.0000000000000000000, -1.000000000000000000, 0.0000000000000000000 ) ) ;
#2464 = CARTESIAN_POINT ( 'NONE',  ( 0.2326408108788161344, 0.1476849841687954412, 0.3456559692871707390 ) ) ;
#2465 = DIRECTION ( 'NONE',  ( -0.5773502691896278405, -0.5773502691896216232, -0.5773502691896278405 ) ) ;
#2466 =( CONVERSION_BASED_UNIT ( 'INCH', #1502 ) LENGTH_UNIT ( ) NAMED_UNIT ( #3555 ) );
#2467 = CARTESIAN_POINT ( 'NONE',  ( 0.2385463226898389133, -0.07278745677610241882, 0.4397504574761376683 ) ) ;
#2468 = EDGE_LOOP ( 'NONE', ( #308, #1002, #11073, #5604, #10319, #11082, #5563, #5231 ) ) ;
#2469 = VECTOR ( 'NONE', #10754, 39.37007874015748143 ) ;
#2470 = CARTESIAN_POINT ( 'NONE',  ( 0.2267352990677845015, -0.07278745677610241882, 0.4515614810981849470 ) ) ;
#2471 = VECTOR ( 'NONE', #11671, 39.37007874015748143 ) ;
#2472 = VERTEX_POINT ( 'NONE', #383 ) ;
#2473 = ORIENTED_EDGE ( 'NONE', *, *, #4313, .T. ) ;
#2474 = EDGE_CURVE ( 'NONE', #6642, #8821, #7727, .T. ) ;
#2475 = ORIENTED_EDGE ( 'NONE', *, *, #9512, .F. ) ;
#2476 = LINE ( 'NONE', #5566, #8048 ) ;
#2477 = DIRECTION ( 'NONE',  ( -4.283287147278277996E-17, -1.665334536937734318E-16, -1.000000000000000000 ) ) ;
#2478 = ORIENTED_EDGE ( 'NONE', *, *, #7380, .T. ) ;
#2479 = FILL_AREA_STYLE_COLOUR ( '', #10937 ) ;
#2480 = DIRECTION ( 'NONE',  ( -1.408738150179760326E-16, 1.000000000000000000, -3.469446951953614189E-16 ) ) ;
#2481 = AXIS2_PLACEMENT_3D ( 'NONE', #4151, #12283, #10425 ) ;
#2482 = CARTESIAN_POINT ( 'NONE',  ( 0.2326408108788161344, 0.1555589999168269788, 0.4554984889722087371 ) ) ;
#2483 = LINE ( 'NONE', #5508, #5398 ) ;
#2484 = VERTEX_POINT ( 'NONE', #6430 ) ;
#2485 = ORIENTED_EDGE ( 'NONE', *, *, #6152, .F. ) ;
#2486 = EDGE_LOOP ( 'NONE', ( #1960, #7941, #5500, #11978 ) ) ;
#2487 = ORIENTED_EDGE ( 'NONE', *, *, #7936, .F. ) ;
#2488 = ADVANCED_FACE ( 'NONE', ( #10536 ), #5466, .F. ) ;
#2489 = VECTOR ( 'NONE', #4008, 39.37007874015748143 ) ;
#2490 = EDGE_LOOP ( 'NONE', ( #5017, #6540, #2391, #11873 ) ) ;
#2491 = LINE ( 'NONE', #10784, #57 ) ;
#2492 = CARTESIAN_POINT ( 'NONE',  ( 0.07319199198116600746, 0.08862986605855729949, 0.2078606936966139462 ) ) ;
#2493 = DIRECTION ( 'NONE',  ( -3.007447121050438636E-18, -2.498001805406601723E-16, -1.000000000000000000 ) ) ;
#2494 = CARTESIAN_POINT ( 'NONE',  ( 0.2326408108788038387, 0.5728818345624925312, 0.4007740795233855624 ) ) ;
#2495 = LINE ( 'NONE', #7576, #2969 ) ;
#2496 = DIRECTION ( 'NONE',  ( -1.937287448275561202E-17, -1.000000000000000000, -8.220413448604590506E-18 ) ) ;
#2497 = VECTOR ( 'NONE', #5336, 39.37007874015748143 ) ;
#2498 =( NAMED_UNIT ( * ) PLANE_ANGLE_UNIT ( ) SI_UNIT ( $, .RADIAN. ) );
#2499 = ORIENTED_EDGE ( 'NONE', *, *, #11181, .F. ) ;
#2500 = VERTEX_POINT ( 'NONE', #8676 ) ;
#2501 = DIRECTION ( 'NONE',  ( 3.518308117683322415E-16, -1.000000000000000000, 4.163336342344337027E-16 ) ) ;
#2502 = ORIENTED_EDGE ( 'NONE', *, *, #11298, .F. ) ;
#2503 = EDGE_CURVE ( 'NONE', #10233, #326, #11766, .T. ) ;
#2504 = ADVANCED_FACE ( 'NONE', ( #10602 ), #9496, .F. ) ;
#2505 = PLANE ( 'NONE',  #6743 ) ;
#2506 = FACE_OUTER_BOUND ( 'NONE', #11414, .T. ) ;
#2507 = VECTOR ( 'NONE', #10891, 39.37007874015748143 ) ;
#2508 = ORIENTED_EDGE ( 'NONE', *, *, #11386, .F. ) ;
#2509 = LINE ( 'NONE', #7589, #10718 ) ;
#2510 = SURFACE_STYLE_FILL_AREA ( #9573 ) ;
#2511 = CARTESIAN_POINT ( 'NONE',  ( 0.1444518345008675153, 0.05713380306640647444, 0.4515614810981848914 ) ) ;
#2512 = PRESENTATION_LAYER_ASSIGNMENT (  '', '', ( #10323 ) ) ;
#2513 = DIRECTION ( 'NONE',  ( 0.5773502691896258421, 0.5773502691896263972, -0.5773502691896251759 ) ) ;
#2514 =( NAMED_UNIT ( * ) PLANE_ANGLE_UNIT ( ) SI_UNIT ( $, .RADIAN. ) );
#2515 = VERTEX_POINT ( 'NONE', #11639 ) ;
#2516 = VERTEX_POINT ( 'NONE', #2294 ) ;
#2517 = FACE_OUTER_BOUND ( 'NONE', #12783, .T. ) ;
#2518 = EDGE_CURVE ( 'NONE', #13002, #1507, #1273, .T. ) ;
#2519 = ORIENTED_EDGE ( 'NONE', *, *, #9922, .F. ) ;
#2520 = VERTEX_POINT ( 'NONE', #4385 ) ;
#2521 = LINE ( 'NONE', #4533, #9367 ) ;
#2522 = FACE_OUTER_BOUND ( 'NONE', #3173, .T. ) ;
#2523 = PLANE ( 'NONE',  #1886 ) ;
#2524 = DIRECTION ( 'NONE',  ( 0.0000000000000000000, 0.0000000000000000000, 1.000000000000000000 ) ) ;
#2525 = CARTESIAN_POINT ( 'NONE',  ( 0.3562628581229011493, 0.08862986605856644495, 0.2515614810981769423 ) ) ;
#2526 = FACE_OUTER_BOUND ( 'NONE', #106, .T. ) ;
#2527 = EDGE_CURVE ( 'NONE', #3580, #9724, #9571, .T. ) ;
#2528 = EDGE_CURVE ( 'NONE', #7353, #10726, #8545, .T. ) ;
#2529 = LINE ( 'NONE', #5557, #13250 ) ;
#2530 = LINE ( 'NONE', #6788, #1549 ) ;
#2531 = FACE_OUTER_BOUND ( 'NONE', #8431, .T. ) ;
#2532 = VERTEX_POINT ( 'NONE', #1420 ) ;
#2533 = DIRECTION ( 'NONE',  ( 1.000000000000000000, 1.174096724532128111E-16, -4.283287147278279845E-17 ) ) ;
#2534 = EDGE_CURVE ( 'NONE', #5873, #543, #1545, .T. ) ;
#2535 = ORIENTED_EDGE ( 'NONE', *, *, #9803, .F. ) ;
#2536 = ORIENTED_EDGE ( 'NONE', *, *, #3466, .T. ) ;
#2537 = VERTEX_POINT ( 'NONE', #6902 ) ;
#2538 = DIMENSIONAL_EXPONENTS ( 1.000000000000000000, 0.0000000000000000000, 0.0000000000000000000, 0.0000000000000000000, 0.0000000000000000000, 0.0000000000000000000, 0.0000000000000000000 ) ;
#2539 = FILL_AREA_STYLE_COLOUR ( '', #4792 ) ;
#2540 = LINE ( 'NONE', #4890, #6781 ) ;
#2541 =( CONVERSION_BASED_UNIT ( 'INCH', #1389 ) LENGTH_UNIT ( ) NAMED_UNIT ( #5805 ) );
#2542 = AXIS2_PLACEMENT_3D ( 'NONE', #8376, #5227, #9408 ) ;
#2543 = CARTESIAN_POINT ( 'NONE',  ( 0.3842156140284139210, 0.1555589999168269233, 0.1901441582635313432 ) ) ;
#2544 = CARTESIAN_POINT ( 'NONE',  ( 0.1558691573354938353, 0.3681574251136630616, 0.2515614810981877114 ) ) ;
#2545 = DIRECTION ( 'NONE',  ( -1.000000000000000000, 1.937287448275558121E-17, 0.0000000000000000000 ) ) ;
#2546 = ADVANCED_FACE ( 'NONE', ( #6966, #1731 ), #6837, .T. ) ;
#2547 = EDGE_CURVE ( 'NONE', #6145, #5459, #3632, .T. ) ;
#2548 = DIRECTION ( 'NONE',  ( 0.0000000000000000000, 0.0000000000000000000, -1.000000000000000000 ) ) ;
#2549 = ORIENTED_EDGE ( 'NONE', *, *, #9249, .F. ) ;
#2550 = ORIENTED_EDGE ( 'NONE', *, *, #11928, .T. ) ;
#2551 = EDGE_LOOP ( 'NONE', ( #7680, #309, #2304, #11986, #8327, #5083, #8468, #5062, #1775, #2878 ) ) ;
#2552 = ORIENTED_EDGE ( 'NONE', *, *, #5490, .T. ) ;
#2553 =( GEOMETRIC_REPRESENTATION_CONTEXT ( 3 ) GLOBAL_UNCERTAINTY_ASSIGNED_CONTEXT ( ( #3724 ) ) GLOBAL_UNIT_ASSIGNED_CONTEXT ( ( #140, #11590, #12836 ) ) REPRESENTATION_CONTEXT ( 'NONE', 'WORKASPACE' ) );
#2554 = CLOSED_SHELL ( 'NONE', ( #10096, #8606, #7503, #5538, #7508, #11367, #14, #1647, #10573 ) ) ;
#2555 = VERTEX_POINT ( 'NONE', #9843 ) ;
#2556 = LINE ( 'NONE', #12952, #12859 ) ;
#2557 = CARTESIAN_POINT ( 'NONE',  ( 0.3090187636347014322, 0.08075585031051536744, 0.4397504574761375573 ) ) ;
#2558 = LINE ( 'NONE', #3749, #6484 ) ;
#2559 = PLANE ( 'NONE',  #1656 ) ;
#2560 = LINE ( 'NONE', #439, #9287 ) ;
#2561 = STYLED_ITEM ( 'NONE', ( #1163 ), #1604 ) ;
#2562 = EDGE_CURVE ( 'NONE', #7919, #4763, #11717, .T. ) ;
#2563 = MECHANICAL_DESIGN_GEOMETRIC_PRESENTATION_REPRESENTATION (  '', ( #6668 ), #7535 ) ;
#2564 = CARTESIAN_POINT ( 'NONE',  ( 0.2877589211150278770, 0.1988660865309964110, 0.1684906149564564526 ) ) ;
#2565 = ORIENTED_EDGE ( 'NONE', *, *, #12389, .F. ) ;
#2566 = CARTESIAN_POINT ( 'NONE',  ( 0.07319199198118010730, 0.1476849841687954135, 0.3456559692871707390 ) ) ;
#2567 = ORIENTED_EDGE ( 'NONE', *, *, #24, .T. ) ;
#2568 = DIRECTION ( 'NONE',  ( 0.4472135955002294883, -0.8944271909997801862, 1.293464547804905723E-16 ) ) ;
#2569 = ORIENTED_EDGE ( 'NONE', *, *, #11928, .F. ) ;
#2570 = VECTOR ( 'NONE', #11420, 39.37007874015748143 ) ;
#2571 = DIRECTION ( 'NONE',  ( 0.0000000000000000000, 8.220413448604736877E-18, -1.000000000000000000 ) ) ;
#2572 = ORIENTED_EDGE ( 'NONE', *, *, #3712, .F. ) ;
#2573 = CARTESIAN_POINT ( 'NONE',  ( 0.05547545654809511728, 0.05713380306642412698, 0.1842386464525194445 ) ) ;
#2574 = DIRECTION ( 'NONE',  ( 1.316334802367150653E-16, -1.000000000000000000, 1.526556658859589750E-16 ) ) ;
#2575 = FACE_OUTER_BOUND ( 'NONE', #3351, .T. ) ;
#2576 = DIRECTION ( 'NONE',  ( 0.0000000000000000000, 0.0000000000000000000, 1.000000000000000000 ) ) ;
#2577 = EDGE_CURVE ( 'NONE', #10730, #12187, #13248, .T. ) ;
#2578 =( GEOMETRIC_REPRESENTATION_CONTEXT ( 3 ) GLOBAL_UNCERTAINTY_ASSIGNED_CONTEXT ( ( #12480 ) ) GLOBAL_UNIT_ASSIGNED_CONTEXT ( ( #5631, #7700, #7430 ) ) REPRESENTATION_CONTEXT ( 'NONE', 'WORKASPACE' ) );
#2579 = CARTESIAN_POINT ( 'NONE',  ( 0.2326408108788038387, 0.1949290786569807254, 0.3102228984210197438 ) ) ;
#2580 = DIRECTION ( 'NONE',  ( -0.5773502691896258421, 0.5773502691896257311, 0.5773502691896256200 ) ) ;
#2581 = ORIENTED_EDGE ( 'NONE', *, *, #8512, .T. ) ;
#2582 = DIRECTION ( 'NONE',  ( -1.592530379361729240E-34, -8.220413448604590506E-18, 1.000000000000000000 ) ) ;
#2583 = ORIENTED_EDGE ( 'NONE', *, *, #8305, .F. ) ;
#2584 = ORIENTED_EDGE ( 'NONE', *, *, #9548, .T. ) ;
#2585 = SURFACE_STYLE_FILL_AREA ( #8824 ) ;
#2586 = AXIS2_PLACEMENT_3D ( 'NONE', #10111, #3766, #12034 ) ;
#2587 = LENGTH_MEASURE_WITH_UNIT ( LENGTH_MEASURE( 0.02539999999999999897 ), #10949 );
#2588 = DIRECTION ( 'NONE',  ( 1.000000000000000000, 0.0000000000000000000, 0.0000000000000000000 ) ) ;
#2589 = EDGE_CURVE ( 'NONE', #9123, #10795, #521, .T. ) ;
#2590 = DIRECTION ( 'NONE',  ( 0.4472135955000934859, -0.8944271909998480208, 4.898503433089535865E-16 ) ) ;
#2591 = EDGE_CURVE ( 'NONE', #315, #10609, #655, .T. ) ;
#2592 = DIRECTION ( 'NONE',  ( -1.000000000000000000, -3.376070039848302092E-16, -2.359223927328455183E-16 ) ) ;
#2593 = VERTEX_POINT ( 'NONE', #5940 ) ;
#2594 = CARTESIAN_POINT ( 'NONE',  ( 0.3468140392252718751, 0.3130393148774570644, 0.4062465204682491615 ) ) ;
#2595 = CARTESIAN_POINT ( 'NONE',  ( 0.1027195510362846897, 0.1555589999168270066, 0.4515614810981740113 ) ) ;
#2596 = VECTOR ( 'NONE', #1989, 39.37007874015748143 ) ;
#2597 = EDGE_LOOP ( 'NONE', ( #745, #12452, #9317, #2172, #7980, #10033, #4110 ) ) ;
#2598 = LINE ( 'NONE', #7893, #3993 ) ;
#2599 = ORIENTED_EDGE ( 'NONE', *, *, #274, .T. ) ;
#2600 = ORIENTED_EDGE ( 'NONE', *, *, #7724, .F. ) ;
#2601 = ORIENTED_EDGE ( 'NONE', *, *, #6731, .F. ) ;
#2602 = FILL_AREA_STYLE_COLOUR ( '', #9811 ) ;
#2603 = CARTESIAN_POINT ( 'NONE',  ( 0.3704360864693551081, 0.08862986605855716071, 0.4991992763737758132 ) ) ;
#2604 = ORIENTED_EDGE ( 'NONE', *, *, #12363, .F. ) ;
#2605 = FACE_OUTER_BOUND ( 'NONE', #8159, .T. ) ;
#2606 = VECTOR ( 'NONE', #7543, 39.37007874015748143 ) ;
#2607 = DIRECTION ( 'NONE',  ( -1.937287448275561202E-17, -1.000000000000000000, -8.220413448604590506E-18 ) ) ;
#2608 = EDGE_CURVE ( 'NONE', #6010, #6198, #13112, .T. ) ;
#2609 = CARTESIAN_POINT ( 'NONE',  ( 0.3625620707213385585, 0.1476849841687954967, 0.4732150244052678589 ) ) ;
#2610 = CARTESIAN_POINT ( 'NONE',  ( 0.1090187636347220990, 0.08862986605856644495, 0.4515614810981740668 ) ) ;
#2611 = ORIENTED_EDGE ( 'NONE', *, *, #8053, .T. ) ;
#2612 = COLOUR_RGB ( '',0.7607843137254901578, 0.7607843137254901578, 0.0000000000000000000 ) ;
#2613 = ORIENTED_EDGE ( 'NONE', *, *, #13098, .T. ) ;
#2614 = EDGE_LOOP ( 'NONE', ( #5808, #10215, #11814, #12815 ) ) ;
#2615 = AXIS2_PLACEMENT_3D ( 'NONE', #3951, #919, #6134 ) ;
#2616 = ORIENTED_EDGE ( 'NONE', *, *, #5207, .F. ) ;
#2617 = DIRECTION ( 'NONE',  ( -0.7071067811865513475, 0.7071067811865436870, 0.0000000000000000000 ) ) ;
#2618 = EDGE_CURVE ( 'NONE', #481, #357, #11960, .T. ) ;
#2619 = LINE ( 'NONE', #10847, #2211 ) ;
#2620 = ADVANCED_FACE ( 'NONE', ( #736 ), #13039, .T. ) ;
#2621 = LINE ( 'NONE', #7068, #13195 ) ;
#2622 = CARTESIAN_POINT ( 'NONE',  ( 0.2090187636347128619, 0.1988660865309974379, 0.4007740795234070452 ) ) ;
#2623 = VECTOR ( 'NONE', #9730, 39.37007874015748143 ) ;
#2624 = FILL_AREA_STYLE_COLOUR ( '', #8822 ) ;
#2625 = CARTESIAN_POINT ( 'NONE',  ( 0.0000000000000000000, 0.0000000000000000000, 0.0000000000000000000 ) ) ;
#2626 = EDGE_CURVE ( 'NONE', #632, #10862, #1666, .T. ) ;
#2627 = FACE_OUTER_BOUND ( 'NONE', #2551, .T. ) ;
#2628 = FILL_AREA_STYLE ('',( #1535 ) ) ;
#2629 = ORIENTED_EDGE ( 'NONE', *, *, #12101, .F. ) ;
#2630 = CARTESIAN_POINT ( 'NONE',  ( 0.2405148266268503088, 0.1555589999168270621, 0.4850260480273043129 ) ) ;
#2631 = ORIENTED_EDGE ( 'NONE', *, *, #3595, .F. ) ;
#2632 = ORIENTED_EDGE ( 'NONE', *, *, #2162, .F. ) ;
#2633 = DIRECTION ( 'NONE',  ( 1.174096724532128111E-16, -1.000000000000000000, 1.665334536937734071E-16 ) ) ;
#2634 = ORIENTED_EDGE ( 'NONE', *, *, #6218, .F. ) ;
#2635 = VECTOR ( 'NONE', #9245, 39.37007874015748143 ) ;
#2636 = DIRECTION ( 'NONE',  ( 3.518308117683322415E-16, -1.000000000000000000, 4.163336342344337027E-16 ) ) ;
#2637 = EDGE_CURVE ( 'NONE', #4851, #2760, #5732, .T. ) ;
#2638 = EDGE_LOOP ( 'NONE', ( #5284, #9677, #442, #5051 ) ) ;
#2639 = DIRECTION ( 'NONE',  ( 0.0000000000000000000, 0.0000000000000000000, -1.000000000000000000 ) ) ;
#2640 = VECTOR ( 'NONE', #7522, 39.37007874015748143 ) ;
#2641 = VECTOR ( 'NONE', #5456, 39.37007874015748143 ) ;
#2642 = LINE ( 'NONE', #4392, #455 ) ;
#2643 = DIRECTION ( 'NONE',  ( -1.000000000000000000, -1.408738150179760326E-16, 6.014894242100891138E-18 ) ) ;
#2644 = ORIENTED_EDGE ( 'NONE', *, *, #4071, .T. ) ;
#2645 = VERTEX_POINT ( 'NONE', #3894 ) ;
#2646 = LENGTH_MEASURE_WITH_UNIT ( LENGTH_MEASURE( 0.02539999999999999897 ), #11215 );
#2647 = ORIENTED_EDGE ( 'NONE', *, *, #8764, .T. ) ;
#2648 = CIRCLE ( 'NONE', #1763, 0.09251968503937006705 ) ;
#2649 = ADVANCED_FACE ( 'NONE', ( #8942 ), #9014, .F. ) ;
#2650 =( NAMED_UNIT ( * ) SI_UNIT ( $, .STERADIAN. ) SOLID_ANGLE_UNIT ( ) );
#2651 = PLANE ( 'NONE',  #3964 ) ;
#2652 = VECTOR ( 'NONE', #12379, 39.37007874015748143 ) ;
#2653 =( NAMED_UNIT ( * ) PLANE_ANGLE_UNIT ( ) SI_UNIT ( $, .RADIAN. ) );
#2654 = VECTOR ( 'NONE', #10221, 39.37007874015748143 ) ;
#2655 = VECTOR ( 'NONE', #3911, 39.37007874015748143 ) ;
#2656 = VECTOR ( 'NONE', #2318, 39.37007874015748143 ) ;
#2657 = VERTEX_POINT ( 'NONE', #2573 ) ;
#2658 = CARTESIAN_POINT ( 'NONE',  ( 0.1893337242646341567, 0.1988660865309974379, 0.2236087251926805186 ) ) ;
#2659 = CARTESIAN_POINT ( 'NONE',  ( 0.2483888423748524532, 0.3583149054286423607, 0.4007740795234070452 ) ) ;
#2660 =( CONVERSION_BASED_UNIT ( 'INCH', #9931 ) LENGTH_UNIT ( ) NAMED_UNIT ( #7555 ) );
#2661 = EDGE_LOOP ( 'NONE', ( #9752, #2930, #2308, #8776 ) ) ;
#2662 = UNCERTAINTY_MEASURE_WITH_UNIT (LENGTH_MEASURE( 1.000000000000000082E-05 ), #13094, 'distance_accuracy_value', 'NONE');
#2663 = DIRECTION ( 'NONE',  ( 1.000000000000000000, 0.0000000000000000000, 0.0000000000000000000 ) ) ;
#2664 = ORIENTED_EDGE ( 'NONE', *, *, #4909, .T. ) ;
#2665 = EDGE_LOOP ( 'NONE', ( #7106, #9266, #4530, #10732, #1005 ) ) ;
#2666 = ADVANCED_FACE ( 'NONE', ( #13180, #2707 ), #9973, .T. ) ;
#2667 = VECTOR ( 'NONE', #10791, 39.37007874015748143 ) ;
#2668 = ADVANCED_FACE ( 'NONE', ( #795 ), #7931, .T. ) ;
#2669 = COLOUR_RGB ( '',0.7607843137254901578, 0.7607843137254901578, 0.0000000000000000000 ) ;
#2670 =( LENGTH_UNIT ( ) NAMED_UNIT ( * ) SI_UNIT ( $, .METRE. ) );
#2671 = DIRECTION ( 'NONE',  ( -0.5547001962252282592, 0.0000000000000000000, 0.8320502943378441651 ) ) ;
#2672 = DIRECTION ( 'NONE',  ( 4.283287147278277380E-17, 1.665334536937734071E-16, 1.000000000000000000 ) ) ;
#2673 = CARTESIAN_POINT ( 'NONE',  ( 0.09484553528826229762, 0.1555589999168269788, 0.4554984889722087371 ) ) ;
#2674 = CARTESIAN_POINT ( 'NONE',  ( 0.1145305746583313578, 0.5571338030664260144, 0.2472307724367714676 ) ) ;
#2675 = DIRECTION ( 'NONE',  ( 1.000000000000000000, 3.376070039848300612E-16, 2.359223927328455183E-16 ) ) ;
#2676 = STYLED_ITEM ( 'NONE', ( #5643 ), #7087 ) ;
#2677 = VECTOR ( 'NONE', #7429, 39.37007874015748143 ) ;
#2678 = VERTEX_POINT ( 'NONE', #7242 ) ;
#2679 = ORIENTED_EDGE ( 'NONE', *, *, #8959, .T. ) ;
#2680 = EDGE_LOOP ( 'NONE', ( #2794, #4883, #10403 ) ) ;
#2681 = ORIENTED_EDGE ( 'NONE', *, *, #292, .F. ) ;
#2682 = EDGE_CURVE ( 'NONE', #2500, #3343, #11415, .T. ) ;
#2683 = ORIENTED_EDGE ( 'NONE', *, *, #649, .T. ) ;
#2684 = CARTESIAN_POINT ( 'NONE',  ( 0.2326408108788038387, 0.3760314408617050908, 0.5011677803107907891 ) ) ;
#2685 = LINE ( 'NONE', #5640, #6763 ) ;
#2686 = VECTOR ( 'NONE', #12520, 39.37007874015748143 ) ;
#2687 = CARTESIAN_POINT ( 'NONE',  ( 0.1558691573354938631, 0.2421731731451573777, 0.2515614810981877114 ) ) ;
#2688 = AXIS2_PLACEMENT_3D ( 'NONE', #9666, #4470, #142 ) ;
#2689 = PLANE ( 'NONE',  #858 ) ;
#2690 = FACE_OUTER_BOUND ( 'NONE', #7383, .T. ) ;
#2691 = CARTESIAN_POINT ( 'NONE',  ( 0.0000000000000000000, 0.1220472440944881942, 0.0000000000000000000 ) ) ;
#2692 =( NAMED_UNIT ( * ) SI_UNIT ( $, .STERADIAN. ) SOLID_ANGLE_UNIT ( ) );
#2693 = ORIENTED_EDGE ( 'NONE', *, *, #8823, .T. ) ;
#2694 = LINE ( 'NONE', #6751, #10267 ) ;
#2695 = EDGE_CURVE ( 'NONE', #6644, #8579, #3152, .T. ) ;
#2696 = CARTESIAN_POINT ( 'NONE',  ( 0.2405148266268504198, 0.1555589999168270066, 0.2456559692871497225 ) ) ;
#2697 = ORIENTED_EDGE ( 'NONE', *, *, #11665, .F. ) ;
#2698 = PLANE ( 'NONE',  #11783 ) ;
#2699 = ADVANCED_FACE ( 'NONE', ( #7166 ), #860, .F. ) ;
#2700 = VECTOR ( 'NONE', #3522, 39.37007874015748143 ) ;
#2701 = VERTEX_POINT ( 'NONE', #5249 ) ;
#2702 = ORIENTED_EDGE ( 'NONE', *, *, #2835, .T. ) ;
#2703 = EDGE_CURVE ( 'NONE', #9885, #9640, #12485, .T. ) ;
#2704 = SURFACE_STYLE_FILL_AREA ( #7034 ) ;
#2705 = LINE ( 'NONE', #578, #4800 ) ;
#2706 = ORIENTED_EDGE ( 'NONE', *, *, #4208, .T. ) ;
#2707 = FACE_BOUND ( 'NONE', #11094, .T. ) ;
#2708 = CARTESIAN_POINT ( 'NONE',  ( 0.2326408108788038387, 0.2776062440113114538, 0.3456559692871650769 ) ) ;
#2709 = DIRECTION ( 'NONE',  ( 0.0000000000000000000, 1.000000000000000000, 0.0000000000000000000 ) ) ;
#2710 = CARTESIAN_POINT ( 'NONE',  ( 0.07319199198118010730, 0.1476849841687954412, 0.4358134496021299764 ) ) ;
#2711 = LINE ( 'NONE', #7107, #13297 ) ;
#2712 = EDGE_CURVE ( 'NONE', #13314, #7557, #4987, .T. ) ;
#2713 = DIMENSIONAL_EXPONENTS ( 1.000000000000000000, 0.0000000000000000000, 0.0000000000000000000, 0.0000000000000000000, 0.0000000000000000000, 0.0000000000000000000, 0.0000000000000000000 ) ;
#2714 = DIRECTION ( 'NONE',  ( -1.000000000000000000, 0.0000000000000000000, 1.100068545741414404E-14 ) ) ;
#2715 = CARTESIAN_POINT ( 'NONE',  ( 0.2483888423748524532, 0.3583149054286423607, 0.2669158118068501451 ) ) ;
#2716 = ORIENTED_EDGE ( 'NONE', *, *, #8550, .T. ) ;
#2717 = EDGE_LOOP ( 'NONE', ( #12808, #4239 ) ) ;
#2718 = VECTOR ( 'NONE', #2663, 39.37007874015748143 ) ;
#2719 = FACE_OUTER_BOUND ( 'NONE', #7057, .T. ) ;
#2720 = VERTEX_POINT ( 'NONE', #1862 ) ;
#2721 = DIRECTION ( 'NONE',  ( -1.937287448275560894E-17, -1.000000000000000000, -8.220413448604736877E-18 ) ) ;
#2722 = FACE_OUTER_BOUND ( 'NONE', #7596, .T. ) ;
#2723 = PRESENTATION_STYLE_ASSIGNMENT (( #12049 ) ) ;
#2724 = FACE_OUTER_BOUND ( 'NONE', #7125, .T. ) ;
#2725 = LENGTH_MEASURE_WITH_UNIT ( LENGTH_MEASURE( 0.02539999999999999897 ), #7883 );
#2726 = DIRECTION ( 'NONE',  ( -1.316334802367150653E-16, 1.000000000000000000, -1.526556658859589750E-16 ) ) ;
#2727 = DIRECTION ( 'NONE',  ( 0.0000000000000000000, 0.0000000000000000000, 1.000000000000000000 ) ) ;
#2728 = VECTOR ( 'NONE', #4327, 39.37007874015748143 ) ;
#2729 = CARTESIAN_POINT ( 'NONE',  ( 0.1562628581229040525, 0.08075585031049736795, 0.2397504574761404883 ) ) ;
#2730 = ORIENTED_EDGE ( 'NONE', *, *, #871, .F. ) ;
#2731 = CARTESIAN_POINT ( 'NONE',  ( 0.3645305746583385464, 0.3760314408617050908, 0.5011677803107907891 ) ) ;
#2732 = PLANE ( 'NONE',  #12404 ) ;
#2733 = ADVANCED_FACE ( 'NONE', ( #9147 ), #3027, .F. ) ;
#2734 = ORIENTED_EDGE ( 'NONE', *, *, #2618, .F. ) ;
#2735 = CARTESIAN_POINT ( 'NONE',  ( 0.05547545654809688670, 0.2776062440113114538, 0.3456559692871670753 ) ) ;
#2736 = EDGE_LOOP ( 'NONE', ( #5512, #6235, #9311, #2616 ) ) ;
#2737 = ORIENTED_EDGE ( 'NONE', *, *, #13027, .T. ) ;
#2738 = VECTOR ( 'NONE', #4112, 39.37007874015748143 ) ;
#2739 = EDGE_LOOP ( 'NONE', ( #9972, #8654, #6036, #2829 ) ) ;
#2740 = CARTESIAN_POINT ( 'NONE',  ( 0.1893337242646341567, 0.3583149054286423607, 0.2236087251926805186 ) ) ;
#2741 = DIRECTION ( 'NONE',  ( 0.0000000000000000000, -8.220413448604736877E-18, 1.000000000000000000 ) ) ;
#2742 = DIRECTION ( 'NONE',  ( -0.0000000000000000000, -1.000000000000000000, -0.0000000000000000000 ) ) ;
#2743 = PLANE ( 'NONE',  #1686 ) ;
#2744 = CARTESIAN_POINT ( 'NONE',  ( 0.2208297872567573095, 0.05713380306641541867, 0.2397504574761404883 ) ) ;
#2745 = ADVANCED_FACE ( 'NONE', ( #2011 ), #10242, .F. ) ;
#2746 = PLANE ( 'NONE',  #436 ) ;
#2747 = ORIENTED_EDGE ( 'NONE', *, *, #6364, .F. ) ;
#2748 = DIRECTION ( 'NONE',  ( 0.0000000000000000000, 0.0000000000000000000, -1.000000000000000000 ) ) ;
#2749 = VERTEX_POINT ( 'NONE', #12298 ) ;
#2750 = EDGE_LOOP ( 'NONE', ( #820, #11745, #11280, #5603, #5829, #4445, #1244, #8571, #11580, #10104 ) ) ;
#2751 = EDGE_LOOP ( 'NONE', ( #10660, #2634, #12651, #7199 ) ) ;
#2752 = DIRECTION ( 'NONE',  ( 0.0000000000000000000, -0.9922778767136848366, 0.1240347345890697173 ) ) ;
#2753 = VECTOR ( 'NONE', #318, 39.37007874015748143 ) ;
#2754 = DIRECTION ( 'NONE',  ( -1.000000000000000000, -1.174096724532128111E-16, 4.283287147278279845E-17 ) ) ;
#2755 = DIRECTION ( 'NONE',  ( 1.000000000000000000, 1.174096724532128111E-16, -4.283287147278279845E-17 ) ) ;
#2756 = LINE ( 'NONE', #7975, #1228 ) ;
#2757 = PLANE ( 'NONE',  #10646 ) ;
#2758 = CARTESIAN_POINT ( 'NONE',  ( 0.07712899985517100709, 0.7897218048774069521, 0.3161284102320470191 ) ) ;
#2759 = EDGE_CURVE ( 'NONE', #3363, #10591, #5173, .T. ) ;
#2760 = VERTEX_POINT ( 'NONE', #7036 ) ;
#2761 = SURFACE_SIDE_STYLE ('',( #5720 ) ) ;
#2762 = EDGE_CURVE ( 'NONE', #929, #8741, #2966, .T. ) ;
#2763 = DIRECTION ( 'NONE',  ( 0.0000000000000000000, 0.0000000000000000000, -1.000000000000000000 ) ) ;
#2764 = DIRECTION ( 'NONE',  ( 0.0000000000000000000, -1.000000000000000000, 0.0000000000000000000 ) ) ;
#2765 = EDGE_LOOP ( 'NONE', ( #5633, #6232 ) ) ;
#2766 = DIRECTION ( 'NONE',  ( -1.000000000000000000, 0.0000000000000000000, 0.0000000000000000000 ) ) ;
#2767 = VERTEX_POINT ( 'NONE', #4035 ) ;
#2768 = SURFACE_STYLE_FILL_AREA ( #11893 ) ;
#2769 = ORIENTED_EDGE ( 'NONE', *, *, #597, .T. ) ;
#2770 = DIRECTION ( 'NONE',  ( 0.0000000000000000000, 8.220413448604736877E-18, -1.000000000000000000 ) ) ;
#2771 = VECTOR ( 'NONE', #3735, 39.37007874015748143 ) ;
#2772 = LINE ( 'NONE', #8055, #13391 ) ;
#2773 = VECTOR ( 'NONE', #8423, 39.37007874015748143 ) ;
#2774 = DIRECTION ( 'NONE',  ( -1.000000000000000000, 1.937287448275630844E-17, -8.833616147085623967E-14 ) ) ;
#2775 = EDGE_CURVE ( 'NONE', #3373, #5533, #13233, .T. ) ;
#2776 = ORIENTED_EDGE ( 'NONE', *, *, #6740, .T. ) ;
#2777 = LINE ( 'NONE', #588, #907 ) ;
#2778 = CARTESIAN_POINT ( 'NONE',  ( 0.2326408108788161344, 0.1555589999168270066, 0.4810890401532994520 ) ) ;
#2779 = FACE_OUTER_BOUND ( 'NONE', #2597, .T. ) ;
#2780 = ORIENTED_EDGE ( 'NONE', *, *, #2860, .T. ) ;
#2781 = AXIS2_PLACEMENT_3D ( 'NONE', #3882, #13236, #8041 ) ;
#2782 = DIRECTION ( 'NONE',  ( -3.518308117683322415E-16, 1.000000000000000000, -4.163336342344337027E-16 ) ) ;
#2783 = CARTESIAN_POINT ( 'NONE',  ( 0.1208297872567766496, 0.05713380306641541867, 0.2397504574761404883 ) ) ;
#2784 = LINE ( 'NONE', #1745, #10709 ) ;
#2785 = CARTESIAN_POINT ( 'NONE',  ( 0.2483888423748703833, 0.2185511259010752549, 0.3456559692871650769 ) ) ;
#2786 = EDGE_CURVE ( 'NONE', #10714, #9189, #7445, .T. ) ;
#2787 = EDGE_CURVE ( 'NONE', #11818, #3983, #4503, .T. ) ;
#2788 = PLANE ( 'NONE',  #6440 ) ;
#2789 = DIRECTION ( 'NONE',  ( -2.359223927328456662E-16, 3.885780586188047398E-16, 1.000000000000000000 ) ) ;
#2790 = CARTESIAN_POINT ( 'NONE',  ( 0.3625620707213385585, 0.1555589999168270066, 0.2180969141690466684 ) ) ;
#2791 = AXIS2_PLACEMENT_3D ( 'NONE', #3783, #887, #5008 ) ;
#2792 = LINE ( 'NONE', #9032, #10288 ) ;
#2793 = EDGE_CURVE ( 'NONE', #11875, #11370, #11625, .T. ) ;
#2794 = ORIENTED_EDGE ( 'NONE', *, *, #5607, .T. ) ;
#2795 = DIRECTION ( 'NONE',  ( 1.000000000000000000, 3.376070039848302092E-16, 2.359223927328455183E-16 ) ) ;
#2796 = DIRECTION ( 'NONE',  ( 1.937287448275560894E-17, 1.000000000000000000, 8.220413448604736877E-18 ) ) ;
#2797 = ORIENTED_EDGE ( 'NONE', *, *, #449, .F. ) ;
#2798 = DIRECTION ( 'NONE',  ( 1.000000000000000000, 1.316334802367150653E-16, -1.608386623408235030E-17 ) ) ;
#2799 = EDGE_LOOP ( 'NONE', ( #9068, #425, #10199, #9019 ) ) ;
#2800 = ORIENTED_EDGE ( 'NONE', *, *, #173, .T. ) ;
#2801 = VECTOR ( 'NONE', #6092, 39.37007874015748143 ) ;
#2802 = ORIENTED_EDGE ( 'NONE', *, *, #2134, .T. ) ;
#2803 = PLANE ( 'NONE',  #11792 ) ;
#2804 = ADVANCED_FACE ( 'NONE', ( #3415 ), #11824, .T. ) ;
#2805 = PLANE ( 'NONE',  #4811 ) ;
#2806 = LINE ( 'NONE', #13075, #4619 ) ;
#2807 = LINE ( 'NONE', #10902, #6223 ) ;
#2808 = FACE_OUTER_BOUND ( 'NONE', #8168, .T. ) ;
#2809 = DIRECTION ( 'NONE',  ( -2.359223927328456662E-16, 3.885780586188047398E-16, 1.000000000000000000 ) ) ;
#2810 = CIRCLE ( 'NONE', #4085, 0.01574803149606299885 ) ;
#2811 = CARTESIAN_POINT ( 'NONE',  ( 0.09484553528825259705, 0.08862986605855729949, 0.1684906149564564526 ) ) ;
#2812 = DIRECTION ( 'NONE',  ( 0.4472135955002289887, 0.8944271909997802972, -2.549099026651078503E-16 ) ) ;
#2813 = SURFACE_STYLE_FILL_AREA ( #5768 ) ;
#2814 = ORIENTED_EDGE ( 'NONE', *, *, #6218, .T. ) ;
#2815 = DIRECTION ( 'NONE',  ( 1.316334802367150653E-16, -1.000000000000000000, 1.526556658859589750E-16 ) ) ;
#2816 = ORIENTED_EDGE ( 'NONE', *, *, #2981, .T. ) ;
#2817 = ORIENTED_EDGE ( 'NONE', *, *, #11527, .T. ) ;
#2818 =( GEOMETRIC_REPRESENTATION_CONTEXT ( 3 ) GLOBAL_UNCERTAINTY_ASSIGNED_CONTEXT ( ( #8519 ) ) GLOBAL_UNIT_ASSIGNED_CONTEXT ( ( #10819, #3585, #2650 ) ) REPRESENTATION_CONTEXT ( 'NONE', 'WORKASPACE' ) );
#2819 = SURFACE_SIDE_STYLE ('',( #9125 ) ) ;
#2820 = ADVANCED_FACE ( 'NONE', ( #1406, #5375 ), #12547, .F. ) ;
#2821 = LINE ( 'NONE', #1713, #7127 ) ;
#2822 = DIRECTION ( 'NONE',  ( -1.937287448275561202E-17, -1.000000000000000000, -8.220413448604590506E-18 ) ) ;
#2823 = DIRECTION ( 'NONE',  ( -1.000000000000000000, 0.0000000000000000000, 0.0000000000000000000 ) ) ;
#2824 = SURFACE_STYLE_USAGE ( .BOTH. , #12147 ) ;
#2825 = AXIS2_PLACEMENT_3D ( 'NONE', #10954, #5751, #4814 ) ;
#2826 = DIRECTION ( 'NONE',  ( -1.000000000000000000, 0.0000000000000000000, 0.0000000000000000000 ) ) ;
#2827 = ORIENTED_EDGE ( 'NONE', *, *, #10213, .F. ) ;
#2828 = DIRECTION ( 'NONE',  ( -1.000000000000000000, -3.518308117683324880E-16, -2.626713979715458771E-16 ) ) ;
#2829 = ORIENTED_EDGE ( 'NONE', *, *, #3982, .F. ) ;
#2830 = DIRECTION ( 'NONE',  ( 1.937287448275560894E-17, 1.000000000000000000, 8.220413448604736877E-18 ) ) ;
#2831 = ORIENTED_EDGE ( 'NONE', *, *, #3822, .T. ) ;
#2832 = VECTOR ( 'NONE', #6607, 39.37007874015748143 ) ;
#2833 = EDGE_CURVE ( 'NONE', #11677, #2593, #1256, .T. ) ;
#2834 = ORIENTED_EDGE ( 'NONE', *, *, #9601, .F. ) ;
#2835 = EDGE_CURVE ( 'NONE', #8893, #11561, #9551, .T. ) ;
#2836 = CARTESIAN_POINT ( 'NONE',  ( 0.3507510470992762364, 0.3957164802317839070, 0.4440811661375588248 ) ) ;
#2837 = CARTESIAN_POINT ( 'NONE',  ( 0.1090187636347222794, 0.08075585031049736795, 0.2515614810981877114 ) ) ;
#2838 = LINE ( 'NONE', #4106, #12429 ) ;
#2839 = EDGE_LOOP ( 'NONE', ( #1759, #10201, #10793, #10953 ) ) ;
#2840 = CARTESIAN_POINT ( 'NONE',  ( 0.1027195510362846897, 0.1555589999168270343, 0.4732150244052678034 ) ) ;
#2841 = CARTESIAN_POINT ( 'NONE',  ( 0.2090187636347251854, 0.1279999447987149042, 0.2058921897596044936 ) ) ;
#2842 = ORIENTED_EDGE ( 'NONE', *, *, #6600, .F. ) ;
#2843 = ORIENTED_EDGE ( 'NONE', *, *, #8331, .T. ) ;
#2844 = ADVANCED_FACE ( 'NONE', ( #6352 ), #3217, .F. ) ;
#2845 = VECTOR ( 'NONE', #2568, 39.37007874015748143 ) ;
#2846 = CARTESIAN_POINT ( 'NONE',  ( 0.2444518345008482030, 0.05713380306641549500, 0.4515614810981848914 ) ) ;
#2847 = VECTOR ( 'NONE', #11225, 39.37007874015748143 ) ;
#2848 = CARTESIAN_POINT ( 'NONE',  ( 0.07319199198116600746, 0.1476849841687969400, 0.1901441582635394756 ) ) ;
#2849 = DIRECTION ( 'NONE',  ( 0.0000000000000000000, 0.0000000000000000000, -1.000000000000000000 ) ) ;
#2850 = CARTESIAN_POINT ( 'NONE',  ( 0.2916959289890400653, 0.1279999447987147931, 0.2019551818855939151 ) ) ;
#2851 = ORIENTED_EDGE ( 'NONE', *, *, #9249, .T. ) ;
#2852 = FACE_OUTER_BOUND ( 'NONE', #3690, .T. ) ;
#2853 = LINE ( 'NONE', #13398, #11972 ) ;
#2854 = VECTOR ( 'NONE', #2571, 39.37007874015748143 ) ;
#2855 = STYLED_ITEM ( 'NONE', ( #7762 ), #12677 ) ;
#2856 = CARTESIAN_POINT ( 'NONE',  ( 0.1893337242646341567, 0.3760314408617050908, 0.1940811661375623776 ) ) ;
#2857 = ADVANCED_FACE ( 'NONE', ( #9760 ), #12687, .F. ) ;
#2858 = VERTEX_POINT ( 'NONE', #8530 ) ;
#2859 = VECTOR ( 'NONE', #9005, 39.37007874015748143 ) ;
#2860 = EDGE_CURVE ( 'NONE', #8170, #8821, #12818, .T. ) ;
#2861 = FACE_OUTER_BOUND ( 'NONE', #3396, .T. ) ;
#2862 = ORIENTED_EDGE ( 'NONE', *, *, #9150, .T. ) ;
#2863 = VERTEX_POINT ( 'NONE', #2278 ) ;
#2864 = ORIENTED_EDGE ( 'NONE', *, *, #3395, .T. ) ;
#2865 = EDGE_CURVE ( 'NONE', #2920, #3794, #10650, .T. ) ;
#2866 = LINE ( 'NONE', #10081, #6091 ) ;
#2867 = CARTESIAN_POINT ( 'NONE',  ( 0.2326408108788038387, 0.5531967951924182669, 0.3456559692871650769 ) ) ;
#2868 = AXIS2_PLACEMENT_3D ( 'NONE', #4637, #9756, #8726 ) ;
#2869 = STYLED_ITEM ( 'NONE', ( #5742 ), #12838 ) ;
#2870 = LINE ( 'NONE', #7005, #1796 ) ;
#2871 = PLANE ( 'NONE',  #3613 ) ;
#2872 = CARTESIAN_POINT ( 'NONE',  ( 0.3562628581229010938, 0.08862986605856655598, 0.4397504574761376683 ) ) ;
#2873 = VERTEX_POINT ( 'NONE', #5518 ) ;
#2874 = EDGE_CURVE ( 'NONE', #12259, #4161, #8593, .T. ) ;
#2875 = VECTOR ( 'NONE', #9780, 39.37007874015748143 ) ;
#2876 = LINE ( 'NONE', #8105, #4645 ) ;
#2877 = VECTOR ( 'NONE', #5374, 39.37007874015748854 ) ;
#2878 = ORIENTED_EDGE ( 'NONE', *, *, #1525, .F. ) ;
#2879 = EDGE_LOOP ( 'NONE', ( #922, #13139, #5758, #11730 ) ) ;
#2880 = EDGE_CURVE ( 'NONE', #3548, #9139, #8392, .T. ) ;
#2881 = LINE ( 'NONE', #11187, #10258 ) ;
#2882 = DIRECTION ( 'NONE',  ( 1.356991020290373981E-16, -1.000000000000000000, 3.469446951953614189E-16 ) ) ;
#2883 = LENGTH_MEASURE_WITH_UNIT ( LENGTH_MEASURE( 0.02539999999999999897 ), #13162 );
#2884 = FILL_AREA_STYLE ('',( #2624 ) ) ;
#2885 = AXIS2_PLACEMENT_3D ( 'NONE', #4574, #2419, #10651 ) ;
#2886 = LINE ( 'NONE', #9273, #1081 ) ;
#2887 = VECTOR ( 'NONE', #10568, 39.37007874015748143 ) ;
#2888 = AXIS2_PLACEMENT_3D ( 'NONE', #10409, #7204, #3251 ) ;
#2889 = ORIENTED_EDGE ( 'NONE', *, *, #6760, .T. ) ;
#2890 = CARTESIAN_POINT ( 'NONE',  ( 0.1755541967055904706, 0.1555589999168270066, 0.4515614810981848914 ) ) ;
#2891 = DIRECTION ( 'NONE',  ( 3.007447121050438636E-18, 2.498001805406601723E-16, 1.000000000000000000 ) ) ;
#2892 = ORIENTED_EDGE ( 'NONE', *, *, #9150, .F. ) ;
#2893 = LINE ( 'NONE', #787, #40 ) ;
#2894 = ADVANCED_FACE ( 'NONE', ( #6411 ), #11686, .F. ) ;
#2895 = CARTESIAN_POINT ( 'NONE',  ( 0.2431035528203588925, 0.4272125432239180509, 0.4007740795234070452 ) ) ;
#2896 = ORIENTED_EDGE ( 'NONE', *, *, #8765, .F. ) ;
#2897 = VECTOR ( 'NONE', #5348, 39.37007874015748143 ) ;
#2898 = STYLED_ITEM ( 'NONE', ( #3650 ), #6004 ) ;
#2899 = ORIENTED_EDGE ( 'NONE', *, *, #3908, .F. ) ;
#2900 = DIRECTION ( 'NONE',  ( 0.3511234415875755244, 0.9363291775693505237, -1.485833765564466994E-16 ) ) ;
#2901 = PLANE ( 'NONE',  #12029 ) ;
#2902 = DIRECTION ( 'NONE',  ( 0.0000000000000000000, 8.220413448604736877E-18, -1.000000000000000000 ) ) ;
#2903 = DIRECTION ( 'NONE',  ( 0.0000000000000000000, 0.0000000000000000000, 1.000000000000000000 ) ) ;
#2904 = VECTOR ( 'NONE', #13130, 39.37007874015748143 ) ;
#2905 = CARTESIAN_POINT ( 'NONE',  ( 0.1893337242646341567, 0.1988660865309974379, 0.3456559692871650769 ) ) ;
#2906 = VERTEX_POINT ( 'NONE', #7374 ) ;
#2907 = CARTESIAN_POINT ( 'NONE',  ( 0.4255541967055790908, 0.1988660865309964110, 0.3771520322792893953 ) ) ;
#2908 = EDGE_CURVE ( 'NONE', #2520, #838, #6487, .T. ) ;
#2909 = EDGE_CURVE ( 'NONE', #4292, #9951, #5446, .T. ) ;
#2910 = CARTESIAN_POINT ( 'NONE',  ( 0.3330345116662202787, 0.3130393148774570644, 0.4850260480273042574 ) ) ;
#2911 = VERTEX_POINT ( 'NONE', #9630 ) ;
#2912 = CARTESIAN_POINT ( 'NONE',  ( 0.2483888423748524532, 0.5098897085782487792, 0.4007740795234070452 ) ) ;
#2913 =( GEOMETRIC_REPRESENTATION_CONTEXT ( 3 ) GLOBAL_UNCERTAINTY_ASSIGNED_CONTEXT ( ( #9070 ) ) GLOBAL_UNIT_ASSIGNED_CONTEXT ( ( #10872, #6848, #10055 ) ) REPRESENTATION_CONTEXT ( 'NONE', 'WORKASPACE' ) );
#2914 = PLANE ( 'NONE',  #4598 ) ;
#2915 = CARTESIAN_POINT ( 'NONE',  ( 0.2326408108788161344, 0.1555589999168270066, 0.4810890401532994520 ) ) ;
#2916 = CARTESIAN_POINT ( 'NONE',  ( 0.3290975037921824442, 0.4272125432239180509, 0.2905378590509231085 ) ) ;
#2917 = PLANE ( 'NONE',  #6708 ) ;
#2918 = DIRECTION ( 'NONE',  ( 1.000000000000000000, -1.937287448275558121E-17, 0.0000000000000000000 ) ) ;
#2919 = SURFACE_SIDE_STYLE ('',( #8277 ) ) ;
#2920 = VERTEX_POINT ( 'NONE', #6950 ) ;
#2921 = FACE_OUTER_BOUND ( 'NONE', #5576, .T. ) ;
#2922 = PLANE ( 'NONE',  #11322 ) ;
#2923 = EDGE_CURVE ( 'NONE', #8190, #2472, #7712, .T. ) ;
#2924 = AXIS2_PLACEMENT_3D ( 'NONE', #5562, #2392, #9735 ) ;
#2925 = ADVANCED_FACE ( 'NONE', ( #8728 ), #4639, .T. ) ;
#2926 = DIRECTION ( 'NONE',  ( -3.376070039848299626E-16, 1.000000000000000000, -4.302114220422482087E-16 ) ) ;
#2927 = ORIENTED_EDGE ( 'NONE', *, *, #3261, .F. ) ;
#2928 = ORIENTED_EDGE ( 'NONE', *, *, #7592, .F. ) ;
#2929 = LINE ( 'NONE', #10003, #984 ) ;
#2930 = ORIENTED_EDGE ( 'NONE', *, *, #10163, .F. ) ;
#2931 = VERTEX_POINT ( 'NONE', #6747 ) ;
#2932 = ORIENTED_EDGE ( 'NONE', *, *, #6015, .T. ) ;
#2933 = CARTESIAN_POINT ( 'NONE',  ( 0.1385463226898582811, -0.07278745677611145326, 0.2515614810981877669 ) ) ;
#2934 = AXIS2_PLACEMENT_3D ( 'NONE', #5341, #5272, #4195 ) ;
#2935 = EDGE_CURVE ( 'NONE', #4614, #12077, #636, .T. ) ;
#2936 = EDGE_CURVE ( 'NONE', #10471, #7402, #5642, .T. ) ;
#2937 = LINE ( 'NONE', #13285, #11470 ) ;
#2938 = EDGE_CURVE ( 'NONE', #11051, #4133, #13092, .T. ) ;
#2939 = EDGE_LOOP ( 'NONE', ( #8129, #53, #5759, #6029 ) ) ;
#2940 = AXIS2_PLACEMENT_3D ( 'NONE', #9159, #12430, #3981 ) ;
#2941 = CARTESIAN_POINT ( 'NONE',  ( 0.2326408108788038387, 0.5729212046412326398, 0.3456559692871650769 ) ) ;
#2942 = ORIENTED_EDGE ( 'NONE', *, *, #1275, .T. ) ;
#2943 = ORIENTED_EDGE ( 'NONE', *, *, #12590, .F. ) ;
#2944 = DIMENSIONAL_EXPONENTS ( 1.000000000000000000, 0.0000000000000000000, 0.0000000000000000000, 0.0000000000000000000, 0.0000000000000000000, 0.0000000000000000000, 0.0000000000000000000 ) ;
#2945 = PLANE ( 'NONE',  #5450 ) ;
#2946 = LINE ( 'NONE', #10222, #5025 ) ;
#2947 = DIRECTION ( 'NONE',  ( 0.0000000000000000000, 0.0000000000000000000, 1.000000000000000000 ) ) ;
#2948 = DIRECTION ( 'NONE',  ( 1.000000000000000000, 3.518308117683323401E-16, 2.626713979715459264E-16 ) ) ;
#2949 = ADVANCED_FACE ( 'NONE', ( #8799 ), #8921, .F. ) ;
#2950 = EDGE_CURVE ( 'NONE', #2454, #2413, #2558, .T. ) ;
#2951 = CARTESIAN_POINT ( 'NONE',  ( 0.1562628581229040525, 0.08862986605856641720, 0.2515614810981877114 ) ) ;
#2952 = FILL_AREA_STYLE ('',( #5991 ) ) ;
#2953 = CARTESIAN_POINT ( 'NONE',  ( 0.2216330580160157659, 0.5488415724236426207, 0.2669158118068456487 ) ) ;
#2954 = DIRECTION ( 'NONE',  ( 1.000000000000000000, -1.937287448275558121E-17, 0.0000000000000000000 ) ) ;
#2955 = ORIENTED_EDGE ( 'NONE', *, *, #7350, .T. ) ;
#2956 = CARTESIAN_POINT ( 'NONE',  ( 0.3743730943433671299, 0.05713380306642420331, 0.1901441582635394756 ) ) ;
#2957 = DIRECTION ( 'NONE',  ( 3.518308117683322415E-16, -1.000000000000000000, 4.163336342344337027E-16 ) ) ;
#2958 = ORIENTED_EDGE ( 'NONE', *, *, #5247, .T. ) ;
#2959 = UNCERTAINTY_MEASURE_WITH_UNIT (LENGTH_MEASURE( 1.000000000000000082E-05 ), #8301, 'distance_accuracy_value', 'NONE');
#2960 = DIRECTION ( 'NONE',  ( 1.000000000000000000, 0.0000000000000000000, 0.0000000000000000000 ) ) ;
#2961 = CARTESIAN_POINT ( 'NONE',  ( 0.2326408108788038387, 0.05713380306642412698, 0.5228213236178702594 ) ) ;
#2962 = ORIENTED_EDGE ( 'NONE', *, *, #4298, .F. ) ;
#2963 = AXIS2_PLACEMENT_3D ( 'NONE', #12161, #8261, #9354 ) ;
#2964 = CARTESIAN_POINT ( 'NONE',  ( 0.1164990785953285146, 0.7897218048774069521, 0.3456559692871650769 ) ) ;
#2965 = ORIENTED_EDGE ( 'NONE', *, *, #10764, .F. ) ;
#2966 = LINE ( 'NONE', #8260, #5591 ) ;
#2967 = EDGE_CURVE ( 'NONE', #5086, #4164, #8220, .T. ) ;
#2968 =( NAMED_UNIT ( * ) SI_UNIT ( $, .STERADIAN. ) SOLID_ANGLE_UNIT ( ) );
#2969 = VECTOR ( 'NONE', #1533, 39.37007874015748143 ) ;
#2970 = FACE_OUTER_BOUND ( 'NONE', #1794, .T. ) ;
#2971 = ORIENTED_EDGE ( 'NONE', *, *, #11032, .F. ) ;
#2972 = LINE ( 'NONE', #1805, #6534 ) ;
#2973 = DIRECTION ( 'NONE',  ( -1.174096724532128111E-16, 1.000000000000000000, -1.665334536937734318E-16 ) ) ;
#2974 = DIRECTION ( 'NONE',  ( 0.4472135954996857565, 0.8944271910000519688, -2.549099026653635398E-16 ) ) ;
#2975 = LINE ( 'NONE', #7317, #10980 ) ;
#2976 = ORIENTED_EDGE ( 'NONE', *, *, #3021, .T. ) ;
#2977 = VECTOR ( 'NONE', #12194, 39.37007874015748143 ) ;
#2978 = ORIENTED_EDGE ( 'NONE', *, *, #5331, .F. ) ;
#2979 = FACE_OUTER_BOUND ( 'NONE', #12278, .T. ) ;
#2980 = CARTESIAN_POINT ( 'NONE',  ( 0.2483888423748524532, 0.3760314408617060900, 0.3161284102320469636 ) ) ;
#2981 = EDGE_CURVE ( 'NONE', #591, #6128, #12955, .T. ) ;
#2982 = CARTESIAN_POINT ( 'NONE',  ( 0.2916959289890524443, 0.1437479762947815320, 0.3456559692871528644 ) ) ;
#2983 = PRODUCT_CONTEXT ( 'NONE', #7495, 'mechanical' ) ;
#2984 = FILL_AREA_STYLE ('',( #12311 ) ) ;
#2985 = CARTESIAN_POINT ( 'NONE',  ( 0.1263415982803906545, 0.2008345904680059191, 0.2432937645627473722 ) ) ;
#2986 = DIRECTION ( 'NONE',  ( 0.0000000000000000000, 0.0000000000000000000, 1.000000000000000000 ) ) ;
#2987 = VECTOR ( 'NONE', #6553, 39.37007874015748143 ) ;
#2988 = EDGE_LOOP ( 'NONE', ( #12007, #12781, #3805, #4224 ) ) ;
#2989 = CARTESIAN_POINT ( 'NONE',  ( 0.2483888423748524532, 0.3583149054286423607, 0.4972307724367678317 ) ) ;
#2990 = VECTOR ( 'NONE', #4702, 39.37007874015748143 ) ;
#2991 = EDGE_LOOP ( 'NONE', ( #382, #8214, #4624, #2412 ) ) ;
#2992 = DIRECTION ( 'NONE',  ( -6.014894242100855701E-18, -2.498001805406601723E-16, -1.000000000000000000 ) ) ;
#2993 = ORIENTED_EDGE ( 'NONE', *, *, #13012, .F. ) ;
#2994 = ORIENTED_EDGE ( 'NONE', *, *, #7258, .T. ) ;
#2995 = LINE ( 'NONE', #7128, #4757 ) ;
#2996 = VERTEX_POINT ( 'NONE', #5714 ) ;
#2997 =( LENGTH_UNIT ( ) NAMED_UNIT ( * ) SI_UNIT ( $, .METRE. ) );
#2998 = STYLED_ITEM ( 'NONE', ( #6472 ), #2076 ) ;
#2999 = EDGE_CURVE ( 'NONE', #8741, #3631, #3617, .T. ) ;
#3000 = CARTESIAN_POINT ( 'NONE',  ( 1.229468243238484423E-17, 0.1574803149606299191, 0.1003937007874015630 ) ) ;
#3001 = EDGE_CURVE ( 'NONE', #4229, #10811, #6919, .T. ) ;
#3002 = LINE ( 'NONE', #1032, #2365 ) ;
#3003 = CARTESIAN_POINT ( 'NONE',  ( 0.3330345116662202787, 0.3130393148774570644, 0.4397504574761375018 ) ) ;
#3004 = DIRECTION ( 'NONE',  ( 0.4472135955003644914, -0.8944271909997126846, 1.293464547804780738E-16 ) ) ;
#3005 = AXIS2_PLACEMENT_3D ( 'NONE', #300, #1195, #12755 ) ;
#3006 = ORIENTED_EDGE ( 'NONE', *, *, #12299, .F. ) ;
#3007 = ORIENTED_EDGE ( 'NONE', *, *, #3379, .F. ) ;
#3008 = ORIENTED_EDGE ( 'NONE', *, *, #5925, .F. ) ;
#3009 = DIRECTION ( 'NONE',  ( 1.000000000000000000, -1.937287448275558121E-17, 0.0000000000000000000 ) ) ;
#3010 = DIRECTION ( 'NONE',  ( 1.000000000000000000, -1.937287448275558121E-17, 0.0000000000000000000 ) ) ;
#3011 = EDGE_CURVE ( 'NONE', #793, #12077, #4704, .T. ) ;
#3012 = DIRECTION ( 'NONE',  ( 3.518308117683323894E-16, -1.000000000000000000, 4.163336342344337027E-16 ) ) ;
#3013 = VECTOR ( 'NONE', #1914, 39.37007874015748143 ) ;
#3014 = DIRECTION ( 'NONE',  ( 3.007447121050438636E-18, 2.498001805406601723E-16, 1.000000000000000000 ) ) ;
#3015 = CARTESIAN_POINT ( 'NONE',  ( 0.2405148266268504198, 0.1555589999168270066, 0.2456559692871497225 ) ) ;
#3016 = LINE ( 'NONE', #2063, #12457 ) ;
#3017 = PLANE ( 'NONE',  #9349 ) ;
#3018 = ORIENTED_EDGE ( 'NONE', *, *, #13400, .T. ) ;
#3019 = LINE ( 'NONE', #9003, #7647 ) ;
#3020 = DIRECTION ( 'NONE',  ( -2.359223927328456662E-16, 3.885780586188047891E-16, 1.000000000000000000 ) ) ;
#3021 = EDGE_CURVE ( 'NONE', #4614, #2858, #7781, .T. ) ;
#3022 =( GEOMETRIC_REPRESENTATION_CONTEXT ( 3 ) GLOBAL_UNCERTAINTY_ASSIGNED_CONTEXT ( ( #3346 ) ) GLOBAL_UNIT_ASSIGNED_CONTEXT ( ( #11883, #7260, #10329 ) ) REPRESENTATION_CONTEXT ( 'NONE', 'WORKASPACE' ) );
#3023 = EDGE_CURVE ( 'NONE', #3120, #10795, #2821, .T. ) ;
#3024 = FACE_OUTER_BOUND ( 'NONE', #3145, .T. ) ;
#3025 = ORIENTED_EDGE ( 'NONE', *, *, #4298, .T. ) ;
#3026 = EDGE_CURVE ( 'NONE', #2087, #4878, #11943, .T. ) ;
#3027 = PLANE ( 'NONE',  #6249 ) ;
#3028 = VECTOR ( 'NONE', #10434, 39.37007874015748143 ) ;
#3029 = CARTESIAN_POINT ( 'NONE',  ( 0.2090187636347251854, 0.1279999447987060224, 0.5011677803107856821 ) ) ;
#3030 = VECTOR ( 'NONE', #12324, 39.37007874015748143 ) ;
#3031 = ORIENTED_EDGE ( 'NONE', *, *, #7768, .T. ) ;
#3032 =( NAMED_UNIT ( * ) PLANE_ANGLE_UNIT ( ) SI_UNIT ( $, .RADIAN. ) );
#3033 = FACE_OUTER_BOUND ( 'NONE', #4606, .T. ) ;
#3034 = ORIENTED_EDGE ( 'NONE', *, *, #457, .F. ) ;
#3035 = VECTOR ( 'NONE', #293, 39.37007874015748143 ) ;
#3036 = ADVANCED_FACE ( 'NONE', ( #7847 ), #2689, .F. ) ;
#3037 = LINE ( 'NONE', #5126, #4662 ) ;
#3038 = EDGE_LOOP ( 'NONE', ( #742, #9146, #3222, #5709 ) ) ;
#3039 = DIRECTION ( 'NONE',  ( -1.000000000000000000, -1.408738150179760326E-16, 6.014894242100891138E-18 ) ) ;
#3040 = ORIENTED_EDGE ( 'NONE', *, *, #6085, .F. ) ;
#3041 = CARTESIAN_POINT ( 'NONE',  ( 0.2129557715087250780, 0.1279999447987147931, 0.1901441582635394756 ) ) ;
#3042 = APPLICATION_PROTOCOL_DEFINITION ( 'draft international standard', 'automotive_design', 1998, #6797 ) ;
#3043 = DIRECTION ( 'NONE',  ( 0.0000000000000000000, 1.000000000000000000, 0.0000000000000000000 ) ) ;
#3044 = CARTESIAN_POINT ( 'NONE',  ( 0.2916959289890400653, 0.3957164802317839070, 0.3456559692871650769 ) ) ;
#3045 = ORIENTED_EDGE ( 'NONE', *, *, #821, .T. ) ;
#3046 = ORIENTED_EDGE ( 'NONE', *, *, #12996, .F. ) ;
#3047 = EDGE_CURVE ( 'NONE', #11210, #6642, #5780, .T. ) ;
#3048 = CARTESIAN_POINT ( 'NONE',  ( 0.2916959289890523888, 0.1437479762947815320, 0.3456559692871528644 ) ) ;
#3049 = ORIENTED_EDGE ( 'NONE', *, *, #191, .F. ) ;
#3050 = ORIENTED_EDGE ( 'NONE', *, *, #4972, .T. ) ;
#3051 = VECTOR ( 'NONE', #10671, 39.37007874015748143 ) ;
#3052 = LINE ( 'NONE', #5088, #11074 ) ;
#3053 = ORIENTED_EDGE ( 'NONE', *, *, #7979, .T. ) ;
#3054 = FACE_OUTER_BOUND ( 'NONE', #2991, .T. ) ;
#3055 = DIRECTION ( 'NONE',  ( 0.0000000000000000000, -0.7071067811865466846, -0.7071067811865483499 ) ) ;
#3056 = CARTESIAN_POINT ( 'NONE',  ( 0.3330345116662203897, 0.1555589999168269233, 0.2810890401533022165 ) ) ;
#3057 = SURFACE_SIDE_STYLE ('',( #7280 ) ) ;
#3058 = DIRECTION ( 'NONE',  ( -0.8944271910000519688, 0.4472135954996860341, -5.388384191808760573E-17 ) ) ;
#3059 = VECTOR ( 'NONE', #3134, 39.37007874015748143 ) ;
#3060 = VECTOR ( 'NONE', #10052, 39.37007874015748143 ) ;
#3061 = EDGE_CURVE ( 'NONE', #5895, #8358, #8996, .T. ) ;
#3062 = EDGE_CURVE ( 'NONE', #12259, #5078, #7974, .T. ) ;
#3063 = ORIENTED_EDGE ( 'NONE', *, *, #1276, .T. ) ;
#3064 = ORIENTED_EDGE ( 'NONE', *, *, #7163, .T. ) ;
#3065 = AXIS2_PLACEMENT_3D ( 'NONE', #4383, #4311, #313 ) ;
#3066 = MECHANICAL_DESIGN_GEOMETRIC_PRESENTATION_REPRESENTATION (  '', ( #2869 ), #8058 ) ;
#3067 = CARTESIAN_POINT ( 'NONE',  ( 0.3625620707213385585, 0.3563464014916266076, 0.2062858905469922288 ) ) ;
#3068 = LINE ( 'NONE', #9127, #3656 ) ;
#3069 = DIRECTION ( 'NONE',  ( 1.000000000000000000, -1.937287448275558121E-17, 0.0000000000000000000 ) ) ;
#3070 = DIRECTION ( 'NONE',  ( -1.000000000000000000, -1.174096724532128111E-16, 4.283287147278279229E-17 ) ) ;
#3071 = CARTESIAN_POINT ( 'NONE',  ( 0.2405148266268503643, 0.3563464014916266076, 0.2850260480273071884 ) ) ;
#3072 = DIRECTION ( 'NONE',  ( 1.608386623408232256E-17, 1.526556658859589750E-16, 1.000000000000000000 ) ) ;
#3073 = DIRECTION ( 'NONE',  ( 1.000000000000000000, 3.518308117683325373E-16, 2.626713979715459264E-16 ) ) ;
#3074 = ORIENTED_EDGE ( 'NONE', *, *, #13417, .T. ) ;
#3075 = AXIS2_PLACEMENT_3D ( 'NONE', #12051, #1623, #4877 ) ;
#3076 = VECTOR ( 'NONE', #4891, 39.37007874015748143 ) ;
#3077 = CARTESIAN_POINT ( 'NONE',  ( 0.3625620707213385030, 0.1555589999168271176, 0.4515614810981740668 ) ) ;
#3078 = VECTOR ( 'NONE', #10595, 39.37007874015748143 ) ;
#3079 = EDGE_LOOP ( 'NONE', ( #12042, #9851, #223, #5528, #13143 ) ) ;
#3080 = UNCERTAINTY_MEASURE_WITH_UNIT (LENGTH_MEASURE( 1.000000000000000082E-05 ), #11383, 'distance_accuracy_value', 'NONE');
#3081 = CARTESIAN_POINT ( 'NONE',  ( 0.1558691573354938353, 0.3091023070034268905, 0.2515614810981877114 ) ) ;
#3082 = VERTEX_POINT ( 'NONE', #916 ) ;
#3083 = EDGE_CURVE ( 'NONE', #3471, #7823, #2060, .T. ) ;
#3084 = ORIENTED_EDGE ( 'NONE', *, *, #12074, .T. ) ;
#3085 = FILL_AREA_STYLE_COLOUR ( '', #1985 ) ;
#3086 = AXIS2_PLACEMENT_3D ( 'NONE', #12364, #12423, #11275 ) ;
#3087 = ORIENTED_EDGE ( 'NONE', *, *, #2246, .T. ) ;
#3088 = VECTOR ( 'NONE', #7944, 39.37007874015748143 ) ;
#3089 = AXIS2_PLACEMENT_3D ( 'NONE', #600, #4738, #8887 ) ;
#3090 = DIRECTION ( 'NONE',  ( 1.000000000000000000, 0.0000000000000000000, 0.0000000000000000000 ) ) ;
#3091 = PLANE ( 'NONE',  #5042 ) ;
#3092 = EDGE_CURVE ( 'NONE', #8118, #343, #12282, .T. ) ;
#3093 =( CONVERSION_BASED_UNIT ( 'INCH', #13379 ) LENGTH_UNIT ( ) NAMED_UNIT ( #9888 ) );
#3094 = EDGE_CURVE ( 'NONE', #1508, #6435, #8314, .T. ) ;
#3095 = FILL_AREA_STYLE_COLOUR ( '', #1337 ) ;
#3096 = AXIS2_PLACEMENT_3D ( 'NONE', #8870, #13040, #5250 ) ;
#3097 = EDGE_CURVE ( 'NONE', #13245, #2069, #3068, .T. ) ;
#3098 = AXIS2_PLACEMENT_3D ( 'NONE', #1919, #12473, #10226 ) ;
#3099 = LINE ( 'NONE', #4180, #668 ) ;
#3100 = ORIENTED_EDGE ( 'NONE', *, *, #13253, .T. ) ;
#3101 = DIRECTION ( 'NONE',  ( 0.0000000000000000000, -1.000000000000000000, 0.0000000000000000000 ) ) ;
#3102 = EDGE_LOOP ( 'NONE', ( #783, #13388, #1505, #10322, #6108, #4547 ) ) ;
#3103 = PLANE ( 'NONE',  #1778 ) ;
#3104 = PLANE ( 'NONE',  #1269 ) ;
#3105 = CARTESIAN_POINT ( 'NONE',  ( 0.2431035528205065799, -0.07318115756351306622, 0.4007740795233790121 ) ) ;
#3106 = VECTOR ( 'NONE', #1295, 39.37007874015748143 ) ;
#3107 = DIRECTION ( 'NONE',  ( 1.316334802367150653E-16, -1.000000000000000000, 1.526556658859589750E-16 ) ) ;
#3108 = LINE ( 'NONE', #1018, #9399 ) ;
#3109 = EDGE_CURVE ( 'NONE', #311, #9927, #13300, .T. ) ;
#3110 = VERTEX_POINT ( 'NONE', #7291 ) ;
#3111 = CARTESIAN_POINT ( 'NONE',  ( 0.3444518345008468208, 0.05713380306641541867, 0.2515614810981877114 ) ) ;
#3112 = EDGE_CURVE ( 'NONE', #2515, #6204, #11251, .T. ) ;
#3113 = CARTESIAN_POINT ( 'NONE',  ( 0.2267352990677845015, -0.07278745677610248821, 0.2397504574761405161 ) ) ;
#3114 = ORIENTED_EDGE ( 'NONE', *, *, #11444, .F. ) ;
#3115 = VECTOR ( 'NONE', #12929, 39.37007874015748143 ) ;
#3116 = CARTESIAN_POINT ( 'NONE',  ( 0.3389400234772327325, 0.3760314408617060900, 0.4007740795233873943 ) ) ;
#3117 = ORIENTED_EDGE ( 'NONE', *, *, #10004, .T. ) ;
#3118 = ORIENTED_EDGE ( 'NONE', *, *, #9520, .F. ) ;
#3119 = CARTESIAN_POINT ( 'NONE',  ( 0.2326408108788038387, 0.5728818345624925312, 0.4017583314918895532 ) ) ;
#3120 = VERTEX_POINT ( 'NONE', #7016 ) ;
#3121 = DIRECTION ( 'NONE',  ( -1.608386623408232256E-17, -1.526556658859589750E-16, -1.000000000000000000 ) ) ;
#3122 = LINE ( 'NONE', #4200, #2233 ) ;
#3123 = DIRECTION ( 'NONE',  ( 0.0000000000000000000, 8.220413448604736877E-18, -1.000000000000000000 ) ) ;
#3124 = CARTESIAN_POINT ( 'NONE',  ( 0.1893337242646341567, 0.7897218048774069521, 0.4972307724367678317 ) ) ;
#3125 = DIRECTION ( 'NONE',  ( 0.4472135955002294883, -0.8944271909997801862, 1.293464547804905723E-16 ) ) ;
#3126 = EDGE_CURVE ( 'NONE', #2657, #1385, #2810, .T. ) ;
#3127 = VECTOR ( 'NONE', #323, 39.37007874015748143 ) ;
#3128 = CARTESIAN_POINT ( 'NONE',  ( 0.2578499614198901391, 0.5295747479483172704, 0.4243961267674756233 ) ) ;
#3129 = CARTESIAN_POINT ( 'NONE',  ( 0.2405148266268503088, 0.2264251416491177005, 0.4456559692871467915 ) ) ;
#3130 = ORIENTED_EDGE ( 'NONE', *, *, #11012, .T. ) ;
#3131 = DIRECTION ( 'NONE',  ( -1.174096724532128111E-16, 1.000000000000000000, -1.665334536937734318E-16 ) ) ;
#3132 = VERTEX_POINT ( 'NONE', #10155 ) ;
#3133 = VECTOR ( 'NONE', #13000, 39.37007874015748143 ) ;
#3134 = DIRECTION ( 'NONE',  ( 3.007447121050438636E-18, 2.498001805406601723E-16, 1.000000000000000000 ) ) ;
#3135 = FACE_OUTER_BOUND ( 'NONE', #4696, .T. ) ;
#3136 = CARTESIAN_POINT ( 'NONE',  ( 0.2326408108788038387, 0.2776062440113114538, 0.3456559692871650769 ) ) ;
#3137 = LINE ( 'NONE', #10428, #5119 ) ;
#3138 = EDGE_CURVE ( 'NONE', #4460, #9378, #8176, .T. ) ;
#3139 = DIRECTION ( 'NONE',  ( 1.000000000000000000, 1.174096724532128111E-16, -4.283287147278279845E-17 ) ) ;
#3140 = CARTESIAN_POINT ( 'NONE',  ( 0.3920896297764415728, 0.2579212046412327486, 0.2669158118068502006 ) ) ;
#3141 =( LENGTH_UNIT ( ) NAMED_UNIT ( * ) SI_UNIT ( $, .METRE. ) );
#3142 = VECTOR ( 'NONE', #1286, 39.37007874015748143 ) ;
#3143 = ORIENTED_EDGE ( 'NONE', *, *, #8004, .F. ) ;
#3144 = DIRECTION ( 'NONE',  ( -3.007447121050438636E-18, -2.498001805406601723E-16, -1.000000000000000000 ) ) ;
#3145 = EDGE_LOOP ( 'NONE', ( #72, #9650, #3, #9200, #8651, #160, #13281, #6661, #12479, #7636 ) ) ;
#3146 = ORIENTED_EDGE ( 'NONE', *, *, #12477, .F. ) ;
#3147 =( NAMED_UNIT ( * ) SI_UNIT ( $, .STERADIAN. ) SOLID_ANGLE_UNIT ( ) );
#3148 = ORIENTED_EDGE ( 'NONE', *, *, #11594, .F. ) ;
#3149 = ORIENTED_EDGE ( 'NONE', *, *, #13168, .F. ) ;
#3150 = AXIS2_PLACEMENT_3D ( 'NONE', #7481, #201, #6456 ) ;
#3151 = ORIENTED_EDGE ( 'NONE', *, *, #267, .T. ) ;
#3152 = LINE ( 'NONE', #10377, #3635 ) ;
#3153 = CARTESIAN_POINT ( 'NONE',  ( 0.2267352990677845015, -0.07278745677610248821, 0.2515614810981877669 ) ) ;
#3154 = DIRECTION ( 'NONE',  ( -0.0000000000000000000, -0.0000000000000000000, -1.000000000000000000 ) ) ;
#3155 = ADVANCED_FACE ( 'NONE', ( #10098 ), #779, .F. ) ;
#3156 = EDGE_CURVE ( 'NONE', #549, #10439, #12403, .T. ) ;
#3157 = PLANE ( 'NONE',  #7376 ) ;
#3158 = VECTOR ( 'NONE', #8629, 39.37007874015748143 ) ;
#3159 = ORIENTED_EDGE ( 'NONE', *, *, #8036, .T. ) ;
#3160 = DIRECTION ( 'NONE',  ( -1.000000000000000000, -3.518308117683323401E-16, -2.626713979715459264E-16 ) ) ;
#3161 = DIRECTION ( 'NONE',  ( -1.000000000000000000, 0.0000000000000000000, 0.0000000000000000000 ) ) ;
#3162 = ORIENTED_EDGE ( 'NONE', *, *, #2534, .F. ) ;
#3163 = CARTESIAN_POINT ( 'NONE',  ( 0.2483888423748703833, 0.1988660865309964110, 0.1527425834603898525 ) ) ;
#3164 = EDGE_LOOP ( 'NONE', ( #6908, #7296, #21, #4867 ) ) ;
#3165 = DIRECTION ( 'NONE',  ( -1.000000000000000000, -1.408738150179760326E-16, 6.014894242100891138E-18 ) ) ;
#3166 = VERTEX_POINT ( 'NONE', #11464 ) ;
#3167 = DIRECTION ( 'NONE',  ( -1.937287448275561202E-17, -1.000000000000000000, -8.220413448604590506E-18 ) ) ;
#3168 = VECTOR ( 'NONE', #5596, 39.37007874015748143 ) ;
#3169 = SHAPE_DEFINITION_REPRESENTATION ( #2329, #9936 ) ;
#3170 = ADVANCED_FACE ( 'NONE', ( #12345 ), #13427, .T. ) ;
#3171 = CARTESIAN_POINT ( 'NONE',  ( 0.2956329368630823962, 0.08862986605855746602, 0.3456559692871707390 ) ) ;
#3172 = DIRECTION ( 'NONE',  ( 0.0000000000000000000, 0.0000000000000000000, -1.000000000000000000 ) ) ;
#3173 = EDGE_LOOP ( 'NONE', ( #8052, #8286, #5510, #7329 ) ) ;
#3174 = SURFACE_STYLE_USAGE ( .BOTH. , #10196 ) ;
#3175 = CARTESIAN_POINT ( 'NONE',  ( 0.1558691573354938353, 0.3681574251136630616, 0.2515614810981877114 ) ) ;
#3176 = ORIENTED_EDGE ( 'NONE', *, *, #714, .T. ) ;
#3177 = VECTOR ( 'NONE', #10029, 39.37007874015748143 ) ;
#3178 = PLANE ( 'NONE',  #6182 ) ;
#3179 = ORIENTED_EDGE ( 'NONE', *, *, #4897, .T. ) ;
#3180 = EDGE_LOOP ( 'NONE', ( #11317, #3744, #11120, #119, #1523, #12159, #8383, #2965, #12366, #8448 ) ) ;
#3181 = EDGE_CURVE ( 'NONE', #6663, #1675, #13366, .T. ) ;
#3182 = DIRECTION ( 'NONE',  ( 4.283287147278277996E-17, 1.665334536937734318E-16, 1.000000000000000000 ) ) ;
#3183 = EDGE_CURVE ( 'NONE', #2340, #8184, #8038, .T. ) ;
#3184 = ORIENTED_EDGE ( 'NONE', *, *, #9486, .T. ) ;
#3185 = LINE ( 'NONE', #5206, #5883 ) ;
#3186 = LENGTH_MEASURE_WITH_UNIT ( LENGTH_MEASURE( 0.02539999999999999897 ), #11446 );
#3187 = VECTOR ( 'NONE', #8095, 39.37007874015748143 ) ;
#3188 = PRESENTATION_STYLE_ASSIGNMENT (( #7408 ) ) ;
#3189 = CARTESIAN_POINT ( 'NONE',  ( 0.2916959289890400653, 0.1279999447987147931, 0.1901441582635394756 ) ) ;
#3190 = ORIENTED_EDGE ( 'NONE', *, *, #1726, .T. ) ;
#3191 = DIRECTION ( 'NONE',  ( 1.316334802367150653E-16, -1.000000000000000000, 1.526556658859589750E-16 ) ) ;
#3192 = ORIENTED_EDGE ( 'NONE', *, *, #13110, .F. ) ;
#3193 = VECTOR ( 'NONE', #12421, 39.37007874015748143 ) ;
#3194 = EDGE_CURVE ( 'NONE', #9927, #7272, #4018, .T. ) ;
#3195 = ORIENTED_EDGE ( 'NONE', *, *, #12204, .T. ) ;
#3196 = CARTESIAN_POINT ( 'NONE',  ( 0.2405148266268504198, 0.1555589999168270066, 0.2850260480273072439 ) ) ;
#3197 = CARTESIAN_POINT ( 'NONE',  ( 0.3468140392252720416, 0.1555589999168268955, 0.2850260480273072439 ) ) ;
#3198 = CARTESIAN_POINT ( 'NONE',  ( 0.3507510470992762364, 0.3957164802317839070, 0.2472307724367714676 ) ) ;
#3199 = PLANE ( 'NONE',  #13246 ) ;
#3200 = CARTESIAN_POINT ( 'NONE',  ( 0.2483888423748524532, 0.7897218048774069521, 0.4677032133816496628 ) ) ;
#3201 = FACE_OUTER_BOUND ( 'NONE', #1942, .T. ) ;
#3202 = CARTESIAN_POINT ( 'NONE',  ( 0.2916959289890523888, 0.2441416770821812909, 0.3456559692871528089 ) ) ;
#3203 = VECTOR ( 'NONE', #9731, 39.37007874015748143 ) ;
#3204 = FACE_OUTER_BOUND ( 'NONE', #13240, .T. ) ;
#3205 = ORIENTED_EDGE ( 'NONE', *, *, #2451, .T. ) ;
#3206 = FACE_OUTER_BOUND ( 'NONE', #8033, .T. ) ;
#3207 = VERTEX_POINT ( 'NONE', #7147 ) ;
#3208 = UNCERTAINTY_MEASURE_WITH_UNIT (LENGTH_MEASURE( 1.000000000000000082E-05 ), #11037, 'distance_accuracy_value', 'NONE');
#3209 = ORIENTED_EDGE ( 'NONE', *, *, #10032, .T. ) ;
#3210 = VERTEX_POINT ( 'NONE', #10299 ) ;
#3211 = EDGE_CURVE ( 'NONE', #6145, #11911, #11320, .T. ) ;
#3212 = ORIENTED_EDGE ( 'NONE', *, *, #1327, .T. ) ;
#3213 = VECTOR ( 'NONE', #10522, 39.37007874015748143 ) ;
#3214 = FACE_OUTER_BOUND ( 'NONE', #1215, .T. ) ;
#3215 = DIRECTION ( 'NONE',  ( -0.03905116345756652618, -0.9992372123938392248, 3.514624383149721032E-16 ) ) ;
#3216 = FACE_OUTER_BOUND ( 'NONE', #10737, .T. ) ;
#3217 = PLANE ( 'NONE',  #8211 ) ;
#3218 =( LENGTH_UNIT ( ) NAMED_UNIT ( * ) SI_UNIT ( $, .METRE. ) );
#3219 = CARTESIAN_POINT ( 'NONE',  ( 0.3444518345008468208, -0.05703942528003589502, 0.2397504574761405161 ) ) ;
#3220 = VECTOR ( 'NONE', #2755, 39.37007874015748143 ) ;
#3221 = VERTEX_POINT ( 'NONE', #988 ) ;
#3222 = ORIENTED_EDGE ( 'NONE', *, *, #8653, .T. ) ;
#3223 = CARTESIAN_POINT ( 'NONE',  ( 0.2916959289890523888, 0.2448335284032795156, 0.3456559692871528089 ) ) ;
#3224 = CARTESIAN_POINT ( 'NONE',  ( 0.2405148266268502810, 0.2933542755073604291, 0.4515614810981848359 ) ) ;
#3225 = ORIENTED_EDGE ( 'NONE', *, *, #6503, .F. ) ;
#3226 = EDGE_CURVE ( 'NONE', #11413, #1929, #9334, .T. ) ;
#3227 = EDGE_CURVE ( 'NONE', #4681, #8504, #4150, .T. ) ;
#3228 = CARTESIAN_POINT ( 'NONE',  ( 0.08106600772921163101, 0.1555589999168269788, 0.5011677803107856821 ) ) ;
#3229 = AXIS2_PLACEMENT_3D ( 'NONE', #1564, #1752, #8894 ) ;
#3230 = DIRECTION ( 'NONE',  ( 0.5547001962250837082, 0.0000000000000000000, 0.8320502943379406435 ) ) ;
#3231 = VERTEX_POINT ( 'NONE', #2400 ) ;
#3232 = LINE ( 'NONE', #7387, #9746 ) ;
#3233 = COLOUR_RGB ( '',0.7607843137254901578, 0.7607843137254901578, 0.0000000000000000000 ) ;
#3234 = CARTESIAN_POINT ( 'NONE',  ( 0.1558691573354937243, 0.3681574251136631171, 0.4515614810981847249 ) ) ;
#3235 = CARTESIAN_POINT ( 'NONE',  ( 0.3562628581229011493, 0.08075585031051527030, 0.2397504574761404883 ) ) ;
#3236 =( GEOMETRIC_REPRESENTATION_CONTEXT ( 3 ) GLOBAL_UNCERTAINTY_ASSIGNED_CONTEXT ( ( #3208 ) ) GLOBAL_UNIT_ASSIGNED_CONTEXT ( ( #11037, #10169, #4983 ) ) REPRESENTATION_CONTEXT ( 'NONE', 'WORKASPACE' ) );
#3237 = ORIENTED_EDGE ( 'NONE', *, *, #9434, .T. ) ;
#3238 = CARTESIAN_POINT ( 'NONE',  ( 0.3625620707213383920, 0.3760314408617053683, 0.4456559692871467915 ) ) ;
#3239 = LINE ( 'NONE', #10399, #4409 ) ;
#3240 = VECTOR ( 'NONE', #6399, 39.37007874015748143 ) ;
#3241 = ORIENTED_EDGE ( 'NONE', *, *, #12006, .T. ) ;
#3242 = CARTESIAN_POINT ( 'NONE',  ( 0.2916959289890523888, 0.2448335284032795156, 0.3456559692871528089 ) ) ;
#3243 = ADVANCED_FACE ( 'NONE', ( #8375 ), #3199, .F. ) ;
#3244 = ORIENTED_EDGE ( 'NONE', *, *, #2273, .F. ) ;
#3245 = VERTEX_POINT ( 'NONE', #9680 ) ;
#3246 = DIRECTION ( 'NONE',  ( -1.408738150179760326E-16, 1.000000000000000000, -3.469446951953614189E-16 ) ) ;
#3247 = VERTEX_POINT ( 'NONE', #9531 ) ;
#3248 = CARTESIAN_POINT ( 'NONE',  ( 0.3330345116662202787, 0.3130393148774570644, 0.4062465204682491615 ) ) ;
#3249 = PRESENTATION_LAYER_ASSIGNMENT (  '', '', ( #7164 ) ) ;
#3250 = PLANE ( 'NONE',  #4050 ) ;
#3251 = DIRECTION ( 'NONE',  ( 0.1240347345890697173, -0.9922778767136848366, 0.0000000000000000000 ) ) ;
#3252 = CARTESIAN_POINT ( 'NONE',  ( 0.07319199198116600746, 0.05713380306642405759, 0.2039236858226017579 ) ) ;
#3253 = DIRECTION ( 'NONE',  ( 2.359223927328456662E-16, -3.885780586188047398E-16, -1.000000000000000000 ) ) ;
#3254 = DIRECTION ( 'NONE',  ( 1.174096724532128111E-16, -1.000000000000000000, 1.665334536937734318E-16 ) ) ;
#3255 = CARTESIAN_POINT ( 'NONE',  ( 0.3330345116662203897, 0.3130393148774569534, 0.2062465204682520648 ) ) ;
#3256 = EDGE_CURVE ( 'NONE', #9965, #3319, #348, .T. ) ;
#3257 = ADVANCED_FACE ( 'NONE', ( #1513 ), #6801, .T. ) ;
#3258 = LINE ( 'NONE', #3129, #3328 ) ;
#3259 = VECTOR ( 'NONE', #10470, 39.37007874015748143 ) ;
#3260 = DIRECTION ( 'NONE',  ( 1.174096724532128111E-16, -1.000000000000000000, 1.665334536937734318E-16 ) ) ;
#3261 = EDGE_CURVE ( 'NONE', #894, #12453, #1900, .T. ) ;
#3262 = ORIENTED_EDGE ( 'NONE', *, *, #193, .T. ) ;
#3263 = ORIENTED_EDGE ( 'NONE', *, *, #3311, .F. ) ;
#3264 = CARTESIAN_POINT ( 'NONE',  ( 0.2483888423748524532, 0.3760314408617060900, 0.3850260480273225983 ) ) ;
#3265 = FACE_OUTER_BOUND ( 'NONE', #9545, .T. ) ;
#3266 = AXIS2_PLACEMENT_3D ( 'NONE', #7972, #711, #3877 ) ;
#3267 = DIRECTION ( 'NONE',  ( 0.0000000000000000000, 0.0000000000000000000, 1.000000000000000000 ) ) ;
#3268 = CARTESIAN_POINT ( 'NONE',  ( 0.2326408108788038387, 0.4272125432239180509, 0.3456559692871650769 ) ) ;
#3269 = CARTESIAN_POINT ( 'NONE',  ( 0.07122348804415810919, 0.3957164802317839070, 0.1684906149564564526 ) ) ;
#3270 = EDGE_CURVE ( 'NONE', #10645, #12751, #3864, .T. ) ;
#3271 = EDGE_LOOP ( 'NONE', ( #9217, #10843, #520, #6912 ) ) ;
#3272 = DIRECTION ( 'NONE',  ( -1.000000000000000000, 1.937287448275561202E-17, 2.565854121688507820E-49 ) ) ;
#3273 = ORIENTED_EDGE ( 'NONE', *, *, #6044, .T. ) ;
#3274 = EDGE_LOOP ( 'NONE', ( #1719, #11541, #11169, #11316, #5372, #9415, #9695, #5273, #10139, #1457 ) ) ;
#3275 = ADVANCED_FACE ( 'NONE', ( #8226 ), #8025, .F. ) ;
#3276 = VECTOR ( 'NONE', #10947, 39.37007874015748143 ) ;
#3277 = ORIENTED_EDGE ( 'NONE', *, *, #9072, .F. ) ;
#3278 = STYLED_ITEM ( 'NONE', ( #4333 ), #12779 ) ;
#3279 = SURFACE_STYLE_USAGE ( .BOTH. , #13440 ) ;
#3280 = VERTEX_POINT ( 'NONE', #8164 ) ;
#3281 = ORIENTED_EDGE ( 'NONE', *, *, #3925, .F. ) ;
#3282 = DIRECTION ( 'NONE',  ( 3.376070039848301106E-16, -1.000000000000000000, 4.302114220422481101E-16 ) ) ;
#3283 = CARTESIAN_POINT ( 'NONE',  ( 0.2700423856819585966, 0.1437479762947815320, 0.3456559692871528644 ) ) ;
#3284 = CARTESIAN_POINT ( 'NONE',  ( 0.3625620707213385030, 0.08862986605856656985, 0.4397504574761376683 ) ) ;
#3285 = DIRECTION ( 'NONE',  ( 1.000000000000000000, 1.408738150179760326E-16, -6.014894242100891138E-18 ) ) ;
#3286 = CARTESIAN_POINT ( 'NONE',  ( 0.1267352990678038693, -0.07278745677611146714, 0.2515614810981877669 ) ) ;
#3287 = AXIS2_PLACEMENT_3D ( 'NONE', #12314, #66, #10191 ) ;
#3288 =( GEOMETRIC_REPRESENTATION_CONTEXT ( 3 ) GLOBAL_UNCERTAINTY_ASSIGNED_CONTEXT ( ( #9218 ) ) GLOBAL_UNIT_ASSIGNED_CONTEXT ( ( #792, #8050, #11342 ) ) REPRESENTATION_CONTEXT ( 'NONE', 'WORKASPACE' ) );
#3289 = VECTOR ( 'NONE', #3010, 39.37007874015748143 ) ;
#3290 = DIRECTION ( 'NONE',  ( 0.0000000000000000000, 0.0000000000000000000, -1.000000000000000000 ) ) ;
#3291 = VECTOR ( 'NONE', #1359, 39.37007874015748143 ) ;
#3292 = EDGE_CURVE ( 'NONE', #6774, #6629, #5026, .T. ) ;
#3293 = DIRECTION ( 'NONE',  ( 0.5547001962252282592, 0.0000000000000000000, 0.8320502943378441651 ) ) ;
#3294 = DIRECTION ( 'NONE',  ( 0.0000000000000000000, -0.7071067811865444641, -0.7071067811865505703 ) ) ;
#3295 = PRODUCT_DEFINITION_SHAPE ( 'NONE', 'NONE',  #13463 ) ;
#3296 = VERTEX_POINT ( 'NONE', #7134 ) ;
#3297 = DIRECTION ( 'NONE',  ( 1.316334802367150653E-16, -1.000000000000000000, 1.526556658859589750E-16 ) ) ;
#3298 = VERTEX_POINT ( 'NONE', #12328 ) ;
#3299 = AXIS2_PLACEMENT_3D ( 'NONE', #12353, #6141, #4974 ) ;
#3300 = VECTOR ( 'NONE', #12246, 39.37007874015748143 ) ;
#3301 = STYLED_ITEM ( 'NONE', ( #11913 ), #10445 ) ;
#3302 = FACE_OUTER_BOUND ( 'NONE', #10545, .T. ) ;
#3303 = PLANE ( 'NONE',  #3065 ) ;
#3304 = ORIENTED_EDGE ( 'NONE', *, *, #681, .F. ) ;
#3305 = DIRECTION ( 'NONE',  ( 1.133085894446547108E-16, -0.7071067811865476838, 0.7071067811865473507 ) ) ;
#3306 = CARTESIAN_POINT ( 'NONE',  ( 0.1027195510362846897, 0.1555589999168270343, 0.4732150244052678034 ) ) ;
#3307 = DIRECTION ( 'NONE',  ( 0.0000000000000000000, -1.000000000000000000, 0.0000000000000000000 ) ) ;
#3308 = EDGE_CURVE ( 'NONE', #11300, #9899, #3002, .T. ) ;
#3309 = VECTOR ( 'NONE', #1196, 39.37007874015748143 ) ;
#3310 = CARTESIAN_POINT ( 'NONE',  ( 0.1558691573354859805, 0.3760314408617060900, 0.4224276228305008374 ) ) ;
#3311 = EDGE_CURVE ( 'NONE', #12301, #6644, #1973, .T. ) ;
#3312 = VECTOR ( 'NONE', #6941, 39.37007874015748143 ) ;
#3313 = ORIENTED_EDGE ( 'NONE', *, *, #10051, .T. ) ;
#3314 = DIRECTION ( 'NONE',  ( 3.518308117683322415E-16, -1.000000000000000000, 4.163336342344337027E-16 ) ) ;
#3315 = DIRECTION ( 'NONE',  ( -1.356991020290373981E-16, 1.000000000000000000, -3.469446951953614189E-16 ) ) ;
#3316 = ORIENTED_EDGE ( 'NONE', *, *, #367, .T. ) ;
#3317 = ORIENTED_EDGE ( 'NONE', *, *, #5285, .F. ) ;
#3318 = DIRECTION ( 'NONE',  ( 1.937287448275561202E-17, 1.000000000000000000, 8.220413448604590506E-18 ) ) ;
#3319 = VERTEX_POINT ( 'NONE', #10284 ) ;
#3320 = STYLED_ITEM ( 'NONE', ( #12442 ), #6133 ) ;
#3321 = FACE_OUTER_BOUND ( 'NONE', #10110, .T. ) ;
#3322 = SURFACE_SIDE_STYLE ('',( #7682 ) ) ;
#3323 = DIRECTION ( 'NONE',  ( 0.0000000000000000000, 1.000000000000000000, 0.0000000000000000000 ) ) ;
#3324 = EDGE_CURVE ( 'NONE', #10961, #5127, #5095, .T. ) ;
#3325 = DIRECTION ( 'NONE',  ( 1.000000000000000000, 0.0000000000000000000, 0.0000000000000000000 ) ) ;
#3326 = CARTESIAN_POINT ( 'NONE',  ( 0.1893337242646341567, 0.7897218048774069521, 0.1940811661375623776 ) ) ;
#3327 = ADVANCED_FACE ( 'NONE', ( #2048 ), #6183, .F. ) ;
#3328 = VECTOR ( 'NONE', #13355, 39.37007874015748143 ) ;
#3329 = LINE ( 'NONE', #3388, #8984 ) ;
#3330 = CARTESIAN_POINT ( 'NONE',  ( 0.0000000000000000000, 0.1496062992125984370, 0.1003937007874015630 ) ) ;
#3331 = ORIENTED_EDGE ( 'NONE', *, *, #8167, .F. ) ;
#3332 = FILL_AREA_STYLE_COLOUR ( '', #12911 ) ;
#3333 = ORIENTED_EDGE ( 'NONE', *, *, #8354, .T. ) ;
#3334 = ORIENTED_EDGE ( 'NONE', *, *, #12475, .F. ) ;
#3335 = PRESENTATION_STYLE_ASSIGNMENT (( #5358 ) ) ;
#3336 = EDGE_CURVE ( 'NONE', #6614, #776, #2110, .T. ) ;
#3337 = CARTESIAN_POINT ( 'NONE',  ( 0.1558691573355116822, 0.2264251416490909163, 0.4397504574761375018 ) ) ;
#3338 = VECTOR ( 'NONE', #744, 39.37007874015748143 ) ;
#3339 = CARTESIAN_POINT ( 'NONE',  ( 0.1444518345008675708, 0.05713380306640643974, 0.2397504574761404883 ) ) ;
#3340 = DIRECTION ( 'NONE',  ( -1.174096724532128111E-16, 1.000000000000000000, -1.665334536937734318E-16 ) ) ;
#3341 = FACE_OUTER_BOUND ( 'NONE', #5302, .T. ) ;
#3342 = EDGE_CURVE ( 'NONE', #7230, #6625, #10410, .T. ) ;
#3343 = VERTEX_POINT ( 'NONE', #10552 ) ;
#3344 = DIRECTION ( 'NONE',  ( 1.000000000000000000, 3.518308117683325373E-16, 2.626713979715459264E-16 ) ) ;
#3345 = ORIENTED_EDGE ( 'NONE', *, *, #1027, .T. ) ;
#3346 = UNCERTAINTY_MEASURE_WITH_UNIT (LENGTH_MEASURE( 1.000000000000000082E-05 ), #11883, 'distance_accuracy_value', 'NONE');
#3347 = ORIENTED_EDGE ( 'NONE', *, *, #10825, .T. ) ;
#3348 = AXIS2_PLACEMENT_3D ( 'NONE', #1569, #7757, #5690 ) ;
#3349 = LINE ( 'NONE', #8589, #4111 ) ;
#3350 = EDGE_LOOP ( 'NONE', ( #4357, #5969, #9625, #7895, #6598, #11617, #2737, #8126, #8852 ) ) ;
#3351 = EDGE_LOOP ( 'NONE', ( #8675, #3488, #5738, #1624, #3853, #2319, #373, #3840 ) ) ;
#3352 = EDGE_CURVE ( 'NONE', #4666, #2425, #1294, .T. ) ;
#3353 = EDGE_CURVE ( 'NONE', #7640, #8170, #6518, .T. ) ;
#3354 = FACE_OUTER_BOUND ( 'NONE', #644, .T. ) ;
#3355 = DIRECTION ( 'NONE',  ( -0.9363291775693507457, 0.3511234415875753578, -3.921313925347464333E-16 ) ) ;
#3356 = CARTESIAN_POINT ( 'NONE',  ( 0.3625620707213385585, 0.1555589999168270066, 0.2456559692871497225 ) ) ;
#3357 = CARTESIAN_POINT ( 'NONE',  ( 0.2483888423748524532, 0.7854802597593475433, 0.3456559692871650769 ) ) ;
#3358 = VECTOR ( 'NONE', #1965, 39.37007874015748143 ) ;
#3359 = EDGE_CURVE ( 'NONE', #12450, #13314, #1223, .T. ) ;
#3360 = SURFACE_SIDE_STYLE ('',( #229 ) ) ;
#3361 = FACE_OUTER_BOUND ( 'NONE', #8631, .T. ) ;
#3362 = CARTESIAN_POINT ( 'NONE',  ( 0.3920896297764415728, 0.1791810471609177335, 0.3456559692871650769 ) ) ;
#3363 = VERTEX_POINT ( 'NONE', #8426 ) ;
#3364 = VERTEX_POINT ( 'NONE', #3252 ) ;
#3365 = CARTESIAN_POINT ( 'NONE',  ( 0.3389400234772336762, 0.3760314408617050908, 0.3810890401533105210 ) ) ;
#3366 = CARTESIAN_POINT ( 'NONE',  ( 0.2483888423748524532, 0.3760314408617060900, 0.2688843157438651765 ) ) ;
#3367 = ADVANCED_FACE ( 'NONE', ( #12519 ), #4264, .T. ) ;
#3368 = ORIENTED_EDGE ( 'NONE', *, *, #11058, .F. ) ;
#3369 = SURFACE_STYLE_FILL_AREA ( #10603 ) ;
#3370 = CARTESIAN_POINT ( 'NONE',  ( 0.1562628581229040525, 0.08075585031049736795, 0.2515614810981877114 ) ) ;
#3371 = DIRECTION ( 'NONE',  ( -1.000000000000000000, 1.937287448275485398E-17, 8.833616147085623967E-14 ) ) ;
#3372 = FACE_OUTER_BOUND ( 'NONE', #10548, .T. ) ;
#3373 = VERTEX_POINT ( 'NONE', #11516 ) ;
#3374 = PLANE ( 'NONE',  #10767 ) ;
#3375 = ORIENTED_EDGE ( 'NONE', *, *, #11833, .F. ) ;
#3376 = ORIENTED_EDGE ( 'NONE', *, *, #2695, .F. ) ;
#3377 = STYLED_ITEM ( 'NONE', ( #6635 ), #834 ) ;
#3378 = PLANE ( 'NONE',  #6312 ) ;
#3379 = EDGE_CURVE ( 'NONE', #216, #3443, #5485, .T. ) ;
#3380 = ORIENTED_EDGE ( 'NONE', *, *, #9909, .T. ) ;
#3381 = SURFACE_STYLE_USAGE ( .BOTH. , #195 ) ;
#3382 = CARTESIAN_POINT ( 'NONE',  ( 0.1027195510362847869, 0.1476849841687954135, 0.2554984889721935715 ) ) ;
#3383 = PLANE ( 'NONE',  #9325 ) ;
#3384 = CARTESIAN_POINT ( 'NONE',  ( 0.3090187636347014322, 0.08075585031051536744, 0.4515614810981848914 ) ) ;
#3385 = PLANE ( 'NONE',  #8100 ) ;
#3386 = CARTESIAN_POINT ( 'NONE',  ( 0.2562628581229024483, 0.08862986605856651434, 0.4397504574761375573 ) ) ;
#3387 = VECTOR ( 'NONE', #4086, 39.37007874015748143 ) ;
#3388 = CARTESIAN_POINT ( 'NONE',  ( 0.3645305746583385464, 0.2776062440113114538, 0.2669158118068502006 ) ) ;
#3389 = CARTESIAN_POINT ( 'NONE',  ( 0.2326408108788128593, 0.08862986605855739664, 0.1901441582635345906 ) ) ;
#3390 = ORIENTED_EDGE ( 'NONE', *, *, #12568, .T. ) ;
#3391 = CARTESIAN_POINT ( 'NONE',  ( 0.2483888423748703833, 0.1988660865309964110, 0.3456559692871650769 ) ) ;
#3392 = ORIENTED_EDGE ( 'NONE', *, *, #13168, .T. ) ;
#3393 = ORIENTED_EDGE ( 'NONE', *, *, #7898, .F. ) ;
#3394 = ADVANCED_FACE ( 'NONE', ( #5415 ), #3383, .F. ) ;
#3395 = EDGE_CURVE ( 'NONE', #3298, #10714, #7405, .T. ) ;
#3396 = EDGE_LOOP ( 'NONE', ( #1827, #8387, #4819, #6932 ) ) ;
#3397 = DIRECTION ( 'NONE',  ( 5.273376169246161374E-17, -0.7071067811865473507, -0.7071067811865475727 ) ) ;
#3398 = ORIENTED_EDGE ( 'NONE', *, *, #7501, .T. ) ;
#3399 = VECTOR ( 'NONE', #11014, 39.37007874015748143 ) ;
#3400 = LINE ( 'NONE', #7624, #7865 ) ;
#3401 = DIRECTION ( 'NONE',  ( 1.608386623408232256E-17, 1.526556658859589750E-16, 1.000000000000000000 ) ) ;
#3402 = DIRECTION ( 'NONE',  ( 1.000000000000000000, 1.408738150179760326E-16, -6.014894242100891138E-18 ) ) ;
#3403 = CARTESIAN_POINT ( 'NONE',  ( 0.3290975037921824442, 0.5295747479483238207, 0.2688843157438651765 ) ) ;
#3404 = LINE ( 'NONE', #5703, #2832 ) ;
#3405 = AXIS2_PLACEMENT_3D ( 'NONE', #12619, #7309, #3290 ) ;
#3406 = VERTEX_POINT ( 'NONE', #5211 ) ;
#3407 = ORIENTED_EDGE ( 'NONE', *, *, #4376, .T. ) ;
#3408 = ORIENTED_EDGE ( 'NONE', *, *, #2045, .T. ) ;
#3409 = CARTESIAN_POINT ( 'NONE',  ( 0.3468140392252720416, 0.1555589999168270066, 0.2062465204682520925 ) ) ;
#3410 = ORIENTED_EDGE ( 'NONE', *, *, #9430, .T. ) ;
#3411 = EDGE_CURVE ( 'NONE', #12576, #5902, #7369, .T. ) ;
#3412 = ORIENTED_EDGE ( 'NONE', *, *, #12274, .T. ) ;
#3413 = CARTESIAN_POINT ( 'NONE',  ( 0.0000000000000000000, 0.0000000000000000000, 0.0000000000000000000 ) ) ;
#3414 = DIRECTION ( 'NONE',  ( 1.000000000000000000, 0.0000000000000000000, 0.0000000000000000000 ) ) ;
#3415 = FACE_OUTER_BOUND ( 'NONE', #12792, .T. ) ;
#3416 = LINE ( 'NONE', #10723, #943 ) ;
#3417 = MECHANICAL_DESIGN_GEOMETRIC_PRESENTATION_REPRESENTATION (  '', ( #7109 ), #1257 ) ;
#3418 = FACE_OUTER_BOUND ( 'NONE', #1884, .T. ) ;
#3419 = CARTESIAN_POINT ( 'NONE',  ( 0.1444518345008675153, 0.05713380306640647444, 0.4515614810981848914 ) ) ;
#3420 = CARTESIAN_POINT ( 'NONE',  ( 0.3468140392252718751, 0.3130393148774570644, 0.4062858905469893811 ) ) ;
#3421 = EDGE_CURVE ( 'NONE', #2863, #10070, #8364, .T. ) ;
#3422 = ORIENTED_EDGE ( 'NONE', *, *, #9969, .T. ) ;
#3423 = FACE_OUTER_BOUND ( 'NONE', #763, .T. ) ;
#3424 = ADVANCED_FACE ( 'NONE', ( #9390 ), #79, .F. ) ;
#3425 = ORIENTED_EDGE ( 'NONE', *, *, #5777, .F. ) ;
#3426 = ORIENTED_EDGE ( 'NONE', *, *, #2366, .F. ) ;
#3427 = ORIENTED_EDGE ( 'NONE', *, *, #6658, .F. ) ;
#3428 = VECTOR ( 'NONE', #11895, 39.37007874015748143 ) ;
#3429 = ADVANCED_FACE ( 'NONE', ( #402 ), #11850, .T. ) ;
#3430 = CARTESIAN_POINT ( 'NONE',  ( 0.1164990785953284869, 0.3583149054286423607, 0.4243961267674800641 ) ) ;
#3431 = ORIENTED_EDGE ( 'NONE', *, *, #3666, .F. ) ;
#3432 = DIRECTION ( 'NONE',  ( 3.376070039848299626E-16, -1.000000000000000000, 4.302114220422482087E-16 ) ) ;
#3433 = FACE_OUTER_BOUND ( 'NONE', #3274, .T. ) ;
#3434 = CARTESIAN_POINT ( 'NONE',  ( 0.2090187636347251854, 0.1279999447987060224, 0.5011677803107856821 ) ) ;
#3435 = AXIS2_PLACEMENT_3D ( 'NONE', #9255, #7070, #974 ) ;
#3436 = LINE ( 'NONE', #7594, #12868 ) ;
#3437 = EDGE_LOOP ( 'NONE', ( #3143, #3938, #869, #7603, #11430, #4034, #2186, #8336, #10892, #10674, #3317, #12295 ) ) ;
#3438 = CARTESIAN_POINT ( 'NONE',  ( 0.2483888423748703833, 0.2972912833813901590, 0.1527425834603898525 ) ) ;
#3439 = ADVANCED_FACE ( 'NONE', ( #5816 ), #9794, .F. ) ;
#3440 = DIRECTION ( 'NONE',  ( 0.0000000000000000000, 8.220413448604736877E-18, -1.000000000000000000 ) ) ;
#3441 = ORIENTED_EDGE ( 'NONE', *, *, #11538, .T. ) ;
#3442 = LINE ( 'NONE', #594, #120 ) ;
#3443 = VERTEX_POINT ( 'NONE', #5680 ) ;
#3444 = ORIENTED_EDGE ( 'NONE', *, *, #4167, .T. ) ;
#3445 = COLOUR_RGB ( '',0.7607843137254901578, 0.7607843137254901578, 0.0000000000000000000 ) ;
#3446 = ORIENTED_EDGE ( 'NONE', *, *, #4887, .F. ) ;
#3447 = CARTESIAN_POINT ( 'NONE',  ( 0.1342156140284146149, 0.5295747479483139397, 0.2669158118068457042 ) ) ;
#3448 = CARTESIAN_POINT ( 'NONE',  ( 0.3350030156032096085, 0.5728818345624925312, 0.4440811661375588248 ) ) ;
#3449 = AXIS2_PLACEMENT_3D ( 'NONE', #4064, #9383, #13349 ) ;
#3450 = CARTESIAN_POINT ( 'NONE',  ( 0.2326408108788038387, 0.5728818345624925312, 0.3456559692871650769 ) ) ;
#3451 = EDGE_CURVE ( 'NONE', #721, #11059, #12990, .T. ) ;
#3452 = CARTESIAN_POINT ( 'NONE',  ( 0.2483888423748524532, 0.3583149054286423607, 0.2905378590509231085 ) ) ;
#3453 =( NAMED_UNIT ( * ) PLANE_ANGLE_UNIT ( ) SI_UNIT ( $, .RADIAN. ) );
#3454 = EDGE_LOOP ( 'NONE', ( #1413, #7554, #12091, #2565 ) ) ;
#3455 = CARTESIAN_POINT ( 'NONE',  ( 0.3389400234772336762, 0.3760314408617050908, 0.3810890401533105210 ) ) ;
#3456 = ORIENTED_EDGE ( 'NONE', *, *, #11571, .F. ) ;
#3457 = ORIENTED_EDGE ( 'NONE', *, *, #5335, .F. ) ;
#3458 = ORIENTED_EDGE ( 'NONE', *, *, #1512, .T. ) ;
#3459 = DIMENSIONAL_EXPONENTS ( 1.000000000000000000, 0.0000000000000000000, 0.0000000000000000000, 0.0000000000000000000, 0.0000000000000000000, 0.0000000000000000000, 0.0000000000000000000 ) ;
#3460 = ORIENTED_EDGE ( 'NONE', *, *, #2383, .F. ) ;
#3461 = CARTESIAN_POINT ( 'NONE',  ( 0.07516049591817387798, 0.05713380306642399514, 0.4873882527517284791 ) ) ;
#3462 = DIRECTION ( 'NONE',  ( -1.937287448275561202E-17, -1.000000000000000000, -8.220413448604590506E-18 ) ) ;
#3463 = CARTESIAN_POINT ( 'NONE',  ( 0.1164990785953284869, 0.3583149054286423607, 0.2236087251926805186 ) ) ;
#3464 = DIRECTION ( 'NONE',  ( 0.0000000000000000000, -1.000000000000000000, 0.0000000000000000000 ) ) ;
#3465 = VECTOR ( 'NONE', #6197, 39.37007874015748143 ) ;
#3466 = EDGE_CURVE ( 'NONE', #9899, #7640, #5550, .T. ) ;
#3467 = ADVANCED_FACE ( 'NONE', ( #13055 ), #7884, .F. ) ;
#3468 = DIRECTION ( 'NONE',  ( 0.0000000000000000000, 8.220413448604736877E-18, -1.000000000000000000 ) ) ;
#3469 = ORIENTED_EDGE ( 'NONE', *, *, #2527, .F. ) ;
#3470 = ORIENTED_EDGE ( 'NONE', *, *, #6259, .F. ) ;
#3471 = VERTEX_POINT ( 'NONE', #6586 ) ;
#3472 = ORIENTED_EDGE ( 'NONE', *, *, #5084, .F. ) ;
#3473 = VECTOR ( 'NONE', #2427, 39.37007874015748143 ) ;
#3474 = VECTOR ( 'NONE', #11437, 39.37007874015748854 ) ;
#3475 = CARTESIAN_POINT ( 'NONE',  ( 0.1558691573354859805, 0.7897218048774069521, 0.4007740795233712405 ) ) ;
#3476 = CARTESIAN_POINT ( 'NONE',  ( 0.2326408108788038387, 0.009496007790817656904, 0.3456559692871650769 ) ) ;
#3477 = CARTESIAN_POINT ( 'NONE',  ( 0.2483888423748475960, 0.3760314408617060900, 0.2905378590509508085 ) ) ;
#3478 = FILL_AREA_STYLE ('',( #1407 ) ) ;
#3479 = LINE ( 'NONE', #11825, #11522 ) ;
#3480 = SURFACE_STYLE_USAGE ( .BOTH. , #3360 ) ;
#3481 = PLANE ( 'NONE',  #6989 ) ;
#3482 = ADVANCED_FACE ( 'NONE', ( #4537 ), #8694, .F. ) ;
#3483 = VECTOR ( 'NONE', #8761, 39.37007874015748143 ) ;
#3484 = VECTOR ( 'NONE', #6253, 39.37007874015748143 ) ;
#3485 = VECTOR ( 'NONE', #3901, 39.37007874015748854 ) ;
#3486 = ORIENTED_EDGE ( 'NONE', *, *, #3023, .F. ) ;
#3487 = CARTESIAN_POINT ( 'NONE',  ( 0.1027195510362846759, 0.1476849841687954967, 0.4554984889722087371 ) ) ;
#3488 = ORIENTED_EDGE ( 'NONE', *, *, #6565, .F. ) ;
#3489 = LENGTH_MEASURE_WITH_UNIT ( LENGTH_MEASURE( 0.02539999999999999897 ), #5726 );
#3490 = ORIENTED_EDGE ( 'NONE', *, *, #2712, .T. ) ;
#3491 = CARTESIAN_POINT ( 'NONE',  ( 0.09484553528825256929, 0.08862986605855716071, 0.4991992763737758132 ) ) ;
#3492 = LINE ( 'NONE', #8605, #7853 ) ;
#3493 = VERTEX_POINT ( 'NONE', #6714 ) ;
#3494 = VECTOR ( 'NONE', #10260, 39.37007874015748143 ) ;
#3495 = AXIS2_PLACEMENT_3D ( 'NONE', #5411, #9588, #11847 ) ;
#3496 = CARTESIAN_POINT ( 'NONE',  ( 0.1562628581229039970, 0.08075585031049740958, 0.4515614810981848914 ) ) ;
#3497 = EDGE_CURVE ( 'NONE', #2931, #11246, #3648, .T. ) ;
#3498 = MECHANICAL_DESIGN_GEOMETRIC_PRESENTATION_REPRESENTATION (  '', ( #8508 ), #5662 ) ;
#3499 = EDGE_CURVE ( 'NONE', #3406, #5258, #6922, .T. ) ;
#3500 = CARTESIAN_POINT ( 'NONE',  ( 0.2326408108788161344, 0.1476849841687954135, 0.2554984889721936270 ) ) ;
#3501 = FACE_OUTER_BOUND ( 'NONE', #8780, .T. ) ;
#3502 = PLANE ( 'NONE',  #814 ) ;
#3503 = ADVANCED_FACE ( 'NONE', ( #8072 ), #7186, .F. ) ;
#3504 = LINE ( 'NONE', #2511, #4786 ) ;
#3505 = VECTOR ( 'NONE', #1409, 39.37007874015748143 ) ;
#3506 = COLOUR_RGB ( '',0.7607843137254901578, 0.7607843137254901578, 0.0000000000000000000 ) ;
#3507 = VECTOR ( 'NONE', #9333, 39.37007874015748143 ) ;
#3508 = CARTESIAN_POINT ( 'NONE',  ( 0.2129557715087250780, 0.3957164802317839070, 0.3456559692871650769 ) ) ;
#3509 = ORIENTED_EDGE ( 'NONE', *, *, #4056, .F. ) ;
#3510 = VECTOR ( 'NONE', #12556, 39.37007874015748143 ) ;
#3511 = LINE ( 'NONE', #9787, #11644 ) ;
#3512 = ORIENTED_EDGE ( 'NONE', *, *, #4563, .T. ) ;
#3513 = ORIENTED_EDGE ( 'NONE', *, *, #13124, .F. ) ;
#3514 =( LENGTH_UNIT ( ) NAMED_UNIT ( * ) SI_UNIT ( $, .METRE. ) );
#3515 = EDGE_CURVE ( 'NONE', #10730, #5962, #11365, .T. ) ;
#3516 = EDGE_CURVE ( 'NONE', #11059, #2169, #7117, .T. ) ;
#3517 = CARTESIAN_POINT ( 'NONE',  ( 0.2326408108788038387, 0.1988660865309964110, 0.3614040007832317047 ) ) ;
#3518 = VECTOR ( 'NONE', #8729, 39.37007874015748854 ) ;
#3519 = FILL_AREA_STYLE ('',( #8693 ) ) ;
#3520 = VECTOR ( 'NONE', #6988, 39.37007874015748143 ) ;
#3521 = AXIS2_PLACEMENT_3D ( 'NONE', #6115, #6305, #11305 ) ;
#3522 = DIRECTION ( 'NONE',  ( 1.000000000000000000, 1.316334802367150653E-16, -1.608386623408235030E-17 ) ) ;
#3523 = CARTESIAN_POINT ( 'NONE',  ( 0.2633267503829007650, 0.5295747479483238207, 0.4224276228305008374 ) ) ;
#3524 = DIRECTION ( 'NONE',  ( 0.0000000000000000000, 0.9922778767136848366, -0.1240347345890697173 ) ) ;
#3525 = EDGE_CURVE ( 'NONE', #8689, #10534, #11080, .T. ) ;
#3526 = DIRECTION ( 'NONE',  ( 0.8944271909997801862, 0.4472135955002294883, -8.265553651050792663E-17 ) ) ;
#3527 = CARTESIAN_POINT ( 'NONE',  ( 0.03972742505202855878, 0.2776062440113114538, 0.3771520322792893953 ) ) ;
#3528 = ORIENTED_EDGE ( 'NONE', *, *, #9712, .F. ) ;
#3529 = VECTOR ( 'NONE', #10883, 39.37007874015748143 ) ;
#3530 = CARTESIAN_POINT ( 'NONE',  ( 0.1558691573354859805, 0.1988660865309974379, 0.3456559692871650769 ) ) ;
#3531 = VECTOR ( 'NONE', #920, 39.37007874015748143 ) ;
#3532 = ORIENTED_EDGE ( 'NONE', *, *, #8347, .F. ) ;
#3533 = EDGE_LOOP ( 'NONE', ( #8108, #6898, #9526, #3333, #7584, #1449, #12437, #10178 ) ) ;
#3534 = CARTESIAN_POINT ( 'NONE',  ( 0.1342156140284146149, 0.3839054566097366838, 0.4243961267674756233 ) ) ;
#3535 = DIRECTION ( 'NONE',  ( -1.000000000000000000, 0.0000000000000000000, 0.0000000000000000000 ) ) ;
#3536 = EDGE_CURVE ( 'NONE', #7238, #3983, #11290, .T. ) ;
#3537 = ORIENTED_EDGE ( 'NONE', *, *, #222, .T. ) ;
#3538 = CARTESIAN_POINT ( 'NONE',  ( 0.2483888423748767116, 0.2165826219640790973, 0.1940811661375717867 ) ) ;
#3539 = CARTESIAN_POINT ( 'NONE',  ( 0.3920896297764415728, 0.4575997454093465033, 0.2669158118068502006 ) ) ;
#3540 = VECTOR ( 'NONE', #5617, 39.37007874015748143 ) ;
#3541 = CARTESIAN_POINT ( 'NONE',  ( 0.1090187636347221822, 0.08862986605856641720, 0.2515614810981769978 ) ) ;
#3542 = DIRECTION ( 'NONE',  ( 1.000000000000000000, 1.174096724532127865E-16, -4.283287147278279229E-17 ) ) ;
#3543 = ORIENTED_EDGE ( 'NONE', *, *, #7693, .F. ) ;
#3544 = ORIENTED_EDGE ( 'NONE', *, *, #738, .F. ) ;
#3545 = ORIENTED_EDGE ( 'NONE', *, *, #3411, .T. ) ;
#3546 = ORIENTED_EDGE ( 'NONE', *, *, #9260, .T. ) ;
#3547 = VECTOR ( 'NONE', #2973, 39.37007874015748143 ) ;
#3548 = VERTEX_POINT ( 'NONE', #1749 ) ;
#3549 = LINE ( 'NONE', #11941, #7864 ) ;
#3550 = ADVANCED_FACE ( 'NONE', ( #10125 ), #2917, .T. ) ;
#3551 = CARTESIAN_POINT ( 'NONE',  ( 0.2221780689370909667, -0.07318115756351306622, 0.2905378590509531400 ) ) ;
#3552 = CARTESIAN_POINT ( 'NONE',  ( 0.2483888423748524532, 0.1988660865309974379, 0.4677032133816496628 ) ) ;
#3553 = DIRECTION ( 'NONE',  ( 0.0000000000000000000, 1.000000000000000000, 0.0000000000000000000 ) ) ;
#3554 = CARTESIAN_POINT ( 'NONE',  ( 0.2444518345008482862, -0.05703942528004485313, 0.2397504574761405161 ) ) ;
#3555 = DIMENSIONAL_EXPONENTS ( 1.000000000000000000, 0.0000000000000000000, 0.0000000000000000000, 0.0000000000000000000, 0.0000000000000000000, 0.0000000000000000000, 0.0000000000000000000 ) ;
#3556 = DIRECTION ( 'NONE',  ( 1.000000000000000000, 1.174096724532128111E-16, -4.283287147278279845E-17 ) ) ;
#3557 = STYLED_ITEM ( 'NONE', ( #8306 ), #8495 ) ;
#3558 = DIRECTION ( 'NONE',  ( 3.518308117683322415E-16, -1.000000000000000000, 4.163336342344337027E-16 ) ) ;
#3559 = ORIENTED_EDGE ( 'NONE', *, *, #6516, .F. ) ;
#3560 = DIRECTION ( 'NONE',  ( 3.376070039848301106E-16, -1.000000000000000000, 4.302114220422481101E-16 ) ) ;
#3561 = ORIENTED_EDGE ( 'NONE', *, *, #2786, .T. ) ;
#3562 = ORIENTED_EDGE ( 'NONE', *, *, #5734, .T. ) ;
#3563 = LINE ( 'NONE', #12900, #11361 ) ;
#3564 = ORIENTED_EDGE ( 'NONE', *, *, #11664, .T. ) ;
#3565 = CARTESIAN_POINT ( 'NONE',  ( 0.3290975037921824442, 0.1988660865309974379, 0.2905378590509231085 ) ) ;
#3566 = EDGE_CURVE ( 'NONE', #13002, #3364, #13199, .T. ) ;
#3567 = VECTOR ( 'NONE', #2236, 39.37007874015748143 ) ;
#3568 = ORIENTED_EDGE ( 'NONE', *, *, #3109, .T. ) ;
#3569 = EDGE_CURVE ( 'NONE', #9583, #11051, #634, .T. ) ;
#3570 = DIRECTION ( 'NONE',  ( 1.000000000000000000, 1.408738150179760326E-16, -6.014894242100891138E-18 ) ) ;
#3571 = DIRECTION ( 'NONE',  ( 2.152236195923768601E-14, 2.498001805406631798E-16, 1.000000000000000000 ) ) ;
#3572 = DIRECTION ( 'NONE',  ( 1.000000000000000000, 1.408738150179760326E-16, -6.014894242100905005E-18 ) ) ;
#3573 = FILL_AREA_STYLE ('',( #4594 ) ) ;
#3574 = DIRECTION ( 'NONE',  ( -1.000000000000000000, 0.0000000000000000000, 0.0000000000000000000 ) ) ;
#3575 = DIRECTION ( 'NONE',  ( 1.000000000000000000, 0.0000000000000000000, 0.0000000000000000000 ) ) ;
#3576 = VERTEX_POINT ( 'NONE', #9171 ) ;
#3577 = CARTESIAN_POINT ( 'NONE',  ( 0.1558691573354859805, 0.7897218048774069521, 0.2669158118068501451 ) ) ;
#3578 = ORIENTED_EDGE ( 'NONE', *, *, #9186, .T. ) ;
#3579 = ORIENTED_EDGE ( 'NONE', *, *, #8092, .T. ) ;
#3580 = VERTEX_POINT ( 'NONE', #13336 ) ;
#3581 = EDGE_CURVE ( 'NONE', #1475, #3631, #1816, .T. ) ;
#3582 = DIRECTION ( 'NONE',  ( -1.000000000000000000, 0.0000000000000000000, 0.0000000000000000000 ) ) ;
#3583 = CARTESIAN_POINT ( 'NONE',  ( 0.2090187636347251854, 0.08862986605855729949, 0.5011677803107907891 ) ) ;
#3584 = VECTOR ( 'NONE', #947, 39.37007874015748143 ) ;
#3585 =( NAMED_UNIT ( * ) PLANE_ANGLE_UNIT ( ) SI_UNIT ( $, .RADIAN. ) );
#3586 = CARTESIAN_POINT ( 'NONE',  ( 0.3625620707213385030, 0.1555589999168271176, 0.4456559692871469025 ) ) ;
#3587 = DIRECTION ( 'NONE',  ( -1.000000000000000000, -1.174096724532128111E-16, 4.283287147278279229E-17 ) ) ;
#3588 = CARTESIAN_POINT ( 'NONE',  ( 0.4098061652095124630, 0.1988660865309964110, 0.3456559692871650769 ) ) ;
#3589 = ORIENTED_EDGE ( 'NONE', *, *, #12090, .T. ) ;
#3590 = PLANE ( 'NONE',  #4310 ) ;
#3591 = CARTESIAN_POINT ( 'NONE',  ( 0.2326408108788038387, 0.7776062440113159502, 0.4007740795233855069 ) ) ;
#3592 = FACE_OUTER_BOUND ( 'NONE', #552, .T. ) ;
#3593 = ADVANCED_FACE ( 'NONE', ( #8008 ), #12178, .T. ) ;
#3594 = ORIENTED_EDGE ( 'NONE', *, *, #11239, .T. ) ;
#3595 = EDGE_CURVE ( 'NONE', #12936, #11546, #6095, .T. ) ;
#3596 = FACE_OUTER_BOUND ( 'NONE', #9569, .T. ) ;
#3597 = ORIENTED_EDGE ( 'NONE', *, *, #9918, .T. ) ;
#3598 = VERTEX_POINT ( 'NONE', #5004 ) ;
#3599 = VERTEX_POINT ( 'NONE', #8963 ) ;
#3600 = SURFACE_STYLE_FILL_AREA ( #4418 ) ;
#3601 = ORIENTED_EDGE ( 'NONE', *, *, #921, .F. ) ;
#3602 =( NAMED_UNIT ( * ) PLANE_ANGLE_UNIT ( ) SI_UNIT ( $, .RADIAN. ) );
#3603 = CIRCLE ( 'NONE', #2542, 0.05610236220472444857 ) ;
#3604 = DIRECTION ( 'NONE',  ( 2.865203769218833733E-48, -8.220413448604590506E-18, 1.000000000000000000 ) ) ;
#3605 = SURFACE_STYLE_USAGE ( .BOTH. , #11177 ) ;
#3606 = CARTESIAN_POINT ( 'NONE',  ( 0.3330345116662202787, 0.3130393148774570644, 0.4062465204682491615 ) ) ;
#3607 = FACE_OUTER_BOUND ( 'NONE', #6339, .T. ) ;
#3608 = ORIENTED_EDGE ( 'NONE', *, *, #8823, .F. ) ;
#3609 = ADVANCED_FACE ( 'NONE', ( #6167 ), #3989, .F. ) ;
#3610 = ORIENTED_EDGE ( 'NONE', *, *, #7812, .F. ) ;
#3611 = ORIENTED_EDGE ( 'NONE', *, *, #9427, .T. ) ;
#3612 = ORIENTED_EDGE ( 'NONE', *, *, #9276, .F. ) ;
#3613 = AXIS2_PLACEMENT_3D ( 'NONE', #8097, #7072, #6119 ) ;
#3614 = ORIENTED_EDGE ( 'NONE', *, *, #10854, .F. ) ;
#3615 = DIRECTION ( 'NONE',  ( 0.0000000000000000000, 1.000000000000000000, 0.0000000000000000000 ) ) ;
#3616 = CARTESIAN_POINT ( 'NONE',  ( 0.3389400234772336762, 0.3760314408617050908, 0.4322701425155072719 ) ) ;
#3617 = LINE ( 'NONE', #3552, #7572 ) ;
#3618 = CARTESIAN_POINT ( 'NONE',  ( 0.3208297872567558162, 0.05713380306642436984, 0.2515614810981877114 ) ) ;
#3619 = CARTESIAN_POINT ( 'NONE',  ( 0.1558691573354938353, 0.3091023070034268905, 0.2515614810981877114 ) ) ;
#3620 = VECTOR ( 'NONE', #8195, 39.37007874015748143 ) ;
#3621 = VECTOR ( 'NONE', #10206, 39.37007874015748143 ) ;
#3622 = CARTESIAN_POINT ( 'NONE',  ( 0.2326408108788038387, 0.05713380306642412698, 0.1684906149564564526 ) ) ;
#3623 = ORIENTED_EDGE ( 'NONE', *, *, #12028, .T. ) ;
#3624 = EDGE_CURVE ( 'NONE', #6435, #2069, #11433, .T. ) ;
#3625 = ORIENTED_EDGE ( 'NONE', *, *, #5625, .F. ) ;
#3626 = DIRECTION ( 'NONE',  ( -1.000000000000000000, -3.376070039848302092E-16, -2.359223927328455183E-16 ) ) ;
#3627 = VERTEX_POINT ( 'NONE', #8660 ) ;
#3628 = CARTESIAN_POINT ( 'NONE',  ( 0.1027195510362847869, 0.1555589999168269788, 0.2732150244052707899 ) ) ;
#3629 = VECTOR ( 'NONE', #2386, 39.37007874015748143 ) ;
#3630 = DIRECTION ( 'NONE',  ( -1.937287448275561202E-17, -1.000000000000000000, -8.220413448604590506E-18 ) ) ;
#3631 = VERTEX_POINT ( 'NONE', #1259 ) ;
#3632 = LINE ( 'NONE', #8869, #4514 ) ;
#3633 = DIRECTION ( 'NONE',  ( -1.608386623408232256E-17, -1.526556658859589750E-16, -1.000000000000000000 ) ) ;
#3634 = DIRECTION ( 'NONE',  ( 0.8944271909998481318, 0.4472135955000935414, 4.875037915009128439E-17 ) ) ;
#3635 = VECTOR ( 'NONE', #1935, 39.37007874015748143 ) ;
#3636 = DIRECTION ( 'NONE',  ( 1.000000000000000000, 1.174096724532128111E-16, -4.283287147278279229E-17 ) ) ;
#3637 = EDGE_CURVE ( 'NONE', #8853, #4681, #3479, .T. ) ;
#3638 = EDGE_CURVE ( 'NONE', #6230, #11019, #9555, .T. ) ;
#3639 = CARTESIAN_POINT ( 'NONE',  ( 0.3090187636347014322, 0.08075585031051527030, 0.2397504574761404883 ) ) ;
#3640 = SURFACE_SIDE_STYLE ('',( #12976 ) ) ;
#3641 = ORIENTED_EDGE ( 'NONE', *, *, #6322, .F. ) ;
#3642 = EDGE_LOOP ( 'NONE', ( #4025, #6334, #7078, #8778, #9359 ) ) ;
#3643 = CARTESIAN_POINT ( 'NONE',  ( 0.07122348804415810919, 0.3957164802317839070, 0.5070732921218072953 ) ) ;
#3644 = PLANE ( 'NONE',  #9484 ) ;
#3645 = ORIENTED_EDGE ( 'NONE', *, *, #24, .F. ) ;
#3646 = VECTOR ( 'NONE', #6117, 39.37007874015748143 ) ;
#3647 = LINE ( 'NONE', #5413, #12331 ) ;
#3648 = LINE ( 'NONE', #4874, #5394 ) ;
#3649 = CARTESIAN_POINT ( 'NONE',  ( 0.3625620707213385585, 0.08862986605856644495, 0.2397504574761404605 ) ) ;
#3650 = PRESENTATION_STYLE_ASSIGNMENT (( #9996 ) ) ;
#3651 = PLANE ( 'NONE',  #1047 ) ;
#3652 = ORIENTED_EDGE ( 'NONE', *, *, #12917, .T. ) ;
#3653 = EDGE_CURVE ( 'NONE', #1066, #2678, #302, .T. ) ;
#3654 = PLANE ( 'NONE',  #5265 ) ;
#3655 =( LENGTH_UNIT ( ) NAMED_UNIT ( * ) SI_UNIT ( $, .METRE. ) );
#3656 = VECTOR ( 'NONE', #2882, 39.37007874015748143 ) ;
#3657 = ORIENTED_EDGE ( 'NONE', *, *, #1398, .T. ) ;
#3658 = LINE ( 'NONE', #12931, #8353 ) ;
#3659 = ORIENTED_EDGE ( 'NONE', *, *, #12059, .F. ) ;
#3660 = ORIENTED_EDGE ( 'NONE', *, *, #2029, .F. ) ;
#3661 = ORIENTED_EDGE ( 'NONE', *, *, #367, .F. ) ;
#3662 = DIRECTION ( 'NONE',  ( 1.316334802367150653E-16, -1.000000000000000000, 1.526556658859589750E-16 ) ) ;
#3663 = VECTOR ( 'NONE', #12410, 39.37007874015748143 ) ;
#3664 = EDGE_CURVE ( 'NONE', #10534, #6445, #10654, .T. ) ;
#3665 = VECTOR ( 'NONE', #1619, 39.37007874015748143 ) ;
#3666 = EDGE_CURVE ( 'NONE', #8988, #5036, #6619, .T. ) ;
#3667 = DIRECTION ( 'NONE',  ( -0.0000000000000000000, -1.000000000000000000, -0.0000000000000000000 ) ) ;
#3668 = CARTESIAN_POINT ( 'NONE',  ( 0.3330345116662203897, 0.1555589999168270066, 0.2062465204682520925 ) ) ;
#3669 = CARTESIAN_POINT ( 'NONE',  ( 0.2208297872567572262, 0.05713380306641549500, 0.4515614810981848914 ) ) ;
#3670 = ADVANCED_FACE ( 'NONE', ( #2422 ), #8998, .T. ) ;
#3671 = CARTESIAN_POINT ( 'NONE',  ( 0.1893337242646341567, 0.7897218048774069521, 0.3456559692871650769 ) ) ;
#3672 = EDGE_LOOP ( 'NONE', ( #7286, #6707, #1130, #12553 ) ) ;
#3673 = VECTOR ( 'NONE', #9693, 39.37007874015748143 ) ;
#3674 = VERTEX_POINT ( 'NONE', #6953 ) ;
#3675 = EDGE_LOOP ( 'NONE', ( #8915, #8102, #10293, #891, #5338, #3509, #8807, #706 ) ) ;
#3676 = EDGE_LOOP ( 'NONE', ( #4096, #5424, #10801, #2450, #6070, #6161, #11954 ) ) ;
#3677 = AXIS2_PLACEMENT_3D ( 'NONE', #7150, #10364, #9410 ) ;
#3678 = ORIENTED_EDGE ( 'NONE', *, *, #12117, .F. ) ;
#3679 = DIRECTION ( 'NONE',  ( 4.283287147278277996E-17, 1.665334536937734318E-16, 1.000000000000000000 ) ) ;
#3680 = CARTESIAN_POINT ( 'NONE',  ( 0.2578500329941761371, 0.5295747479483139397, 0.2669158347218780203 ) ) ;
#3681 = DIRECTION ( 'NONE',  ( 1.000000000000000000, -1.937287448275558121E-17, 0.0000000000000000000 ) ) ;
#3682 = COLOUR_RGB ( '',0.7607843137254901578, 0.7607843137254901578, 0.0000000000000000000 ) ;
#3683 = EDGE_CURVE ( 'NONE', #13314, #6777, #13164, .T. ) ;
#3684 = CARTESIAN_POINT ( 'NONE',  ( 0.2405148266268501978, 0.3760314408617053683, 0.4653410086572254967 ) ) ;
#3685 = CARTESIAN_POINT ( 'NONE',  ( 0.1558691573354938353, 0.3681574251136630616, 0.2515614810981877114 ) ) ;
#3686 = LINE ( 'NONE', #1654, #4596 ) ;
#3687 = EDGE_CURVE ( 'NONE', #6993, #549, #9978, .T. ) ;
#3688 = ORIENTED_EDGE ( 'NONE', *, *, #10051, .F. ) ;
#3689 = ORIENTED_EDGE ( 'NONE', *, *, #11348, .F. ) ;
#3690 = EDGE_LOOP ( 'NONE', ( #12706, #3179, #6694, #4129 ) ) ;
#3691 = ORIENTED_EDGE ( 'NONE', *, *, #1708, .T. ) ;
#3692 = AXIS2_PLACEMENT_3D ( 'NONE', #9615, #6333, #12071 ) ;
#3693 = SURFACE_STYLE_USAGE ( .BOTH. , #11269 ) ;
#3694 = LINE ( 'NONE', #3565, #5438 ) ;
#3695 = ORIENTED_EDGE ( 'NONE', *, *, #2547, .F. ) ;
#3696 = DIRECTION ( 'NONE',  ( -0.0000000000000000000, -1.000000000000000000, -0.0000000000000000000 ) ) ;
#3697 = DIRECTION ( 'NONE',  ( 1.174096724532128111E-16, -1.000000000000000000, 1.665334536937734318E-16 ) ) ;
#3698 = EDGE_CURVE ( 'NONE', #4462, #5514, #9763, .T. ) ;
#3699 = DIMENSIONAL_EXPONENTS ( 1.000000000000000000, 0.0000000000000000000, 0.0000000000000000000, 0.0000000000000000000, 0.0000000000000000000, 0.0000000000000000000, 0.0000000000000000000 ) ;
#3700 = AXIS2_PLACEMENT_3D ( 'NONE', #12079, #840, #12208 ) ;
#3701 = PLANE ( 'NONE',  #9483 ) ;
#3702 = AXIS2_PLACEMENT_3D ( 'NONE', #2630, #13244, #5935 ) ;
#3703 = CARTESIAN_POINT ( 'NONE',  ( 0.1558691573355117932, 0.1791810471609001365, 0.2397504574761404883 ) ) ;
#3704 = PLANE ( 'NONE',  #11842 ) ;
#3705 = CARTESIAN_POINT ( 'NONE',  ( 0.3586250628473005575, 0.1988660865309974379, 0.2905378590509410386 ) ) ;
#3706 = ORIENTED_EDGE ( 'NONE', *, *, #10499, .F. ) ;
#3707 = LINE ( 'NONE', #7049, #11681 ) ;
#3708 = MECHANICAL_DESIGN_GEOMETRIC_PRESENTATION_REPRESENTATION (  '', ( #11346 ), #3288 ) ;
#3709 = VECTOR ( 'NONE', #4475, 39.37007874015748143 ) ;
#3710 = CARTESIAN_POINT ( 'NONE',  ( 0.07319199198116600746, 0.08862986605855729949, 0.4834512448777162907 ) ) ;
#3711 = SURFACE_SIDE_STYLE ('',( #2585 ) ) ;
#3712 = EDGE_CURVE ( 'NONE', #7836, #8819, #11945, .T. ) ;
#3713 = CARTESIAN_POINT ( 'NONE',  ( 0.3310660077292020276, 0.5295747479483139397, 0.3456559692871650769 ) ) ;
#3714 = EDGE_CURVE ( 'NONE', #1837, #2996, #646, .T. ) ;
#3715 = VECTOR ( 'NONE', #5818, 39.37007874015748143 ) ;
#3716 = DIRECTION ( 'NONE',  ( 0.0000000000000000000, -1.000000000000000000, 0.0000000000000000000 ) ) ;
#3717 =( GEOMETRIC_REPRESENTATION_CONTEXT ( 3 ) GLOBAL_UNCERTAINTY_ASSIGNED_CONTEXT ( ( #1855 ) ) GLOBAL_UNIT_ASSIGNED_CONTEXT ( ( #225, #10648, #4435 ) ) REPRESENTATION_CONTEXT ( 'NONE', 'WORKASPACE' ) );
#3718 = AXIS2_PLACEMENT_3D ( 'NONE', #9092, #3987, #8528 ) ;
#3719 = VECTOR ( 'NONE', #1270, 39.37007874015748143 ) ;
#3720 = ORIENTED_EDGE ( 'NONE', *, *, #9835, .T. ) ;
#3721 = DIRECTION ( 'NONE',  ( 4.283287147278277996E-17, 1.665334536937734318E-16, 1.000000000000000000 ) ) ;
#3722 = FILL_AREA_STYLE_COLOUR ( '', #671 ) ;
#3723 = VERTEX_POINT ( 'NONE', #5716 ) ;
#3724 = UNCERTAINTY_MEASURE_WITH_UNIT (LENGTH_MEASURE( 1.000000000000000082E-05 ), #140, 'distance_accuracy_value', 'NONE');
#3725 = DIRECTION ( 'NONE',  ( 1.937287448275561202E-17, 1.000000000000000000, 8.220413448604590506E-18 ) ) ;
#3726 = ORIENTED_EDGE ( 'NONE', *, *, #3395, .F. ) ;
#3727 = VERTEX_POINT ( 'NONE', #6820 ) ;
#3728 = AXIS2_PLACEMENT_3D ( 'NONE', #9559, #6356, #10525 ) ;
#3729 = ORIENTED_EDGE ( 'NONE', *, *, #12544, .T. ) ;
#3730 = MECHANICAL_DESIGN_GEOMETRIC_PRESENTATION_REPRESENTATION (  '', ( #8309 ), #6127 ) ;
#3731 = SURFACE_STYLE_USAGE ( .BOTH. , #4951 ) ;
#3732 = ADVANCED_FACE ( 'NONE', ( #4774 ), #569, .T. ) ;
#3733 = CARTESIAN_POINT ( 'NONE',  ( 0.3468140392252720416, 0.3130393148774569534, 0.2062858905469922566 ) ) ;
#3734 = EDGE_CURVE ( 'NONE', #2515, #7571, #13096, .T. ) ;
#3735 = DIRECTION ( 'NONE',  ( 2.626713979715461236E-16, -3.747002708109903324E-16, -1.000000000000000000 ) ) ;
#3736 = CARTESIAN_POINT ( 'NONE',  ( 0.1164990785953284869, 0.2165826219640790973, 0.2236087251926805186 ) ) ;
#3737 =( GEOMETRIC_REPRESENTATION_CONTEXT ( 3 ) GLOBAL_UNCERTAINTY_ASSIGNED_CONTEXT ( ( #3756 ) ) GLOBAL_UNIT_ASSIGNED_CONTEXT ( ( #2361, #5467, #5535 ) ) REPRESENTATION_CONTEXT ( 'NONE', 'WORKASPACE' ) );
#3738 = VECTOR ( 'NONE', #11255, 39.37007874015748143 ) ;
#3739 = ORIENTED_EDGE ( 'NONE', *, *, #7612, .T. ) ;
#3740 = ORIENTED_EDGE ( 'NONE', *, *, #6507, .T. ) ;
#3741 = LINE ( 'NONE', #4012, #7704 ) ;
#3742 = EDGE_LOOP ( 'NONE', ( #10577, #8880, #5029, #10962 ) ) ;
#3743 = ORIENTED_EDGE ( 'NONE', *, *, #6917, .F. ) ;
#3744 = ORIENTED_EDGE ( 'NONE', *, *, #5625, .T. ) ;
#3745 = AXIS2_PLACEMENT_3D ( 'NONE', #620, #12133, #555 ) ;
#3746 = CARTESIAN_POINT ( 'NONE',  ( 0.2090187636347028977, 0.08075585031051529805, 0.2515614810981877114 ) ) ;
#3747 = EDGE_CURVE ( 'NONE', #1507, #10574, #3812, .T. ) ;
#3748 =( GEOMETRIC_REPRESENTATION_CONTEXT ( 3 ) GLOBAL_UNCERTAINTY_ASSIGNED_CONTEXT ( ( #4979 ) ) GLOBAL_UNIT_ASSIGNED_CONTEXT ( ( #3851, #2653, #9924 ) ) REPRESENTATION_CONTEXT ( 'NONE', 'WORKASPACE' ) );
#3749 = CARTESIAN_POINT ( 'NONE',  ( 0.3920896297764415728, 0.3760314408617050908, 0.3456559692871650769 ) ) ;
#3750 = FILL_AREA_STYLE_COLOUR ( '', #12038 ) ;
#3751 = DIRECTION ( 'NONE',  ( 1.000000000000000000, 3.376070039848302585E-16, 2.359223927328455183E-16 ) ) ;
#3752 = DIRECTION ( 'NONE',  ( 0.4472135955000934859, -0.8944271909998480208, 4.898503433089535865E-16 ) ) ;
#3753 = EDGE_LOOP ( 'NONE', ( #4777, #6813, #9057, #12129 ) ) ;
#3754 = DIRECTION ( 'NONE',  ( -3.518308117683322415E-16, 1.000000000000000000, -4.163336342344337027E-16 ) ) ;
#3755 = EDGE_LOOP ( 'NONE', ( #13088, #11871, #2237, #69 ) ) ;
#3756 = UNCERTAINTY_MEASURE_WITH_UNIT (LENGTH_MEASURE( 1.000000000000000082E-05 ), #2361, 'distance_accuracy_value', 'NONE');
#3757 = CARTESIAN_POINT ( 'NONE',  ( 0.2444518345008482307, -0.05703942528004478374, 0.4515614810981849470 ) ) ;
#3758 = ORIENTED_EDGE ( 'NONE', *, *, #2257, .F. ) ;
#3759 = LINE ( 'NONE', #3962, #11537 ) ;
#3760 = ADVANCED_FACE ( 'NONE', ( #1648 ), #2757, .F. ) ;
#3761 = ORIENTED_EDGE ( 'NONE', *, *, #10095, .F. ) ;
#3762 = EDGE_CURVE ( 'NONE', #549, #6993, #9777, .T. ) ;
#3763 = PRESENTATION_STYLE_ASSIGNMENT (( #6900 ) ) ;
#3764 = ORIENTED_EDGE ( 'NONE', *, *, #7490, .T. ) ;
#3765 = EDGE_CURVE ( 'NONE', #8140, #7820, #1786, .T. ) ;
#3766 = DIRECTION ( 'NONE',  ( 0.0000000000000000000, 0.0000000000000000000, 1.000000000000000000 ) ) ;
#3767 =( NAMED_UNIT ( * ) PLANE_ANGLE_UNIT ( ) SI_UNIT ( $, .RADIAN. ) );
#3768 = VECTOR ( 'NONE', #9980, 39.37007874015748143 ) ;
#3769 = LINE ( 'NONE', #4661, #12226 ) ;
#3770 = DIRECTION ( 'NONE',  ( 0.0000000000000000000, 0.0000000000000000000, 1.000000000000000000 ) ) ;
#3771 = CARTESIAN_POINT ( 'NONE',  ( 0.2295927890943725569, 0.5531967951924449123, 0.4243961267674756788 ) ) ;
#3772 = ORIENTED_EDGE ( 'NONE', *, *, #11768, .T. ) ;
#3773 = ORIENTED_EDGE ( 'NONE', *, *, #2909, .F. ) ;
#3774 = ADVANCED_FACE ( 'NONE', ( #13234 ), #3880, .T. ) ;
#3775 = VECTOR ( 'NONE', #8432, 39.37007874015748143 ) ;
#3776 = PLANE ( 'NONE',  #1622 ) ;
#3777 = ORIENTED_EDGE ( 'NONE', *, *, #8418, .T. ) ;
#3778 = DIRECTION ( 'NONE',  ( 0.8320502943379405325, 0.0000000000000000000, -0.5547001962250837082 ) ) ;
#3779 = CARTESIAN_POINT ( 'NONE',  ( 0.3562628581229011493, 0.08075585031051529805, 0.2515614810981877114 ) ) ;
#3780 = LINE ( 'NONE', #8960, #1250 ) ;
#3781 = DIRECTION ( 'NONE',  ( 1.000000000000000000, 1.174096724532128111E-16, -4.283287147278279845E-17 ) ) ;
#3782 = VECTOR ( 'NONE', #12370, 39.37007874015748143 ) ;
#3783 = CARTESIAN_POINT ( 'NONE',  ( 0.3625620707213385585, 0.1555589999168270066, 0.2062465204682520925 ) ) ;
#3784 = VERTEX_POINT ( 'NONE', #11402 ) ;
#3785 = LINE ( 'NONE', #5685, #13258 ) ;
#3786 = CARTESIAN_POINT ( 'NONE',  ( 0.3290975037921824442, 0.5295747479483238207, 0.4224276228305008374 ) ) ;
#3787 = DIMENSIONAL_EXPONENTS ( 1.000000000000000000, 0.0000000000000000000, 0.0000000000000000000, 0.0000000000000000000, 0.0000000000000000000, 0.0000000000000000000, 0.0000000000000000000 ) ;
#3788 = CARTESIAN_POINT ( 'NONE',  ( 0.3290975037921824442, 0.4272125432239180509, 0.4007740795234070452 ) ) ;
#3789 = ORIENTED_EDGE ( 'NONE', *, *, #3908, .T. ) ;
#3790 = ADVANCED_FACE ( 'NONE', ( #5043 ), #4219, .F. ) ;
#3791 = DIRECTION ( 'NONE',  ( 0.0000000000000000000, -0.7999999999998903544, 0.6000000000001461942 ) ) ;
#3792 = ORIENTED_EDGE ( 'NONE', *, *, #3211, .F. ) ;
#3793 = EDGE_LOOP ( 'NONE', ( #7316, #1631, #13018, #8156 ) ) ;
#3794 = VERTEX_POINT ( 'NONE', #9336 ) ;
#3795 =( CONVERSION_BASED_UNIT ( 'INCH', #5761 ) LENGTH_UNIT ( ) NAMED_UNIT ( #8858 ) );
#3796 = LENGTH_MEASURE_WITH_UNIT ( LENGTH_MEASURE( 0.02539999999999999897 ), #8439 );
#3797 = LINE ( 'NONE', #6940, #372 ) ;
#3798 = LINE ( 'NONE', #7961, #2020 ) ;
#3799 = CARTESIAN_POINT ( 'NONE',  ( 0.07712899985517100709, 0.3760314408617060900, 0.3456559692871650769 ) ) ;
#3800 = ORIENTED_EDGE ( 'NONE', *, *, #7936, .T. ) ;
#3801 = EDGE_CURVE ( 'NONE', #8821, #10990, #11254, .T. ) ;
#3802 = EDGE_CURVE ( 'NONE', #7759, #8088, #2886, .T. ) ;
#3803 = DIRECTION ( 'NONE',  ( 1.000000000000000000, 1.174096724532127865E-16, -4.283287147278279229E-17 ) ) ;
#3804 = ORIENTED_EDGE ( 'NONE', *, *, #8861, .F. ) ;
#3805 = ORIENTED_EDGE ( 'NONE', *, *, #865, .T. ) ;
#3806 = EDGE_LOOP ( 'NONE', ( #2604, #2225, #11010, #12200, #11924, #4550, #6317, #9008 ) ) ;
#3807 = VECTOR ( 'NONE', #1147, 39.37007874015748143 ) ;
#3808 = DIRECTION ( 'NONE',  ( 3.518308117683322415E-16, -1.000000000000000000, 4.163336342344337027E-16 ) ) ;
#3809 = DIRECTION ( 'NONE',  ( 2.626713979715461236E-16, -3.747002708109903324E-16, -1.000000000000000000 ) ) ;
#3810 = DIRECTION ( 'NONE',  ( -1.000000000000000000, -3.518308117683324880E-16, -2.626713979715458771E-16 ) ) ;
#3811 = LENGTH_MEASURE_WITH_UNIT ( LENGTH_MEASURE( 0.02539999999999999897 ), #370 );
#3812 = LINE ( 'NONE', #12084, #5835 ) ;
#3813 = DIRECTION ( 'NONE',  ( -1.937287448275561202E-17, -1.000000000000000000, -8.220413448604590506E-18 ) ) ;
#3814 = FACE_OUTER_BOUND ( 'NONE', #13228, .T. ) ;
#3815 = VERTEX_POINT ( 'NONE', #2951 ) ;
#3816 = LINE ( 'NONE', #12152, #5232 ) ;
#3817 = CARTESIAN_POINT ( 'NONE',  ( 0.1027195510362938075, 0.1476849841687954135, 0.3456559692871707390 ) ) ;
#3818 = VECTOR ( 'NONE', #11607, 39.37007874015748143 ) ;
#3819 = EDGE_LOOP ( 'NONE', ( #8222, #3074, #13051, #1041 ) ) ;
#3820 = CARTESIAN_POINT ( 'NONE',  ( 0.1893337242646341567, 0.7897218048774069521, 0.3456559692871650769 ) ) ;
#3821 = VECTOR ( 'NONE', #2344, 39.37007874015748143 ) ;
#3822 = EDGE_CURVE ( 'NONE', #9785, #10990, #13302, .T. ) ;
#3823 = ORIENTED_EDGE ( 'NONE', *, *, #1204, .T. ) ;
#3824 = CARTESIAN_POINT ( 'NONE',  ( 0.2326408108788038387, 0.3839054566097366838, 0.4243961267674756233 ) ) ;
#3825 = ORIENTED_EDGE ( 'NONE', *, *, #6346, .T. ) ;
#3826 = DIRECTION ( 'NONE',  ( 2.626713979715461236E-16, -3.747002708109903324E-16, -1.000000000000000000 ) ) ;
#3827 = EDGE_LOOP ( 'NONE', ( #7751, #11729, #12561, #3872 ) ) ;
#3828 = FILL_AREA_STYLE ('',( #9078 ) ) ;
#3829 = VECTOR ( 'NONE', #9320, 39.37007874015748143 ) ;
#3830 = FACE_OUTER_BOUND ( 'NONE', #4261, .T. ) ;
#3831 = VECTOR ( 'NONE', #10881, 39.37007874015748143 ) ;
#3832 = EDGE_CURVE ( 'NONE', #10814, #632, #8180, .T. ) ;
#3833 = EDGE_CURVE ( 'NONE', #5239, #10152, #94, .T. ) ;
#3834 = PLANE ( 'NONE',  #10043 ) ;
#3835 = EDGE_LOOP ( 'NONE', ( #12360, #13017, #12297, #11442, #5946, #12572, #1755 ) ) ;
#3836 = DIRECTION ( 'NONE',  ( -1.608386623408232256E-17, -1.526556658859589750E-16, -1.000000000000000000 ) ) ;
#3837 = ADVANCED_FACE ( 'NONE', ( #11324 ), #1847, .F. ) ;
#3838 = CARTESIAN_POINT ( 'NONE',  ( 0.1385463226898582811, -0.07278745677611145326, 0.2515614810981877669 ) ) ;
#3839 = PLANE ( 'NONE',  #5453 ) ;
#3840 = ORIENTED_EDGE ( 'NONE', *, *, #2459, .F. ) ;
#3841 = DIRECTION ( 'NONE',  ( 0.0000000000000000000, 0.0000000000000000000, 1.000000000000000000 ) ) ;
#3842 = DIRECTION ( 'NONE',  ( 0.0000000000000000000, -1.000000000000000000, 0.0000000000000000000 ) ) ;
#3843 = CARTESIAN_POINT ( 'NONE',  ( 0.2444518345008482030, 0.05713380306641549500, 0.4397504574761375573 ) ) ;
#3844 = DIRECTION ( 'NONE',  ( 3.376070039848299626E-16, -1.000000000000000000, 4.302114220422482087E-16 ) ) ;
#3845 = FILL_AREA_STYLE ('',( #12919 ) ) ;
#3846 = CARTESIAN_POINT ( 'NONE',  ( 0.3212234880441705021, 0.1437479762947815320, 0.3456559692871528644 ) ) ;
#3847 = DIRECTION ( 'NONE',  ( -1.937287448275561202E-17, -1.000000000000000000, -8.220413448604590506E-18 ) ) ;
#3848 = DIRECTION ( 'NONE',  ( 0.0000000000000000000, 0.0000000000000000000, 1.000000000000000000 ) ) ;
#3849 = VECTOR ( 'NONE', #12943, 39.37007874015748143 ) ;
#3850 = ADVANCED_FACE ( 'NONE', ( #9210 ), #5990, .T. ) ;
#3851 =( CONVERSION_BASED_UNIT ( 'INCH', #7813 ) LENGTH_UNIT ( ) NAMED_UNIT ( #174 ) );
#3852 = DIRECTION ( 'NONE',  ( -1.000000000000000000, -1.408738150179760326E-16, 6.014894242100891138E-18 ) ) ;
#3853 = ORIENTED_EDGE ( 'NONE', *, *, #9469, .F. ) ;
#3854 = DIRECTION ( 'NONE',  ( -2.273736754432320595E-13, 8.220413448609141864E-18, -1.000000000000000000 ) ) ;
#3855 = DIRECTION ( 'NONE',  ( -1.937287448275560894E-17, -1.000000000000000000, -8.220413448604736877E-18 ) ) ;
#3856 = CARTESIAN_POINT ( 'NONE',  ( 0.2405148266268503088, 0.1555589999168270621, 0.4515614810981740668 ) ) ;
#3857 = VERTEX_POINT ( 'NONE', #7225 ) ;
#3858 = PLANE ( 'NONE',  #539 ) ;
#3859 = ORIENTED_EDGE ( 'NONE', *, *, #7304, .T. ) ;
#3860 = EDGE_LOOP ( 'NONE', ( #1050, #5333, #7775, #614 ) ) ;
#3861 = VECTOR ( 'NONE', #12563, 39.37007874015748143 ) ;
#3862 = ORIENTED_EDGE ( 'NONE', *, *, #9098, .T. ) ;
#3863 = CARTESIAN_POINT ( 'NONE',  ( 0.2483888423748524532, 0.7897218048774069521, 0.3062858905470076665 ) ) ;
#3864 = LINE ( 'NONE', #11240, #4736 ) ;
#3865 = CARTESIAN_POINT ( 'NONE',  ( 0.1558691573354859805, 0.3583149054286423607, 0.2905378590509231085 ) ) ;
#3866 = DIRECTION ( 'NONE',  ( 3.007447121050438636E-18, 2.498001805406601723E-16, 1.000000000000000000 ) ) ;
#3867 = EDGE_CURVE ( 'NONE', #1319, #6059, #2126, .T. ) ;
#3868 = DIRECTION ( 'NONE',  ( 0.0000000000000000000, 1.000000000000000000, 0.0000000000000000000 ) ) ;
#3869 = SURFACE_STYLE_FILL_AREA ( #13221 ) ;
#3870 = VECTOR ( 'NONE', #26, 39.37007874015748143 ) ;
#3871 = LINE ( 'NONE', #13151, #12083 ) ;
#3872 = ORIENTED_EDGE ( 'NONE', *, *, #6293, .T. ) ;
#3873 = CARTESIAN_POINT ( 'NONE',  ( 0.3920896297764415728, 0.1791810471609177335, 0.3653410086572472792 ) ) ;
#3874 = ORIENTED_EDGE ( 'NONE', *, *, #12417, .T. ) ;
#3875 = ORIENTED_EDGE ( 'NONE', *, *, #7056, .F. ) ;
#3876 = VERTEX_POINT ( 'NONE', #10429 ) ;
#3877 = DIRECTION ( 'NONE',  ( -1.937287448275561202E-17, -1.000000000000000000, -8.220413448604590506E-18 ) ) ;
#3878 = CARTESIAN_POINT ( 'NONE',  ( 0.09484553528826229762, 0.1555589999168269233, 0.4180969141690438762 ) ) ;
#3879 = EDGE_CURVE ( 'NONE', #5601, #4632, #10158, .T. ) ;
#3880 = PLANE ( 'NONE',  #3677 ) ;
#3881 = EDGE_CURVE ( 'NONE', #2340, #2555, #8442, .T. ) ;
#3882 = CARTESIAN_POINT ( 'NONE',  ( 0.2326408108788038387, 0.2185511259010752549, 0.3456559692871650769 ) ) ;
#3883 = AXIS2_PLACEMENT_3D ( 'NONE', #1051, #5165, #9343 ) ;
#3884 = CARTESIAN_POINT ( 'NONE',  ( 0.3090187636347014322, 0.08075585031051536744, 0.4515614810981848914 ) ) ;
#3885 = EDGE_LOOP ( 'NONE', ( #8688, #7395, #10750, #9460 ) ) ;
#3886 = DIRECTION ( 'NONE',  ( 0.0000000000000000000, -1.000000000000000000, 0.0000000000000000000 ) ) ;
#3887 = PLANE ( 'NONE',  #5175 ) ;
#3888 = VECTOR ( 'NONE', #9613, 39.37007874015748143 ) ;
#3889 = UNCERTAINTY_MEASURE_WITH_UNIT (LENGTH_MEASURE( 1.000000000000000082E-05 ), #4828, 'distance_accuracy_value', 'NONE');
#3890 = FACE_OUTER_BOUND ( 'NONE', #8107, .T. ) ;
#3891 = FILL_AREA_STYLE_COLOUR ( '', #13287 ) ;
#3892 = MECHANICAL_DESIGN_GEOMETRIC_PRESENTATION_REPRESENTATION (  '', ( #5623 ), #3236 ) ;
#3893 = ORIENTED_EDGE ( 'NONE', *, *, #6344, .F. ) ;
#3894 = CARTESIAN_POINT ( 'NONE',  ( 0.2444518345008482030, 0.05713380306641549500, 0.4515614810981848914 ) ) ;
#3895 = PLANE ( 'NONE',  #3096 ) ;
#3896 = DIRECTION ( 'NONE',  ( 3.376070039848299626E-16, -1.000000000000000000, 4.302114220422482087E-16 ) ) ;
#3897 = EDGE_CURVE ( 'NONE', #2701, #9672, #4283, .T. ) ;
#3898 = CARTESIAN_POINT ( 'NONE',  ( 0.1027195510362938075, 0.1476849841687954412, 0.3456559692871707390 ) ) ;
#3899 = VECTOR ( 'NONE', #1180, 39.37007874015748143 ) ;
#3900 = ORIENTED_EDGE ( 'NONE', *, *, #4177, .T. ) ;
#3901 = DIRECTION ( 'NONE',  ( 0.8320502943379405325, 0.0000000000000000000, 0.5547001962250837082 ) ) ;
#3902 = DIRECTION ( 'NONE',  ( -1.000000000000000000, 1.937287448275630844E-17, -8.833616147085625230E-14 ) ) ;
#3903 = FILL_AREA_STYLE ('',( #3978 ) ) ;
#3904 = ORIENTED_EDGE ( 'NONE', *, *, #11089, .T. ) ;
#3905 = PRESENTATION_STYLE_ASSIGNMENT (( #13050 ) ) ;
#3906 = VERTEX_POINT ( 'NONE', #5362 ) ;
#3907 = EDGE_CURVE ( 'NONE', #838, #2657, #283, .T. ) ;
#3908 = EDGE_CURVE ( 'NONE', #815, #1639, #12600, .T. ) ;
#3909 = STYLED_ITEM ( 'NONE', ( #6833 ), #12400 ) ;
#3910 = DIRECTION ( 'NONE',  ( -1.000000000000000000, -1.408738150179707817E-16, 2.099402731964118323E-14 ) ) ;
#3911 = DIRECTION ( 'NONE',  ( -1.937287448275561202E-17, -1.000000000000000000, -8.220413448604590506E-18 ) ) ;
#3912 = VECTOR ( 'NONE', #2795, 39.37007874015748143 ) ;
#3913 = DIRECTION ( 'NONE',  ( 0.0000000000000000000, 0.0000000000000000000, -1.000000000000000000 ) ) ;
#3914 = EDGE_CURVE ( 'NONE', #2425, #7250, #1240, .T. ) ;
#3915 = DIRECTION ( 'NONE',  ( -1.937287448275560894E-17, -1.000000000000000000, -8.220413448604736877E-18 ) ) ;
#3916 = ORIENTED_EDGE ( 'NONE', *, *, #7909, .T. ) ;
#3917 = LINE ( 'NONE', #2284, #6272 ) ;
#3918 = DIRECTION ( 'NONE',  ( -7.190187815859582523E-17, 0.7071067811865469066, -0.7071067811865480168 ) ) ;
#3919 =( GEOMETRIC_REPRESENTATION_CONTEXT ( 3 ) GLOBAL_UNCERTAINTY_ASSIGNED_CONTEXT ( ( #4162 ) ) GLOBAL_UNIT_ASSIGNED_CONTEXT ( ( #5864, #11958, #12031 ) ) REPRESENTATION_CONTEXT ( 'NONE', 'WORKASPACE' ) );
#3920 = EDGE_LOOP ( 'NONE', ( #7552, #1446, #7694, #2716 ) ) ;
#3921 = VECTOR ( 'NONE', #12236, 39.37007874015748143 ) ;
#3922 = LINE ( 'NONE', #12261, #10964 ) ;
#3923 = ORIENTED_EDGE ( 'NONE', *, *, #611, .F. ) ;
#3924 = ORIENTED_EDGE ( 'NONE', *, *, #6275, .F. ) ;
#3925 = EDGE_CURVE ( 'NONE', #3221, #5459, #7492, .T. ) ;
#3926 = EDGE_CURVE ( 'NONE', #962, #12866, #10706, .T. ) ;
#3927 = ORIENTED_EDGE ( 'NONE', *, *, #611, .T. ) ;
#3928 = DIRECTION ( 'NONE',  ( 0.0000000000000000000, 0.0000000000000000000, 1.000000000000000000 ) ) ;
#3929 = PLANE ( 'NONE',  #8295 ) ;
#3930 = EDGE_CURVE ( 'NONE', #3580, #11198, #6502, .T. ) ;
#3931 = AXIS2_PLACEMENT_3D ( 'NONE', #5516, #5580, #1589 ) ;
#3932 = STYLED_ITEM ( 'NONE', ( #10633 ), #13282 ) ;
#3933 =( GEOMETRIC_REPRESENTATION_CONTEXT ( 3 ) GLOBAL_UNCERTAINTY_ASSIGNED_CONTEXT ( ( #12221 ) ) GLOBAL_UNIT_ASSIGNED_CONTEXT ( ( #1152, #7332, #4124 ) ) REPRESENTATION_CONTEXT ( 'NONE', 'WORKASPACE' ) );
#3934 = DIRECTION ( 'NONE',  ( 1.000000000000000000, 1.408738150179760326E-16, -6.014894242100891138E-18 ) ) ;
#3935 = SURFACE_STYLE_USAGE ( .BOTH. , #3057 ) ;
#3936 = CARTESIAN_POINT ( 'NONE',  ( 0.3330345116662203342, 0.1555589999168270621, 0.4062465204682492170 ) ) ;
#3937 = PLANE ( 'NONE',  #8459 ) ;
#3938 = ORIENTED_EDGE ( 'NONE', *, *, #12363, .T. ) ;
#3939 = VECTOR ( 'NONE', #3558, 39.37007874015748143 ) ;
#3940 = LINE ( 'NONE', #8031, #5719 ) ;
#3941 = VECTOR ( 'NONE', #6369, 39.37007874015748143 ) ;
#3942 = VERTEX_POINT ( 'NONE', #12738 ) ;
#3943 = ORIENTED_EDGE ( 'NONE', *, *, #835, .F. ) ;
#3944 = ADVANCED_FACE ( 'NONE', ( #11670 ), #10504, .F. ) ;
#3945 = ORIENTED_EDGE ( 'NONE', *, *, #4667, .F. ) ;
#3946 = CARTESIAN_POINT ( 'NONE',  ( 0.07319199198116600746, 0.3861465226303465448, 0.4462616628062848756 ) ) ;
#3947 = LENGTH_MEASURE_WITH_UNIT ( LENGTH_MEASURE( 0.02539999999999999897 ), #13425 );
#3948 = LINE ( 'NONE', #12210, #12005 ) ;
#3949 = DIRECTION ( 'NONE',  ( 1.356991020290373981E-16, -1.000000000000000000, 3.469446951953614189E-16 ) ) ;
#3950 = DIRECTION ( 'NONE',  ( 0.0000000000000000000, 0.0000000000000000000, 1.000000000000000000 ) ) ;
#3951 = CARTESIAN_POINT ( 'NONE',  ( 0.2385463226898388855, -0.07278745677610240494, 0.4515614810981849470 ) ) ;
#3952 = DIRECTION ( 'NONE',  ( 0.3511234415885084448, -0.9363291775690008034, 4.820554145996745130E-16 ) ) ;
#3953 = VECTOR ( 'NONE', #11243, 39.37007874015748143 ) ;
#3954 = CARTESIAN_POINT ( 'NONE',  ( 0.07516049591817387798, 0.3861465226303465448, 0.4462616628062848756 ) ) ;
#3955 = SURFACE_SIDE_STYLE ('',( #9134 ) ) ;
#3956 = ORIENTED_EDGE ( 'NONE', *, *, #5571, .F. ) ;
#3957 = PLANE ( 'NONE',  #12015 ) ;
#3958 = ORIENTED_EDGE ( 'NONE', *, *, #4222, .T. ) ;
#3959 = FACE_OUTER_BOUND ( 'NONE', #4888, .T. ) ;
#3960 = ORIENTED_EDGE ( 'NONE', *, *, #1171, .F. ) ;
#3961 = EDGE_LOOP ( 'NONE', ( #8603, #12227, #13065, #4062 ) ) ;
#3962 = CARTESIAN_POINT ( 'NONE',  ( 0.03972742505202855878, 0.2185511259010752549, 0.3771520322792893953 ) ) ;
#3963 = EDGE_CURVE ( 'NONE', #12388, #9741, #7560, .T. ) ;
#3964 = AXIS2_PLACEMENT_3D ( 'NONE', #1498, #12922, #5612 ) ;
#3965 = VERTEX_POINT ( 'NONE', #3463 ) ;
#3966 = VECTOR ( 'NONE', #7478, 39.37007874015748143 ) ;
#3967 =( LENGTH_UNIT ( ) NAMED_UNIT ( * ) SI_UNIT ( $, .METRE. ) );
#3968 = SURFACE_STYLE_USAGE ( .BOTH. , #1933 ) ;
#3969 = ORIENTED_EDGE ( 'NONE', *, *, #2923, .T. ) ;
#3970 = SURFACE_STYLE_FILL_AREA ( #1058 ) ;
#3971 = DIRECTION ( 'NONE',  ( 0.0000000000000000000, 0.0000000000000000000, 1.000000000000000000 ) ) ;
#3972 = DIMENSIONAL_EXPONENTS ( 1.000000000000000000, 0.0000000000000000000, 0.0000000000000000000, 0.0000000000000000000, 0.0000000000000000000, 0.0000000000000000000, 0.0000000000000000000 ) ;
#3973 = DIRECTION ( 'NONE',  ( 0.0000000000000000000, 1.000000000000000000, 0.0000000000000000000 ) ) ;
#3974 = VECTOR ( 'NONE', #8081, 39.37007874015748854 ) ;
#3975 = ORIENTED_EDGE ( 'NONE', *, *, #10446, .F. ) ;
#3976 = LINE ( 'NONE', #2840, #7411 ) ;
#3977 = LINE ( 'NONE', #12367, #1812 ) ;
#3978 = FILL_AREA_STYLE_COLOUR ( '', #6962 ) ;
#3979 = ORIENTED_EDGE ( 'NONE', *, *, #11554, .T. ) ;
#3980 = ADVANCED_FACE ( 'NONE', ( #3201 ), #9467, .F. ) ;
#3981 = DIRECTION ( 'NONE',  ( 0.0000000000000000000, -0.9922778767136848366, -0.1240347345890697173 ) ) ;
#3982 = EDGE_CURVE ( 'NONE', #1984, #5827, #6329, .T. ) ;
#3983 = VERTEX_POINT ( 'NONE', #11534 ) ;
#3984 = CARTESIAN_POINT ( 'NONE',  ( 0.2405148266268503643, 0.2933542755073781927, 0.2397504574761404328 ) ) ;
#3985 = VECTOR ( 'NONE', #12697, 39.37007874015748143 ) ;
#3986 = CARTESIAN_POINT ( 'NONE',  ( 0.3625620707213385585, 0.3130393148774569534, 0.2062465204682520648 ) ) ;
#3987 = DIRECTION ( 'NONE',  ( 0.0000000000000000000, 0.0000000000000000000, -1.000000000000000000 ) ) ;
#3988 = CARTESIAN_POINT ( 'NONE',  ( 0.3290975037921824442, 0.4547715983420210217, 0.3062858905470076110 ) ) ;
#3989 = PLANE ( 'NONE',  #8229 ) ;
#3990 = DIRECTION ( 'NONE',  ( 1.316334802367150653E-16, -1.000000000000000000, 1.526556658859589750E-16 ) ) ;
#3991 = VERTEX_POINT ( 'NONE', #6470 ) ;
#3992 = CARTESIAN_POINT ( 'NONE',  ( 0.2326408108788038387, 0.1988660865309974379, 0.3456559692871650769 ) ) ;
#3993 = VECTOR ( 'NONE', #5968, 39.37007874015748854 ) ;
#3994 = VERTEX_POINT ( 'NONE', #10637 ) ;
#3995 = LINE ( 'NONE', #1890, #2718 ) ;
#3996 = EDGE_CURVE ( 'NONE', #5169, #4933, #5431, .T. ) ;
#3997 = ORIENTED_EDGE ( 'NONE', *, *, #1769, .F. ) ;
#3998 = ORIENTED_EDGE ( 'NONE', *, *, #12638, .F. ) ;
#3999 = CARTESIAN_POINT ( 'NONE',  ( 0.2090187636347251854, 0.1279999447987059669, 0.3456559692871707390 ) ) ;
#4000 = EDGE_LOOP ( 'NONE', ( #1442, #1268, #3053, #4355 ) ) ;
#4001 = DIRECTION ( 'NONE',  ( -1.174096724532128111E-16, 1.000000000000000000, -1.665334536937734318E-16 ) ) ;
#4002 = VECTOR ( 'NONE', #2798, 39.37007874015748143 ) ;
#4003 = DIRECTION ( 'NONE',  ( 0.1240347345890697034, -0.9922778767136850586, 0.0000000000000000000 ) ) ;
#4004 = LINE ( 'NONE', #7135, #7239 ) ;
#4005 = DIRECTION ( 'NONE',  ( 0.9363291775690008034, 0.3511234415885083893, 9.976239553215181646E-17 ) ) ;
#4006 = ADVANCED_FACE ( 'NONE', ( #157 ), #11609, .T. ) ;
#4007 = EDGE_CURVE ( 'NONE', #5258, #5949, #968, .T. ) ;
#4008 = DIRECTION ( 'NONE',  ( -1.000000000000000000, 1.937287448275558121E-17, 0.0000000000000000000 ) ) ;
#4009 = VERTEX_POINT ( 'NONE', #11302 ) ;
#4010 = ORIENTED_EDGE ( 'NONE', *, *, #1860, .F. ) ;
#4011 = MECHANICAL_DESIGN_GEOMETRIC_PRESENTATION_REPRESENTATION (  '', ( #9895 ), #6846 ) ;
#4012 = CARTESIAN_POINT ( 'NONE',  ( 0.2326408108788161344, 0.08862986605855749378, 0.5011677803107856821 ) ) ;
#4013 = EDGE_CURVE ( 'NONE', #9785, #5169, #11512, .T. ) ;
#4014 = ORIENTED_EDGE ( 'NONE', *, *, #2474, .F. ) ;
#4015 = VERTEX_POINT ( 'NONE', #2171 ) ;
#4016 = LINE ( 'NONE', #10421, #6298 ) ;
#4017 = PLANE ( 'NONE',  #9162 ) ;
#4018 = LINE ( 'NONE', #9062, #5597 ) ;
#4019 = SURFACE_STYLE_USAGE ( .BOTH. , #13367 ) ;
#4020 = CARTESIAN_POINT ( 'NONE',  ( 0.2956329368630823962, 0.1279999447987059946, 0.3456559692871707390 ) ) ;
#4021 = DIRECTION ( 'NONE',  ( 0.0000000000000000000, 0.0000000000000000000, -1.000000000000000000 ) ) ;
#4022 = FILL_AREA_STYLE_COLOUR ( '', #9066 ) ;
#4023 = EDGE_CURVE ( 'NONE', #9123, #9295, #5142, .T. ) ;
#4024 = CARTESIAN_POINT ( 'NONE',  ( 0.2326408108788038387, 0.08862986605855729949, 0.1684906149564564526 ) ) ;
#4025 = ORIENTED_EDGE ( 'NONE', *, *, #128, .F. ) ;
#4026 = PLANE ( 'NONE',  #5667 ) ;
#4027 = CARTESIAN_POINT ( 'NONE',  ( 0.3625620707213385030, 0.1555589999168271176, 0.4180969141690437652 ) ) ;
#4028 = ORIENTED_EDGE ( 'NONE', *, *, #12315, .F. ) ;
#4029 = UNCERTAINTY_MEASURE_WITH_UNIT (LENGTH_MEASURE( 1.000000000000000082E-05 ), #5929, 'distance_accuracy_value', 'NONE');
#4030 = PLANE ( 'NONE',  #50 ) ;
#4031 =( LENGTH_UNIT ( ) NAMED_UNIT ( * ) SI_UNIT ( $, .METRE. ) );
#4032 = ORIENTED_EDGE ( 'NONE', *, *, #12244, .F. ) ;
#4033 = VECTOR ( 'NONE', #12036, 39.37007874015748143 ) ;
#4034 = ORIENTED_EDGE ( 'NONE', *, *, #4222, .F. ) ;
#4035 = CARTESIAN_POINT ( 'NONE',  ( 0.3267352990678009106, -0.07278745677610247433, 0.2397504574761405161 ) ) ;
#4036 = DIRECTION ( 'NONE',  ( -1.608386623408232256E-17, -1.526556658859589750E-16, -1.000000000000000000 ) ) ;
#4037 = LINE ( 'NONE', #5316, #3620 ) ;
#4038 = VECTOR ( 'NONE', #9744, 39.37007874015748143 ) ;
#4039 = EDGE_CURVE ( 'NONE', #10574, #3245, #9447, .T. ) ;
#4040 = DIRECTION ( 'NONE',  ( -2.359223927328456662E-16, 3.885780586188047398E-16, 1.000000000000000000 ) ) ;
#4041 = ORIENTED_EDGE ( 'NONE', *, *, #3881, .T. ) ;
#4042 = LENGTH_MEASURE_WITH_UNIT ( LENGTH_MEASURE( 0.02539999999999999897 ), #9293 );
#4043 = FACE_OUTER_BOUND ( 'NONE', #12428, .T. ) ;
#4044 = LINE ( 'NONE', #6013, #12402 ) ;
#4045 = EDGE_LOOP ( 'NONE', ( #7726, #7788, #12108, #12727 ) ) ;
#4046 = LINE ( 'NONE', #7251, #7284 ) ;
#4047 = ORIENTED_EDGE ( 'NONE', *, *, #9983, .T. ) ;
#4048 = AXIS2_PLACEMENT_3D ( 'NONE', #9466, #1452, #12875 ) ;
#4049 = PLANE ( 'NONE',  #5647 ) ;
#4050 = AXIS2_PLACEMENT_3D ( 'NONE', #11382, #2245, #5208 ) ;
#4051 = LINE ( 'NONE', #11431, #3807 ) ;
#4052 = DIRECTION ( 'NONE',  ( -1.000000000000000000, -0.0000000000000000000, -0.0000000000000000000 ) ) ;
#4053 = ADVANCED_FACE ( 'NONE', ( #897 ), #9252, .T. ) ;
#4054 = FILL_AREA_STYLE ('',( #7120 ) ) ;
#4055 = DIRECTION ( 'NONE',  ( 0.0000000000000000000, 0.0000000000000000000, 1.000000000000000000 ) ) ;
#4056 = EDGE_CURVE ( 'NONE', #5304, #3965, #3052, .T. ) ;
#4057 = VECTOR ( 'NONE', #3556, 39.37007874015748143 ) ;
#4058 = VERTEX_POINT ( 'NONE', #10203 ) ;
#4059 = CARTESIAN_POINT ( 'NONE',  ( 0.2405148266268503088, 0.1555589999168270621, 0.4515614810981740668 ) ) ;
#4060 = EDGE_LOOP ( 'NONE', ( #1304, #11357, #5495, #4500 ) ) ;
#4061 = CARTESIAN_POINT ( 'NONE',  ( 0.2326408108788161344, 0.1476849841687954135, 0.2358134496021148940 ) ) ;
#4062 = ORIENTED_EDGE ( 'NONE', *, *, #2107, .T. ) ;
#4063 = ORIENTED_EDGE ( 'NONE', *, *, #11044, .T. ) ;
#4064 = CARTESIAN_POINT ( 'NONE',  ( 0.2326408108788125817, -0.1446865674942330593, 0.2515614810981877669 ) ) ;
#4065 = VERTEX_POINT ( 'NONE', #9316 ) ;
#4066 = AXIS2_PLACEMENT_3D ( 'NONE', #8244, #8319, #11536 ) ;
#4067 = LINE ( 'NONE', #10482, #164 ) ;
#4068 = CARTESIAN_POINT ( 'NONE',  ( 0.1164990785953285146, 0.7897218048774069521, 0.4677032133816496628 ) ) ;
#4069 = SURFACE_SIDE_STYLE ('',( #9257 ) ) ;
#4070 = CARTESIAN_POINT ( 'NONE',  ( 0.07319199198116600746, 0.3760314408617050908, 0.1901441582635394756 ) ) ;
#4071 = EDGE_CURVE ( 'NONE', #2537, #5775, #74, .T. ) ;
#4072 = DIRECTION ( 'NONE',  ( 2.626713979715461236E-16, -3.747002708109903324E-16, -1.000000000000000000 ) ) ;
#4073 = AXIS2_PLACEMENT_3D ( 'NONE', #10722, #8658, #4301 ) ;
#4074 = CARTESIAN_POINT ( 'NONE',  ( 0.3625620707213385585, 0.08862986605856644495, 0.2515614810981769423 ) ) ;
#4075 = VERTEX_POINT ( 'NONE', #6301 ) ;
#4076 = ORIENTED_EDGE ( 'NONE', *, *, #6080, .T. ) ;
#4077 = ORIENTED_EDGE ( 'NONE', *, *, #8471, .T. ) ;
#4078 = CARTESIAN_POINT ( 'NONE',  ( 0.1267352990678038693, -0.07278745677611146714, 0.2397504574761405161 ) ) ;
#4079 = EDGE_CURVE ( 'NONE', #11780, #9348, #10479, .T. ) ;
#4080 =( CONVERSION_BASED_UNIT ( 'INCH', #3947 ) LENGTH_UNIT ( ) NAMED_UNIT ( #6742 ) );
#4081 = EDGE_CURVE ( 'NONE', #6790, #1598, #11377, .T. ) ;
#4082 = LINE ( 'NONE', #10361, #3507 ) ;
#4083 = DIRECTION ( 'NONE',  ( -0.1240347345890697173, 0.9922778767136848366, 0.0000000000000000000 ) ) ;
#4084 = SPHERICAL_SURFACE ( 'NONE', #2481, 0.01771653543307086937 ) ;
#4085 = AXIS2_PLACEMENT_3D ( 'NONE', #10362, #5040, #13232 ) ;
#4086 = DIRECTION ( 'NONE',  ( 1.000000000000000000, 1.408738150179760326E-16, -6.014894242100891138E-18 ) ) ;
#4087 =( NAMED_UNIT ( * ) SI_UNIT ( $, .STERADIAN. ) SOLID_ANGLE_UNIT ( ) );
#4088 = CARTESIAN_POINT ( 'NONE',  ( 0.3267352990678009106, -0.07278745677610246045, 0.2515614810981877669 ) ) ;
#4089 = EDGE_CURVE ( 'NONE', #11860, #10632, #1156, .T. ) ;
#4090 =( LENGTH_UNIT ( ) NAMED_UNIT ( * ) SI_UNIT ( $, .METRE. ) );
#4091 = ORIENTED_EDGE ( 'NONE', *, *, #3226, .T. ) ;
#4092 = LINE ( 'NONE', #3077, #8447 ) ;
#4093 = VERTEX_POINT ( 'NONE', #10343 ) ;
#4094 = DIRECTION ( 'NONE',  ( -2.626713979715461236E-16, 4.163336342344336041E-16, 1.000000000000000000 ) ) ;
#4095 = VERTEX_POINT ( 'NONE', #3119 ) ;
#4096 = ORIENTED_EDGE ( 'NONE', *, *, #7982, .T. ) ;
#4097 = AXIS2_PLACEMENT_3D ( 'NONE', #7810, #6858, #1434 ) ;
#4098 = EDGE_CURVE ( 'NONE', #1657, #9351, #7816, .T. ) ;
#4099 = VERTEX_POINT ( 'NONE', #2105 ) ;
#4100 = PRESENTATION_STYLE_ASSIGNMENT (( #13443 ) ) ;
#4101 = DIRECTION ( 'NONE',  ( -1.000000000000000000, -3.518308117683324880E-16, -2.626713979715458771E-16 ) ) ;
#4102 = LINE ( 'NONE', #13445, #10930 ) ;
#4103 = VECTOR ( 'NONE', #6338, 39.37007874015748143 ) ;
#4104 = ADVANCED_FACE ( 'NONE', ( #6237 ), #12575, .F. ) ;
#4105 = VECTOR ( 'NONE', #8510, 39.37007874015748143 ) ;
#4106 = CARTESIAN_POINT ( 'NONE',  ( 0.2090187636347028977, 0.08075585031051529805, 0.2515614810981877114 ) ) ;
#4107 = ORIENTED_EDGE ( 'NONE', *, *, #6080, .F. ) ;
#4108 = LINE ( 'NONE', #8266, #8274 ) ;
#4109 =( CONVERSION_BASED_UNIT ( 'INCH', #1945 ) LENGTH_UNIT ( ) NAMED_UNIT ( #3972 ) );
#4110 = ORIENTED_EDGE ( 'NONE', *, *, #13315, .T. ) ;
#4111 = VECTOR ( 'NONE', #12745, 39.37007874015748143 ) ;
#4112 = DIRECTION ( 'NONE',  ( 2.359223927328456662E-16, -3.885780586188047398E-16, -1.000000000000000000 ) ) ;
#4113 = EDGE_LOOP ( 'NONE', ( #1687, #7486, #3446, #11845, #11102, #3486, #3392, #3960 ) ) ;
#4114 = PLANE ( 'NONE',  #10049 ) ;
#4115 = EDGE_CURVE ( 'NONE', #3727, #9838, #1893, .T. ) ;
#4116 = SURFACE_SIDE_STYLE ('',( #6367 ) ) ;
#4117 = CARTESIAN_POINT ( 'NONE',  ( 0.2090187636347251854, 0.08862986605855749378, 0.4854197488147191653 ) ) ;
#4118 = CARTESIAN_POINT ( 'NONE',  ( 0.1558691573354937243, 0.3681574251136631171, 0.4397504574761374463 ) ) ;
#4119 = AXIS2_PLACEMENT_3D ( 'NONE', #6228, #8350, #3172 ) ;
#4120 = DIRECTION ( 'NONE',  ( 1.000000000000000000, 0.0000000000000000000, 0.0000000000000000000 ) ) ;
#4121 = DIRECTION ( 'NONE',  ( 0.0000000000000000000, 0.0000000000000000000, 1.000000000000000000 ) ) ;
#4122 = ORIENTED_EDGE ( 'NONE', *, *, #7583, .T. ) ;
#4123 = DIRECTION ( 'NONE',  ( 1.000000000000000000, -1.937287448275561202E-17, -2.565854121688507820E-49 ) ) ;
#4124 =( NAMED_UNIT ( * ) SI_UNIT ( $, .STERADIAN. ) SOLID_ANGLE_UNIT ( ) );
#4125 = ORIENTED_EDGE ( 'NONE', *, *, #13089, .F. ) ;
#4126 = LINE ( 'NONE', #132, #6393 ) ;
#4127 = ORIENTED_EDGE ( 'NONE', *, *, #537, .F. ) ;
#4128 = AXIS2_PLACEMENT_3D ( 'NONE', #12492, #1068, #3161 ) ;
#4129 = ORIENTED_EDGE ( 'NONE', *, *, #6746, .F. ) ;
#4130 =( GEOMETRIC_REPRESENTATION_CONTEXT ( 3 ) GLOBAL_UNCERTAINTY_ASSIGNED_CONTEXT ( ( #1184 ) ) GLOBAL_UNIT_ASSIGNED_CONTEXT ( ( #6294, #8413, #10396 ) ) REPRESENTATION_CONTEXT ( 'NONE', 'WORKASPACE' ) );
#4131 = DIRECTION ( 'NONE',  ( 0.0000000000000000000, 0.9922778767136848366, 0.1240347345890697173 ) ) ;
#4132 = EDGE_CURVE ( 'NONE', #2169, #8853, #2995, .T. ) ;
#4133 = VERTEX_POINT ( 'NONE', #5606 ) ;
#4134 = CARTESIAN_POINT ( 'NONE',  ( 0.2129557715087250780, 0.1279999447987147931, 0.5011677803107907891 ) ) ;
#4135 = DIRECTION ( 'NONE',  ( 0.0000000000000000000, 1.000000000000000000, 0.0000000000000000000 ) ) ;
#4136 = LENGTH_MEASURE_WITH_UNIT ( LENGTH_MEASURE( 0.02539999999999999897 ), #8098 );
#4137 = LINE ( 'NONE', #3255, #213 ) ;
#4138 = VECTOR ( 'NONE', #12341, 39.37007874015748143 ) ;
#4139 = VECTOR ( 'NONE', #1473, 39.37007874015748143 ) ;
#4140 = PLANE ( 'NONE',  #5061 ) ;
#4141 = CARTESIAN_POINT ( 'NONE',  ( 0.09484553528826229762, 0.1555589999168269233, 0.4102228984210123386 ) ) ;
#4142 = ORIENTED_EDGE ( 'NONE', *, *, #11313, .F. ) ;
#4143 = EDGE_CURVE ( 'NONE', #481, #11677, #6579, .T. ) ;
#4144 = EDGE_CURVE ( 'NONE', #960, #2873, #6444, .T. ) ;
#4145 = VECTOR ( 'NONE', #8809, 39.37007874015748143 ) ;
#4146 = CARTESIAN_POINT ( 'NONE',  ( 0.2405148266268501978, 0.3760314408617053683, 0.4259709299170679753 ) ) ;
#4147 = STYLED_ITEM ( 'NONE', ( #12778 ), #11858 ) ;
#4148 = LINE ( 'NONE', #7355, #6319 ) ;
#4149 = DIRECTION ( 'NONE',  ( -1.000000000000000000, 1.937287448275561202E-17, 2.565854121688507820E-49 ) ) ;
#4150 = LINE ( 'NONE', #3878, #11511 ) ;
#4151 = CARTESIAN_POINT ( 'NONE',  ( 0.2916959289890523888, 0.2441416770821812909, 0.3456559692871528089 ) ) ;
#4152 = LINE ( 'NONE', #11323, #10578 ) ;
#4153 = SURFACE_SIDE_STYLE ('',( #10301 ) ) ;
#4154 = CARTESIAN_POINT ( 'NONE',  ( 0.4098061652095124630, 0.08862986605855729949, 0.4834512448777162907 ) ) ;
#4155 = ORIENTED_EDGE ( 'NONE', *, *, #12810, .F. ) ;
#4156 = VECTOR ( 'NONE', #3293, 39.37007874015748854 ) ;
#4157 = MECHANICAL_DESIGN_GEOMETRIC_PRESENTATION_REPRESENTATION (  '', ( #12641 ), #3717 ) ;
#4158 = VECTOR ( 'NONE', #4703, 39.37007874015748854 ) ;
#4159 = LINE ( 'NONE', #2131, #3028 ) ;
#4160 = VECTOR ( 'NONE', #7319, 39.37007874015748143 ) ;
#4161 = VERTEX_POINT ( 'NONE', #7471 ) ;
#4162 = UNCERTAINTY_MEASURE_WITH_UNIT (LENGTH_MEASURE( 1.000000000000000082E-05 ), #5864, 'distance_accuracy_value', 'NONE');
#4163 = VERTEX_POINT ( 'NONE', #256 ) ;
#4164 = VERTEX_POINT ( 'NONE', #396 ) ;
#4165 = CARTESIAN_POINT ( 'NONE',  ( 0.3208297872567558162, -0.05703942528003578399, 0.4515614810981849470 ) ) ;
#4166 = ORIENTED_EDGE ( 'NONE', *, *, #12349, .F. ) ;
#4167 = EDGE_CURVE ( 'NONE', #3674, #6602, #12714, .T. ) ;
#4168 = VERTEX_POINT ( 'NONE', #9585 ) ;
#4169 = CARTESIAN_POINT ( 'NONE',  ( 0.2405148266268503643, 0.3563464014916266076, 0.2850260480273071884 ) ) ;
#4170 = AXIS2_PLACEMENT_3D ( 'NONE', #3496, #6634, #10802 ) ;
#4171 = ORIENTED_EDGE ( 'NONE', *, *, #973, .F. ) ;
#4172 = SURFACE_STYLE_USAGE ( .BOTH. , #13318 ) ;
#4173 = DIRECTION ( 'NONE',  ( -1.000000000000000000, -1.316334802367150653E-16, 1.608386623408235030E-17 ) ) ;
#4174 = CARTESIAN_POINT ( 'NONE',  ( 0.2483888423748767116, 0.3583149054286423607, 0.1940811661375717867 ) ) ;
#4175 = EDGE_CURVE ( 'NONE', #3207, #8934, #2521, .T. ) ;
#4176 = ORIENTED_EDGE ( 'NONE', *, *, #8979, .T. ) ;
#4177 = EDGE_CURVE ( 'NONE', #12004, #11051, #330, .T. ) ;
#4178 = AXIS2_PLACEMENT_3D ( 'NONE', #10505, #12535, #11325 ) ;
#4179 = ORIENTED_EDGE ( 'NONE', *, *, #7335, .F. ) ;
#4180 = CARTESIAN_POINT ( 'NONE',  ( 0.2405148266268504198, 0.1555589999168269788, 0.2062858905469922566 ) ) ;
#4181 = ORIENTED_EDGE ( 'NONE', *, *, #8782, .T. ) ;
#4182 = DIRECTION ( 'NONE',  ( 1.000000000000000000, 0.0000000000000000000, 0.0000000000000000000 ) ) ;
#4183 = EDGE_CURVE ( 'NONE', #12796, #13005, #4358, .T. ) ;
#4184 = ORIENTED_EDGE ( 'NONE', *, *, #9355, .F. ) ;
#4185 = CARTESIAN_POINT ( 'NONE',  ( 0.2956329368630823962, 0.1279999447987149042, 0.1901441582635379490 ) ) ;
#4186 = PLANE ( 'NONE',  #10462 ) ;
#4187 = DIRECTION ( 'NONE',  ( 1.000000000000000000, 3.376070039848302585E-16, 2.359223927328455183E-16 ) ) ;
#4188 = LENGTH_MEASURE_WITH_UNIT ( LENGTH_MEASURE( 0.02539999999999999897 ), #11497 );
#4189 = VECTOR ( 'NONE', #1376, 39.37007874015748143 ) ;
#4190 = CARTESIAN_POINT ( 'NONE',  ( 0.1444518345008675708, 0.05713380306640643974, 0.2397504574761404883 ) ) ;
#4191 = EDGE_CURVE ( 'NONE', #5342, #9834, #8485, .T. ) ;
#4192 = CARTESIAN_POINT ( 'NONE',  ( 0.05547545654809511728, 0.05713380306642399514, 0.2039236858226017579 ) ) ;
#4193 = ORIENTED_EDGE ( 'NONE', *, *, #10848, .F. ) ;
#4194 = AXIS2_PLACEMENT_3D ( 'NONE', #8964, #9994, #8767 ) ;
#4195 = DIRECTION ( 'NONE',  ( -1.937287448275561202E-17, -1.000000000000000000, -8.220413448604590506E-18 ) ) ;
#4196 = ORIENTED_EDGE ( 'NONE', *, *, #1742, .T. ) ;
#4197 = ORIENTED_EDGE ( 'NONE', *, *, #4807, .T. ) ;
#4198 = DIRECTION ( 'NONE',  ( 3.007447121050438636E-18, 2.498001805406601723E-16, 1.000000000000000000 ) ) ;
#4199 = ORIENTED_EDGE ( 'NONE', *, *, #3352, .T. ) ;
#4200 = CARTESIAN_POINT ( 'NONE',  ( 0.2208297872567573095, 0.05713380306641541867, 0.2515614810981877114 ) ) ;
#4201 = CARTESIAN_POINT ( 'NONE',  ( 0.3625620707213385585, 0.1555589999168270066, 0.2397504574761404605 ) ) ;
#4202 = CARTESIAN_POINT ( 'NONE',  ( 0.3468140392252720416, 0.3130393148774569534, 0.2397504574761404605 ) ) ;
#4203 = DIRECTION ( 'NONE',  ( -0.4472135955000934859, 0.8944271909998480208, -4.898503433089535865E-16 ) ) ;
#4204 = PRESENTATION_LAYER_ASSIGNMENT (  '', '', ( #5937 ) ) ;
#4205 = DIRECTION ( 'NONE',  ( 0.0000000000000000000, 0.0000000000000000000, 1.000000000000000000 ) ) ;
#4206 = SURFACE_STYLE_FILL_AREA ( #10623 ) ;
#4207 = CARTESIAN_POINT ( 'NONE',  ( 0.3290975037921824442, 0.3760314408617060900, 0.3062858905470076110 ) ) ;
#4208 = EDGE_CURVE ( 'NONE', #6376, #6777, #5408, .T. ) ;
#4209 = CARTESIAN_POINT ( 'NONE',  ( 0.1090187636347222794, 0.08075585031049736795, 0.2515614810981877114 ) ) ;
#4210 = ORIENTED_EDGE ( 'NONE', *, *, #4175, .F. ) ;
#4211 = CARTESIAN_POINT ( 'NONE',  ( 0.2326408108788125817, -0.1446865674942330593, 0.2397504574761405161 ) ) ;
#4212 = ORIENTED_EDGE ( 'NONE', *, *, #3001, .F. ) ;
#4213 = VECTOR ( 'NONE', #11797, 39.37007874015748143 ) ;
#4214 = CARTESIAN_POINT ( 'NONE',  ( 0.1263415982803829940, 0.3760314408617050908, 0.3456559692871650769 ) ) ;
#4215 = LINE ( 'NONE', #279, #13084 ) ;
#4216 = PLANE ( 'NONE',  #9832 ) ;
#4217 = FILL_AREA_STYLE_COLOUR ( '', #5480 ) ;
#4218 = DIRECTION ( 'NONE',  ( -1.000000000000000000, 1.937287448275558121E-17, 0.0000000000000000000 ) ) ;
#4219 = PLANE ( 'NONE',  #5403 ) ;
#4220 = DIRECTION ( 'NONE',  ( 1.174096724532128111E-16, -1.000000000000000000, 1.665334536937734318E-16 ) ) ;
#4221 = DIRECTION ( 'NONE',  ( 1.316334802367150653E-16, -1.000000000000000000, 1.526556658859589750E-16 ) ) ;
#4222 = EDGE_CURVE ( 'NONE', #4164, #3991, #7605, .T. ) ;
#4223 = TOROIDAL_SURFACE ( 'NONE', #12923, 0.04724409448818891327, 0.007874015748031506362 ) ;
#4224 = ORIENTED_EDGE ( 'NONE', *, *, #8981, .T. ) ;
#4225 = ADVANCED_FACE ( 'NONE', ( #1218 ), #3378, .F. ) ;
#4226 = DIRECTION ( 'NONE',  ( -1.000000000000000000, -3.376070039848302092E-16, -2.359223927328455183E-16 ) ) ;
#4227 = EDGE_LOOP ( 'NONE', ( #12205, #1804 ) ) ;
#4228 = ORIENTED_EDGE ( 'NONE', *, *, #238, .T. ) ;
#4229 = VERTEX_POINT ( 'NONE', #6378 ) ;
#4230 = ORIENTED_EDGE ( 'NONE', *, *, #1412, .T. ) ;
#4231 = CARTESIAN_POINT ( 'NONE',  ( 0.2326408108788038387, 0.05713380306642412698, 0.1921126622005508988 ) ) ;
#4232 = CARTESIAN_POINT ( 'NONE',  ( 0.07319199198116600746, 0.3760314408617050908, 0.3456559692871650769 ) ) ;
#4233 = DIRECTION ( 'NONE',  ( 4.283287147278277996E-17, 1.665334536937734318E-16, 1.000000000000000000 ) ) ;
#4234 = LINE ( 'NONE', #3153, #3309 ) ;
#4235 = CARTESIAN_POINT ( 'NONE',  ( 0.3208297872567558162, -0.05703942528003578399, 0.4397504574761376683 ) ) ;
#4236 = DIRECTION ( 'NONE',  ( 2.626713979715461236E-16, -3.747002708109903324E-16, -1.000000000000000000 ) ) ;
#4237 = EDGE_CURVE ( 'NONE', #7080, #10811, #10681, .T. ) ;
#4238 = AXIS2_PLACEMENT_3D ( 'NONE', #11770, #385, #7591 ) ;
#4239 = ORIENTED_EDGE ( 'NONE', *, *, #3714, .T. ) ;
#4240 = EDGE_LOOP ( 'NONE', ( #11544, #9541, #6997, #11183 ) ) ;
#4241 = LINE ( 'NONE', #8401, #3510 ) ;
#4242 = VERTEX_POINT ( 'NONE', #1744 ) ;
#4243 = CARTESIAN_POINT ( 'NONE',  ( 0.1558691573354859805, 0.1988660865309974379, 0.4243961267674800641 ) ) ;
#4244 = CYLINDRICAL_SURFACE ( 'NONE', #9810, 0.01574803149606296415 ) ;
#4245 = CARTESIAN_POINT ( 'NONE',  ( 0.2405148266268501978, 0.3760314408617053683, 0.4259709299170679753 ) ) ;
#4246 = EDGE_CURVE ( 'NONE', #9842, #7453, #10877, .T. ) ;
#4247 = VECTOR ( 'NONE', #3950, 39.37007874015748143 ) ;
#4248 = EDGE_CURVE ( 'NONE', #10934, #6230, #6778, .T. ) ;
#4249 = DIRECTION ( 'NONE',  ( 0.0000000000000000000, 1.000000000000000000, 0.0000000000000000000 ) ) ;
#4250 = FACE_OUTER_BOUND ( 'NONE', #4449, .T. ) ;
#4251 = CARTESIAN_POINT ( 'NONE',  ( 0.1027195510362948483, 0.3583149054286423607, 0.2905378590509231085 ) ) ;
#4252 = DIRECTION ( 'NONE',  ( -2.626713979715461236E-16, 4.163336342344336041E-16, 1.000000000000000000 ) ) ;
#4253 = EDGE_CURVE ( 'NONE', #9717, #10370, #10061, .T. ) ;
#4254 = LINE ( 'NONE', #3238, #9358 ) ;
#4255 = ORIENTED_EDGE ( 'NONE', *, *, #11990, .T. ) ;
#4256 = VECTOR ( 'NONE', #5145, 39.37007874015748143 ) ;
#4257 = LINE ( 'NONE', #7269, #5961 ) ;
#4258 = ORIENTED_EDGE ( 'NONE', *, *, #12570, .T. ) ;
#4259 = ORIENTED_EDGE ( 'NONE', *, *, #2880, .T. ) ;
#4260 = CARTESIAN_POINT ( 'NONE',  ( 0.1893337242646341567, 0.7897218048774069521, 0.4677032133816496628 ) ) ;
#4261 = EDGE_LOOP ( 'NONE', ( #9135, #3859, #9887, #7178, #6159, #6342, #11196 ) ) ;
#4262 = EDGE_CURVE ( 'NONE', #10070, #5239, #596, .T. ) ;
#4263 = CARTESIAN_POINT ( 'NONE',  ( 0.1755541967055905261, 0.1791810471609001365, 0.2515614810981877114 ) ) ;
#4264 = SPHERICAL_SURFACE ( 'NONE', #5157, 0.01771653543307086937 ) ;
#4265 = LINE ( 'NONE', #9516, #6792 ) ;
#4266 = MECHANICAL_DESIGN_GEOMETRIC_PRESENTATION_REPRESENTATION (  '', ( #1479 ), #179 ) ;
#4267 = DIRECTION ( 'NONE',  ( 0.7071067811865474617, 0.7071067811865476838, -1.539524349013028416E-14 ) ) ;
#4268 = MECHANICAL_DESIGN_GEOMETRIC_PRESENTATION_REPRESENTATION (  '', ( #5774 ), #13415 ) ;
#4269 = CARTESIAN_POINT ( 'NONE',  ( 0.2326408108788161344, 0.1555589999168269233, 0.3456559692871707390 ) ) ;
#4270 = CARTESIAN_POINT ( 'NONE',  ( 0.3212234880441705021, 0.1555589999168269788, 0.3456559692871528644 ) ) ;
#4271 = LINE ( 'NONE', #8569, #8848 ) ;
#4272 = VERTEX_POINT ( 'NONE', #3843 ) ;
#4273 = CARTESIAN_POINT ( 'NONE',  ( 0.2405148266268504198, 0.1555589999168270066, 0.2456559692871497225 ) ) ;
#4274 = ORIENTED_EDGE ( 'NONE', *, *, #8592, .T. ) ;
#4275 = VECTOR ( 'NONE', #6490, 39.37007874015748143 ) ;
#4276 = ORIENTED_EDGE ( 'NONE', *, *, #1909, .T. ) ;
#4277 = LINE ( 'NONE', #278, #6533 ) ;
#4278 = CARTESIAN_POINT ( 'NONE',  ( 0.1027195510362948622, 0.7897218048774069521, 0.4972307724367678317 ) ) ;
#4279 = EDGE_CURVE ( 'NONE', #5219, #4099, #2648, .T. ) ;
#4280 = DIRECTION ( 'NONE',  ( 1.316334802367150653E-16, -1.000000000000000000, 1.526556658859589750E-16 ) ) ;
#4281 = DIRECTION ( 'NONE',  ( -2.273736754432320595E-13, 8.220413448609141864E-18, -1.000000000000000000 ) ) ;
#4282 = DIRECTION ( 'NONE',  ( -1.000000000000000000, -1.408738150179760326E-16, 6.014894242100891138E-18 ) ) ;
#4283 = LINE ( 'NONE', #2259, #3240 ) ;
#4284 = CARTESIAN_POINT ( 'NONE',  ( 0.2326408108788038387, 0.5098897085782487792, 0.2895536070824406560 ) ) ;
#4285 = FILL_AREA_STYLE ('',( #5433 ) ) ;
#4286 = PRESENTATION_LAYER_ASSIGNMENT (  '', '', ( #7553 ) ) ;
#4287 = ORIENTED_EDGE ( 'NONE', *, *, #6711, .T. ) ;
#4288 = LINE ( 'NONE', #7297, #1937 ) ;
#4289 = EDGE_LOOP ( 'NONE', ( #3390, #4197, #9600, #4751 ) ) ;
#4290 = UNCERTAINTY_MEASURE_WITH_UNIT (LENGTH_MEASURE( 1.000000000000000082E-05 ), #9783, 'distance_accuracy_value', 'NONE');
#4291 = ORIENTED_EDGE ( 'NONE', *, *, #4177, .F. ) ;
#4292 = VERTEX_POINT ( 'NONE', #3710 ) ;
#4293 = DIRECTION ( 'NONE',  ( -0.3511234415894411431, 0.9363291775686509721, -4.820554145997737123E-16 ) ) ;
#4294 = EDGE_LOOP ( 'NONE', ( #1384, #7622, #6578, #11923 ) ) ;
#4295 = VERTEX_POINT ( 'NONE', #11910 ) ;
#4296 = CARTESIAN_POINT ( 'NONE',  ( 0.3330345116662203897, 0.3130393148774569534, 0.2515614810981768867 ) ) ;
#4297 = EDGE_CURVE ( 'NONE', #3876, #1319, #533, .T. ) ;
#4298 = EDGE_CURVE ( 'NONE', #4015, #6261, #11566, .T. ) ;
#4299 =( CONVERSION_BASED_UNIT ( 'INCH', #1193 ) LENGTH_UNIT ( ) NAMED_UNIT ( #1710 ) );
#4300 = DIRECTION ( 'NONE',  ( 0.0000000000000000000, 0.0000000000000000000, 1.000000000000000000 ) ) ;
#4301 = DIRECTION ( 'NONE',  ( 1.937287448275561202E-17, 1.000000000000000000, 8.220413448604590506E-18 ) ) ;
#4302 = DIRECTION ( 'NONE',  ( -1.937287448275560894E-17, -1.000000000000000000, -8.220413448604736877E-18 ) ) ;
#4303 = DIRECTION ( 'NONE',  ( 1.174096724532128111E-16, -1.000000000000000000, 1.665334536937734318E-16 ) ) ;
#4304 = VECTOR ( 'NONE', #4003, 39.37007874015748143 ) ;
#4305 = ORIENTED_EDGE ( 'NONE', *, *, #1100, .T. ) ;
#4306 = CARTESIAN_POINT ( 'NONE',  ( 0.3090187636347014322, 0.08075585031051527030, 0.2515614810981877114 ) ) ;
#4307 = EDGE_LOOP ( 'NONE', ( #11468, #9657, #8143, #6063 ) ) ;
#4308 = ORIENTED_EDGE ( 'NONE', *, *, #9434, .F. ) ;
#4309 = DIRECTION ( 'NONE',  ( -2.626713979715461236E-16, 4.163336342344336041E-16, 1.000000000000000000 ) ) ;
#4310 = AXIS2_PLACEMENT_3D ( 'NONE', #7888, #606, #7753 ) ;
#4311 = DIRECTION ( 'NONE',  ( -1.000000000000000000, -1.174096724532128111E-16, 4.283287147278279229E-17 ) ) ;
#4312 = EDGE_CURVE ( 'NONE', #7175, #3210, #5810, .T. ) ;
#4313 = EDGE_CURVE ( 'NONE', #10632, #6261, #12110, .T. ) ;
#4314 = CARTESIAN_POINT ( 'NONE',  ( 0.2405148266268503643, 0.2756377400743055817, 0.1255772291296712306 ) ) ;
#4315 = VECTOR ( 'NONE', #8562, 39.37007874015748143 ) ;
#4316 = FILL_AREA_STYLE_COLOUR ( '', #8194 ) ;
#4317 = LINE ( 'NONE', #2363, #3941 ) ;
#4318 = CARTESIAN_POINT ( 'NONE',  ( 0.2700423856819585966, 0.1437479762947815320, 0.3456559692871528644 ) ) ;
#4319 = AXIS2_PLACEMENT_3D ( 'NONE', #3824, #12092, #2766 ) ;
#4320 = ORIENTED_EDGE ( 'NONE', *, *, #12940, .T. ) ;
#4321 = LINE ( 'NONE', #3111, #13053 ) ;
#4322 = FACE_BOUND ( 'NONE', #10218, .T. ) ;
#4323 = CARTESIAN_POINT ( 'NONE',  ( 0.3208297872567558162, 0.05713380306642446699, 0.4515614810981849470 ) ) ;
#4324 = EDGE_CURVE ( 'NONE', #9581, #344, #6224, .T. ) ;
#4325 = MECHANICAL_DESIGN_GEOMETRIC_PRESENTATION_REPRESENTATION (  '', ( #11748 ), #2166 ) ;
#4326 = ADVANCED_FACE ( 'NONE', ( #61 ), #4186, .T. ) ;
#4327 = DIRECTION ( 'NONE',  ( -1.937287448275561202E-17, -1.000000000000000000, -8.220413448604590506E-18 ) ) ;
#4328 = VERTEX_POINT ( 'NONE', #7321 ) ;
#4329 = VERTEX_POINT ( 'NONE', #3984 ) ;
#4330 = DIRECTION ( 'NONE',  ( -0.0000000000000000000, -0.0000000000000000000, -1.000000000000000000 ) ) ;
#4331 = ORIENTED_EDGE ( 'NONE', *, *, #10611, .F. ) ;
#4332 = ADVANCED_FACE ( 'NONE', ( #11493 ), #2152, .F. ) ;
#4333 = PRESENTATION_STYLE_ASSIGNMENT (( #3381 ) ) ;
#4334 = AXIS2_PLACEMENT_3D ( 'NONE', #11404, #2065, #11119 ) ;
#4335 = DIRECTION ( 'NONE',  ( 0.5773502691896340577, -0.5773502691896212902, 0.5773502691896218453 ) ) ;
#4336 = LENGTH_MEASURE_WITH_UNIT ( LENGTH_MEASURE( 0.02539999999999999897 ), #11849 );
#4337 =( LENGTH_UNIT ( ) NAMED_UNIT ( * ) SI_UNIT ( $, .METRE. ) );
#4338 = DIRECTION ( 'NONE',  ( 1.000000000000000000, 3.376070039848302092E-16, 2.359223927328455183E-16 ) ) ;
#4339 = CARTESIAN_POINT ( 'NONE',  ( 0.4255541967055790908, 0.2972912833813901590, 0.3456559692871650769 ) ) ;
#4340 = DIRECTION ( 'NONE',  ( 0.0000000000000000000, 0.7999999999998906874, 0.6000000000001456391 ) ) ;
#4341 = DIRECTION ( 'NONE',  ( -1.000000000000000000, -1.408738150179760326E-16, 6.014894242100891909E-18 ) ) ;
#4342 = EDGE_CURVE ( 'NONE', #4681, #8851, #7112, .T. ) ;
#4343 = EDGE_CURVE ( 'NONE', #1641, #929, #13389, .T. ) ;
#4344 = ORIENTED_EDGE ( 'NONE', *, *, #3092, .T. ) ;
#4345 = ADVANCED_FACE ( 'NONE', ( #5068 ), #4049, .T. ) ;
#4346 = SURFACE_STYLE_USAGE ( .BOTH. , #7556 ) ;
#4347 = CARTESIAN_POINT ( 'NONE',  ( 0.2405148266268502810, 0.3091023070034269460, 0.4397504574761375018 ) ) ;
#4348 = AXIS2_PLACEMENT_3D ( 'NONE', #8536, #3560, #10727 ) ;
#4349 = LINE ( 'NONE', #3539, #8609 ) ;
#4350 = DIRECTION ( 'NONE',  ( 0.0000000000000000000, 0.0000000000000000000, -1.000000000000000000 ) ) ;
#4351 = CARTESIAN_POINT ( 'NONE',  ( 0.1558691573354859805, 0.7897218048774069521, 0.3456559692871650769 ) ) ;
#4352 = CARTESIAN_POINT ( 'NONE',  ( 0.2483888423748703556, 0.5374487636963517501, 0.3850260480273225983 ) ) ;
#4353 = ORIENTED_EDGE ( 'NONE', *, *, #10822, .F. ) ;
#4354 = CARTESIAN_POINT ( 'NONE',  ( 0.2090187636347251854, 0.1279999447987148764, 0.1901441582635379490 ) ) ;
#4355 = ORIENTED_EDGE ( 'NONE', *, *, #8284, .T. ) ;
#4356 = EDGE_CURVE ( 'NONE', #1583, #6010, #7386, .T. ) ;
#4357 = ORIENTED_EDGE ( 'NONE', *, *, #12146, .F. ) ;
#4358 = CIRCLE ( 'NONE', #4577, 0.05610236220472444857 ) ;
#4359 = COLOUR_RGB ( '',0.7607843137254901578, 0.7607843137254901578, 0.0000000000000000000 ) ;
#4360 = CARTESIAN_POINT ( 'NONE',  ( 0.2483888423748475960, 0.1988660865309974379, 0.4007740795233794562 ) ) ;
#4361 = VERTEX_POINT ( 'NONE', #7523 ) ;
#4362 = STYLED_ITEM ( 'NONE', ( #11711 ), #11785 ) ;
#4363 = VERTEX_POINT ( 'NONE', #7663 ) ;
#4364 = CARTESIAN_POINT ( 'NONE',  ( 0.3330345116662203897, 0.1555589999168270066, 0.2397504574761404883 ) ) ;
#4365 = DIRECTION ( 'NONE',  ( 0.0000000000000000000, 0.0000000000000000000, -1.000000000000000000 ) ) ;
#4366 = PLANE ( 'NONE',  #3718 ) ;
#4367 = DIRECTION ( 'NONE',  ( 1.000000000000000000, 0.0000000000000000000, 0.0000000000000000000 ) ) ;
#4368 =( NAMED_UNIT ( * ) SI_UNIT ( $, .STERADIAN. ) SOLID_ANGLE_UNIT ( ) );
#4369 = VECTOR ( 'NONE', #9649, 39.37007874015748143 ) ;
#4370 = VECTOR ( 'NONE', #7443, 39.37007874015748143 ) ;
#4371 = DIRECTION ( 'NONE',  ( 0.0000000000000000000, 1.000000000000000000, 0.0000000000000000000 ) ) ;
#4372 = VECTOR ( 'NONE', #2151, 39.37007874015748143 ) ;
#4373 = PLANE ( 'NONE',  #4539 ) ;
#4374 = ORIENTED_EDGE ( 'NONE', *, *, #1908, .F. ) ;
#4375 = LINE ( 'NONE', #2566, #464 ) ;
#4376 = EDGE_CURVE ( 'NONE', #10372, #4534, #11701, .T. ) ;
#4377 = VERTEX_POINT ( 'NONE', #2430 ) ;
#4378 = VERTEX_POINT ( 'NONE', #3430 ) ;
#4379 = VECTOR ( 'NONE', #691, 39.37007874015748143 ) ;
#4380 = AXIS2_PLACEMENT_3D ( 'NONE', #12872, #10121, #3910 ) ;
#4381 = PRESENTATION_LAYER_ASSIGNMENT (  '', '', ( #8309 ) ) ;
#4382 =( NAMED_UNIT ( * ) SI_UNIT ( $, .STERADIAN. ) SOLID_ANGLE_UNIT ( ) );
#4383 = CARTESIAN_POINT ( 'NONE',  ( 0.3625620707213385585, 0.1555589999168270066, 0.2456559692871497225 ) ) ;
#4384 = VERTEX_POINT ( 'NONE', #11635 ) ;
#4385 = CARTESIAN_POINT ( 'NONE',  ( 0.05547545654809511728, 0.3957164802317839070, 0.5070732921218072953 ) ) ;
#4386 = LINE ( 'NONE', #11961, #1580 ) ;
#4387 = FILL_AREA_STYLE_COLOUR ( '', #1015 ) ;
#4388 = DIRECTION ( 'NONE',  ( 0.0000000000000000000, -1.000000000000000000, 0.0000000000000000000 ) ) ;
#4389 = CARTESIAN_POINT ( 'NONE',  ( 0.3625620707213385030, 0.1555589999168271176, 0.4102228984210121721 ) ) ;
#4390 = VECTOR ( 'NONE', #3868, 39.37007874015748143 ) ;
#4391 = ORIENTED_EDGE ( 'NONE', *, *, #10427, .F. ) ;
#4392 = CARTESIAN_POINT ( 'NONE',  ( 0.2405148266268503088, 0.1555589999168270621, 0.4456559692871469025 ) ) ;
#4393 = ADVANCED_FACE ( 'NONE', ( #6631 ), #1480, .F. ) ;
#4394 = EDGE_CURVE ( 'NONE', #12418, #6429, #9567, .T. ) ;
#4395 = FACE_OUTER_BOUND ( 'NONE', #12354, .T. ) ;
#4396 = VERTEX_POINT ( 'NONE', #9437 ) ;
#4397 = CARTESIAN_POINT ( 'NONE',  ( 0.3267352990678009106, -0.07278745677610237719, 0.4397504574761376683 ) ) ;
#4398 = ORIENTED_EDGE ( 'NONE', *, *, #2246, .F. ) ;
#4399 = ORIENTED_EDGE ( 'NONE', *, *, #8595, .F. ) ;
#4400 = CARTESIAN_POINT ( 'NONE',  ( 0.2431035528205065799, 0.009496007790817656904, 0.4007740795233790121 ) ) ;
#4401 = VECTOR ( 'NONE', #4469, 39.37007874015748143 ) ;
#4402 = ORIENTED_EDGE ( 'NONE', *, *, #5137, .F. ) ;
#4403 = COLOUR_RGB ( '',0.7607843137254901578, 0.7607843137254901578, 0.0000000000000000000 ) ;
#4404 = DIRECTION ( 'NONE',  ( 1.316334802367150653E-16, -1.000000000000000000, 1.526556658859589750E-16 ) ) ;
#4405 = DIRECTION ( 'NONE',  ( 0.5773502691896278405, -0.5773502691896216232, -0.5773502691896278405 ) ) ;
#4406 = DIRECTION ( 'NONE',  ( 7.190187815859582523E-17, -0.7071067811865469066, 0.7071067811865480168 ) ) ;
#4407 = DIRECTION ( 'NONE',  ( 1.408738150179760326E-16, -1.000000000000000000, 3.469446951953614189E-16 ) ) ;
#4408 = CARTESIAN_POINT ( 'NONE',  ( 0.2562628581229025593, 0.08862986605856651434, 0.4397504574761375573 ) ) ;
#4409 = VECTOR ( 'NONE', #7195, 39.37007874015748143 ) ;
#4410 = ADVANCED_FACE ( 'NONE', ( #4448 ), #3303, .F. ) ;
#4411 = CARTESIAN_POINT ( 'NONE',  ( 0.2405148266268503643, 0.3563464014916266076, 0.2062858905469922566 ) ) ;
#4412 = CARTESIAN_POINT ( 'NONE',  ( 0.07319199198118010730, 0.1476849841687954135, 0.2554984889721936270 ) ) ;
#4413 = EDGE_LOOP ( 'NONE', ( #970, #2449, #9448, #4258, #8089, #4433, #3162, #4566 ) ) ;
#4414 = CARTESIAN_POINT ( 'NONE',  ( 0.1027195510362846897, 0.1555589999168270343, 0.4732150244052678034 ) ) ;
#4415 = VERTEX_POINT ( 'NONE', #1417 ) ;
#4416 = ORIENTED_EDGE ( 'NONE', *, *, #11835, .F. ) ;
#4417 = ORIENTED_EDGE ( 'NONE', *, *, #2193, .F. ) ;
#4418 = FILL_AREA_STYLE ('',( #2539 ) ) ;
#4419 = LINE ( 'NONE', #1173, #11122 ) ;
#4420 = ORIENTED_EDGE ( 'NONE', *, *, #1742, .F. ) ;
#4421 = AXIS2_PLACEMENT_3D ( 'NONE', #8615, #6573, #3440 ) ;
#4422 = ADVANCED_FACE ( 'NONE', ( #6562 ), #2292, .T. ) ;
#4423 = EDGE_CURVE ( 'NONE', #4329, #1984, #12630, .T. ) ;
#4424 = DIRECTION ( 'NONE',  ( 0.03905116345756681068, -0.9992372123938392248, 3.466800500818432202E-16 ) ) ;
#4425 = CARTESIAN_POINT ( 'NONE',  ( 0.3743730943433671299, 0.05713380306642412698, 0.4991992763737758132 ) ) ;
#4426 = CARTESIAN_POINT ( 'NONE',  ( 0.2405148266268503365, 0.1555589999168270343, 0.4062858905469893811 ) ) ;
#4427 = ADVANCED_FACE ( 'NONE', ( #240 ), #11565, .T. ) ;
#4428 = CARTESIAN_POINT ( 'NONE',  ( 0.2326408108788125817, -0.1446865674942330593, 0.2515614810981877669 ) ) ;
#4429 = ORIENTED_EDGE ( 'NONE', *, *, #1102, .T. ) ;
#4430 = EDGE_LOOP ( 'NONE', ( #12027, #12053, #8234, #7551 ) ) ;
#4431 = VECTOR ( 'NONE', #3803, 39.37007874015748143 ) ;
#4432 = LINE ( 'NONE', #11678, #4764 ) ;
#4433 = ORIENTED_EDGE ( 'NONE', *, *, #9170, .T. ) ;
#4434 = VERTEX_POINT ( 'NONE', #9643 ) ;
#4435 =( NAMED_UNIT ( * ) SI_UNIT ( $, .STERADIAN. ) SOLID_ANGLE_UNIT ( ) );
#4436 = PLANE ( 'NONE',  #10144 ) ;
#4437 = CARTESIAN_POINT ( 'NONE',  ( 0.3625620707213385030, 0.1555589999168270066, 0.4102228984210123386 ) ) ;
#4438 = EDGE_CURVE ( 'NONE', #632, #11370, #12700, .T. ) ;
#4439 = FACE_OUTER_BOUND ( 'NONE', #4753, .T. ) ;
#4440 = CARTESIAN_POINT ( 'NONE',  ( 0.3090187636347014322, 0.08075585031051527030, 0.2515614810981877114 ) ) ;
#4441 = CARTESIAN_POINT ( 'NONE',  ( 0.3724045904063612022, 0.5354802597593411040, 0.4440811661375588248 ) ) ;
#4442 = ORIENTED_EDGE ( 'NONE', *, *, #11490, .F. ) ;
#4443 = ORIENTED_EDGE ( 'NONE', *, *, #13417, .F. ) ;
#4444 = SURFACE_STYLE_USAGE ( .BOTH. , #310 ) ;
#4445 = ORIENTED_EDGE ( 'NONE', *, *, #4698, .T. ) ;
#4446 = VECTOR ( 'NONE', #5839, 39.37007874015748143 ) ;
#4447 = CARTESIAN_POINT ( 'NONE',  ( 0.2326408108788038387, 0.3957164802317839070, 0.1684906149564564526 ) ) ;
#4448 = FACE_OUTER_BOUND ( 'NONE', #5274, .T. ) ;
#4449 = EDGE_LOOP ( 'NONE', ( #2629, #10768, #11861, #574 ) ) ;
#4450 = CARTESIAN_POINT ( 'NONE',  ( 0.07319199198118010730, 0.08862986605855742439, 0.3456559692871707390 ) ) ;
#4451 = DIRECTION ( 'NONE',  ( -1.110646127912004695E-14, 0.0000000000000000000, -1.000000000000000000 ) ) ;
#4452 = EDGE_CURVE ( 'NONE', #1054, #13247, #3492, .T. ) ;
#4453 = CARTESIAN_POINT ( 'NONE',  ( 0.2405148266268503088, 0.1555589999168270621, 0.4456559692871469025 ) ) ;
#4454 = CARTESIAN_POINT ( 'NONE',  ( 0.2326408108788125817, -0.1446865674942329760, 0.4515614810981849470 ) ) ;
#4455 = VERTEX_POINT ( 'NONE', #8405 ) ;
#4456 = DIRECTION ( 'NONE',  ( 0.4472135954996857565, 0.8944271910000519688, -2.549099026653635398E-16 ) ) ;
#4457 = LINE ( 'NONE', #8754, #9220 ) ;
#4458 = CARTESIAN_POINT ( 'NONE',  ( 0.2090187636347028977, 0.08075585031051529805, 0.2515614810981877114 ) ) ;
#4459 = ORIENTED_EDGE ( 'NONE', *, *, #13239, .F. ) ;
#4460 = VERTEX_POINT ( 'NONE', #4517 ) ;
#4461 = DIRECTION ( 'NONE',  ( 1.000000000000000000, -1.937287448275558121E-17, 0.0000000000000000000 ) ) ;
#4462 = VERTEX_POINT ( 'NONE', #7457 ) ;
#4463 = ORIENTED_EDGE ( 'NONE', *, *, #2121, .F. ) ;
#4464 = VECTOR ( 'NONE', #6288, 39.37007874015748143 ) ;
#4465 = ORIENTED_EDGE ( 'NONE', *, *, #8425, .T. ) ;
#4466 = ADVANCED_FACE ( 'NONE', ( #380 ), #8674, .T. ) ;
#4467 = SURFACE_STYLE_FILL_AREA ( #6648 ) ;
#4468 = ADVANCED_FACE ( 'NONE', ( #2506 ), #4244, .T. ) ;
#4469 = DIRECTION ( 'NONE',  ( 1.000000000000000000, 0.0000000000000000000, 0.0000000000000000000 ) ) ;
#4470 = DIRECTION ( 'NONE',  ( 0.0000000000000000000, 1.000000000000000000, 0.0000000000000000000 ) ) ;
#4471 = CARTESIAN_POINT ( 'NONE',  ( 0.3901211258394337023, 0.3861465226303465448, 0.4462616628062848756 ) ) ;
#4472 = DIRECTION ( 'NONE',  ( -0.0000000000000000000, -1.000000000000000000, -0.0000000000000000000 ) ) ;
#4473 = CIRCLE ( 'NONE', #12111, 0.08267716535433072833 ) ;
#4474 = DIRECTION ( 'NONE',  ( -0.7071067811865476838, 0.7071067811865474617, -1.745088153485699165E-16 ) ) ;
#4475 = DIRECTION ( 'NONE',  ( 3.518308117683322415E-16, -1.000000000000000000, 4.163336342344337027E-16 ) ) ;
#4476 = EDGE_LOOP ( 'NONE', ( #12484, #8557, #11539, #1791 ) ) ;
#4477 = LINE ( 'NONE', #3391, #3133 ) ;
#4478 = ORIENTED_EDGE ( 'NONE', *, *, #12577, .T. ) ;
#4479 = ORIENTED_EDGE ( 'NONE', *, *, #5317, .T. ) ;
#4480 = ORIENTED_EDGE ( 'NONE', *, *, #8512, .F. ) ;
#4481 = VECTOR ( 'NONE', #5836, 39.37007874015748143 ) ;
#4482 = DIRECTION ( 'NONE',  ( -1.000000000000000000, -1.408738150179760326E-16, 3.007447121050473688E-18 ) ) ;
#4483 = ORIENTED_EDGE ( 'NONE', *, *, #8086, .F. ) ;
#4484 = VECTOR ( 'NONE', #12458, 39.37007874015748143 ) ;
#4485 = DIRECTION ( 'NONE',  ( -1.000000000000000000, 1.937287448275558121E-17, 0.0000000000000000000 ) ) ;
#4486 = EDGE_CURVE ( 'NONE', #9414, #12465, #10662, .T. ) ;
#4487 = DIRECTION ( 'NONE',  ( 1.000000000000000000, 1.174096724532127865E-16, -4.283287147278279229E-17 ) ) ;
#4488 = DIRECTION ( 'NONE',  ( 2.865203769218833733E-48, -8.220413448604590506E-18, 1.000000000000000000 ) ) ;
#4489 = CARTESIAN_POINT ( 'NONE',  ( 0.3920896297764415728, 0.2579212046412327486, 0.3456559692871650769 ) ) ;
#4490 = DIRECTION ( 'NONE',  ( -1.937287448275561202E-17, -1.000000000000000000, -8.220413448604590506E-18 ) ) ;
#4491 = LINE ( 'NONE', #12806, #12558 ) ;
#4492 = DIRECTION ( 'NONE',  ( -0.0000000000000000000, -1.000000000000000000, -0.0000000000000000000 ) ) ;
#4493 = MECHANICAL_DESIGN_GEOMETRIC_PRESENTATION_REPRESENTATION (  '', ( #10378 ), #5573 ) ;
#4494 = ORIENTED_EDGE ( 'NONE', *, *, #695, .T. ) ;
#4495 = ORIENTED_EDGE ( 'NONE', *, *, #8497, .T. ) ;
#4496 = ORIENTED_EDGE ( 'NONE', *, *, #38, .F. ) ;
#4497 = EDGE_CURVE ( 'NONE', #5844, #6736, #5729, .T. ) ;
#4498 = ORIENTED_EDGE ( 'NONE', *, *, #8812, .T. ) ;
#4499 = ADVANCED_FACE ( 'NONE', ( #7860 ), #12903, .T. ) ;
#4500 = ORIENTED_EDGE ( 'NONE', *, *, #127, .F. ) ;
#4501 = FACE_OUTER_BOUND ( 'NONE', #11775, .T. ) ;
#4502 = EDGE_CURVE ( 'NONE', #580, #7353, #3694, .T. ) ;
#4503 = LINE ( 'NONE', #7575, #12785 ) ;
#4504 = VECTOR ( 'NONE', #7182, 39.37007874015748143 ) ;
#4505 = DIRECTION ( 'NONE',  ( 1.000000000000000000, 0.0000000000000000000, 0.0000000000000000000 ) ) ;
#4506 = DIMENSIONAL_EXPONENTS ( 1.000000000000000000, 0.0000000000000000000, 0.0000000000000000000, 0.0000000000000000000, 0.0000000000000000000, 0.0000000000000000000, 0.0000000000000000000 ) ;
#4507 = DIRECTION ( 'NONE',  ( 1.937287448275561202E-17, 1.000000000000000000, 8.220413448604590506E-18 ) ) ;
#4508 = ORIENTED_EDGE ( 'NONE', *, *, #7425, .T. ) ;
#4509 = DIRECTION ( 'NONE',  ( 1.000000000000000000, 3.376070039848302092E-16, 2.359223927328455183E-16 ) ) ;
#4510 = ORIENTED_EDGE ( 'NONE', *, *, #11709, .T. ) ;
#4511 = VERTEX_POINT ( 'NONE', #9971 ) ;
#4512 = CARTESIAN_POINT ( 'NONE',  ( 0.1558691573354937243, 0.3681574251136631171, 0.4515614810981847249 ) ) ;
#4513 = EDGE_LOOP ( 'NONE', ( #2071, #11525, #10874 ) ) ;
#4514 = VECTOR ( 'NONE', #10995, 39.37007874015748143 ) ;
#4515 = EDGE_CURVE ( 'NONE', #5653, #4851, #6834, .T. ) ;
#4516 = CARTESIAN_POINT ( 'NONE',  ( 0.08454874546390191148, 0.2776062440113114538, 0.4443840128970995007 ) ) ;
#4517 = CARTESIAN_POINT ( 'NONE',  ( 0.2405148266268503088, 0.2421731731451663705, 0.4397504574761375018 ) ) ;
#4518 = ORIENTED_EDGE ( 'NONE', *, *, #662, .T. ) ;
#4519 = ADVANCED_FACE ( 'NONE', ( #9905 ), #10864, .F. ) ;
#4520 = CARTESIAN_POINT ( 'NONE',  ( 0.3468140392252719861, 0.1555589999168270621, 0.4062465204682492170 ) ) ;
#4521 = CARTESIAN_POINT ( 'NONE',  ( 0.1164990785953284869, 0.3760314408617050908, 0.2236087251926805186 ) ) ;
#4522 = FACE_OUTER_BOUND ( 'NONE', #10367, .T. ) ;
#4523 = CARTESIAN_POINT ( 'NONE',  ( 0.3586250628473005575, 0.1988660865309974379, 0.4007740795233891151 ) ) ;
#4524 = VECTOR ( 'NONE', #1530, 39.37007874015748143 ) ;
#4525 = DIRECTION ( 'NONE',  ( -1.000000000000000000, 0.0000000000000000000, 0.0000000000000000000 ) ) ;
#4526 = LINE ( 'NONE', #11840, #10745 ) ;
#4527 = PLANE ( 'NONE',  #1988 ) ;
#4528 = EDGE_CURVE ( 'NONE', #12264, #12094, #1542, .T. ) ;
#4529 = CARTESIAN_POINT ( 'NONE',  ( 0.2916959289890523888, 0.2448335284032795156, 0.3456559692871528089 ) ) ;
#4530 = ORIENTED_EDGE ( 'NONE', *, *, #9130, .F. ) ;
#4531 = ORIENTED_EDGE ( 'NONE', *, *, #3308, .T. ) ;
#4532 = AXIS2_PLACEMENT_3D ( 'NONE', #601, #2462, #7610 ) ;
#4533 = CARTESIAN_POINT ( 'NONE',  ( 0.1027195510362948622, 0.7897218048774069521, 0.1940811661375485830 ) ) ;
#4534 = VERTEX_POINT ( 'NONE', #13178 ) ;
#4535 = DIRECTION ( 'NONE',  ( -0.8944271909997802972, 0.4472135955002290997, -5.388384191817493510E-17 ) ) ;
#4536 =( NAMED_UNIT ( * ) PLANE_ANGLE_UNIT ( ) SI_UNIT ( $, .RADIAN. ) );
#4537 = FACE_OUTER_BOUND ( 'NONE', #6087, .T. ) ;
#4538 = CARTESIAN_POINT ( 'NONE',  ( 0.03972742505202855878, 0.2776062440113114538, 0.3456559692871650769 ) ) ;
#4539 = AXIS2_PLACEMENT_3D ( 'NONE', #7449, #7378, #6277 ) ;
#4540 = PLANE ( 'NONE',  #2242 ) ;
#4541 = PLANE ( 'NONE',  #6289 ) ;
#4542 = LINE ( 'NONE', #11723, #3629 ) ;
#4543 = VECTOR ( 'NONE', #1108, 39.37007874015748143 ) ;
#4544 = CARTESIAN_POINT ( 'NONE',  ( 0.1267352990678038693, -0.07278745677611146714, 0.2515614810981877669 ) ) ;
#4545 = DIRECTION ( 'NONE',  ( 1.937287448275561202E-17, 1.000000000000000000, 8.220413448604590506E-18 ) ) ;
#4546 = SURFACE_STYLE_USAGE ( .BOTH. , #9867 ) ;
#4547 = ORIENTED_EDGE ( 'NONE', *, *, #7897, .F. ) ;
#4548 = EDGE_CURVE ( 'NONE', #9073, #6676, #2705, .T. ) ;
#4549 = DIRECTION ( 'NONE',  ( -0.7071067811865475727, 0.7071067811865473507, -2.410737741626303627E-16 ) ) ;
#4550 = ORIENTED_EDGE ( 'NONE', *, *, #9350, .T. ) ;
#4551 = ORIENTED_EDGE ( 'NONE', *, *, #10684, .F. ) ;
#4552 = PRESENTATION_LAYER_ASSIGNMENT (  '', '', ( #5623 ) ) ;
#4553 = EDGE_LOOP ( 'NONE', ( #8739, #13257, #4047, #7689, #10057, #10080, #11616, #8385 ) ) ;
#4554 = CARTESIAN_POINT ( 'NONE',  ( 0.1342156140284146149, 0.3839054566097366838, 0.3456559692871650769 ) ) ;
#4555 = CARTESIAN_POINT ( 'NONE',  ( 0.2483888423748524532, 0.4272125432239180509, 0.4007740795234070452 ) ) ;
#4556 = ORIENTED_EDGE ( 'NONE', *, *, #2562, .T. ) ;
#4557 = DIRECTION ( 'NONE',  ( -1.000000000000000000, -1.408738150179760326E-16, 6.014894242100891138E-18 ) ) ;
#4558 = DIRECTION ( 'NONE',  ( -4.283287147278277996E-17, -1.665334536937734318E-16, -1.000000000000000000 ) ) ;
#4559 = DIRECTION ( 'NONE',  ( -1.000000000000000000, -1.408738150179760326E-16, 6.014894242100891138E-18 ) ) ;
#4560 = COLOUR_RGB ( '',0.7607843137254901578, 0.7607843137254901578, 0.0000000000000000000 ) ;
#4561 = CARTESIAN_POINT ( 'NONE',  ( 0.2483888423748475960, 0.2815432518853281940, 0.4007740795233794562 ) ) ;
#4562 = ORIENTED_EDGE ( 'NONE', *, *, #12502, .F. ) ;
#4563 = EDGE_CURVE ( 'NONE', #9253, #8389, #7792, .T. ) ;
#4564 = VERTEX_POINT ( 'NONE', #4719 ) ;
#4565 = ADVANCED_FACE ( 'NONE', ( #8867 ), #7303, .T. ) ;
#4566 = ORIENTED_EDGE ( 'NONE', *, *, #6251, .F. ) ;
#4567 = EDGE_LOOP ( 'NONE', ( #4127, #2892, #9284, #4720 ) ) ;
#4568 = EDGE_LOOP ( 'NONE', ( #1020, #613, #5525, #10438, #2599, #7189, #11679 ) ) ;
#4569 = VECTOR ( 'NONE', #10861, 39.37007874015748143 ) ;
#4570 = VECTOR ( 'NONE', #11794, 39.37007874015748143 ) ;
#4571 = LINE ( 'NONE', #433, #9161 ) ;
#4572 = DIRECTION ( 'NONE',  ( -0.3511234415886831939, 0.9363291775689350782, -1.372885316240750818E-16 ) ) ;
#4573 = DIRECTION ( 'NONE',  ( -1.000000000000000000, 1.937287448275558121E-17, 0.0000000000000000000 ) ) ;
#4574 = CARTESIAN_POINT ( 'NONE',  ( 0.2090187636347028977, 0.08075585031051529805, 0.2515614810981877114 ) ) ;
#4575 = CARTESIAN_POINT ( 'NONE',  ( 0.07122348804415810919, 0.3957164802317839070, 0.1842386464525194445 ) ) ;
#4576 = CARTESIAN_POINT ( 'NONE',  ( 0.2641368738709190533, 0.2185511259010752549, 0.5385693551139404400 ) ) ;
#4577 = AXIS2_PLACEMENT_3D ( 'NONE', #9790, #10815, #2452 ) ;
#4578 = VECTOR ( 'NONE', #5221, 39.37007874015748143 ) ;
#4579 = VECTOR ( 'NONE', #3836, 39.37007874015748143 ) ;
#4580 = ORIENTED_EDGE ( 'NONE', *, *, #12098, .T. ) ;
#4581 = ORIENTED_EDGE ( 'NONE', *, *, #11103, .F. ) ;
#4582 = EDGE_CURVE ( 'NONE', #5391, #7640, #6208, .T. ) ;
#4583 = ORIENTED_EDGE ( 'NONE', *, *, #3061, .F. ) ;
#4584 = LINE ( 'NONE', #6693, #3473 ) ;
#4585 = ORIENTED_EDGE ( 'NONE', *, *, #2793, .F. ) ;
#4586 = DIRECTION ( 'NONE',  ( 0.0000000000000000000, 1.000000000000000000, 0.0000000000000000000 ) ) ;
#4587 = EDGE_LOOP ( 'NONE', ( #5172, #5202, #9056, #10943 ) ) ;
#4588 = VECTOR ( 'NONE', #5223, 39.37007874015748143 ) ;
#4589 = CARTESIAN_POINT ( 'NONE',  ( 0.3920896297764415728, 0.3760314408617050908, 0.2669158118068502006 ) ) ;
#4590 = CARTESIAN_POINT ( 'NONE',  ( 0.1027195510362847869, 0.1555589999168269788, 0.2456559692871497225 ) ) ;
#4591 = PRESENTATION_LAYER_ASSIGNMENT (  '', '', ( #8508 ) ) ;
#4592 = PLANE ( 'NONE',  #9261 ) ;
#4593 = ADVANCED_FACE ( 'NONE', ( #3024 ), #2073, .F. ) ;
#4594 = FILL_AREA_STYLE_COLOUR ( '', #6666 ) ;
#4595 = ADVANCED_FACE ( 'NONE', ( #9696 ), #366, .T. ) ;
#4596 = VECTOR ( 'NONE', #12021, 39.37007874015748143 ) ;
#4597 = DIMENSIONAL_EXPONENTS ( 1.000000000000000000, 0.0000000000000000000, 0.0000000000000000000, 0.0000000000000000000, 0.0000000000000000000, 0.0000000000000000000, 0.0000000000000000000 ) ;
#4598 = AXIS2_PLACEMENT_3D ( 'NONE', #12048, #1877, #5812 ) ;
#4599 = PRESENTATION_LAYER_ASSIGNMENT (  '', '', ( #3932 ) ) ;
#4600 = DIRECTION ( 'NONE',  ( 1.000000000000000000, 0.0000000000000000000, 0.0000000000000000000 ) ) ;
#4601 = ORIENTED_EDGE ( 'NONE', *, *, #11401, .T. ) ;
#4602 = DIRECTION ( 'NONE',  ( 0.0000000000000000000, 0.0000000000000000000, 1.000000000000000000 ) ) ;
#4603 = ORIENTED_EDGE ( 'NONE', *, *, #7099, .F. ) ;
#4604 = ORIENTED_EDGE ( 'NONE', *, *, #5942, .T. ) ;
#4605 = DIRECTION ( 'NONE',  ( -1.000000000000000000, -1.408738150179760326E-16, 6.014894242100891138E-18 ) ) ;
#4606 = EDGE_LOOP ( 'NONE', ( #3458, #7235, #7026, #1444, #7822, #7947, #4032 ) ) ;
#4607 = CARTESIAN_POINT ( 'NONE',  ( 0.3100686324011164841, 0.4049028319378220053, 0.2879131871349313032 ) ) ;
#4608 = SURFACE_SIDE_STYLE ('',( #1222 ) ) ;
#4610 = SURFACE_SIDE_STYLE ('',( #7747 ) ) ;
#4609 =( GEOMETRIC_REPRESENTATION_CONTEXT ( 3 ) GLOBAL_UNCERTAINTY_ASSIGNED_CONTEXT ( ( #11408 ) ) GLOBAL_UNIT_ASSIGNED_CONTEXT ( ( #2458, #8488, #6585 ) ) REPRESENTATION_CONTEXT ( 'NONE', 'WORKASPACE' ) );
#4611 = LINE ( 'NONE', #7811, #1158 ) ;
#4612 = ADVANCED_FACE ( 'NONE', ( #4501 ), #107, .F. ) ;
#4613 = LINE ( 'NONE', #5682, #7203 ) ;
#4614 = VERTEX_POINT ( 'NONE', #4296 ) ;
#4615 = FACE_OUTER_BOUND ( 'NONE', #4925, .T. ) ;
#4616 = CARTESIAN_POINT ( 'NONE',  ( 0.2326408108788038387, 0.5295747479483139397, 0.4243961267674756233 ) ) ;
#4617 = FACE_OUTER_BOUND ( 'NONE', #12340, .T. ) ;
#4618 = ORIENTED_EDGE ( 'NONE', *, *, #5749, .F. ) ;
#4619 = VECTOR ( 'NONE', #1699, 39.37007874015748143 ) ;
#4620 = DIRECTION ( 'NONE',  ( -1.000000000000000000, -1.408738150179760326E-16, 6.014894242100891138E-18 ) ) ;
#4621 = MECHANICAL_DESIGN_GEOMETRIC_PRESENTATION_REPRESENTATION (  '', ( #2898 ), #3748 ) ;
#4622 = VERTEX_POINT ( 'NONE', #7505 ) ;
#4623 = ORIENTED_EDGE ( 'NONE', *, *, #12431, .F. ) ;
#4624 = ORIENTED_EDGE ( 'NONE', *, *, #10970, .F. ) ;
#4625 = ORIENTED_EDGE ( 'NONE', *, *, #11949, .F. ) ;
#4626 = LINE ( 'NONE', #5910, #2771 ) ;
#4627 = EDGE_CURVE ( 'NONE', #5514, #4462, #10699, .T. ) ;
#4628 = VECTOR ( 'NONE', #2926, 39.37007874015748143 ) ;
#4629 = CARTESIAN_POINT ( 'NONE',  ( 0.3920896297764415728, 0.05713380306642405759, 0.2039236858226017579 ) ) ;
#4630 = PLANE ( 'NONE',  #6685 ) ;
#4631 = LINE ( 'NONE', #4561, #12819 ) ;
#4632 = VERTEX_POINT ( 'NONE', #1326 ) ;
#4633 = VERTEX_POINT ( 'NONE', #7371 ) ;
#4634 = EDGE_LOOP ( 'NONE', ( #6464, #3456, #4585, #4274 ) ) ;
#4635 = AXIS2_PLACEMENT_3D ( 'NONE', #3223, #1266, #6423 ) ;
#4636 = ORIENTED_EDGE ( 'NONE', *, *, #4183, .T. ) ;
#4637 = CARTESIAN_POINT ( 'NONE',  ( 0.2916959289890400653, 0.1279999447987147931, 0.2019551818855939151 ) ) ;
#4638 = DIRECTION ( 'NONE',  ( 0.3511234415877495518, 0.9363291775692853536, -1.485833765564395504E-16 ) ) ;
#4639 = PLANE ( 'NONE',  #192 ) ;
#4640 =( NAMED_UNIT ( * ) SI_UNIT ( $, .STERADIAN. ) SOLID_ANGLE_UNIT ( ) );
#4641 = EDGE_CURVE ( 'NONE', #6629, #7100, #6546, .T. ) ;
#4642 = CARTESIAN_POINT ( 'NONE',  ( 0.2916959289890524443, 0.1437479762947815320, 0.3456559692871528644 ) ) ;
#4643 = EDGE_CURVE ( 'NONE', #2515, #6960, #2206, .T. ) ;
#4644 = FACE_OUTER_BOUND ( 'NONE', #2135, .T. ) ;
#4645 = VECTOR ( 'NONE', #7077, 39.37007874015748143 ) ;
#4646 = LINE ( 'NONE', #3622, #482 ) ;
#4647 = ORIENTED_EDGE ( 'NONE', *, *, #4132, .F. ) ;
#4648 = DIRECTION ( 'NONE',  ( 0.0000000000000000000, -1.000000000000000000, 0.0000000000000000000 ) ) ;
#4649 = ORIENTED_EDGE ( 'NONE', *, *, #9430, .F. ) ;
#4650 = FACE_OUTER_BOUND ( 'NONE', #934, .T. ) ;
#4651 = ORIENTED_EDGE ( 'NONE', *, *, #6426, .F. ) ;
#4652 = CARTESIAN_POINT ( 'NONE',  ( 0.2483888423748524532, 0.3760314408617060900, 0.2688843157438651765 ) ) ;
#4653 =( LENGTH_UNIT ( ) NAMED_UNIT ( * ) SI_UNIT ( $, .METRE. ) );
#4654 = VECTOR ( 'NONE', #4461, 39.37007874015748143 ) ;
#4655 = EDGE_LOOP ( 'NONE', ( #6796, #5637, #1400, #5707 ) ) ;
#4656 = CARTESIAN_POINT ( 'NONE',  ( 0.1893337242646341567, 0.3760314408617060900, 0.3456559692871650769 ) ) ;
#4657 = DIRECTION ( 'NONE',  ( -1.000000000000000000, 1.937287448275485398E-17, 8.833616147085623967E-14 ) ) ;
#4658 = CARTESIAN_POINT ( 'NONE',  ( 0.2877589211150278770, 0.2972912833813901590, 0.1684906149564564526 ) ) ;
#4659 = EDGE_CURVE ( 'NONE', #8916, #13156, #11477, .T. ) ;
#4660 = DIMENSIONAL_EXPONENTS ( 1.000000000000000000, 0.0000000000000000000, 0.0000000000000000000, 0.0000000000000000000, 0.0000000000000000000, 0.0000000000000000000, 0.0000000000000000000 ) ;
#4661 = CARTESIAN_POINT ( 'NONE',  ( 0.1208297872567766634, -0.05703942528004486701, 0.2397504574761405161 ) ) ;
#4662 = VECTOR ( 'NONE', #1949, 39.37007874015748143 ) ;
#4663 = LINE ( 'NONE', #9849, #2255 ) ;
#4664 = DIRECTION ( 'NONE',  ( 0.0000000000000000000, 0.0000000000000000000, -1.000000000000000000 ) ) ;
#4665 = VERTEX_POINT ( 'NONE', #8390 ) ;
#4666 = VERTEX_POINT ( 'NONE', #4364 ) ;
#4667 = EDGE_CURVE ( 'NONE', #9122, #1659, #6485, .T. ) ;
#4668 = EDGE_CURVE ( 'NONE', #856, #2863, #1192, .T. ) ;
#4669 = ADVANCED_FACE ( 'NONE', ( #3214 ), #297, .F. ) ;
#4670 = DIRECTION ( 'NONE',  ( 1.000000000000000000, 1.316334802367150653E-16, -1.608386623408235030E-17 ) ) ;
#4671 = CARTESIAN_POINT ( 'NONE',  ( 0.1558691573354938353, 0.3091023070034268905, 0.2515614810981877114 ) ) ;
#4672 = LINE ( 'NONE', #677, #8635 ) ;
#4673 = ORIENTED_EDGE ( 'NONE', *, *, #10339, .T. ) ;
#4674 = CARTESIAN_POINT ( 'NONE',  ( 0.3389400234772336762, 0.3760314408617050908, 0.2669158118068457042 ) ) ;
#4675 = DIRECTION ( 'NONE',  ( -1.937287448275561202E-17, -1.000000000000000000, -8.220413448604590506E-18 ) ) ;
#4676 = CARTESIAN_POINT ( 'NONE',  ( 0.2483888423748524532, 0.1988660865309974379, 0.2688843157438651765 ) ) ;
#4677 = ORIENTED_EDGE ( 'NONE', *, *, #7433, .F. ) ;
#4678 = VECTOR ( 'NONE', #1863, 39.37007874015748143 ) ;
#4679 = PLANE ( 'NONE',  #2924 ) ;
#4680 = ORIENTED_EDGE ( 'NONE', *, *, #5379, .F. ) ;
#4681 = VERTEX_POINT ( 'NONE', #6884 ) ;
#4682 = ADVANCED_FACE ( 'NONE', ( #7843 ), #5711, .F. ) ;
#4683 = ORIENTED_EDGE ( 'NONE', *, *, #1426, .T. ) ;
#4684 = DIMENSIONAL_EXPONENTS ( 1.000000000000000000, 0.0000000000000000000, 0.0000000000000000000, 0.0000000000000000000, 0.0000000000000000000, 0.0000000000000000000, 0.0000000000000000000 ) ;
#4685 = CARTESIAN_POINT ( 'NONE',  ( 0.1145305746583313578, 0.3957164802317839070, 0.4440811661375588248 ) ) ;
#4686 = ORIENTED_EDGE ( 'NONE', *, *, #3094, .T. ) ;
#4687 = DIRECTION ( 'NONE',  ( 0.0000000000000000000, -1.000000000000000000, 0.0000000000000000000 ) ) ;
#4688 = PRESENTATION_LAYER_ASSIGNMENT (  '', '', ( #8174 ) ) ;
#4689 = CARTESIAN_POINT ( 'NONE',  ( 0.3920896297764415728, 0.3760314408617050908, 0.1901441582635394756 ) ) ;
#4690 = PRESENTATION_STYLE_ASSIGNMENT (( #3605 ) ) ;
#4691 = CARTESIAN_POINT ( 'NONE',  ( 0.1263415982803829940, 0.3760314408617050908, 0.3456559692871650769 ) ) ;
#4692 = CARTESIAN_POINT ( 'NONE',  ( 0.1755541967055904706, 0.1791810471609002198, 0.4515614810981848359 ) ) ;
#4693 = EDGE_LOOP ( 'NONE', ( #2217, #6773, #2631, #3195 ) ) ;
#4694 = EDGE_LOOP ( 'NONE', ( #7000, #8779, #4866, #4982 ) ) ;
#4695 = ORIENTED_EDGE ( 'NONE', *, *, #2074, .T. ) ;
#4696 = EDGE_LOOP ( 'NONE', ( #4374, #7470, #3589, #5981, #392, #688, #1829, #5622, #7066, #7437 ) ) ;
#4697 = VECTOR ( 'NONE', #3125, 39.37007874015748143 ) ;
#4698 = EDGE_CURVE ( 'NONE', #8282, #10842, #4571, .T. ) ;
#4699 = VECTOR ( 'NONE', #810, 39.37007874015748143 ) ;
#4700 = ORIENTED_EDGE ( 'NONE', *, *, #8945, .T. ) ;
#4701 = LINE ( 'NONE', #9890, #4810 ) ;
#4702 = DIRECTION ( 'NONE',  ( -0.0000000000000000000, -1.000000000000000000, -0.0000000000000000000 ) ) ;
#4703 = DIRECTION ( 'NONE',  ( 0.1240347345890697173, -0.9922778767136848366, 0.0000000000000000000 ) ) ;
#4704 = LINE ( 'NONE', #568, #408 ) ;
#4705 =( NAMED_UNIT ( * ) PLANE_ANGLE_UNIT ( ) SI_UNIT ( $, .RADIAN. ) );
#4706 = DIRECTION ( 'NONE',  ( -1.937287448275561202E-17, -1.000000000000000000, -8.220413448604590506E-18 ) ) ;
#4707 = PRESENTATION_LAYER_ASSIGNMENT (  '', '', ( #9728 ) ) ;
#4708 = VECTOR ( 'NONE', #10188, 39.37007874015748143 ) ;
#4709 = ORIENTED_EDGE ( 'NONE', *, *, #4698, .F. ) ;
#4710 = PLANE ( 'NONE',  #8067 ) ;
#4711 = ORIENTED_EDGE ( 'NONE', *, *, #13012, .T. ) ;
#4712 = ORIENTED_EDGE ( 'NONE', *, *, #3996, .T. ) ;
#4713 = CARTESIAN_POINT ( 'NONE',  ( 0.2405148266268504198, 0.1555589999168270066, 0.2397504574761404605 ) ) ;
#4714 = EDGE_LOOP ( 'NONE', ( #3594, #10117, #13436, #5918 ) ) ;
#4715 = EDGE_CURVE ( 'NONE', #6429, #13211, #2619, .T. ) ;
#4716 = EDGE_CURVE ( 'NONE', #4434, #7061, #4701, .T. ) ;
#4717 = DIRECTION ( 'NONE',  ( -4.283287147278277996E-17, -1.665334536937734318E-16, -1.000000000000000000 ) ) ;
#4718 = VECTOR ( 'NONE', #7767, 39.37007874015748143 ) ;
#4719 = CARTESIAN_POINT ( 'NONE',  ( 0.2483888423748703556, 0.2815432518853281940, 0.3850260480273225983 ) ) ;
#4720 = ORIENTED_EDGE ( 'NONE', *, *, #5825, .T. ) ;
#4721 = FACE_OUTER_BOUND ( 'NONE', #8421, .T. ) ;
#4722 = DIRECTION ( 'NONE',  ( 0.0000000000000000000, -1.000000000000000000, 0.0000000000000000000 ) ) ;
#4723 =( NAMED_UNIT ( * ) SI_UNIT ( $, .STERADIAN. ) SOLID_ANGLE_UNIT ( ) );
#4724 = CARTESIAN_POINT ( 'NONE',  ( 0.1444518345008675153, 0.05713380306640647444, 0.4515614810981848914 ) ) ;
#4725 = FILL_AREA_STYLE_COLOUR ( '', #584 ) ;
#4726 = AXIS2_PLACEMENT_3D ( 'NONE', #2418, #170, #369 ) ;
#4727 = FACE_OUTER_BOUND ( 'NONE', #5479, .T. ) ;
#4728 = CARTESIAN_POINT ( 'NONE',  ( 0.2326408108788057538, 0.2776062440113114538, 0.5228213236178720358 ) ) ;
#4729 = PLANE ( 'NONE',  #7639 ) ;
#4730 = ORIENTED_EDGE ( 'NONE', *, *, #10068, .T. ) ;
#4731 = ORIENTED_EDGE ( 'NONE', *, *, #9547, .F. ) ;
#4732 = EDGE_CURVE ( 'NONE', #8926, #12513, #6681, .T. ) ;
#4733 = CARTESIAN_POINT ( 'NONE',  ( 0.2483888423748524532, 0.4547715983420210217, 0.3456559692871650769 ) ) ;
#4734 = EDGE_CURVE ( 'NONE', #7096, #10436, #3549, .T. ) ;
#4735 = ORIENTED_EDGE ( 'NONE', *, *, #4246, .F. ) ;
#4736 = VECTOR ( 'NONE', #10349, 39.37007874015748143 ) ;
#4737 = DIRECTION ( 'NONE',  ( 3.518308117683322415E-16, -1.000000000000000000, 4.163336342344337027E-16 ) ) ;
#4738 = DIRECTION ( 'NONE',  ( 0.0000000000000000000, 0.0000000000000000000, 1.000000000000000000 ) ) ;
#4739 = PRESENTATION_STYLE_ASSIGNMENT (( #9993 ) ) ;
#4740 = CARTESIAN_POINT ( 'NONE',  ( 0.1755541967055905261, 0.1437479762947636575, 0.2515614810981877114 ) ) ;
#4741 = CARTESIAN_POINT ( 'NONE',  ( 0.1090187636347222794, 0.08075585031049735407, 0.2397504574761404883 ) ) ;
#4742 = EDGE_CURVE ( 'NONE', #6925, #7080, #11802, .T. ) ;
#4743 = ORIENTED_EDGE ( 'NONE', *, *, #2182, .T. ) ;
#4744 = LINE ( 'NONE', #13061, #11529 ) ;
#4745 = PLANE ( 'NONE',  #2415 ) ;
#4746 = DIMENSIONAL_EXPONENTS ( 1.000000000000000000, 0.0000000000000000000, 0.0000000000000000000, 0.0000000000000000000, 0.0000000000000000000, 0.0000000000000000000, 0.0000000000000000000 ) ;
#4747 = DIRECTION ( 'NONE',  ( 3.376070039848299626E-16, -1.000000000000000000, 4.302114220422482087E-16 ) ) ;
#4748 = EDGE_LOOP ( 'NONE', ( #1414, #8901, #2993, #2827 ) ) ;
#4749 = CARTESIAN_POINT ( 'NONE',  ( 0.3625620707213385585, 0.1555589999168269788, 0.2810890401533022165 ) ) ;
#4750 = EDGE_CURVE ( 'NONE', #517, #7238, #2556, .T. ) ;
#4751 = ORIENTED_EDGE ( 'NONE', *, *, #3352, .F. ) ;
#4752 = ORIENTED_EDGE ( 'NONE', *, *, #9305, .T. ) ;
#4753 = EDGE_LOOP ( 'NONE', ( #7268, #824 ) ) ;
#4754 = CARTESIAN_POINT ( 'NONE',  ( 0.2621683699339343310, 0.1555589999168269788, 0.3456559692871528644 ) ) ;
#4755 = VECTOR ( 'NONE', #7818, 39.37007874015748143 ) ;
#4756 = DIRECTION ( 'NONE',  ( -1.000000000000000000, 1.937287448275558121E-17, 0.0000000000000000000 ) ) ;
#4757 = VECTOR ( 'NONE', #2307, 39.37007874015748143 ) ;
#4758 = CARTESIAN_POINT ( 'NONE',  ( 0.2483888423748524532, 0.7897218048774069521, 0.2236087251926805186 ) ) ;
#4759 = FILL_AREA_STYLE_COLOUR ( '', #13323 ) ;
#4760 = DIRECTION ( 'NONE',  ( -1.316334802367150653E-16, 1.000000000000000000, -1.526556658859589750E-16 ) ) ;
#4761 = EDGE_CURVE ( 'NONE', #9198, #1054, #5848, .T. ) ;
#4762 = EDGE_CURVE ( 'NONE', #9785, #3082, #712, .T. ) ;
#4763 = VERTEX_POINT ( 'NONE', #8993 ) ;
#4764 = VECTOR ( 'NONE', #2341, 39.37007874015748143 ) ;
#4765 = ORIENTED_EDGE ( 'NONE', *, *, #3653, .F. ) ;
#4766 = DIRECTION ( 'NONE',  ( -1.000000000000000000, 0.0000000000000000000, 0.0000000000000000000 ) ) ;
#4767 = ORIENTED_EDGE ( 'NONE', *, *, #13110, .T. ) ;
#4768 = ORIENTED_EDGE ( 'NONE', *, *, #2097, .T. ) ;
#4769 = ORIENTED_EDGE ( 'NONE', *, *, #3653, .T. ) ;
#4770 = CARTESIAN_POINT ( 'NONE',  ( 0.4098061652095124630, 0.3957164802317839070, 0.1842386464525194167 ) ) ;
#4771 = FACE_OUTER_BOUND ( 'NONE', #8795, .T. ) ;
#4772 = VECTOR ( 'NONE', #8300, 39.37007874015748143 ) ;
#4773 = LINE ( 'NONE', #3684, #12959 ) ;
#4774 = FACE_OUTER_BOUND ( 'NONE', #3755, .T. ) ;
#4775 = LINE ( 'NONE', #13097, #13099 ) ;
#4776 = EDGE_CURVE ( 'NONE', #4878, #7820, #13022, .T. ) ;
#4777 = ORIENTED_EDGE ( 'NONE', *, *, #778, .T. ) ;
#4778 = SURFACE_STYLE_USAGE ( .BOTH. , #2761 ) ;
#4779 = PLANE ( 'NONE',  #426 ) ;
#4780 = ORIENTED_EDGE ( 'NONE', *, *, #11488, .T. ) ;
#4781 = DIRECTION ( 'NONE',  ( 1.000000000000000000, -1.937287448275558121E-17, 0.0000000000000000000 ) ) ;
#4782 = ORIENTED_EDGE ( 'NONE', *, *, #11790, .T. ) ;
#4783 = AXIS2_PLACEMENT_3D ( 'NONE', #5128, #10597, #11564 ) ;
#4784 = FACE_OUTER_BOUND ( 'NONE', #2263, .T. ) ;
#4785 = ORIENTED_EDGE ( 'NONE', *, *, #738, .T. ) ;
#4786 = VECTOR ( 'NONE', #4456, 39.37007874015748143 ) ;
#4787 = CYLINDRICAL_SURFACE ( 'NONE', #9141, 0.05610236220472444857 ) ;
#4788 = ORIENTED_EDGE ( 'NONE', *, *, #2626, .F. ) ;
#4789 = CARTESIAN_POINT ( 'NONE',  ( 0.2326408108788038387, 0.4547715983420210217, 0.3456559692871650769 ) ) ;
#4790 = CARTESIAN_POINT ( 'NONE',  ( 0.3468140392252719861, 0.1555589999168271453, 0.4515614810981849470 ) ) ;
#4791 = LINE ( 'NONE', #7933, #4678 ) ;
#4792 = COLOUR_RGB ( '',1.000000000000000000, 0.0000000000000000000, 0.0000000000000000000 ) ;
#4793 = VECTOR ( 'NONE', #7856, 39.37007874015748143 ) ;
#4794 = EDGE_CURVE ( 'NONE', #9904, #3548, #2685, .T. ) ;
#4795 = CARTESIAN_POINT ( 'NONE',  ( 0.03972742505202855878, 0.2185511259010752549, 0.3456559692871650769 ) ) ;
#4796 = DIRECTION ( 'NONE',  ( 1.316334802367150653E-16, -1.000000000000000000, 1.526556658859589750E-16 ) ) ;
#4797 = EDGE_LOOP ( 'NONE', ( #11633, #427, #5561, #3347 ) ) ;
#4798 = DIRECTION ( 'NONE',  ( 1.000000000000000000, 3.518308117683323401E-16, 2.626713979715459264E-16 ) ) ;
#4799 = ORIENTED_EDGE ( 'NONE', *, *, #10679, .F. ) ;
#4800 = VECTOR ( 'NONE', #3826, 39.37007874015748143 ) ;
#4801 = PRESENTATION_LAYER_ASSIGNMENT (  '', '', ( #11994 ) ) ;
#4802 = AXIS2_PLACEMENT_3D ( 'NONE', #7466, #6231, #11646 ) ;
#4803 = VERTEX_POINT ( 'NONE', #7779 ) ;
#4804 = LINE ( 'NONE', #7880, #3300 ) ;
#4805 = CARTESIAN_POINT ( 'NONE',  ( 0.2326408108788125817, -0.1446865674942329760, 0.4397504574761376683 ) ) ;
#4806 = DIRECTION ( 'NONE',  ( 4.055465256288980451E-16, -0.7071067811865474617, -0.7071067811865474617 ) ) ;
#4807 = EDGE_CURVE ( 'NONE', #6111, #7250, #2491, .T. ) ;
#4808 = VECTOR ( 'NONE', #9499, 39.37007874015748143 ) ;
#4809 = EDGE_CURVE ( 'NONE', #10420, #9586, #10977, .T. ) ;
#4810 = VECTOR ( 'NONE', #11043, 39.37007874015748143 ) ;
#4811 = AXIS2_PLACEMENT_3D ( 'NONE', #12193, #13072, #7828 ) ;
#4812 = VECTOR ( 'NONE', #3626, 39.37007874015748143 ) ;
#4813 = ORIENTED_EDGE ( 'NONE', *, *, #13429, .F. ) ;
#4814 = DIRECTION ( 'NONE',  ( 0.0000000000000000000, 8.220413448604736877E-18, -1.000000000000000000 ) ) ;
#4815 = PRESENTATION_STYLE_ASSIGNMENT (( #680 ) ) ;
#4816 = CARTESIAN_POINT ( 'NONE',  ( 0.1267352990678038693, -0.07278745677611146714, 0.2515614810981877669 ) ) ;
#4817 = EDGE_LOOP ( 'NONE', ( #8725, #3862, #8930, #10250 ) ) ;
#4818 = CARTESIAN_POINT ( 'NONE',  ( 0.3444518345008468208, 0.05713380306641552275, 0.4515614810981849470 ) ) ;
#4819 = ORIENTED_EDGE ( 'NONE', *, *, #11162, .F. ) ;
#4820 = EDGE_LOOP ( 'NONE', ( #5741, #2098, #7032, #6719 ) ) ;
#4821 = VECTOR ( 'NONE', #6621, 39.37007874015748143 ) ;
#4822 = ORIENTED_EDGE ( 'NONE', *, *, #6043, .F. ) ;
#4823 = AXIS2_PLACEMENT_3D ( 'NONE', #7118, #3990, #5132 ) ;
#4824 =( CONVERSION_BASED_UNIT ( 'INCH', #5831 ) LENGTH_UNIT ( ) NAMED_UNIT ( #438 ) );
#4825 = DIRECTION ( 'NONE',  ( -0.8320502943378442762, 0.0000000000000000000, -0.5547001962252283702 ) ) ;
#4826 = CARTESIAN_POINT ( 'NONE',  ( 0.2090187636347251854, 0.08862986605855745215, 0.3456559692871707390 ) ) ;
#4827 = FACE_OUTER_BOUND ( 'NONE', #12103, .T. ) ;
#4828 =( CONVERSION_BASED_UNIT ( 'INCH', #10014 ) LENGTH_UNIT ( ) NAMED_UNIT ( #9103 ) );
#4829 = EDGE_CURVE ( 'NONE', #6508, #2337, #841, .T. ) ;
#4830 = LINE ( 'NONE', #10904, #5794 ) ;
#4831 = DIRECTION ( 'NONE',  ( 3.376070039848299626E-16, -1.000000000000000000, 4.302114220422482087E-16 ) ) ;
#4832 = COLOUR_RGB ( '',0.7607843137254901578, 0.7607843137254901578, 0.0000000000000000000 ) ;
#4833 = AXIS2_PLACEMENT_3D ( 'NONE', #4351, #422, #2260 ) ;
#4834 = ORIENTED_EDGE ( 'NONE', *, *, #1696, .T. ) ;
#4835 = LINE ( 'NONE', #909, #7266 ) ;
#4836 = VERTEX_POINT ( 'NONE', #10153 ) ;
#4837 = ORIENTED_EDGE ( 'NONE', *, *, #939, .T. ) ;
#4838 = ORIENTED_EDGE ( 'NONE', *, *, #7814, .T. ) ;
#4839 = EDGE_CURVE ( 'NONE', #1388, #5962, #1780, .T. ) ;
#4840 = EDGE_CURVE ( 'NONE', #7353, #12142, #5038, .T. ) ;
#4841 = CARTESIAN_POINT ( 'NONE',  ( 0.1893337242646341567, 0.3583149054286423607, 0.4972307724367678317 ) ) ;
#4842 = DIRECTION ( 'NONE',  ( 1.937287448275561202E-17, 1.000000000000000000, 8.220413448604590506E-18 ) ) ;
#4843 = PLANE ( 'NONE',  #10287 ) ;
#4844 = DIRECTION ( 'NONE',  ( 1.000000000000000000, 1.316334802367150653E-16, -1.608386623408235030E-17 ) ) ;
#4845 = DIRECTION ( 'NONE',  ( 0.0000000000000000000, -1.000000000000000000, 0.0000000000000000000 ) ) ;
#4846 = CARTESIAN_POINT ( 'NONE',  ( 0.2326408108788125817, -0.1446865674942330593, 0.2397504574761405161 ) ) ;
#4847 = ADVANCED_FACE ( 'NONE', ( #10360 ), #2945, .F. ) ;
#4848 = ORIENTED_EDGE ( 'NONE', *, *, #11000, .T. ) ;
#4849 = DIRECTION ( 'NONE',  ( 0.0000000000000000000, 1.000000000000000000, 0.0000000000000000000 ) ) ;
#4850 = CARTESIAN_POINT ( 'NONE',  ( 0.07122348804415810919, 0.05713380306642412698, 0.5228213236178702594 ) ) ;
#4851 = VERTEX_POINT ( 'NONE', #152 ) ;
#4852 = UNCERTAINTY_MEASURE_WITH_UNIT (LENGTH_MEASURE( 1.000000000000000082E-05 ), #1030, 'distance_accuracy_value', 'NONE');
#4853 = CARTESIAN_POINT ( 'NONE',  ( 0.2090187636347128619, 0.3760314408617060900, 0.2905378590509231085 ) ) ;
#4854 = VERTEX_POINT ( 'NONE', #12733 ) ;
#4855 = DIRECTION ( 'NONE',  ( 0.0000000000000000000, 1.000000000000000000, 0.0000000000000000000 ) ) ;
#4856 = CARTESIAN_POINT ( 'NONE',  ( 0.2326408108788125817, -0.1446865674942329760, 0.4515614810981849470 ) ) ;
#4857 = EDGE_CURVE ( 'NONE', #11182, #1563, #2397, .T. ) ;
#4858 = ORIENTED_EDGE ( 'NONE', *, *, #4643, .T. ) ;
#4859 = DIRECTION ( 'NONE',  ( 1.000000000000000000, 0.0000000000000000000, 0.0000000000000000000 ) ) ;
#4860 = PLANE ( 'NONE',  #5756 ) ;
#4861 = VECTOR ( 'NONE', #2643, 39.37007874015748143 ) ;
#4862 = CARTESIAN_POINT ( 'NONE',  ( 0.2916959289890400653, 0.1279999447987147931, 0.1901441582635394756 ) ) ;
#4863 = ORIENTED_EDGE ( 'NONE', *, *, #7549, .T. ) ;
#4864 = DIRECTION ( 'NONE',  ( -1.000000000000000000, 1.937287448275558121E-17, 0.0000000000000000000 ) ) ;
#4865 = CARTESIAN_POINT ( 'NONE',  ( 0.09484553528826229762, 0.1555589999168269233, 0.4180969141690438762 ) ) ;
#4866 = ORIENTED_EDGE ( 'NONE', *, *, #11476, .T. ) ;
#4867 = ORIENTED_EDGE ( 'NONE', *, *, #6102, .F. ) ;
#4868 = AXIS2_PLACEMENT_3D ( 'NONE', #4273, #1096, #3131 ) ;
#4869 = DIRECTION ( 'NONE',  ( -3.007447121050438636E-18, -2.498001805406601723E-16, -1.000000000000000000 ) ) ;
#4870 = DIRECTION ( 'NONE',  ( 0.0000000000000000000, -8.220413448604736877E-18, 1.000000000000000000 ) ) ;
#4871 = ADVANCED_FACE ( 'NONE', ( #3265 ), #8578, .F. ) ;
#4872 = CARTESIAN_POINT ( 'NONE',  ( 0.3208297872567558162, -0.05703942528003578399, 0.4397504574761376683 ) ) ;
#4873 = CARTESIAN_POINT ( 'NONE',  ( 0.2405148266268503643, 0.2756377400743055817, 0.3657347094446282143 ) ) ;
#4874 = CARTESIAN_POINT ( 'NONE',  ( 0.3330345116662203342, 0.1555589999168270621, 0.4062465204682492170 ) ) ;
#4875 = PLANE ( 'NONE',  #10054 ) ;
#4876 = VECTOR ( 'NONE', #9916, 39.37007874015748143 ) ;
#4877 = DIRECTION ( 'NONE',  ( 0.0000000000000000000, 8.220413448604736877E-18, -1.000000000000000000 ) ) ;
#4878 = VERTEX_POINT ( 'NONE', #1387 ) ;
#4879 = FACE_OUTER_BOUND ( 'NONE', #5845, .T. ) ;
#4880 = DIRECTION ( 'NONE',  ( -1.000000000000000000, -1.316334802367150653E-16, 1.608386623408235030E-17 ) ) ;
#4881 = ORIENTED_EDGE ( 'NONE', *, *, #12921, .F. ) ;
#4882 = DIRECTION ( 'NONE',  ( -1.000000000000000000, 1.937287448275561202E-17, 2.565854121688507820E-49 ) ) ;
#4883 = ORIENTED_EDGE ( 'NONE', *, *, #2775, .T. ) ;
#4884 = VERTEX_POINT ( 'NONE', #8437 ) ;
#4885 =( REPRESENTATION_RELATIONSHIP ('NONE','NONE', #11341, #11179 ) REPRESENTATION_RELATIONSHIP_WITH_TRANSFORMATION ( #12376 )SHAPE_REPRESENTATION_RELATIONSHIP( ) );
#4886 = EDGE_CURVE ( 'NONE', #13137, #1526, #1101, .T. ) ;
#4887 = EDGE_CURVE ( 'NONE', #5863, #7708, #5501, .T. ) ;
#4888 = EDGE_LOOP ( 'NONE', ( #105, #8829, #10924, #7986 ) ) ;
#4889 =( NAMED_UNIT ( * ) PLANE_ANGLE_UNIT ( ) SI_UNIT ( $, .RADIAN. ) );
#4890 = CARTESIAN_POINT ( 'NONE',  ( 0.1027195510362847869, 0.1555589999168269788, 0.2180969141690466684 ) ) ;
#4891 = DIRECTION ( 'NONE',  ( 0.0000000000000000000, 0.0000000000000000000, -1.000000000000000000 ) ) ;
#4892 = CARTESIAN_POINT ( 'NONE',  ( 0.2483888423748524532, 0.3583149054286423607, 0.4677032133816496628 ) ) ;
#4893 = LINE ( 'NONE', #9946, #8201 ) ;
#4894 = ORIENTED_EDGE ( 'NONE', *, *, #13176, .F. ) ;
#4895 = CARTESIAN_POINT ( 'NONE',  ( 0.1558691573354938353, 0.3091023070034268905, 0.2397504574761404605 ) ) ;
#4896 = ORIENTED_EDGE ( 'NONE', *, *, #5477, .F. ) ;
#4897 = EDGE_CURVE ( 'NONE', #1552, #2004, #4148, .T. ) ;
#4898 = ORIENTED_EDGE ( 'NONE', *, *, #4248, .F. ) ;
#4899 = DIRECTION ( 'NONE',  ( 0.0000000000000000000, 0.0000000000000000000, 1.000000000000000000 ) ) ;
#4900 = PRESENTATION_LAYER_ASSIGNMENT (  '', '', ( #5116 ) ) ;
#4901 = CARTESIAN_POINT ( 'NONE',  ( 0.2483888423748524532, 0.2165826219640790973, 0.4007740795234070452 ) ) ;
#4902 = SURFACE_STYLE_FILL_AREA ( #7914 ) ;
#4903 = SURFACE_STYLE_USAGE ( .BOTH. , #780 ) ;
#4904 = DIRECTION ( 'NONE',  ( 1.316334802367150653E-16, -1.000000000000000000, 1.526556658859589750E-16 ) ) ;
#4905 =( NAMED_UNIT ( * ) PLANE_ANGLE_UNIT ( ) SI_UNIT ( $, .RADIAN. ) );
#4906 = CARTESIAN_POINT ( 'NONE',  ( 0.2326408108788038387, 0.5295747479483139397, 0.4243961267674756233 ) ) ;
#4907 = ORIENTED_EDGE ( 'NONE', *, *, #10931, .T. ) ;
#4908 = DIRECTION ( 'NONE',  ( 1.000000000000000000, 0.0000000000000000000, 0.0000000000000000000 ) ) ;
#4909 = EDGE_CURVE ( 'NONE', #3994, #3471, #10498, .T. ) ;
#4910 = CARTESIAN_POINT ( 'NONE',  ( 0.2483888423748524532, 0.7897218048774069521, 0.2669158118068501451 ) ) ;
#4911 = VECTOR ( 'NONE', #9129, 39.37007874015748143 ) ;
#4912 = ORIENTED_EDGE ( 'NONE', *, *, #6166, .F. ) ;
#4913 = CARTESIAN_POINT ( 'NONE',  ( 0.3385463226898374756, -0.07278745677610237719, 0.4397504574761376683 ) ) ;
#4914 = EDGE_CURVE ( 'NONE', #291, #10961, #11667, .T. ) ;
#4915 = ORIENTED_EDGE ( 'NONE', *, *, #7263, .T. ) ;
#4916 = EDGE_CURVE ( 'NONE', #2396, #12483, #4419, .T. ) ;
#4917 = ORIENTED_EDGE ( 'NONE', *, *, #238, .F. ) ;
#4918 = CARTESIAN_POINT ( 'NONE',  ( 0.07122348804415810919, 0.3957164802317839070, 0.5070732921218072953 ) ) ;
#4919 = FACE_OUTER_BOUND ( 'NONE', #9966, .T. ) ;
#4920 = VECTOR ( 'NONE', #13320, 39.37007874015748143 ) ;
#4921 = AXIS2_PLACEMENT_3D ( 'NONE', #12247, #1815, #1683 ) ;
#4922 = DIRECTION ( 'NONE',  ( 1.000000000000000000, 1.174096724532128111E-16, -4.283287147278279845E-17 ) ) ;
#4923 = LINE ( 'NONE', #2905, #2441 ) ;
#4924 = EDGE_CURVE ( 'NONE', #10436, #5406, #5427, .T. ) ;
#4925 = EDGE_LOOP ( 'NONE', ( #9165, #1709, #8381, #4076, #4837 ) ) ;
#4926 = FACE_OUTER_BOUND ( 'NONE', #6871, .T. ) ;
#4927 = EDGE_CURVE ( 'NONE', #9110, #6443, #4215, .T. ) ;
#4928 = CARTESIAN_POINT ( 'NONE',  ( 0.2326408108788038387, 0.5531967951924315896, 0.4243961267674778992 ) ) ;
#4929 = ORIENTED_EDGE ( 'NONE', *, *, #9264, .T. ) ;
#4930 = AXIS2_PLACEMENT_3D ( 'NONE', #3619, #12757, #12821 ) ;
#4931 = CARTESIAN_POINT ( 'NONE',  ( 0.3444518345008468208, 0.05713380306641552275, 0.4397504574761376683 ) ) ;
#4932 = EDGE_CURVE ( 'NONE', #580, #9834, #9406, .T. ) ;
#4933 = VERTEX_POINT ( 'NONE', #3197 ) ;
#4934 = CARTESIAN_POINT ( 'NONE',  ( 0.1893337242646341567, 0.2165826219640790973, 0.1940811661375623776 ) ) ;
#4935 = DIRECTION ( 'NONE',  ( 1.000000000000000000, 0.0000000000000000000, 0.0000000000000000000 ) ) ;
#4936 = FACE_OUTER_BOUND ( 'NONE', #2661, .T. ) ;
#4937 = VECTOR ( 'NONE', #2545, 39.37007874015748143 ) ;
#4938 =( CONVERSION_BASED_UNIT ( 'INCH', #1019 ) LENGTH_UNIT ( ) NAMED_UNIT ( #7192 ) );
#4939 = ORIENTED_EDGE ( 'NONE', *, *, #10397, .F. ) ;
#4940 = LINE ( 'NONE', #4674, #1078 ) ;
#4941 = DIRECTION ( 'NONE',  ( 0.0000000000000000000, 0.0000000000000000000, -1.000000000000000000 ) ) ;
#4942 = ADVANCED_FACE ( 'NONE', ( #3135 ), #5292, .T. ) ;
#4943 = FACE_OUTER_BOUND ( 'NONE', #10193, .T. ) ;
#4944 = ORIENTED_EDGE ( 'NONE', *, *, #1229, .F. ) ;
#4945 = UNCERTAINTY_MEASURE_WITH_UNIT (LENGTH_MEASURE( 1.000000000000000082E-05 ), #7651, 'distance_accuracy_value', 'NONE');
#4946 = CARTESIAN_POINT ( 'NONE',  ( 0.2916959289890524443, 0.1555589999168269788, 0.3456559692871528644 ) ) ;
#4947 = ORIENTED_EDGE ( 'NONE', *, *, #9683, .F. ) ;
#4948 = ORIENTED_EDGE ( 'NONE', *, *, #172, .F. ) ;
#4949 = VECTOR ( 'NONE', #1125, 39.37007874015748143 ) ;
#4950 = ORIENTED_EDGE ( 'NONE', *, *, #5349, .F. ) ;
#4951 = SURFACE_SIDE_STYLE ('',( #5972 ) ) ;
#4952 = CARTESIAN_POINT ( 'NONE',  ( 0.3940581337134494433, 0.3957164802317839070, 0.1842386464525194167 ) ) ;
#4953 = DIRECTION ( 'NONE',  ( -1.937287448275561202E-17, -1.000000000000000000, -8.220413448604590506E-18 ) ) ;
#4954 = FACE_OUTER_BOUND ( 'NONE', #6049, .T. ) ;
#4955 = VECTOR ( 'NONE', #5155, 39.37007874015748143 ) ;
#4956 = EDGE_CURVE ( 'NONE', #941, #9038, #11806, .T. ) ;
#4957 = ORIENTED_EDGE ( 'NONE', *, *, #8521, .T. ) ;
#4958 = LINE ( 'NONE', #1839, #530 ) ;
#4959 = VERTEX_POINT ( 'NONE', #4934 ) ;
#4960 = ORIENTED_EDGE ( 'NONE', *, *, #6530, .F. ) ;
#4961 = VERTEX_POINT ( 'NONE', #9740 ) ;
#4962 = PRESENTATION_LAYER_ASSIGNMENT (  '', '', ( #8663 ) ) ;
#4963 = CARTESIAN_POINT ( 'NONE',  ( 0.1208297872567766079, 0.05713380306641546030, 0.4397504574761375573 ) ) ;
#4964 = CARTESIAN_POINT ( 'NONE',  ( 0.07712899985517100709, 0.7897218048774069521, 0.3751835283422832457 ) ) ;
#4965 = PLANE ( 'NONE',  #10503 ) ;
#4966 = LINE ( 'NONE', #7628, #1866 ) ;
#4967 = FILL_AREA_STYLE ('',( #6054 ) ) ;
#4968 =( NAMED_UNIT ( * ) SI_UNIT ( $, .STERADIAN. ) SOLID_ANGLE_UNIT ( ) );
#4969 = DIRECTION ( 'NONE',  ( 4.283287147278277996E-17, 1.665334536937734318E-16, 1.000000000000000000 ) ) ;
#4970 = VECTOR ( 'NONE', #12357, 39.37007874015748143 ) ;
#4971 = CARTESIAN_POINT ( 'NONE',  ( 0.2483888423748524532, 0.3760314408617060900, 0.4224276228305008374 ) ) ;
#4972 = EDGE_CURVE ( 'NONE', #9214, #10023, #5567, .T. ) ;
#4973 = EDGE_LOOP ( 'NONE', ( #7703, #12009, #9185, #8834 ) ) ;
#4974 = DIRECTION ( 'NONE',  ( 1.174096724532128111E-16, -1.000000000000000000, 1.665334536937734318E-16 ) ) ;
#4975 = EDGE_CURVE ( 'NONE', #2863, #1563, #9091, .T. ) ;
#4976 = DIRECTION ( 'NONE',  ( 2.865203769218833733E-48, -8.220413448604590506E-18, 1.000000000000000000 ) ) ;
#4977 = VECTOR ( 'NONE', #12347, 39.37007874015748143 ) ;
#4978 = EDGE_LOOP ( 'NONE', ( #10006, #1653 ) ) ;
#4979 = UNCERTAINTY_MEASURE_WITH_UNIT (LENGTH_MEASURE( 1.000000000000000082E-05 ), #3851, 'distance_accuracy_value', 'NONE');
#4980 = LINE ( 'NONE', #9900, #4793 ) ;
#4981 = ORIENTED_EDGE ( 'NONE', *, *, #10865, .F. ) ;
#4982 = ORIENTED_EDGE ( 'NONE', *, *, #127, .T. ) ;
#4983 =( NAMED_UNIT ( * ) SI_UNIT ( $, .STERADIAN. ) SOLID_ANGLE_UNIT ( ) );
#4984 =( NAMED_UNIT ( * ) PLANE_ANGLE_UNIT ( ) SI_UNIT ( $, .RADIAN. ) );
#4985 = PRESENTATION_LAYER_ASSIGNMENT (  '', '', ( #10870 ) ) ;
#4986 = ORIENTED_EDGE ( 'NONE', *, *, #9007, .F. ) ;
#4987 = LINE ( 'NONE', #9422, #9082 ) ;
#4988 = SURFACE_SIDE_STYLE ('',( #5800 ) ) ;
#4989 = CARTESIAN_POINT ( 'NONE',  ( 0.1164990785953284869, 0.2165826219640790973, 0.2669158118068501451 ) ) ;
#4990 = EDGE_CURVE ( 'NONE', #8793, #12628, #13262, .T. ) ;
#4991 = CIRCLE ( 'NONE', #1325, 0.05610236220472444857 ) ;
#4992 = ORIENTED_EDGE ( 'NONE', *, *, #5736, .F. ) ;
#4993 = CARTESIAN_POINT ( 'NONE',  ( 0.1444518345008675153, 0.05713380306640647444, 0.4515614810981848914 ) ) ;
#4994 =( NAMED_UNIT ( * ) PLANE_ANGLE_UNIT ( ) SI_UNIT ( $, .RADIAN. ) );
#4995 = DIRECTION ( 'NONE',  ( 0.0000000000000000000, 0.0000000000000000000, 1.000000000000000000 ) ) ;
#4996 = ORIENTED_EDGE ( 'NONE', *, *, #2938, .F. ) ;
#4997 = DIRECTION ( 'NONE',  ( 1.937287448275561202E-17, 1.000000000000000000, 8.220413448604590506E-18 ) ) ;
#4998 = ORIENTED_EDGE ( 'NONE', *, *, #5876, .T. ) ;
#4999 = CARTESIAN_POINT ( 'NONE',  ( 0.2129557715087250780, 0.1083149054286360186, 0.2019551818855939151 ) ) ;
#5000 = EDGE_CURVE ( 'NONE', #6777, #2678, #11152, .T. ) ;
#5001 = EDGE_CURVE ( 'NONE', #5405, #6645, #8003, .T. ) ;
#5002 = DIRECTION ( 'NONE',  ( -0.7071067811865436870, -0.7071067811865513475, 0.0000000000000000000 ) ) ;
#5003 = SHAPE_DEFINITION_REPRESENTATION ( #12985, #11179 ) ;
#5004 = CARTESIAN_POINT ( 'NONE',  ( 0.3743730943433671299, 0.05713380306642412698, 0.1684906149564564526 ) ) ;
#5005 = DIRECTION ( 'NONE',  ( 1.000000000000000000, 3.518308117683323401E-16, 2.626713979715459264E-16 ) ) ;
#5006 = PLANE ( 'NONE',  #6357 ) ;
#5007 = EDGE_CURVE ( 'NONE', #2645, #4272, #1448, .T. ) ;
#5008 = DIRECTION ( 'NONE',  ( -1.000000000000000000, -1.174096724532128111E-16, 4.283287147278279229E-17 ) ) ;
#5009 = ORIENTED_EDGE ( 'NONE', *, *, #2589, .F. ) ;
#5010 = CARTESIAN_POINT ( 'NONE',  ( 0.3208297872567558162, 0.05713380306642446699, 0.4397504574761376683 ) ) ;
#5011 = AXIS2_PLACEMENT_3D ( 'NONE', #734, #8744, #10993 ) ;
#5012 = MECHANICAL_DESIGN_GEOMETRIC_PRESENTATION_REPRESENTATION (  '', ( #1347 ), #8928 ) ;
#5013 = ORIENTED_EDGE ( 'NONE', *, *, #6609, .F. ) ;
#5014 = ORIENTED_EDGE ( 'NONE', *, *, #2935, .T. ) ;
#5015 = CARTESIAN_POINT ( 'NONE',  ( 0.3940581337134494433, 0.3957164802317839070, 0.5228213236178702594 ) ) ;
#5016 = EDGE_LOOP ( 'NONE', ( #4442, #10617, #11953, #3460, #5218, #7772, #11761, #11338, #1905, #7538, #4429, #3087, #1144, #5548, #12510, #12258, #9285, #4731, #10896, #6358, #11459, #2817, #9487, #1430, #8883, #4531, #1085, #9300, #8913, #6209, #4176, #5727, #7431, #605, #11315, #10946, #11784, #5546, #5198, #2664, #418, #2355, #5009, #2394, #5444, #11283, #7368, #650 ) ) ;
#5017 = ORIENTED_EDGE ( 'NONE', *, *, #12934, .F. ) ;
#5018 = CARTESIAN_POINT ( 'NONE',  ( 0.3290975037921824442, 0.3760314408617060900, 0.2688843157438651765 ) ) ;
#5019 = ORIENTED_EDGE ( 'NONE', *, *, #9133, .F. ) ;
#5020 = LINE ( 'NONE', #12515, #5648 ) ;
#5021 = EDGE_CURVE ( 'NONE', #12628, #6068, #11076, .T. ) ;
#5022 = FACE_OUTER_BOUND ( 'NONE', #11133, .T. ) ;
#5023 = AXIS2_PLACEMENT_3D ( 'NONE', #8491, #8429, #9455 ) ;
#5024 = DIRECTION ( 'NONE',  ( -0.7071067811865473507, -0.7071067811865475727, 2.495801191760492629E-16 ) ) ;
#5026 = LINE ( 'NONE', #13352, #4304 ) ;
#5025 = VECTOR ( 'NONE', #7973, 39.37007874015748143 ) ;
#5027 = PLANE ( 'NONE',  #11241 ) ;
#5028 = CARTESIAN_POINT ( 'NONE',  ( 0.1263415982803829940, 0.3760314408617050908, 0.3456559692871650769 ) ) ;
#5029 = ORIENTED_EDGE ( 'NONE', *, *, #11095, .F. ) ;
#5030 = VECTOR ( 'NONE', #4040, 39.37007874015748143 ) ;
#5031 = CARTESIAN_POINT ( 'NONE',  ( 0.1361841179654072198, 0.3760314408617060900, 0.4224276228305008374 ) ) ;
#5032 = AXIS2_PLACEMENT_3D ( 'NONE', #346, #4482, #8639 ) ;
#5033 = EDGE_LOOP ( 'NONE', ( #10357, #3537, #5498, #12932, #8558, #6514, #1751, #10496 ) ) ;
#5034 = COLOUR_RGB ( '',0.7529411764705882248, 0.7529411764705882248, 0.7529411764705882248 ) ;
#5035 = EDGE_LOOP ( 'NONE', ( #999, #1599, #5754, #13111 ) ) ;
#5036 = VERTEX_POINT ( 'NONE', #5954 ) ;
#5037 = DIRECTION ( 'NONE',  ( -1.174096724532128111E-16, 1.000000000000000000, -1.665334536937734318E-16 ) ) ;
#5038 = LINE ( 'NONE', #5986, #6981 ) ;
#5039 = ADVANCED_FACE ( 'NONE', ( #9678 ), #8708, .T. ) ;
#5040 = DIRECTION ( 'NONE',  ( -0.0000000000000000000, -1.000000000000000000, -0.0000000000000000000 ) ) ;
#5041 = LINE ( 'NONE', #5159, #8398 ) ;
#5042 = AXIS2_PLACEMENT_3D ( 'NONE', #9423, #7375, #6076 ) ;
#5043 = FACE_OUTER_BOUND ( 'NONE', #12000, .T. ) ;
#5044 = LINE ( 'NONE', #95, #8318 ) ;
#5045 = CARTESIAN_POINT ( 'NONE',  ( 0.1558691573354859805, 0.3583149054286423607, 0.4243961267674800641 ) ) ;
#5046 = ORIENTED_EDGE ( 'NONE', *, *, #9670, .T. ) ;
#5047 = DIRECTION ( 'NONE',  ( 0.0000000000000000000, 0.0000000000000000000, 1.000000000000000000 ) ) ;
#5048 = EDGE_LOOP ( 'NONE', ( #12696, #9620, #6511, #2055 ) ) ;
#5049 = CARTESIAN_POINT ( 'NONE',  ( 0.08106600772921163101, 0.1555589999168269788, 0.5011677803107856821 ) ) ;
#5050 = ORIENTED_EDGE ( 'NONE', *, *, #4023, .T. ) ;
#5051 = ORIENTED_EDGE ( 'NONE', *, *, #2097, .F. ) ;
#5052 = PRESENTATION_LAYER_ASSIGNMENT (  '', '', ( #9638 ) ) ;
#5053 = ORIENTED_EDGE ( 'NONE', *, *, #7927, .F. ) ;
#5054 = AXIS2_PLACEMENT_3D ( 'NONE', #9174, #2095, #6024 ) ;
#5055 = EDGE_CURVE ( 'NONE', #10471, #11277, #4804, .T. ) ;
#5056 = VERTEX_POINT ( 'NONE', #5885 ) ;
#5057 = ADVANCED_FACE ( 'NONE', ( #8069 ), #2914, .T. ) ;
#5058 = CARTESIAN_POINT ( 'NONE',  ( 0.2916959289890524443, 0.1437479762947815320, 0.3456559692871528644 ) ) ;
#5059 = CARTESIAN_POINT ( 'NONE',  ( 0.3267352990678009106, -0.07278745677610237719, 0.4397504574761376683 ) ) ;
#5060 = LINE ( 'NONE', #8461, #2570 ) ;
#5061 = AXIS2_PLACEMENT_3D ( 'NONE', #7347, #6388, #1095 ) ;
#5062 = ORIENTED_EDGE ( 'NONE', *, *, #12980, .F. ) ;
#5063 = SURFACE_STYLE_FILL_AREA ( #13382 ) ;
#5064 = PRESENTATION_STYLE_ASSIGNMENT (( #7173 ) ) ;
#5065 = CARTESIAN_POINT ( 'NONE',  ( 0.2483888423748475960, 0.7897218048774069521, 0.4007740795233794562 ) ) ;
#5066 = DIRECTION ( 'NONE',  ( -1.937287448275560894E-17, -1.000000000000000000, -8.220413448604736877E-18 ) ) ;
#5067 = EDGE_LOOP ( 'NONE', ( #8402, #5143, #7472, #7233 ) ) ;
#5068 = FACE_OUTER_BOUND ( 'NONE', #280, .T. ) ;
#5069 = VECTOR ( 'NONE', #2714, 39.37007874015748143 ) ;
#5070 = ORIENTED_EDGE ( 'NONE', *, *, #9621, .T. ) ;
#5071 = ADVANCED_FACE ( 'NONE', ( #2722 ), #6855, .F. ) ;
#5072 = LINE ( 'NONE', #4245, #400 ) ;
#5073 = DIRECTION ( 'NONE',  ( 1.000000000000000000, 0.0000000000000000000, 0.0000000000000000000 ) ) ;
#5074 = PRODUCT_CONTEXT ( 'NONE', #6797, 'mechanical' ) ;
#5075 = SURFACE_STYLE_FILL_AREA ( #2984 ) ;
#5076 = CARTESIAN_POINT ( 'NONE',  ( 0.1755541967055904706, 0.1791810471609002198, 0.4397504574761375018 ) ) ;
#5077 = CARTESIAN_POINT ( 'NONE',  ( 0.3625620707213385585, 0.1555589999168270066, 0.2456559692871497225 ) ) ;
#5078 = VERTEX_POINT ( 'NONE', #12799 ) ;
#5079 = CARTESIAN_POINT ( 'NONE',  ( 0.2221780689372489515, 0.4272125432239180509, 0.2905378590509231085 ) ) ;
#5080 = AXIS2_PLACEMENT_3D ( 'NONE', #6868, #1757, #8087 ) ;
#5081 = PLANE ( 'NONE',  #5708 ) ;
#5082 = EDGE_CURVE ( 'NONE', #11696, #13081, #10921, .T. ) ;
#5083 = ORIENTED_EDGE ( 'NONE', *, *, #2703, .F. ) ;
#5084 = EDGE_CURVE ( 'NONE', #9581, #13247, #669, .T. ) ;
#5085 = PLANE ( 'NONE',  #774 ) ;
#5086 = VERTEX_POINT ( 'NONE', #6918 ) ;
#5087 = ORIENTED_EDGE ( 'NONE', *, *, #7113, .F. ) ;
#5088 = CARTESIAN_POINT ( 'NONE',  ( 0.1164990785953284869, 0.3583149054286423607, 0.3456559692871650769 ) ) ;
#5089 = ORIENTED_EDGE ( 'NONE', *, *, #1062, .F. ) ;
#5090 = EDGE_CURVE ( 'NONE', #291, #12813, #2784, .T. ) ;
#5091 = CARTESIAN_POINT ( 'NONE',  ( 0.2326408108788038387, 0.5728818345624925312, 0.3456559692871650769 ) ) ;
#5092 = PLANE ( 'NONE',  #818 ) ;
#5093 = VECTOR ( 'NONE', #10746, 39.37007874015748143 ) ;
#5094 = DIRECTION ( 'NONE',  ( 1.000000000000000000, 0.0000000000000000000, 0.0000000000000000000 ) ) ;
#5095 = LINE ( 'NONE', #4068, #5373 ) ;
#5096 = CARTESIAN_POINT ( 'NONE',  ( 0.2483888423748524532, 0.3760314408617060900, 0.3751835283422832457 ) ) ;
#5097 = CARTESIAN_POINT ( 'NONE',  ( 0.2356889994685477663, 0.5531967951924449123, 0.4243961267674756233 ) ) ;
#5098 = ADVANCED_FACE ( 'NONE', ( #749 ), #11366, .T. ) ;
#5099 = FACE_OUTER_BOUND ( 'NONE', #4289, .T. ) ;
#5100 = ORIENTED_EDGE ( 'NONE', *, *, #11709, .F. ) ;
#5101 = EDGE_LOOP ( 'NONE', ( #5087, #8196, #12852, #6395, #3874 ) ) ;
#5102 = DIRECTION ( 'NONE',  ( 1.000000000000000000, 3.376070039848302585E-16, 2.359223927328455183E-16 ) ) ;
#5103 = SURFACE_STYLE_USAGE ( .BOTH. , #2819 ) ;
#5104 = DIRECTION ( 'NONE',  ( 1.000000000000000000, 1.408738150179760326E-16, -6.014894242100891138E-18 ) ) ;
#5105 = CARTESIAN_POINT ( 'NONE',  ( 0.3763415982803857696, 0.2579212046412327486, 0.1901441582635394756 ) ) ;
#5106 = LINE ( 'NONE', #6256, #3387 ) ;
#5107 = DIRECTION ( 'NONE',  ( 1.000000000000000000, 0.0000000000000000000, 0.0000000000000000000 ) ) ;
#5108 =( CONVERSION_BASED_UNIT ( 'INCH', #5297 ) LENGTH_UNIT ( ) NAMED_UNIT ( #7971 ) );
#5109 = ORIENTED_EDGE ( 'NONE', *, *, #38, .T. ) ;
#5110 = PLANE ( 'NONE',  #3883 ) ;
#5111 = ORIENTED_EDGE ( 'NONE', *, *, #9985, .T. ) ;
#5112 = UNCERTAINTY_MEASURE_WITH_UNIT (LENGTH_MEASURE( 1.000000000000000082E-05 ), #8042, 'distance_accuracy_value', 'NONE');
#5113 = CARTESIAN_POINT ( 'NONE',  ( 0.2326408108788038387, 0.5610708109404453081, 0.3614040007832317047 ) ) ;
#5114 = ADVANCED_FACE ( 'NONE', ( #13459 ), #9097, .F. ) ;
#5115 = SURFACE_STYLE_FILL_AREA ( #37 ) ;
#5116 = STYLED_ITEM ( 'NONE', ( #12503 ), #697 ) ;
#5117 = ORIENTED_EDGE ( 'NONE', *, *, #4927, .F. ) ;
#5118 = LINE ( 'NONE', #940, #6229 ) ;
#5119 = VECTOR ( 'NONE', #1107, 39.37007874015748143 ) ;
#5120 = VECTOR ( 'NONE', #8064, 39.37007874015748143 ) ;
#5121 = ORIENTED_EDGE ( 'NONE', *, *, #10004, .F. ) ;
#5122 = FACE_OUTER_BOUND ( 'NONE', #5515, .T. ) ;
#5123 = ADVANCED_FACE ( 'NONE', ( #4936 ), #12179, .T. ) ;
#5124 = DIRECTION ( 'NONE',  ( -0.9922778767136850586, -0.1240347345890697034, 0.0000000000000000000 ) ) ;
#5125 = EDGE_LOOP ( 'NONE', ( #10987, #4649, #9160, #1571 ) ) ;
#5126 = CARTESIAN_POINT ( 'NONE',  ( 0.1027195510362948483, 0.3583149054286423607, 0.4007740795234070452 ) ) ;
#5127 = VERTEX_POINT ( 'NONE', #9303 ) ;
#5128 = CARTESIAN_POINT ( 'NONE',  ( 0.2916959289890523888, 0.1437479762947815320, 0.3456559692871528644 ) ) ;
#5129 = AXIS2_PLACEMENT_3D ( 'NONE', #10013, #9049, #8907 ) ;
#5130 = ORIENTED_EDGE ( 'NONE', *, *, #13265, .T. ) ;
#5131 = DIRECTION ( 'NONE',  ( 2.865203769218833733E-48, -8.220413448604590506E-18, 1.000000000000000000 ) ) ;
#5132 = DIRECTION ( 'NONE',  ( 1.000000000000000000, 1.316334802367150653E-16, -1.608386623408235030E-17 ) ) ;
#5133 = LINE ( 'NONE', #13460, #248 ) ;
#5134 = ORIENTED_EDGE ( 'NONE', *, *, #11476, .F. ) ;
#5135 = LENGTH_MEASURE_WITH_UNIT ( LENGTH_MEASURE( 0.02539999999999999897 ), #2234 );
#5136 = EDGE_CURVE ( 'NONE', #1552, #12214, #13337, .T. ) ;
#5137 = EDGE_CURVE ( 'NONE', #12488, #12812, #10190, .T. ) ;
#5138 = EDGE_LOOP ( 'NONE', ( #4767, #3176, #2927, #9906, #9433, #9817, #532, #4125 ) ) ;
#5139 = DIRECTION ( 'NONE',  ( 0.0000000000000000000, 0.0000000000000000000, -1.000000000000000000 ) ) ;
#5140 = ORIENTED_EDGE ( 'NONE', *, *, #3683, .F. ) ;
#5141 = ORIENTED_EDGE ( 'NONE', *, *, #2074, .F. ) ;
#5142 = LINE ( 'NONE', #4260, #5615 ) ;
#5143 = ORIENTED_EDGE ( 'NONE', *, *, #5686, .T. ) ;
#5144 = PLANE ( 'NONE',  #1668 ) ;
#5145 = DIRECTION ( 'NONE',  ( -2.359223927328456662E-16, 3.885780586188047398E-16, 1.000000000000000000 ) ) ;
#5146 = CARTESIAN_POINT ( 'NONE',  ( 0.2326408108788038387, 0.5531967951924315896, 0.4243961267674778992 ) ) ;
#5147 = CARTESIAN_POINT ( 'NONE',  ( 0.2090187636347028144, 0.08862986605856648659, 0.4515614810981848914 ) ) ;
#5148 = EDGE_CURVE ( 'NONE', #6677, #1982, #7187, .T. ) ;
#5149 = VECTOR ( 'NONE', #9907, 39.37007874015748143 ) ;
#5150 = CARTESIAN_POINT ( 'NONE',  ( 0.3562628581229010938, 0.08075585031051536744, 0.4515614810981849470 ) ) ;
#5151 = ORIENTED_EDGE ( 'NONE', *, *, #12689, .F. ) ;
#5152 = ORIENTED_EDGE ( 'NONE', *, *, #4342, .F. ) ;
#5153 = ORIENTED_EDGE ( 'NONE', *, *, #13091, .T. ) ;
#5154 = DIRECTION ( 'NONE',  ( -2.359223927328456662E-16, 3.885780586188047398E-16, 1.000000000000000000 ) ) ;
#5155 = DIRECTION ( 'NONE',  ( -1.000000000000000000, 1.937287448275558121E-17, 0.0000000000000000000 ) ) ;
#5156 = EDGE_CURVE ( 'NONE', #9253, #11185, #3108, .T. ) ;
#5157 = AXIS2_PLACEMENT_3D ( 'NONE', #6306, #12720, #1088 ) ;
#5158 = EDGE_CURVE ( 'NONE', #6221, #815, #2034, .T. ) ;
#5159 = CARTESIAN_POINT ( 'NONE',  ( 0.0000000000000000000, 0.1220472440944881942, -0.05511811023622047168 ) ) ;
#5160 = CARTESIAN_POINT ( 'NONE',  ( 0.1755541967055904706, 0.1437479762947636852, 0.4397504574761375573 ) ) ;
#5161 = DIRECTION ( 'NONE',  ( 1.000000000000000000, 1.356991020290373981E-16, -0.0000000000000000000 ) ) ;
#5162 = CARTESIAN_POINT ( 'NONE',  ( 0.1893337242646520313, 0.2165826219640790973, 0.4677032133816496628 ) ) ;
#5163 = ORIENTED_EDGE ( 'NONE', *, *, #193, .F. ) ;
#5164 = EDGE_CURVE ( 'NONE', #543, #11227, #11222, .T. ) ;
#5165 = DIRECTION ( 'NONE',  ( 0.0000000000000000000, 1.000000000000000000, 0.0000000000000000000 ) ) ;
#5166 = VERTEX_POINT ( 'NONE', #2094 ) ;
#5167 = ORIENTED_EDGE ( 'NONE', *, *, #12562, .F. ) ;
#5168 = ORIENTED_EDGE ( 'NONE', *, *, #6841, .F. ) ;
#5169 = VERTEX_POINT ( 'NONE', #7261 ) ;
#5170 = VECTOR ( 'NONE', #882, 39.37007874015748143 ) ;
#5171 = EDGE_LOOP ( 'NONE', ( #4443, #9247, #2584, #4581 ) ) ;
#5172 = ORIENTED_EDGE ( 'NONE', *, *, #5925, .T. ) ;
#5173 = LINE ( 'NONE', #10172, #1695 ) ;
#5174 = CARTESIAN_POINT ( 'NONE',  ( 0.2621683699339343310, 0.1437479762947815320, 0.3456559692871528644 ) ) ;
#5175 = AXIS2_PLACEMENT_3D ( 'NONE', #12218, #13307, #5855 ) ;
#5176 = ADVANCED_FACE ( 'NONE', ( #10392 ), #12441, .F. ) ;
#5177 = DIRECTION ( 'NONE',  ( -3.376070039848299626E-16, 1.000000000000000000, -4.302114220422482087E-16 ) ) ;
#5178 = PLANE ( 'NONE',  #10821 ) ;
#5179 = VECTOR ( 'NONE', #4605, 39.37007874015748143 ) ;
#5180 = CARTESIAN_POINT ( 'NONE',  ( 0.2326408108788038387, 0.1791810471609177335, 0.3259709299170829300 ) ) ;
#5181 = VERTEX_POINT ( 'NONE', #11158 ) ;
#5182 = LINE ( 'NONE', #12489, #5872 ) ;
#5183 = CARTESIAN_POINT ( 'NONE',  ( 0.2405148266268504198, 0.1555589999168270066, 0.2515614810981769423 ) ) ;
#5184 = ORIENTED_EDGE ( 'NONE', *, *, #7786, .F. ) ;
#5185 = AXIS2_PLACEMENT_3D ( 'NONE', #626, #5980, #13289 ) ;
#5186 = PLANE ( 'NONE',  #5531 ) ;
#5187 = ORIENTED_EDGE ( 'NONE', *, *, #4115, .F. ) ;
#5188 = DIRECTION ( 'NONE',  ( 1.174096724532128111E-16, -1.000000000000000000, 1.665334536937734318E-16 ) ) ;
#5189 = ORIENTED_EDGE ( 'NONE', *, *, #10956, .T. ) ;
#5190 = PLANE ( 'NONE',  #10387 ) ;
#5191 = EDGE_CURVE ( 'NONE', #2153, #560, #12312, .T. ) ;
#5192 =( NAMED_UNIT ( * ) SI_UNIT ( $, .STERADIAN. ) SOLID_ANGLE_UNIT ( ) );
#5193 = DIRECTION ( 'NONE',  ( 0.0000000000000000000, 8.220413448604736877E-18, -1.000000000000000000 ) ) ;
#5194 = ORIENTED_EDGE ( 'NONE', *, *, #7231, .T. ) ;
#5195 = FACE_OUTER_BOUND ( 'NONE', #1461, .T. ) ;
#5196 = CARTESIAN_POINT ( 'NONE',  ( 0.1562628581229040525, 0.08075585031049736795, 0.2397504574761404883 ) ) ;
#5197 = CARTESIAN_POINT ( 'NONE',  ( 0.2326408108788125817, -0.1446865674942329760, 0.4515614810981849470 ) ) ;
#5198 = ORIENTED_EDGE ( 'NONE', *, *, #7333, .T. ) ;
#5199 = DIRECTION ( 'NONE',  ( -1.000000000000000000, 0.0000000000000000000, 0.0000000000000000000 ) ) ;
#5200 = ORIENTED_EDGE ( 'NONE', *, *, #6331, .T. ) ;
#5201 = VECTOR ( 'NONE', #180, 39.37007874015748854 ) ;
#5202 = ORIENTED_EDGE ( 'NONE', *, *, #11219, .F. ) ;
#5203 = VECTOR ( 'NONE', #1354, 39.37007874015748143 ) ;
#5204 = CARTESIAN_POINT ( 'NONE',  ( 0.1755541967055725405, 0.1555589999168269788, 0.2456559692871497225 ) ) ;
#5205 = ORIENTED_EDGE ( 'NONE', *, *, #890, .F. ) ;
#5206 = CARTESIAN_POINT ( 'NONE',  ( 0.1027195510362846897, 0.1555589999168270066, 0.4180969141690437652 ) ) ;
#5207 = EDGE_CURVE ( 'NONE', #3364, #11780, #12378, .T. ) ;
#5208 = DIRECTION ( 'NONE',  ( 0.0000000000000000000, 0.0000000000000000000, -1.000000000000000000 ) ) ;
#5209 = CARTESIAN_POINT ( 'NONE',  ( 0.0000000000000000000, 0.0000000000000000000, 0.0000000000000000000 ) ) ;
#5210 = ADVANCED_FACE ( 'NONE', ( #6226 ), #4875, .F. ) ;
#5211 = CARTESIAN_POINT ( 'NONE',  ( 0.2405148266268504198, 0.1555589999168270066, 0.2397504574761404605 ) ) ;
#5212 = CARTESIAN_POINT ( 'NONE',  ( 0.3704360864693699851, 0.1555589999168269788, 0.3456559692871707390 ) ) ;
#5213 = DIRECTION ( 'NONE',  ( 0.0000000000000000000, 8.220413448604736877E-18, -1.000000000000000000 ) ) ;
#5214 = VECTOR ( 'NONE', #667, 39.37007874015748143 ) ;
#5215 = AXIS2_PLACEMENT_3D ( 'NONE', #4652, #5657, #13036 ) ;
#5216 = VECTOR ( 'NONE', #9138, 39.37007874015748143 ) ;
#5217 = LINE ( 'NONE', #9398, #7918 ) ;
#5218 = ORIENTED_EDGE ( 'NONE', *, *, #8683, .T. ) ;
#5219 = VERTEX_POINT ( 'NONE', #6096 ) ;
#5220 = MECHANICAL_DESIGN_GEOMETRIC_PRESENTATION_REPRESENTATION (  '', ( #7205 ), #11812 ) ;
#5221 = DIRECTION ( 'NONE',  ( 0.0000000000000000000, 0.0000000000000000000, 1.000000000000000000 ) ) ;
#5222 = AXIS2_PLACEMENT_3D ( 'NONE', #1303, #6065, #4341 ) ;
#5223 = DIRECTION ( 'NONE',  ( 3.518308117683322415E-16, -1.000000000000000000, 4.163336342344337027E-16 ) ) ;
#5224 = EDGE_CURVE ( 'NONE', #4884, #3231, #958, .T. ) ;
#5225 = DIRECTION ( 'NONE',  ( -3.007447121050438636E-18, -2.498001805406601723E-16, -1.000000000000000000 ) ) ;
#5226 = CARTESIAN_POINT ( 'NONE',  ( 0.2483888423748524532, 0.3760314408617060900, 0.3062858905470076110 ) ) ;
#5227 = DIRECTION ( 'NONE',  ( -1.937287448275560894E-17, -1.000000000000000000, -8.220413448604736877E-18 ) ) ;
#5228 =( CONVERSION_BASED_UNIT ( 'INCH', #991 ) LENGTH_UNIT ( ) NAMED_UNIT ( #8056 ) );
#5229 = LINE ( 'NONE', #8181, #732 ) ;
#5230 = FACE_OUTER_BOUND ( 'NONE', #10529, .T. ) ;
#5231 = ORIENTED_EDGE ( 'NONE', *, *, #12996, .T. ) ;
#5232 = VECTOR ( 'NONE', #2828, 39.37007874015748143 ) ;
#5233 = PRESENTATION_LAYER_ASSIGNMENT (  '', '', ( #7205 ) ) ;
#5234 = VECTOR ( 'NONE', #9530, 39.37007874015748143 ) ;
#5235 = CARTESIAN_POINT ( 'NONE',  ( 0.3444518345008468208, 0.05713380306641552275, 0.4397504574761376683 ) ) ;
#5236 = STYLED_ITEM ( 'NONE', ( #11148 ), #11933 ) ;
#5237 = ORIENTED_EDGE ( 'NONE', *, *, #8303, .T. ) ;
#5238 = UNCERTAINTY_MEASURE_WITH_UNIT (LENGTH_MEASURE( 1.000000000000000082E-05 ), #9532, 'distance_accuracy_value', 'NONE');
#5239 = VERTEX_POINT ( 'NONE', #5076 ) ;
#5240 = ADVANCED_FACE ( 'NONE', ( #9031 ), #8210, .F. ) ;
#5241 = ORIENTED_EDGE ( 'NONE', *, *, #9820, .T. ) ;
#5242 = EDGE_CURVE ( 'NONE', #894, #13442, #8009, .T. ) ;
#5243 = ORIENTED_EDGE ( 'NONE', *, *, #5021, .F. ) ;
#5244 = LENGTH_MEASURE_WITH_UNIT ( LENGTH_MEASURE( 0.02539999999999999897 ), #2275 );
#5245 = VECTOR ( 'NONE', #7795, 39.37007874015748143 ) ;
#5246 = LINE ( 'NONE', #1255, #2877 ) ;
#5247 = EDGE_CURVE ( 'NONE', #10373, #4455, #5329, .T. ) ;
#5248 = AXIS2_PLACEMENT_3D ( 'NONE', #4846, #1717, #4904 ) ;
#5249 = CARTESIAN_POINT ( 'NONE',  ( 0.2916959289890400653, 0.09256687393256948782, 0.5011677803107907891 ) ) ;
#5250 = DIRECTION ( 'NONE',  ( -1.000000000000000000, -3.376070039848302092E-16, -2.359223927328455183E-16 ) ) ;
#5251 = DIRECTION ( 'NONE',  ( 1.000000000000000000, -1.937287448275689392E-17, 1.596249935350384177E-13 ) ) ;
#5252 = CARTESIAN_POINT ( 'NONE',  ( 0.2483888423748524532, 0.5374487636963517501, 0.3062858905470076110 ) ) ;
#5253 = ORIENTED_EDGE ( 'NONE', *, *, #1758, .F. ) ;
#5254 = VECTOR ( 'NONE', #9256, 39.37007874015748143 ) ;
#5255 = PRESENTATION_LAYER_ASSIGNMENT (  '', '', ( #944 ) ) ;
#5256 = ORIENTED_EDGE ( 'NONE', *, *, #12043, .T. ) ;
#5257 = FACE_OUTER_BOUND ( 'NONE', #8719, .T. ) ;
#5258 = VERTEX_POINT ( 'NONE', #8612 ) ;
#5259 = EDGE_CURVE ( 'NONE', #10928, #3876, #4317, .T. ) ;
#5260 = ORIENTED_EDGE ( 'NONE', *, *, #11312, .T. ) ;
#5261 = CARTESIAN_POINT ( 'NONE',  ( 0.2385463226898388855, -0.07278745677610240494, 0.4515614810981849470 ) ) ;
#5262 = CARTESIAN_POINT ( 'NONE',  ( 0.3468140392252720416, 0.1555589999168270066, 0.2397504574761404605 ) ) ;
#5263 = DIRECTION ( 'NONE',  ( -0.5547001962252282592, 0.0000000000000000000, 0.8320502943378441651 ) ) ;
#5264 = DIRECTION ( 'NONE',  ( 0.0000000000000000000, 0.0000000000000000000, 1.000000000000000000 ) ) ;
#5265 = AXIS2_PLACEMENT_3D ( 'NONE', #8970, #13136, #12125 ) ;
#5266 = CARTESIAN_POINT ( 'NONE',  ( 0.3901211258394337023, 0.05713380306642399514, 0.2039236858226017579 ) ) ;
#5267 = ORIENTED_EDGE ( 'NONE', *, *, #13428, .T. ) ;
#5268 = DIRECTION ( 'NONE',  ( 1.000000000000000000, 3.518308117683325373E-16, 2.626713979715459264E-16 ) ) ;
#5269 = ORIENTED_EDGE ( 'NONE', *, *, #4394, .F. ) ;
#5270 = ADVANCED_FACE ( 'NONE', ( #11498 ), #1352, .T. ) ;
#5271 = VECTOR ( 'NONE', #11710, 39.37007874015748143 ) ;
#5272 = DIRECTION ( 'NONE',  ( 2.865203769218833733E-48, -8.220413448604590506E-18, 1.000000000000000000 ) ) ;
#5273 = ORIENTED_EDGE ( 'NONE', *, *, #5701, .F. ) ;
#5274 = EDGE_LOOP ( 'NONE', ( #39, #5933, #6976, #7219, #9396, #1383, #13226, #10694, #2536, #415, #2780, #12371 ) ) ;
#5275 = DIRECTION ( 'NONE',  ( -1.000000000000000000, -1.408738150179760326E-16, 3.007447121050473688E-18 ) ) ;
#5276 = VERTEX_POINT ( 'NONE', #10468 ) ;
#5277 = CARTESIAN_POINT ( 'NONE',  ( 0.2405148266268502810, 0.2933542755073782482, 0.4456559692871467915 ) ) ;
#5278 = LINE ( 'NONE', #4263, #11248 ) ;
#5279 = LENGTH_MEASURE_WITH_UNIT ( LENGTH_MEASURE( 0.02539999999999999897 ), #10207 );
#5280 = FILL_AREA_STYLE ('',( #2380 ) ) ;
#5281 = CARTESIAN_POINT ( 'NONE',  ( 0.2326408108788038387, 0.05713380306642412698, 0.1921126622005508988 ) ) ;
#5282 = FACE_OUTER_BOUND ( 'NONE', #9006, .T. ) ;
#5283 = PLANE ( 'NONE',  #13043 ) ;
#5284 = ORIENTED_EDGE ( 'NONE', *, *, #4659, .T. ) ;
#5285 = EDGE_CURVE ( 'NONE', #13137, #8738, #2221, .T. ) ;
#5286 = EDGE_CURVE ( 'NONE', #6515, #1319, #1148, .T. ) ;
#5287 = CARTESIAN_POINT ( 'NONE',  ( 0.07122348804415810919, 0.3957164802317839070, 0.1684906149564564526 ) ) ;
#5288 = VERTEX_POINT ( 'NONE', #6505 ) ;
#5289 = VECTOR ( 'NONE', #8063, 39.37007874015748143 ) ;
#5290 = ORIENTED_EDGE ( 'NONE', *, *, #11189, .T. ) ;
#5291 = LINE ( 'NONE', #9268, #4138 ) ;
#5292 = PLANE ( 'NONE',  #261 ) ;
#5293 = CARTESIAN_POINT ( 'NONE',  ( 0.07712899985517100709, 0.7897218048774069521, 0.4972307724367678317 ) ) ;
#5294 = DIRECTION ( 'NONE',  ( 0.0000000000000000000, -1.000000000000000000, 0.0000000000000000000 ) ) ;
#5295 = DIRECTION ( 'NONE',  ( -1.937287448275560894E-17, -1.000000000000000000, -8.220413448604736877E-18 ) ) ;
#5296 = DIRECTION ( 'NONE',  ( 1.000000000000000000, 0.0000000000000000000, 0.0000000000000000000 ) ) ;
#5297 = LENGTH_MEASURE_WITH_UNIT ( LENGTH_MEASURE( 0.02539999999999999897 ), #3141 );
#5298 = SURFACE_SIDE_STYLE ('',( #1921 ) ) ;
#5299 = CIRCLE ( 'NONE', #11435, 0.05610236220472444857 ) ;
#5300 = ORIENTED_EDGE ( 'NONE', *, *, #13042, .F. ) ;
#5301 = CARTESIAN_POINT ( 'NONE',  ( 0.3290975037921824442, 0.4272125432239180509, 0.2688843157438651765 ) ) ;
#5302 = EDGE_LOOP ( 'NONE', ( #9478, #1307, #6480, #451, #8706, #13068, #3190 ) ) ;
#5303 = ADVANCED_FACE ( 'NONE', ( #4250 ), #8409, .F. ) ;
#5304 = VERTEX_POINT ( 'NONE', #5851 ) ;
#5305 = EDGE_CURVE ( 'NONE', #1042, #3247, #7916, .T. ) ;
#5306 = ORIENTED_EDGE ( 'NONE', *, *, #10971, .F. ) ;
#5307 = LINE ( 'NONE', #1188, #10863 ) ;
#5308 = ORIENTED_EDGE ( 'NONE', *, *, #8470, .F. ) ;
#5309 = ORIENTED_EDGE ( 'NONE', *, *, #9497, .T. ) ;
#5310 = DIRECTION ( 'NONE',  ( 0.0000000000000000000, -1.000000000000000000, 0.0000000000000000000 ) ) ;
#5311 = CARTESIAN_POINT ( 'NONE',  ( 0.2129557715087250780, 0.1279999447987147931, 0.5011677803107907891 ) ) ;
#5312 = DIRECTION ( 'NONE',  ( -1.937287448275561202E-17, -1.000000000000000000, -8.220413448604590506E-18 ) ) ;
#5313 = PLANE ( 'NONE',  #13107 ) ;
#5314 =( LENGTH_UNIT ( ) NAMED_UNIT ( * ) SI_UNIT ( $, .METRE. ) );
#5315 = PRODUCT_RELATED_PRODUCT_CATEGORY ( 'part', '', ( #7427 ) ) ;
#5316 = CARTESIAN_POINT ( 'NONE',  ( 0.3645305746583385464, 0.2776062440113114538, 0.2669158118068502006 ) ) ;
#5317 = EDGE_CURVE ( 'NONE', #9181, #803, #12085, .T. ) ;
#5318 = LINE ( 'NONE', #9485, #6335 ) ;
#5319 = VECTOR ( 'NONE', #7729, 39.37007874015748143 ) ;
#5320 = ADVANCED_FACE ( 'NONE', ( #3501 ), #7977, .F. ) ;
#5321 = ORIENTED_EDGE ( 'NONE', *, *, #4914, .T. ) ;
#5322 = CARTESIAN_POINT ( 'NONE',  ( 0.2090187636347251854, 0.1279999447987149042, 0.2058921897596044936 ) ) ;
#5323 = ORIENTED_EDGE ( 'NONE', *, *, #1802, .T. ) ;
#5324 = CARTESIAN_POINT ( 'NONE',  ( 0.2326408108788038387, 0.5295747479483139397, 0.4243961267674756233 ) ) ;
#5325 = DIRECTION ( 'NONE',  ( 1.000000000000000000, 0.0000000000000000000, 0.0000000000000000000 ) ) ;
#5326 = CARTESIAN_POINT ( 'NONE',  ( 0.1562628581229039970, 0.08075585031049740958, 0.4515614810981848914 ) ) ;
#5327 = STYLED_ITEM ( 'NONE', ( #7645 ), #1038 ) ;
#5328 = CARTESIAN_POINT ( 'NONE',  ( 0.2483888423748524532, 0.7897218048774069521, 0.4972307724367678317 ) ) ;
#5329 = LINE ( 'NONE', #6568, #484 ) ;
#5330 = EDGE_CURVE ( 'NONE', #1675, #7708, #1422, .T. ) ;
#5331 = EDGE_CURVE ( 'NONE', #13442, #4884, #13165, .T. ) ;
#5332 = CARTESIAN_POINT ( 'NONE',  ( 0.2726091976981876441, 0.1988660865309974379, 0.3062858905470076110 ) ) ;
#5333 = ORIENTED_EDGE ( 'NONE', *, *, #11386, .T. ) ;
#5334 = CARTESIAN_POINT ( 'NONE',  ( 0.1267352990678038693, -0.07278745677611141163, 0.4515614810981849470 ) ) ;
#5335 = EDGE_CURVE ( 'NONE', #6014, #3343, #7668, .T. ) ;
#5336 = DIRECTION ( 'NONE',  ( 0.0000000000000000000, -1.000000000000000000, 0.0000000000000000000 ) ) ;
#5337 = DIRECTION ( 'NONE',  ( -1.608386623408232256E-17, -1.526556658859589750E-16, -1.000000000000000000 ) ) ;
#5338 = ORIENTED_EDGE ( 'NONE', *, *, #9098, .F. ) ;
#5339 = VECTOR ( 'NONE', #3667, 39.37007874015748143 ) ;
#5340 = AXIS2_PLACEMENT_3D ( 'NONE', #3476, #1463, #9697 ) ;
#5341 = CARTESIAN_POINT ( 'NONE',  ( 0.2483888423748524532, 0.8723989702317377359, 0.3850260480273225983 ) ) ;
#5342 = VERTEX_POINT ( 'NONE', #6890 ) ;
#5343 = VERTEX_POINT ( 'NONE', #4523 ) ;
#5344 = CARTESIAN_POINT ( 'NONE',  ( 0.2326408108788038387, 0.7045896617363757164, 0.4007740795233855069 ) ) ;
#5345 = ORIENTED_EDGE ( 'NONE', *, *, #5822, .T. ) ;
#5346 = CARTESIAN_POINT ( 'NONE',  ( 0.1558691573354859805, 0.3760314408617060900, 0.4243961267674800641 ) ) ;
#5347 = DIRECTION ( 'NONE',  ( 1.174096724532128111E-16, -1.000000000000000000, 1.665334536937734318E-16 ) ) ;
#5348 = DIRECTION ( 'NONE',  ( -1.608386623408232256E-17, -1.526556658859589750E-16, -1.000000000000000000 ) ) ;
#5349 = EDGE_CURVE ( 'NONE', #10292, #8389, #716, .T. ) ;
#5350 = AXIS2_PLACEMENT_3D ( 'NONE', #9991, #9029, #11078 ) ;
#5351 = CARTESIAN_POINT ( 'NONE',  ( 0.1558691573355117932, 0.2264251416490908608, 0.2397504574761404605 ) ) ;
#5352 = CARTESIAN_POINT ( 'NONE',  ( 0.3920896297764415728, 0.05713380306642412698, 0.1921126622005508988 ) ) ;
#5353 = LINE ( 'NONE', #11310, #10084 ) ;
#5354 = CARTESIAN_POINT ( 'NONE',  ( 0.2090187636347251854, 0.08862986605855749378, 0.5011677803107856821 ) ) ;
#5355 = ORIENTED_EDGE ( 'NONE', *, *, #2459, .T. ) ;
#5356 = ORIENTED_EDGE ( 'NONE', *, *, #6639, .F. ) ;
#5357 = DIMENSIONAL_EXPONENTS ( 1.000000000000000000, 0.0000000000000000000, 0.0000000000000000000, 0.0000000000000000000, 0.0000000000000000000, 0.0000000000000000000, 0.0000000000000000000 ) ;
#5358 = SURFACE_STYLE_USAGE ( .BOTH. , #1447 ) ;
#5359 =( CONVERSION_BASED_UNIT ( 'INCH', #7288 ) LENGTH_UNIT ( ) NAMED_UNIT ( #11108 ) );
#5360 = CARTESIAN_POINT ( 'NONE',  ( 0.2326408108788161344, 0.1437479762947815320, 0.3456559692871707390 ) ) ;
#5361 = EDGE_CURVE ( 'NONE', #4959, #10630, #12285, .T. ) ;
#5362 = CARTESIAN_POINT ( 'NONE',  ( 0.2405148266268503088, 0.1555589999168270621, 0.4102228984210123386 ) ) ;
#5363 = CARTESIAN_POINT ( 'NONE',  ( 0.2956329368630823962, 0.08862986605855729949, 0.1901441582635394756 ) ) ;
#5364 = DIRECTION ( 'NONE',  ( 0.0000000000000000000, -8.220413448604736877E-18, 1.000000000000000000 ) ) ;
#5365 = ORIENTED_EDGE ( 'NONE', *, *, #10589, .F. ) ;
#5366 = DIRECTION ( 'NONE',  ( -1.000000000000000000, 1.937287448275561202E-17, 0.0000000000000000000 ) ) ;
#5367 = ORIENTED_EDGE ( 'NONE', *, *, #1201, .T. ) ;
#5368 = UNCERTAINTY_MEASURE_WITH_UNIT (LENGTH_MEASURE( 1.000000000000000082E-05 ), #4824, 'distance_accuracy_value', 'NONE');
#5369 = EDGE_LOOP ( 'NONE', ( #13060, #12072, #6832, #12897 ) ) ;
#5370 = LINE ( 'NONE', #8523, #653 ) ;
#5371 = ORIENTED_EDGE ( 'NONE', *, *, #5506, .T. ) ;
#5372 = ORIENTED_EDGE ( 'NONE', *, *, #9164, .T. ) ;
#5373 = VECTOR ( 'NONE', #11384, 39.37007874015748143 ) ;
#5374 = DIRECTION ( 'NONE',  ( 0.0000000000000000000, -0.9922778767136848366, -0.1240347345890697173 ) ) ;
#5375 = FACE_OUTER_BOUND ( 'NONE', #11167, .T. ) ;
#5376 = CARTESIAN_POINT ( 'NONE',  ( 0.3645305746583385464, 0.3760314408617050908, 0.4243961267674801197 ) ) ;
#5377 = FACE_BOUND ( 'NONE', #12374, .T. ) ;
#5378 = ADVANCED_FACE ( 'NONE', ( #13235 ), #12016, .F. ) ;
#5379 = EDGE_CURVE ( 'NONE', #5962, #7759, #4775, .T. ) ;
#5380 = CARTESIAN_POINT ( 'NONE',  ( 0.1893337242646341567, 0.7897218048774069521, 0.4677032133816496628 ) ) ;
#5381 = CARTESIAN_POINT ( 'NONE',  ( 0.3468140392252719861, 0.1555589999168270621, 0.4062465204682492170 ) ) ;
#5382 = PLANE ( 'NONE',  #11947 ) ;
#5383 = AXIS2_PLACEMENT_3D ( 'NONE', #811, #957, #2849 ) ;
#5384 = ORIENTED_EDGE ( 'NONE', *, *, #6609, .T. ) ;
#5385 = CARTESIAN_POINT ( 'NONE',  ( 0.2090187636347251854, 0.08862986605855742439, 0.1901441582635379490 ) ) ;
#5386 = CARTESIAN_POINT ( 'NONE',  ( 0.2129557715087250780, 0.1083149054286360186, 0.4893567566887362941 ) ) ;
#5387 = ORIENTED_EDGE ( 'NONE', *, *, #3566, .T. ) ;
#5388 = LINE ( 'NONE', #10390, #11137 ) ;
#5389 = VECTOR ( 'NONE', #475, 39.37007874015748143 ) ;
#5390 = DIRECTION ( 'NONE',  ( 1.000000000000000000, 3.376070039848302585E-16, 2.359223927328455183E-16 ) ) ;
#5391 = VERTEX_POINT ( 'NONE', #3071 ) ;
#5392 = DIRECTION ( 'NONE',  ( -3.007447121050438636E-18, -2.498001805406601723E-16, -1.000000000000000000 ) ) ;
#5393 =( LENGTH_UNIT ( ) NAMED_UNIT ( * ) SI_UNIT ( $, .METRE. ) );
#5394 = VECTOR ( 'NONE', #2789, 39.37007874015748143 ) ;
#5395 =( NAMED_UNIT ( * ) PLANE_ANGLE_UNIT ( ) SI_UNIT ( $, .RADIAN. ) );
#5396 = EDGE_CURVE ( 'NONE', #2069, #7061, #992, .T. ) ;
#5397 = CARTESIAN_POINT ( 'NONE',  ( 0.3245043279391853774, 0.1096272413866423712, 0.4351572816231147889 ) ) ;
#5398 = VECTOR ( 'NONE', #9881, 39.37007874015748143 ) ;
#5399 = ORIENTED_EDGE ( 'NONE', *, *, #7921, .T. ) ;
#5400 = CARTESIAN_POINT ( 'NONE',  ( 0.2483888423748475960, 0.3760314408617060900, 0.4007740795233794562 ) ) ;
#5401 = DIRECTION ( 'NONE',  ( -1.937287448275560894E-17, -1.000000000000000000, -8.220413448604736877E-18 ) ) ;
#5402 = DIRECTION ( 'NONE',  ( -2.626713979715461236E-16, 4.163336342344336041E-16, 1.000000000000000000 ) ) ;
#5403 = AXIS2_PLACEMENT_3D ( 'NONE', #846, #8378, #9131 ) ;
#5404 = LINE ( 'NONE', #7536, #1197 ) ;
#5405 = VERTEX_POINT ( 'NONE', #10430 ) ;
#5406 = VERTEX_POINT ( 'NONE', #7361 ) ;
#5407 = EDGE_CURVE ( 'NONE', #12647, #7453, #7226, .T. ) ;
#5408 = LINE ( 'NONE', #10547, #7409 ) ;
#5409 = ADVANCED_FACE ( 'NONE', ( #12348, #8443 ), #12407, .T. ) ;
#5410 = VERTEX_POINT ( 'NONE', #7086 ) ;
#5411 = CARTESIAN_POINT ( 'NONE',  ( 0.2562628581229026148, 0.08075585031050631912, 0.2515614810981877114 ) ) ;
#5412 = VECTOR ( 'NONE', #8567, 39.37007874015748143 ) ;
#5413 = CARTESIAN_POINT ( 'NONE',  ( 0.2326408108788161344, 0.1476849841687954967, 0.4358134496021299764 ) ) ;
#5414 = EDGE_CURVE ( 'NONE', #12077, #7042, #5229, .T. ) ;
#5415 = FACE_OUTER_BOUND ( 'NONE', #6961, .T. ) ;
#5416 = LINE ( 'NONE', #11517, #4401 ) ;
#5417 = CARTESIAN_POINT ( 'NONE',  ( 0.2405148266268503643, 0.2756377400743055817, 0.3657347094446282143 ) ) ;
#5418 = CARTESIAN_POINT ( 'NONE',  ( 0.09090852741424043648, 0.05713380306642420331, 0.5011677803107907891 ) ) ;
#5419 = DIRECTION ( 'NONE',  ( -0.7071067811865475727, 0.7071067811865473507, -2.410737741626303627E-16 ) ) ;
#5420 = ORIENTED_EDGE ( 'NONE', *, *, #1544, .F. ) ;
#5421 = AXIS2_PLACEMENT_3D ( 'NONE', #9310, #4123, #2299 ) ;
#5422 = LINE ( 'NONE', #4414, #13146 ) ;
#5423 = ORIENTED_EDGE ( 'NONE', *, *, #12090, .F. ) ;
#5424 = ORIENTED_EDGE ( 'NONE', *, *, #6078, .T. ) ;
#5425 = EDGE_CURVE ( 'NONE', #9807, #8106, #10065, .T. ) ;
#5426 = LINE ( 'NONE', #9608, #682 ) ;
#5427 = LINE ( 'NONE', #11532, #9606 ) ;
#5428 = VECTOR ( 'NONE', #9405, 39.37007874015748143 ) ;
#5429 = AXIS2_PLACEMENT_3D ( 'NONE', #5665, #2440, #6572 ) ;
#5430 = DIRECTION ( 'NONE',  ( 2.359223927328456662E-16, -3.885780586188047398E-16, -1.000000000000000000 ) ) ;
#5431 = LINE ( 'NONE', #2195, #3888 ) ;
#5432 = CARTESIAN_POINT ( 'NONE',  ( 0.3920896297764522309, 0.1555589999168270066, 0.4932937645627542000 ) ) ;
#5433 = FILL_AREA_STYLE_COLOUR ( '', #10171 ) ;
#5434 = VERTEX_POINT ( 'NONE', #4154 ) ;
#5435 = CARTESIAN_POINT ( 'NONE',  ( 0.09484553528826229762, 0.1555589999168268955, 0.2554984889721936270 ) ) ;
#5436 = VERTEX_POINT ( 'NONE', #9337 ) ;
#5437 = ORIENTED_EDGE ( 'NONE', *, *, #9054, .F. ) ;
#5438 = VECTOR ( 'NONE', #7725, 39.37007874015748143 ) ;
#5439 = VECTOR ( 'NONE', #7115, 39.37007874015748143 ) ;
#5440 = CARTESIAN_POINT ( 'NONE',  ( 0.1027195510362948483, 0.3583149054286423607, 0.2905378590509231085 ) ) ;
#5441 = ORIENTED_EDGE ( 'NONE', *, *, #10825, .F. ) ;
#5442 = MECHANICAL_DESIGN_GEOMETRIC_PRESENTATION_REPRESENTATION (  '', ( #4147 ), #6544 ) ;
#5443 = EDGE_CURVE ( 'NONE', #10630, #3166, #3016, .T. ) ;
#5444 = ORIENTED_EDGE ( 'NONE', *, *, #4914, .F. ) ;
#5445 = CARTESIAN_POINT ( 'NONE',  ( 0.3310660077292020276, 0.1791810471609177335, 0.3653410086572472792 ) ) ;
#5446 = LINE ( 'NONE', #10583, #6700 ) ;
#5447 = DIRECTION ( 'NONE',  ( 4.283287147278277996E-17, 1.665334536937734318E-16, 1.000000000000000000 ) ) ;
#5448 = AXIS2_PLACEMENT_3D ( 'NONE', #12584, #9518, #6386 ) ;
#5449 = DIMENSIONAL_EXPONENTS ( 1.000000000000000000, 0.0000000000000000000, 0.0000000000000000000, 0.0000000000000000000, 0.0000000000000000000, 0.0000000000000000000, 0.0000000000000000000 ) ;
#5450 = AXIS2_PLACEMENT_3D ( 'NONE', #10702, #2325, #23 ) ;
#5451 = CIRCLE ( 'NONE', #10046, 0.05610236220472444857 ) ;
#5452 = DIRECTION ( 'NONE',  ( -1.937287448275560894E-17, -1.000000000000000000, -8.220413448604736877E-18 ) ) ;
#5453 = AXIS2_PLACEMENT_3D ( 'NONE', #9232, #8953, #6849 ) ;
#5454 = CARTESIAN_POINT ( 'NONE',  ( 0.08454874546390191148, 0.2185511259010752549, 0.4443840128970995007 ) ) ;
#5455 = CARTESIAN_POINT ( 'NONE',  ( 0.2326408108788038387, 0.5295747479483238207, 0.2895536070824406560 ) ) ;
#5456 = DIRECTION ( 'NONE',  ( -4.283287147278277996E-17, -1.665334536937734318E-16, -1.000000000000000000 ) ) ;
#5457 = ORIENTED_EDGE ( 'NONE', *, *, #11724, .T. ) ;
#5458 = CARTESIAN_POINT ( 'NONE',  ( 0.3625620707213385030, 0.1555589999168271176, 0.4180969141690437652 ) ) ;
#5459 = VERTEX_POINT ( 'NONE', #3140 ) ;
#5460 = EDGE_CURVE ( 'NONE', #1288, #216, #2196, .T. ) ;
#5461 = EDGE_CURVE ( 'NONE', #10280, #5775, #5044, .T. ) ;
#5462 = AXIS2_PLACEMENT_3D ( 'NONE', #1649, #5784, #1848 ) ;
#5463 = AXIS2_PLACEMENT_3D ( 'NONE', #5209, #972, #5094 ) ;
#5464 = DIRECTION ( 'NONE',  ( -1.608386623408232256E-17, -1.526556658859589750E-16, -1.000000000000000000 ) ) ;
#5465 = ORIENTED_EDGE ( 'NONE', *, *, #4144, .T. ) ;
#5466 = PLANE ( 'NONE',  #10393 ) ;
#5467 =( NAMED_UNIT ( * ) PLANE_ANGLE_UNIT ( ) SI_UNIT ( $, .RADIAN. ) );
#5468 = LINE ( 'NONE', #2362, #3168 ) ;
#5469 = STYLED_ITEM ( 'NONE', ( #1274 ), #6889 ) ;
#5470 = PLANE ( 'NONE',  #9173 ) ;
#5471 = VECTOR ( 'NONE', #12395, 39.37007874015748143 ) ;
#5472 = EDGE_LOOP ( 'NONE', ( #6738, #6929, #9362, #13015 ) ) ;
#5473 = CARTESIAN_POINT ( 'NONE',  ( 0.2090187636347128897, 0.4272125432239180509, 0.4224276228305008374 ) ) ;
#5474 = LINE ( 'NONE', #2235, #5271 ) ;
#5475 = LINE ( 'NONE', #9656, #11125 ) ;
#5476 = CARTESIAN_POINT ( 'NONE',  ( 0.2483888423748524532, 0.3583149054286423607, 0.2236087251926805186 ) ) ;
#5477 = EDGE_CURVE ( 'NONE', #11059, #11445, #13432, .T. ) ;
#5478 = ORIENTED_EDGE ( 'NONE', *, *, #8305, .T. ) ;
#5479 = EDGE_LOOP ( 'NONE', ( #4179, #12076, #411, #2378 ) ) ;
#5480 = COLOUR_RGB ( '',0.7607843137254901578, 0.7607843137254901578, 0.0000000000000000000 ) ;
#5481 = ORIENTED_EDGE ( 'NONE', *, *, #6067, .T. ) ;
#5482 = VECTOR ( 'NONE', #247, 39.37007874015748143 ) ;
#5483 = DIRECTION ( 'NONE',  ( -4.055465256288980451E-16, 0.7071067811865474617, 0.7071067811865474617 ) ) ;
#5484 = PLANE ( 'NONE',  #9719 ) ;
#5485 = LINE ( 'NONE', #138, #12791 ) ;
#5486 = LINE ( 'NONE', #139, #2240 ) ;
#5487 = PLANE ( 'NONE',  #2688 ) ;
#5488 = CARTESIAN_POINT ( 'NONE',  ( 0.2326408108788161344, 0.08862986605855749378, 0.5011677803107856821 ) ) ;
#5489 = ADVANCED_FACE ( 'NONE', ( #1992 ), #6258, .T. ) ;
#5490 = EDGE_CURVE ( 'NONE', #9044, #326, #10302, .T. ) ;
#5491 = DIRECTION ( 'NONE',  ( -0.3511234415894408656, 0.9363291775686509721, -1.372885316240195410E-16 ) ) ;
#5492 = AXIS2_PLACEMENT_3D ( 'NONE', #5890, #7748, #10951 ) ;
#5493 = DIRECTION ( 'NONE',  ( 0.0000000000000000000, 1.000000000000000000, 0.0000000000000000000 ) ) ;
#5494 = FILL_AREA_STYLE ('',( #2006 ) ) ;
#5495 = ORIENTED_EDGE ( 'NONE', *, *, #4144, .F. ) ;
#5496 = LINE ( 'NONE', #342, #10533 ) ;
#5497 = EDGE_CURVE ( 'NONE', #7301, #4384, #1179, .T. ) ;
#5498 = ORIENTED_EDGE ( 'NONE', *, *, #3926, .F. ) ;
#5499 = ORIENTED_EDGE ( 'NONE', *, *, #8092, .F. ) ;
#5500 = ORIENTED_EDGE ( 'NONE', *, *, #10282, .T. ) ;
#5501 = LINE ( 'NONE', #4278, #705 ) ;
#5502 = ORIENTED_EDGE ( 'NONE', *, *, #3497, .F. ) ;
#5503 = LINE ( 'NONE', #10501, #6872 ) ;
#5504 = DIRECTION ( 'NONE',  ( 1.000000000000000000, 0.0000000000000000000, 0.0000000000000000000 ) ) ;
#5505 = LINE ( 'NONE', #9686, #6782 ) ;
#5506 = EDGE_CURVE ( 'NONE', #3280, #2767, #6055, .T. ) ;
#5507 = CARTESIAN_POINT ( 'NONE',  ( 0.1027195510362938075, 0.1476849841687954412, 0.4732150244052678589 ) ) ;
#5508 = CARTESIAN_POINT ( 'NONE',  ( 0.1208297872567766496, 0.05713380306641541867, 0.2515614810981877114 ) ) ;
#5509 = ORIENTED_EDGE ( 'NONE', *, *, #9922, .T. ) ;
#5510 = ORIENTED_EDGE ( 'NONE', *, *, #7350, .F. ) ;
#5511 = VECTOR ( 'NONE', #10830, 39.37007874015748143 ) ;
#5512 = ORIENTED_EDGE ( 'NONE', *, *, #3566, .F. ) ;
#5513 = DIRECTION ( 'NONE',  ( -4.283287147278277996E-17, -1.665334536937734318E-16, -1.000000000000000000 ) ) ;
#5514 = VERTEX_POINT ( 'NONE', #8243 ) ;
#5515 = EDGE_LOOP ( 'NONE', ( #9401, #6172, #664, #9527 ) ) ;
#5516 = CARTESIAN_POINT ( 'NONE',  ( 0.2326408108788125817, -0.1446865674942329760, 0.4397504574761376683 ) ) ;
#5517 = CARTESIAN_POINT ( 'NONE',  ( 0.2326408108788038387, 0.5295747479483139397, 0.3456559692871650769 ) ) ;
#5518 = CARTESIAN_POINT ( 'NONE',  ( 0.3310660077292020276, 0.1949290786569807254, 0.3810890401533105210 ) ) ;
#5519 = SURFACE_STYLE_FILL_AREA ( #12688 ) ;
#5520 = PLANE ( 'NONE',  #12748 ) ;
#5521 = VECTOR ( 'NONE', #12646, 39.37007874015748143 ) ;
#5522 = CARTESIAN_POINT ( 'NONE',  ( 0.2221780689370912998, 0.009496007790817656904, 0.4007740795233771247 ) ) ;
#5523 = EDGE_CURVE ( 'NONE', #833, #6500, #8317, .T. ) ;
#5524 =( LENGTH_UNIT ( ) NAMED_UNIT ( * ) SI_UNIT ( $, .METRE. ) );
#5525 = ORIENTED_EDGE ( 'NONE', *, *, #1426, .F. ) ;
#5526 = DIRECTION ( 'NONE',  ( 0.0000000000000000000, 0.0000000000000000000, -1.000000000000000000 ) ) ;
#5527 = ORIENTED_EDGE ( 'NONE', *, *, #12606, .T. ) ;
#5528 = ORIENTED_EDGE ( 'NONE', *, *, #3112, .T. ) ;
#5529 = DIRECTION ( 'NONE',  ( 0.0000000000000000000, 1.000000000000000000, 0.0000000000000000000 ) ) ;
#5530 = ORIENTED_EDGE ( 'NONE', *, *, #9486, .F. ) ;
#5531 = AXIS2_PLACEMENT_3D ( 'NONE', #9236, #13326, #4997 ) ;
#5532 = CARTESIAN_POINT ( 'NONE',  ( 0.2405148266268503643, 0.2933542755073781927, 0.2456559692871496947 ) ) ;
#5533 = VERTEX_POINT ( 'NONE', #4284 ) ;
#5534 = CARTESIAN_POINT ( 'NONE',  ( 0.2326408108788038387, -0.07318115756351306622, 0.2895536070824406560 ) ) ;
#5535 =( NAMED_UNIT ( * ) SI_UNIT ( $, .STERADIAN. ) SOLID_ANGLE_UNIT ( ) );
#5536 = LINE ( 'NONE', #4453, #11454 ) ;
#5537 =( LENGTH_UNIT ( ) NAMED_UNIT ( * ) SI_UNIT ( $, .METRE. ) );
#5538 = ADVANCED_FACE ( 'NONE', ( #10365 ), #7227, .T. ) ;
#5539 = PLANE ( 'NONE',  #7240 ) ;
#5540 = CARTESIAN_POINT ( 'NONE',  ( 0.3468140392252652138, 0.1791810471609177335, 0.3456559692871650769 ) ) ;
#5541 = DIMENSIONAL_EXPONENTS ( 1.000000000000000000, 0.0000000000000000000, 0.0000000000000000000, 0.0000000000000000000, 0.0000000000000000000, 0.0000000000000000000, 0.0000000000000000000 ) ;
#5542 = CARTESIAN_POINT ( 'NONE',  ( 0.2326408108788038387, 0.5098897085782487792, 0.3456559692871650769 ) ) ;
#5543 = DIRECTION ( 'NONE',  ( 0.0000000000000000000, 0.0000000000000000000, 1.000000000000000000 ) ) ;
#5544 = CARTESIAN_POINT ( 'NONE',  ( 0.1164990785953285146, 0.7897218048774069521, 0.2236087251926805186 ) ) ;
#5545 = ORIENTED_EDGE ( 'NONE', *, *, #5744, .F. ) ;
#5546 = ORIENTED_EDGE ( 'NONE', *, *, #13207, .T. ) ;
#5547 = VECTOR ( 'NONE', #6567, 39.37007874015748143 ) ;
#5548 = ORIENTED_EDGE ( 'NONE', *, *, #6246, .T. ) ;
#5549 = DIRECTION ( 'NONE',  ( 0.0000000000000000000, 0.0000000000000000000, 1.000000000000000000 ) ) ;
#5550 = LINE ( 'NONE', #468, #10197 ) ;
#5551 = DIRECTION ( 'NONE',  ( 0.0000000000000000000, 1.000000000000000000, 0.0000000000000000000 ) ) ;
#5552 = EDGE_CURVE ( 'NONE', #9181, #11028, #11466, .T. ) ;
#5553 = DIRECTION ( 'NONE',  ( 0.0000000000000000000, 0.0000000000000000000, 1.000000000000000000 ) ) ;
#5554 = CARTESIAN_POINT ( 'NONE',  ( 0.2562628581229025593, 0.08075585031050638851, 0.4515614810981848914 ) ) ;
#5555 = EDGE_CURVE ( 'NONE', #10915, #12203, #284, .T. ) ;
#5556 =( GEOMETRIC_REPRESENTATION_CONTEXT ( 3 ) GLOBAL_UNCERTAINTY_ASSIGNED_CONTEXT ( ( #2662 ) ) GLOBAL_UNIT_ASSIGNED_CONTEXT ( ( #13094, #1594, #4640 ) ) REPRESENTATION_CONTEXT ( 'NONE', 'WORKASPACE' ) );
#5557 = CARTESIAN_POINT ( 'NONE',  ( 0.3625620707213385030, 0.1555589999168270066, 0.4102228984210123386 ) ) ;
#5558 = CARTESIAN_POINT ( 'NONE',  ( 0.1401211258394373105, 0.3760314408617060900, 0.3161284102320469636 ) ) ;
#5559 = VECTOR ( 'NONE', #3414, 39.37007874015748143 ) ;
#5560 = CARTESIAN_POINT ( 'NONE',  ( 0.2326408108788161344, 0.1555589999168269233, 0.2810890401533022165 ) ) ;
#5561 = ORIENTED_EDGE ( 'NONE', *, *, #7263, .F. ) ;
#5562 = CARTESIAN_POINT ( 'NONE',  ( 0.2483888423748524532, 0.7897218048774069521, 0.3161284102320470191 ) ) ;
#5563 = ORIENTED_EDGE ( 'NONE', *, *, #11739, .T. ) ;
#5564 = ORIENTED_EDGE ( 'NONE', *, *, #11872, .F. ) ;
#5565 = VERTEX_POINT ( 'NONE', #353 ) ;
#5566 = CARTESIAN_POINT ( 'NONE',  ( 0.2483888423748524532, 0.2165826219640790973, 0.4677032133816496628 ) ) ;
#5567 = LINE ( 'NONE', #10770, #13317 ) ;
#5568 = DIRECTION ( 'NONE',  ( -1.000000000000000000, -1.408738150179760326E-16, 6.014894242100891138E-18 ) ) ;
#5569 = LINE ( 'NONE', #9534, #3818 ) ;
#5570 = LINE ( 'NONE', #211, #2471 ) ;
#5571 = EDGE_CURVE ( 'NONE', #4377, #2148, #7699, .T. ) ;
#5572 = LINE ( 'NONE', #9747, #6281 ) ;
#5573 =( GEOMETRIC_REPRESENTATION_CONTEXT ( 3 ) GLOBAL_UNCERTAINTY_ASSIGNED_CONTEXT ( ( #13276 ) ) GLOBAL_UNIT_ASSIGNED_CONTEXT ( ( #5108, #2128, #1111 ) ) REPRESENTATION_CONTEXT ( 'NONE', 'WORKASPACE' ) );
#5574 = ORIENTED_EDGE ( 'NONE', *, *, #8764, .F. ) ;
#5575 = ORIENTED_EDGE ( 'NONE', *, *, #10790, .F. ) ;
#5576 = EDGE_LOOP ( 'NONE', ( #1112, #9690, #13420, #11602, #13377, #2426, #5530, #5243 ) ) ;
#5577 = VERTEX_POINT ( 'NONE', #5363 ) ;
#5578 = VERTEX_POINT ( 'NONE', #2544 ) ;
#5579 = EDGE_CURVE ( 'NONE', #5565, #10676, #9614, .T. ) ;
#5580 = DIRECTION ( 'NONE',  ( -2.626713979715461236E-16, 4.163336342344336041E-16, 1.000000000000000000 ) ) ;
#5581 = ADVANCED_FACE ( 'NONE', ( #8582 ), #6537, .T. ) ;
#5582 = DIRECTION ( 'NONE',  ( -1.000000000000000000, 0.0000000000000000000, 0.0000000000000000000 ) ) ;
#5583 = DIRECTION ( 'NONE',  ( 0.0000000000000000000, 0.0000000000000000000, -1.000000000000000000 ) ) ;
#5584 = VECTOR ( 'NONE', #7832, 39.37007874015748143 ) ;
#5585 = LENGTH_MEASURE_WITH_UNIT ( LENGTH_MEASURE( 0.02539999999999999897 ), #5314 );
#5586 = CARTESIAN_POINT ( 'NONE',  ( 0.3468140392252720416, 0.1555589999168270066, 0.2102228984210151586 ) ) ;
#5587 = LINE ( 'NONE', #440, #12652 ) ;
#5588 = ORIENTED_EDGE ( 'NONE', *, *, #9471, .F. ) ;
#5589 = CARTESIAN_POINT ( 'NONE',  ( 0.3090187636347014322, 0.08075585031051527030, 0.2515614810981877114 ) ) ;
#5590 = VERTEX_POINT ( 'NONE', #3269 ) ;
#5591 = VECTOR ( 'NONE', #13444, 39.37007874015748143 ) ;
#5592 = LINE ( 'NONE', #8672, #2640 ) ;
#5593 = EDGE_CURVE ( 'NONE', #11956, #5436, #488, .T. ) ;
#5594 = EDGE_LOOP ( 'NONE', ( #7035, #5865, #9364, #236, #4858, #3273, #165, #7001, #271, #12188 ) ) ;
#5595 = DIRECTION ( 'NONE',  ( 0.0000000000000000000, -0.7071067811865513475, 0.7071067811865436870 ) ) ;
#5596 = DIRECTION ( 'NONE',  ( 1.000000000000000000, 1.408738150179760326E-16, -6.014894242100891138E-18 ) ) ;
#5597 = VECTOR ( 'NONE', #6131, 39.37007874015748143 ) ;
#5598 = DIRECTION ( 'NONE',  ( 2.359223927328456662E-16, -3.885780586188047398E-16, -1.000000000000000000 ) ) ;
#5599 = LINE ( 'NONE', #2445, #10309 ) ;
#5600 = CARTESIAN_POINT ( 'NONE',  ( 0.2405148266268504198, 0.1555589999168270066, 0.2515614810981769423 ) ) ;
#5601 = VERTEX_POINT ( 'NONE', #2405 ) ;
#5602 = DIRECTION ( 'NONE',  ( -1.316334802367150653E-16, 1.000000000000000000, -1.526556658859589750E-16 ) ) ;
#5603 = ORIENTED_EDGE ( 'NONE', *, *, #9079, .T. ) ;
#5604 = ORIENTED_EDGE ( 'NONE', *, *, #2423, .T. ) ;
#5605 = AXIS2_PLACEMENT_3D ( 'NONE', #2625, #1534, #1716 ) ;
#5606 = CARTESIAN_POINT ( 'NONE',  ( 0.4098061652095124630, 0.3957164802317839070, 0.1842386464525194445 ) ) ;
#5607 = EDGE_CURVE ( 'NONE', #5671, #3373, #5570, .T. ) ;
#5608 = ORIENTED_EDGE ( 'NONE', *, *, #7646, .T. ) ;
#5609 =( CONVERSION_BASED_UNIT ( 'INCH', #6446 ) LENGTH_UNIT ( ) NAMED_UNIT ( #8596 ) );
#5610 =( LENGTH_UNIT ( ) NAMED_UNIT ( * ) SI_UNIT ( $, .METRE. ) );
#5611 = CARTESIAN_POINT ( 'NONE',  ( 0.1027195510362846897, 0.1555589999168270066, 0.4456559692871467915 ) ) ;
#5612 = DIRECTION ( 'NONE',  ( 0.0000000000000000000, 0.0000000000000000000, 1.000000000000000000 ) ) ;
#5613 = CARTESIAN_POINT ( 'NONE',  ( 0.3330345116662203897, 0.1555589999168270066, 0.2062465204682520925 ) ) ;
#5614 = FACE_OUTER_BOUND ( 'NONE', #11027, .T. ) ;
#5615 = VECTOR ( 'NONE', #1969, 39.37007874015748143 ) ;
#5616 = DIRECTION ( 'NONE',  ( 0.0000000000000000000, 0.0000000000000000000, -1.000000000000000000 ) ) ;
#5617 = DIRECTION ( 'NONE',  ( -1.000000000000000000, 1.937287448275558121E-17, 0.0000000000000000000 ) ) ;
#5618 = SURFACE_STYLE_FILL_AREA ( #5494 ) ;
#5619 = VERTEX_POINT ( 'NONE', #4629 ) ;
#5620 = CARTESIAN_POINT ( 'NONE',  ( 0.3444518345008468208, 0.05713380306641552275, 0.4397504574761376683 ) ) ;
#5621 = ORIENTED_EDGE ( 'NONE', *, *, #11574, .F. ) ;
#5622 = ORIENTED_EDGE ( 'NONE', *, *, #10985, .T. ) ;
#5623 = STYLED_ITEM ( 'NONE', ( #10089 ), #10138 ) ;
#5624 = EDGE_CURVE ( 'NONE', #10078, #9709, #11610, .T. ) ;
#5625 = EDGE_CURVE ( 'NONE', #1445, #4878, #8713, .T. ) ;
#5626 = VERTEX_POINT ( 'NONE', #1515 ) ;
#5627 = DIRECTION ( 'NONE',  ( -1.000000000000000000, -1.316334802367150653E-16, 1.608386623408235030E-17 ) ) ;
#5628 = CARTESIAN_POINT ( 'NONE',  ( 0.3208297872567558162, 0.05713380306642446699, 0.4515614810981849470 ) ) ;
#5629 = DIRECTION ( 'NONE',  ( -1.937287448275561202E-17, -1.000000000000000000, -8.220413448604590506E-18 ) ) ;
#5630 = CARTESIAN_POINT ( 'NONE',  ( 0.3310660077292020276, 0.5295747479483139397, 0.2669158118068457042 ) ) ;
#5631 =( CONVERSION_BASED_UNIT ( 'INCH', #6673 ) LENGTH_UNIT ( ) NAMED_UNIT ( #7889 ) );
#5632 = VECTOR ( 'NONE', #11388, 39.37007874015748143 ) ;
#5633 = ORIENTED_EDGE ( 'NONE', *, *, #8797, .F. ) ;
#5634 = VERTEX_POINT ( 'NONE', #3541 ) ;
#5635 = VERTEX_POINT ( 'NONE', #5630 ) ;
#5636 = EDGE_CURVE ( 'NONE', #5770, #9090, #9814, .T. ) ;
#5637 = ORIENTED_EDGE ( 'NONE', *, *, #7897, .T. ) ;
#5638 = VECTOR ( 'NONE', #8604, 39.37007874015748143 ) ;
#5639 = AXIS2_PLACEMENT_3D ( 'NONE', #10194, #13273, #3918 ) ;
#5640 = CARTESIAN_POINT ( 'NONE',  ( 0.2267352990677845015, -0.07278745677610248821, 0.2515614810981877669 ) ) ;
#5641 = PLANE ( 'NONE',  #6225 ) ;
#5642 = LINE ( 'NONE', #9892, #1504 ) ;
#5643 = PRESENTATION_STYLE_ASSIGNMENT (( #1531 ) ) ;
#5644 = DIRECTION ( 'NONE',  ( -2.359223927328456662E-16, 3.885780586188047398E-16, 1.000000000000000000 ) ) ;
#5645 = FILL_AREA_STYLE_COLOUR ( '', #10598 ) ;
#5646 = CARTESIAN_POINT ( 'NONE',  ( 0.2726091976981876441, 0.009496007790817656904, 0.3062858905470076665 ) ) ;
#5647 = AXIS2_PLACEMENT_3D ( 'NONE', #12372, #7179, #6428 ) ;
#5648 = VECTOR ( 'NONE', #11381, 39.37007874015748854 ) ;
#5649 = ADVANCED_FACE ( 'NONE', ( #12877 ), #9745, .F. ) ;
#5650 = VECTOR ( 'NONE', #12166, 39.37007874015748854 ) ;
#5651 = ORIENTED_EDGE ( 'NONE', *, *, #4423, .T. ) ;
#5652 = EDGE_CURVE ( 'NONE', #3247, #10984, #6400, .T. ) ;
#5653 = VERTEX_POINT ( 'NONE', #12672 ) ;
#5654 = DIRECTION ( 'NONE',  ( -1.000000000000000000, -1.174096724532128111E-16, 4.283287147278279229E-17 ) ) ;
#5655 = ORIENTED_EDGE ( 'NONE', *, *, #8425, .F. ) ;
#5656 = ADVANCED_FACE ( 'NONE', ( #3341 ), #2331, .F. ) ;
#5657 = DIRECTION ( 'NONE',  ( -1.937287448275560894E-17, -1.000000000000000000, -8.220413448604736877E-18 ) ) ;
#5658 = ORIENTED_EDGE ( 'NONE', *, *, #4013, .T. ) ;
#5659 = VECTOR ( 'NONE', #13090, 39.37007874015748143 ) ;
#5660 = VECTOR ( 'NONE', #12598, 39.37007874015748143 ) ;
#5661 = CARTESIAN_POINT ( 'NONE',  ( 0.2326408108788038387, 0.5531967951924182669, 0.3456559692871650769 ) ) ;
#5662 =( GEOMETRIC_REPRESENTATION_CONTEXT ( 3 ) GLOBAL_UNCERTAINTY_ASSIGNED_CONTEXT ( ( #12088 ) ) GLOBAL_UNIT_ASSIGNED_CONTEXT ( ( #2660, #3453, #6592 ) ) REPRESENTATION_CONTEXT ( 'NONE', 'WORKASPACE' ) );
#5663 = CARTESIAN_POINT ( 'NONE',  ( 0.1558691573355117932, 0.2264251416490908608, 0.2515614810981877114 ) ) ;
#5664 =( NAMED_UNIT ( * ) SI_UNIT ( $, .STERADIAN. ) SOLID_ANGLE_UNIT ( ) );
#5665 = CARTESIAN_POINT ( 'NONE',  ( 0.0000000000000000000, 0.1574803149606299191, 0.0000000000000000000 ) ) ;
#5666 = EDGE_CURVE ( 'NONE', #12933, #5792, #1315, .T. ) ;
#5667 = AXIS2_PLACEMENT_3D ( 'NONE', #5854, #4849, #5047 ) ;
#5668 = VECTOR ( 'NONE', #3844, 39.37007874015748143 ) ;
#5669 = LINE ( 'NONE', #3639, #11837 ) ;
#5670 = DIRECTION ( 'NONE',  ( -0.0000000000000000000, -1.000000000000000000, -0.0000000000000000000 ) ) ;
#5671 = VERTEX_POINT ( 'NONE', #7561 ) ;
#5672 = CARTESIAN_POINT ( 'NONE',  ( 0.2326408108788038387, 0.7776062440113159502, 0.3456559692871650769 ) ) ;
#5673 = EDGE_CURVE ( 'NONE', #1640, #11620, #5505, .T. ) ;
#5674 = EDGE_LOOP ( 'NONE', ( #11070, #13080, #3045, #4912 ) ) ;
#5675 = DIRECTION ( 'NONE',  ( 0.0000000000000000000, 0.0000000000000000000, 1.000000000000000000 ) ) ;
#5676 = SURFACE_SIDE_STYLE ('',( #467 ) ) ;
#5677 = LINE ( 'NONE', #8766, #3831 ) ;
#5678 = VECTOR ( 'NONE', #8054, 39.37007874015748143 ) ;
#5679 = PRESENTATION_LAYER_ASSIGNMENT (  '', '', ( #13108 ) ) ;
#5680 = CARTESIAN_POINT ( 'NONE',  ( 0.3389400234772336762, 0.3760314408617053683, 0.4259709299170679753 ) ) ;
#5681 = LINE ( 'NONE', #6783, #6580 ) ;
#5682 = CARTESIAN_POINT ( 'NONE',  ( 0.2090187636347028144, 0.08075585031051536744, 0.4515614810981848914 ) ) ;
#5683 = LINE ( 'NONE', #5554, #5412 ) ;
#5684 = ORIENTED_EDGE ( 'NONE', *, *, #6355, .F. ) ;
#5685 = CARTESIAN_POINT ( 'NONE',  ( 0.3625620707213385030, 0.1555589999168271176, 0.4180969141690437652 ) ) ;
#5686 = EDGE_CURVE ( 'NONE', #9807, #12322, #8529, .T. ) ;
#5687 = DIMENSIONAL_EXPONENTS ( 1.000000000000000000, 0.0000000000000000000, 0.0000000000000000000, 0.0000000000000000000, 0.0000000000000000000, 0.0000000000000000000, 0.0000000000000000000 ) ;
#5688 = CARTESIAN_POINT ( 'NONE',  ( 0.2090187636347028144, 0.08075585031051536744, 0.4397504574761375573 ) ) ;
#5689 = ORIENTED_EDGE ( 'NONE', *, *, #10895, .F. ) ;
#5690 = DIRECTION ( 'NONE',  ( -1.937287448275561202E-17, -1.000000000000000000, -8.220413448604590506E-18 ) ) ;
#5691 = AXIS2_PLACEMENT_3D ( 'NONE', #13286, #4005, #12332 ) ;
#5692 = ORIENTED_EDGE ( 'NONE', *, *, #6730, .F. ) ;
#5693 = ORIENTED_EDGE ( 'NONE', *, *, #4312, .T. ) ;
#5694 = ORIENTED_EDGE ( 'NONE', *, *, #1311, .T. ) ;
#5695 = LINE ( 'NONE', #765, #6970 ) ;
#5696 = ORIENTED_EDGE ( 'NONE', *, *, #10696, .F. ) ;
#5697 = PLANE ( 'NONE',  #3745 ) ;
#5698 = VECTOR ( 'NONE', #8630, 39.37007874015748143 ) ;
#5699 = CARTESIAN_POINT ( 'NONE',  ( 0.3290975037921824442, 0.3760314408617060900, 0.4007740795234070452 ) ) ;
#5700 = DIRECTION ( 'NONE',  ( -1.937287448275560894E-17, -1.000000000000000000, -8.220413448604736877E-18 ) ) ;
#5701 = EDGE_CURVE ( 'NONE', #11875, #7230, #7630, .T. ) ;
#5702 = ADVANCED_FACE ( 'NONE', ( #4954 ), #7830, .T. ) ;
#5703 = CARTESIAN_POINT ( 'NONE',  ( 0.1558691573354938353, 0.3681574251136630616, 0.2515614810981877114 ) ) ;
#5704 = VERTEX_POINT ( 'NONE', #6874 ) ;
#5705 = ORIENTED_EDGE ( 'NONE', *, *, #3762, .F. ) ;
#5706 = VERTEX_POINT ( 'NONE', #13149 ) ;
#5707 = ORIENTED_EDGE ( 'NONE', *, *, #3336, .F. ) ;
#5708 = AXIS2_PLACEMENT_3D ( 'NONE', #1283, #9782, #3314 ) ;
#5709 = ORIENTED_EDGE ( 'NONE', *, *, #9897, .F. ) ;
#5710 = FACE_OUTER_BOUND ( 'NONE', #5594, .T. ) ;
#5711 = PLANE ( 'NONE',  #2868 ) ;
#5712 = CARTESIAN_POINT ( 'NONE',  ( 0.2861956974003469489, 0.4081643727746309680, 0.1901441582635394756 ) ) ;
#5713 = CARTESIAN_POINT ( 'NONE',  ( 0.3305208835620726537, 0.4079514893171786172, 0.5228213236178702594 ) ) ;
#5714 = CARTESIAN_POINT ( 'NONE',  ( 0.0000000000000000000, 0.1220472440944881942, -0.05511811023622047168 ) ) ;
#5715 = CARTESIAN_POINT ( 'NONE',  ( 0.2326408108788038387, 0.08862986605855729949, 0.5011677803107907891 ) ) ;
#5716 = CARTESIAN_POINT ( 'NONE',  ( 0.09484553528826229762, 0.1555589999168268955, 0.2358134496021148940 ) ) ;
#5717 = DIMENSIONAL_EXPONENTS ( 1.000000000000000000, 0.0000000000000000000, 0.0000000000000000000, 0.0000000000000000000, 0.0000000000000000000, 0.0000000000000000000, 0.0000000000000000000 ) ;
#5718 = EDGE_CURVE ( 'NONE', #5086, #4564, #6733, .T. ) ;
#5719 = VECTOR ( 'NONE', #9121, 39.37007874015748143 ) ;
#5720 = SURFACE_STYLE_FILL_AREA ( #2628 ) ;
#5721 = EDGE_CURVE ( 'NONE', #398, #7571, #13008, .T. ) ;
#5722 = ORIENTED_EDGE ( 'NONE', *, *, #5593, .F. ) ;
#5723 = CARTESIAN_POINT ( 'NONE',  ( 0.0000000000000000000, 0.1220472440944881942, 0.0000000000000000000 ) ) ;
#5724 = VERTEX_POINT ( 'NONE', #1636 ) ;
#5725 = ORIENTED_EDGE ( 'NONE', *, *, #3138, .T. ) ;
#5726 =( LENGTH_UNIT ( ) NAMED_UNIT ( * ) SI_UNIT ( $, .METRE. ) );
#5727 = ORIENTED_EDGE ( 'NONE', *, *, #3963, .F. ) ;
#5728 = LINE ( 'NONE', #3491, #11336 ) ;
#5729 = LINE ( 'NONE', #9773, #2854 ) ;
#5730 = AXIS2_PLACEMENT_3D ( 'NONE', #4529, #3315, #9852 ) ;
#5731 = ORIENTED_EDGE ( 'NONE', *, *, #12626, .F. ) ;
#5732 = LINE ( 'NONE', #1799, #5149 ) ;
#5733 = CARTESIAN_POINT ( 'NONE',  ( 0.3625620707213385030, 0.1555589999168271176, 0.4397504574761375573 ) ) ;
#5734 = EDGE_CURVE ( 'NONE', #4622, #3082, #3798, .T. ) ;
#5735 = FACE_OUTER_BOUND ( 'NONE', #9106, .T. ) ;
#5736 = EDGE_CURVE ( 'NONE', #12020, #9435, #12136, .T. ) ;
#5737 = DIRECTION ( 'NONE',  ( -1.316334802367150653E-16, 1.000000000000000000, -1.526556658859589750E-16 ) ) ;
#5738 = ORIENTED_EDGE ( 'NONE', *, *, #1204, .F. ) ;
#5739 = ORIENTED_EDGE ( 'NONE', *, *, #9040, .T. ) ;
#5740 = PLANE ( 'NONE',  #5765 ) ;
#5741 = ORIENTED_EDGE ( 'NONE', *, *, #12475, .T. ) ;
#5742 = PRESENTATION_STYLE_ASSIGNMENT (( #11077 ) ) ;
#5743 = EDGE_CURVE ( 'NONE', #3082, #1536, #7904, .T. ) ;
#5744 = EDGE_CURVE ( 'NONE', #7196, #12528, #12069, .T. ) ;
#5745 = LINE ( 'NONE', #3713, #10590 ) ;
#5746 = SHAPE_REPRESENTATION_RELATIONSHIP ( 'NONE' , 'NONE' ,  #9936, #6210 ) ;
#5747 = LINE ( 'NONE', #3649, #75 ) ;
#5748 = PLANE ( 'NONE',  #3075 ) ;
#5749 = EDGE_CURVE ( 'NONE', #2920, #9951, #622, .T. ) ;
#5750 = ORIENTED_EDGE ( 'NONE', *, *, #6731, .T. ) ;
#5751 = DIRECTION ( 'NONE',  ( -1.937287448275560894E-17, -1.000000000000000000, -8.220413448604736877E-18 ) ) ;
#5752 = FILL_AREA_STYLE ('',( #3722 ) ) ;
#5753 = CARTESIAN_POINT ( 'NONE',  ( 0.2326408108788161344, 0.1555589999168269233, 0.2810890401533022165 ) ) ;
#5754 = ORIENTED_EDGE ( 'NONE', *, *, #7844, .F. ) ;
#5755 = UNCERTAINTY_MEASURE_WITH_UNIT (LENGTH_MEASURE( 1.000000000000000082E-05 ), #6433, 'distance_accuracy_value', 'NONE');
#5756 = AXIS2_PLACEMENT_3D ( 'NONE', #11138, #12232, #1800 ) ;
#5757 = DIRECTION ( 'NONE',  ( -1.356991020290373981E-16, 1.000000000000000000, -3.469446951953614189E-16 ) ) ;
#5758 = ORIENTED_EDGE ( 'NONE', *, *, #2880, .F. ) ;
#5759 = ORIENTED_EDGE ( 'NONE', *, *, #13298, .F. ) ;
#5760 = ORIENTED_EDGE ( 'NONE', *, *, #41, .F. ) ;
#5761 = LENGTH_MEASURE_WITH_UNIT ( LENGTH_MEASURE( 0.02539999999999999897 ), #2670 );
#5762 = EDGE_CURVE ( 'NONE', #9873, #56, #1578, .T. ) ;
#5763 = FACE_OUTER_BOUND ( 'NONE', #7706, .T. ) ;
#5764 = LINE ( 'NONE', #9047, #8099 ) ;
#5765 = AXIS2_PLACEMENT_3D ( 'NONE', #6914, #595, #7942 ) ;
#5766 = CARTESIAN_POINT ( 'NONE',  ( 0.1347607381955349126, 0.4079514893171786172, 0.1684906149564564526 ) ) ;
#5767 = DIRECTION ( 'NONE',  ( -1.000000000000000000, -1.408738150179760326E-16, 6.014894242100891909E-18 ) ) ;
#5768 = FILL_AREA_STYLE ('',( #10972 ) ) ;
#5769 = ORIENTED_EDGE ( 'NONE', *, *, #4887, .T. ) ;
#5770 = VERTEX_POINT ( 'NONE', #2673 ) ;
#5771 = ORIENTED_EDGE ( 'NONE', *, *, #13264, .F. ) ;
#5772 = EDGE_LOOP ( 'NONE', ( #6033, #12901, #1365, #11642, #7363, #1086, #495, #4992 ) ) ;
#5773 = MECHANICAL_DESIGN_GEOMETRIC_PRESENTATION_REPRESENTATION (  '', ( #7320 ), #2553 ) ;
#5774 = STYLED_ITEM ( 'NONE', ( #7475 ), #431 ) ;
#5775 = VERTEX_POINT ( 'NONE', #5699 ) ;
#5776 = DIRECTION ( 'NONE',  ( -0.0000000000000000000, -0.0000000000000000000, -1.000000000000000000 ) ) ;
#5777 = EDGE_CURVE ( 'NONE', #2150, #2516, #8027, .T. ) ;
#5778 = LINE ( 'NONE', #5712, #7322 ) ;
#5779 = DIRECTION ( 'NONE',  ( 1.000000000000000000, -1.937287448275558121E-17, 0.0000000000000000000 ) ) ;
#5780 = LINE ( 'NONE', #5849, #11276 ) ;
#5781 = CARTESIAN_POINT ( 'NONE',  ( 0.3625620707213385030, 0.1555589999168271176, 0.4732150244052678589 ) ) ;
#5782 = CARTESIAN_POINT ( 'NONE',  ( 0.1401211258394373105, 0.7897218048774069521, 0.3456559692871650769 ) ) ;
#5783 = DIRECTION ( 'NONE',  ( 1.000000000000000000, 1.316334802367150653E-16, -1.608386623408235030E-17 ) ) ;
#5784 = DIRECTION ( 'NONE',  ( -1.000000000000000000, -3.518308117683323401E-16, -2.626713979715459264E-16 ) ) ;
#5785 =( GEOMETRIC_REPRESENTATION_CONTEXT ( 3 ) GLOBAL_UNCERTAINTY_ASSIGNED_CONTEXT ( ( #4945 ) ) GLOBAL_UNIT_ASSIGNED_CONTEXT ( ( #7651, #4905, #2692 ) ) REPRESENTATION_CONTEXT ( 'NONE', 'WORKASPACE' ) );
#5786 = VERTEX_POINT ( 'NONE', #13220 ) ;
#5787 = FACE_OUTER_BOUND ( 'NONE', #2614, .T. ) ;
#5788 = ORIENTED_EDGE ( 'NONE', *, *, #4990, .T. ) ;
#5789 = UNCERTAINTY_MEASURE_WITH_UNIT (LENGTH_MEASURE( 1.000000000000000082E-05 ), #12272, 'distance_accuracy_value', 'NONE');
#5790 = CARTESIAN_POINT ( 'NONE',  ( 0.2483888423748524532, 0.3760314408617060900, 0.3062858905470076110 ) ) ;
#5791 = ORIENTED_EDGE ( 'NONE', *, *, #7007, .T. ) ;
#5792 = VERTEX_POINT ( 'NONE', #7766 ) ;
#5793 = DIRECTION ( 'NONE',  ( 3.518308117683322415E-16, -1.000000000000000000, 4.163336342344337027E-16 ) ) ;
#5794 = VECTOR ( 'NONE', #7006, 39.37007874015748143 ) ;
#5795 = DIRECTION ( 'NONE',  ( -2.626713979715461236E-16, 4.163336342344336041E-16, 1.000000000000000000 ) ) ;
#5796 = ADVANCED_FACE ( 'NONE', ( #2808 ), #1701, .F. ) ;
#5797 = ORIENTED_EDGE ( 'NONE', *, *, #9053, .F. ) ;
#5798 = EDGE_CURVE ( 'NONE', #1445, #1665, #6040, .T. ) ;
#5799 = DIRECTION ( 'NONE',  ( -3.007447121050438636E-18, -2.498001805406601723E-16, -1.000000000000000000 ) ) ;
#5800 = SURFACE_STYLE_FILL_AREA ( #3828 ) ;
#5801 = PLANE ( 'NONE',  #7074 ) ;
#5802 = PLANE ( 'NONE',  #2324 ) ;
#5803 = VECTOR ( 'NONE', #4233, 39.37007874015748143 ) ;
#5804 = DIRECTION ( 'NONE',  ( 2.626713979715461236E-16, -3.747002708109903324E-16, -1.000000000000000000 ) ) ;
#5805 = DIMENSIONAL_EXPONENTS ( 1.000000000000000000, 0.0000000000000000000, 0.0000000000000000000, 0.0000000000000000000, 0.0000000000000000000, 0.0000000000000000000, 0.0000000000000000000 ) ;
#5806 =( CONVERSION_BASED_UNIT ( 'INCH', #8139 ) LENGTH_UNIT ( ) NAMED_UNIT ( #12776 ) );
#5807 = VERTEX_POINT ( 'NONE', #10212 ) ;
#5808 = ORIENTED_EDGE ( 'NONE', *, *, #5673, .F. ) ;
#5809 = ORIENTED_EDGE ( 'NONE', *, *, #7648, .T. ) ;
#5810 = LINE ( 'NONE', #9988, #5214 ) ;
#5811 = EDGE_CURVE ( 'NONE', #4242, #12844, #8839, .T. ) ;
#5812 = DIRECTION ( 'NONE',  ( -1.000000000000000000, -1.174096724532128111E-16, 4.283287147278279229E-17 ) ) ;
#5813 = LENGTH_MEASURE_WITH_UNIT ( LENGTH_MEASURE( 0.02539999999999999897 ), #13127 );
#5814 = VECTOR ( 'NONE', #4406, 39.37007874015748854 ) ;
#5815 = PLANE ( 'NONE',  #5350 ) ;
#5816 = FACE_OUTER_BOUND ( 'NONE', #985, .T. ) ;
#5817 = FACE_OUTER_BOUND ( 'NONE', #3642, .T. ) ;
#5818 = DIRECTION ( 'NONE',  ( -1.000000000000000000, 1.937287448275558121E-17, 0.0000000000000000000 ) ) ;
#5819 = EDGE_LOOP ( 'NONE', ( #1323, #11731, #11905, #4416, #823, #4028, #3528, #8756, #3923, #6725, #7111, #7803, #1481, #12382, #5167 ) ) ;
#5820 = DIRECTION ( 'NONE',  ( 2.626713979715461236E-16, -3.747002708109903324E-16, -1.000000000000000000 ) ) ;
#5821 = FACE_OUTER_BOUND ( 'NONE', #12948, .T. ) ;
#5822 = EDGE_CURVE ( 'NONE', #3994, #12813, #11387, .T. ) ;
#5823 = VECTOR ( 'NONE', #8209, 39.37007874015748143 ) ;
#5824 = VERTEX_POINT ( 'NONE', #3003 ) ;
#5825 = EDGE_CURVE ( 'NONE', #3599, #62, #11519, .T. ) ;
#5826 = CARTESIAN_POINT ( 'NONE',  ( 0.1893337242646341567, 0.1988660865309974379, 0.4677032133816496628 ) ) ;
#5827 = VERTEX_POINT ( 'NONE', #10412 ) ;
#5828 = ORIENTED_EDGE ( 'NONE', *, *, #12915, .T. ) ;
#5829 = ORIENTED_EDGE ( 'NONE', *, *, #12835, .T. ) ;
#5830 = EDGE_CURVE ( 'NONE', #11968, #7965, #15, .T. ) ;
#5831 = LENGTH_MEASURE_WITH_UNIT ( LENGTH_MEASURE( 0.02539999999999999897 ), #9874 );
#5832 = VECTOR ( 'NONE', #1517, 39.37007874015748143 ) ;
#5833 = LINE ( 'NONE', #4826, #6561 ) ;
#5834 = CARTESIAN_POINT ( 'NONE',  ( 0.1558691573354859805, 0.1988660865309974379, 0.2669158118068501451 ) ) ;
#5835 = VECTOR ( 'NONE', #13025, 39.37007874015748143 ) ;
#5836 = DIRECTION ( 'NONE',  ( 2.626713979715461236E-16, -3.747002708109903324E-16, -1.000000000000000000 ) ) ;
#5837 =( LENGTH_UNIT ( ) NAMED_UNIT ( * ) SI_UNIT ( $, .METRE. ) );
#5838 = PRESENTATION_STYLE_ASSIGNMENT (( #1702 ) ) ;
#5839 = DIRECTION ( 'NONE',  ( -1.608386623408232256E-17, -1.526556658859589750E-16, -1.000000000000000000 ) ) ;
#5840 = ORIENTED_EDGE ( 'NONE', *, *, #6102, .T. ) ;
#5841 = VECTOR ( 'NONE', #13224, 39.37007874015748143 ) ;
#5842 = ADVANCED_FACE ( 'NONE', ( #1975 ), #6350, .T. ) ;
#5843 = CARTESIAN_POINT ( 'NONE',  ( 0.3113809683591187705, 0.5610708109404453081, 0.3299079377910985045 ) ) ;
#5844 = VERTEX_POINT ( 'NONE', #10491 ) ;
#5845 = EDGE_LOOP ( 'NONE', ( #347, #5588, #5696, #10749 ) ) ;
#5846 = ORIENTED_EDGE ( 'NONE', *, *, #8153, .T. ) ;
#5847 = PLANE ( 'NONE',  #3266 ) ;
#5848 = LINE ( 'NONE', #10027, #8065 ) ;
#5849 = CARTESIAN_POINT ( 'NONE',  ( 0.3867090523486385600, 0.1718319657960954705, 0.2973620060325707359 ) ) ;
#5850 = VECTOR ( 'NONE', #1994, 39.37007874015748143 ) ;
#5851 = CARTESIAN_POINT ( 'NONE',  ( 0.1164990785953284869, 0.3583149054286423607, 0.2669158118068501451 ) ) ;
#5852 = DIRECTION ( 'NONE',  ( 0.0000000000000000000, -0.9922778767136848366, 0.1240347345890697173 ) ) ;
#5853 = EDGE_LOOP ( 'NONE', ( #13292, #11509, #3544, #4695 ) ) ;
#5854 = CARTESIAN_POINT ( 'NONE',  ( 0.2326408108788038387, 0.3957164802317839070, 0.5228213236178702594 ) ) ;
#5855 = DIRECTION ( 'NONE',  ( 0.0000000000000000000, 8.220413448604736877E-18, -1.000000000000000000 ) ) ;
#5856 = ORIENTED_EDGE ( 'NONE', *, *, #3747, .T. ) ;
#5857 = LINE ( 'NONE', #853, #7842 ) ;
#5858 = EDGE_CURVE ( 'NONE', #5601, #11817, #9117, .T. ) ;
#5859 = ORIENTED_EDGE ( 'NONE', *, *, #5942, .F. ) ;
#5860 = VECTOR ( 'NONE', #2501, 39.37007874015748143 ) ;
#5861 = DIRECTION ( 'NONE',  ( -0.4472135954996857565, -0.8944271910000519688, 2.549099026653635891E-16 ) ) ;
#5862 = VECTOR ( 'NONE', #2812, 39.37007874015748143 ) ;
#5863 = VERTEX_POINT ( 'NONE', #12521 ) ;
#5864 =( CONVERSION_BASED_UNIT ( 'INCH', #7928 ) LENGTH_UNIT ( ) NAMED_UNIT ( #11899 ) );
#5865 = ORIENTED_EDGE ( 'NONE', *, *, #6730, .T. ) ;
#5866 = DIRECTION ( 'NONE',  ( 0.0000000000000000000, 0.0000000000000000000, -1.000000000000000000 ) ) ;
#5867 = DIRECTION ( 'NONE',  ( 0.0000000000000000000, -1.000000000000000000, 0.0000000000000000000 ) ) ;
#5868 = LINE ( 'NONE', #13041, #12951 ) ;
#5869 = DIMENSIONAL_EXPONENTS ( 1.000000000000000000, 0.0000000000000000000, 0.0000000000000000000, 0.0000000000000000000, 0.0000000000000000000, 0.0000000000000000000, 0.0000000000000000000 ) ;
#5870 = STYLED_ITEM ( 'NONE', ( #3335 ), #12597 ) ;
#5871 = LINE ( 'NONE', #11139, #1033 ) ;
#5872 = VECTOR ( 'NONE', #3294, 39.37007874015748143 ) ;
#5873 = VERTEX_POINT ( 'NONE', #4070 ) ;
#5874 = CARTESIAN_POINT ( 'NONE',  ( 0.3385463226898374756, -0.07278745677610246045, 0.2515614810981877669 ) ) ;
#5875 = ADVANCED_FACE ( 'NONE', ( #11451 ), #2179, .F. ) ;
#5876 = EDGE_CURVE ( 'NONE', #10811, #4229, #13335, .T. ) ;
#5877 = FILL_AREA_STYLE ('',( #10940 ) ) ;
#5878 = CARTESIAN_POINT ( 'NONE',  ( 0.3763415982803857696, 0.2579212046412327486, 0.1901441582635394756 ) ) ;
#5879 = ORIENTED_EDGE ( 'NONE', *, *, #11990, .F. ) ;
#5880 = EDGE_LOOP ( 'NONE', ( #1402, #1852, #11675, #5168, #8614, #129, #5970, #99 ) ) ;
#5881 = CARTESIAN_POINT ( 'NONE',  ( 0.1361841179654072198, 0.5295747479483139397, 0.4224276228305008374 ) ) ;
#5882 = ORIENTED_EDGE ( 'NONE', *, *, #695, .F. ) ;
#5883 = VECTOR ( 'NONE', #2044, 39.37007874015748143 ) ;
#5884 = VECTOR ( 'NONE', #648, 39.37007874015748143 ) ;
#5885 = CARTESIAN_POINT ( 'NONE',  ( 0.3920896297764415728, 0.1791810471609177335, 0.3259709299170829300 ) ) ;
#5886 = FILL_AREA_STYLE_COLOUR ( '', #11123 ) ;
#5887 = CARTESIAN_POINT ( 'NONE',  ( 0.07319199198118024607, 0.1555589999168268955, 0.1980181740115694311 ) ) ;
#5888 = DIRECTION ( 'NONE',  ( 1.000000000000000000, 0.0000000000000000000, 0.0000000000000000000 ) ) ;
#5889 = CARTESIAN_POINT ( 'NONE',  ( 0.3090187636347014322, 0.08075585031051527030, 0.2515614810981877114 ) ) ;
#5890 = CARTESIAN_POINT ( 'NONE',  ( 0.0000000000000000000, 0.1496062992125984370, 0.0000000000000000000 ) ) ;
#5891 = VECTOR ( 'NONE', #9069, 39.37007874015748143 ) ;
#5892 = DIRECTION ( 'NONE',  ( 4.283287147278277996E-17, 1.665334536937734318E-16, 1.000000000000000000 ) ) ;
#5893 = VECTOR ( 'NONE', #1310, 39.37007874015748143 ) ;
#5894 = AXIS2_PLACEMENT_3D ( 'NONE', #4232, #11624, #4300 ) ;
#5895 = VERTEX_POINT ( 'NONE', #12655 ) ;
#5896 = CARTESIAN_POINT ( 'NONE',  ( 0.1558691573354938631, 0.2933542755073603736, 0.2515614810981877114 ) ) ;
#5897 = CARTESIAN_POINT ( 'NONE',  ( 0.3350030156032096085, 0.5728818345624925312, 0.4440811661375588248 ) ) ;
#5898 = ADVANCED_FACE ( 'NONE', ( #265 ), #3385, .T. ) ;
#5899 = CARTESIAN_POINT ( 'NONE',  ( 0.3625620707213385585, 0.3130393148774569534, 0.2062858905469922566 ) ) ;
#5900 = EDGE_LOOP ( 'NONE', ( #13174, #4181, #1187, #3049 ) ) ;
#5901 = CARTESIAN_POINT ( 'NONE',  ( 0.3310660077292020276, 0.3839054566097366838, 0.4243961267674756233 ) ) ;
#5902 = VERTEX_POINT ( 'NONE', #3523 ) ;
#5903 = ORIENTED_EDGE ( 'NONE', *, *, #6457, .T. ) ;
#5904 = VECTOR ( 'NONE', #9148, 39.37007874015748143 ) ;
#5905 = VERTEX_POINT ( 'NONE', #5351 ) ;
#5906 = VECTOR ( 'NONE', #1881, 39.37007874015748143 ) ;
#5907 = PLANE ( 'NONE',  #8094 ) ;
#5908 = ADVANCED_FACE ( 'NONE', ( #12858, #10685 ), #11789, .T. ) ;
#5909 = ADVANCED_FACE ( 'NONE', ( #200 ), #1226, .F. ) ;
#5910 = CARTESIAN_POINT ( 'NONE',  ( 0.3090187636347014322, 0.08075585031051536744, 0.4515614810981848914 ) ) ;
#5911 = DIRECTION ( 'NONE',  ( -0.8574929257125444293, -0.5144957554275261247, -0.0000000000000000000 ) ) ;
#5912 = CARTESIAN_POINT ( 'NONE',  ( 0.3625620707213385030, 0.1555589999168270066, 0.4062858905469893811 ) ) ;
#5913 = VECTOR ( 'NONE', #2247, 39.37007874015748143 ) ;
#5914 = ADVANCED_FACE ( 'NONE', ( #5282 ), #12787, .F. ) ;
#5915 = VECTOR ( 'NONE', #9536, 39.37007874015748854 ) ;
#5916 = ORIENTED_EDGE ( 'NONE', *, *, #2364, .F. ) ;
#5917 = DIRECTION ( 'NONE',  ( 1.000000000000000000, 1.408738150179760326E-16, -6.014894242100891138E-18 ) ) ;
#5918 = ORIENTED_EDGE ( 'NONE', *, *, #10095, .T. ) ;
#5919 = EDGE_LOOP ( 'NONE', ( #629, #2038, #43, #3114 ) ) ;
#5920 = VERTEX_POINT ( 'NONE', #2248 ) ;
#5921 = PLANE ( 'NONE',  #10677 ) ;
#5922 = CIRCLE ( 'NONE', #1403, 0.04724409448818889939 ) ;
#5923 = CARTESIAN_POINT ( 'NONE',  ( 1.229468243238484423E-17, 0.1496062992125984370, -0.1003937007874015630 ) ) ;
#5924 = DIRECTION ( 'NONE',  ( 4.283287147278277996E-17, 1.665334536937734318E-16, 1.000000000000000000 ) ) ;
#5925 = EDGE_CURVE ( 'NONE', #13247, #10078, #11721, .T. ) ;
#5926 = EDGE_CURVE ( 'NONE', #1385, #12020, #12722, .T. ) ;
#5927 = DIRECTION ( 'NONE',  ( -1.000000000000000000, 1.937287448275561202E-17, 2.565854121688507820E-49 ) ) ;
#5928 = CARTESIAN_POINT ( 'NONE',  ( 0.3625620707213385585, 0.08862986605856644495, 0.2515614810981769423 ) ) ;
#5929 =( CONVERSION_BASED_UNIT ( 'INCH', #11117 ) LENGTH_UNIT ( ) NAMED_UNIT ( #7796 ) );
#5930 = LINE ( 'NONE', #4906, #12830 ) ;
#5931 = ORIENTED_EDGE ( 'NONE', *, *, #11695, .F. ) ;
#5932 = DIRECTION ( 'NONE',  ( -0.7071067811865473507, -0.7071067811865475727, 2.495801191760492629E-16 ) ) ;
#5933 = ORIENTED_EDGE ( 'NONE', *, *, #1123, .T. ) ;
#5934 = UNCERTAINTY_MEASURE_WITH_UNIT (LENGTH_MEASURE( 1.000000000000000082E-05 ), #1560, 'distance_accuracy_value', 'NONE');
#5935 = DIRECTION ( 'NONE',  ( 1.000000000000000000, 3.376070039848302092E-16, 2.359223927328455183E-16 ) ) ;
#5936 = ORIENTED_EDGE ( 'NONE', *, *, #2016, .T. ) ;
#5937 = STYLED_ITEM ( 'NONE', ( #663 ), #8124 ) ;
#5938 = FACE_OUTER_BOUND ( 'NONE', #7064, .T. ) ;
#5939 = EDGE_LOOP ( 'NONE', ( #2118, #11951, #4686, #12554 ) ) ;
#5940 = CARTESIAN_POINT ( 'NONE',  ( 0.07319199198116600746, 0.1476849841687953857, 0.2358134496021148940 ) ) ;
#5941 = CARTESIAN_POINT ( 'NONE',  ( 0.3940581337134494433, 0.3957164802317839070, 0.5228213236178702594 ) ) ;
#5942 = EDGE_CURVE ( 'NONE', #5405, #6299, #1297, .T. ) ;
#5943 = CARTESIAN_POINT ( 'NONE',  ( 0.05547545654809511728, 0.3957164802317839070, 0.1842386464525194445 ) ) ;
#5944 = STYLED_ITEM ( 'NONE', ( #5064 ), #8239 ) ;
#5945 = LINE ( 'NONE', #798, #7978 ) ;
#5946 = ORIENTED_EDGE ( 'NONE', *, *, #13157, .F. ) ;
#5947 = DIRECTION ( 'NONE',  ( -3.376070039848299626E-16, 1.000000000000000000, -4.302114220422482087E-16 ) ) ;
#5948 = CARTESIAN_POINT ( 'NONE',  ( 0.1090187636347222794, 0.08075585031049736795, 0.2515614810981877114 ) ) ;
#5949 = VERTEX_POINT ( 'NONE', #7545 ) ;
#5950 = VECTOR ( 'NONE', #10077, 39.37007874015748143 ) ;
#5951 = CARTESIAN_POINT ( 'NONE',  ( 0.2405148266268503088, 0.2264251416491177005, 0.4515614810981740113 ) ) ;
#5952 = VERTEX_POINT ( 'NONE', #1371 ) ;
#5953 = CARTESIAN_POINT ( 'NONE',  ( 0.2326408108788038387, 0.5610708109404453081, 0.3614040007832317047 ) ) ;
#5954 = CARTESIAN_POINT ( 'NONE',  ( 0.1444518345008675153, 0.05713380306640647444, 0.4397504574761375573 ) ) ;
#5955 = CARTESIAN_POINT ( 'NONE',  ( 0.08106600772921163101, 0.1555589999168269788, 0.4932937645627542000 ) ) ;
#5956 = EDGE_CURVE ( 'NONE', #1042, #6028, #11655, .T. ) ;
#5957 = FACE_OUTER_BOUND ( 'NONE', #616, .T. ) ;
#5958 = DIRECTION ( 'NONE',  ( 0.0000000000000000000, 0.0000000000000000000, 1.000000000000000000 ) ) ;
#5959 = CARTESIAN_POINT ( 'NONE',  ( 0.1027195510362847869, 0.1555589999168269788, 0.2397504574761404605 ) ) ;
#5960 = DIRECTION ( 'NONE',  ( -0.8320502943378442762, 0.0000000000000000000, 0.5547001962252283702 ) ) ;
#5961 = VECTOR ( 'NONE', #11440, 39.37007874015748143 ) ;
#5962 = VERTEX_POINT ( 'NONE', #6453 ) ;
#5963 = CARTESIAN_POINT ( 'NONE',  ( 0.1558691573354938353, 0.3681574251136630616, 0.2397504574761404605 ) ) ;
#5964 = LINE ( 'NONE', #8152, #3912 ) ;
#5965 = DIMENSIONAL_EXPONENTS ( 1.000000000000000000, 0.0000000000000000000, 0.0000000000000000000, 0.0000000000000000000, 0.0000000000000000000, 0.0000000000000000000, 0.0000000000000000000 ) ;
#5966 = FACE_OUTER_BOUND ( 'NONE', #3350, .T. ) ;
#5967 = ORIENTED_EDGE ( 'NONE', *, *, #10446, .T. ) ;
#5968 = DIRECTION ( 'NONE',  ( -0.1240347345890697173, 0.9922778767136848366, 0.0000000000000000000 ) ) ;
#5969 = ORIENTED_EDGE ( 'NONE', *, *, #7583, .F. ) ;
#5970 = ORIENTED_EDGE ( 'NONE', *, *, #13057, .T. ) ;
#5971 = EDGE_LOOP ( 'NONE', ( #9872, #7825, #2932, #6460 ) ) ;
#5972 = SURFACE_STYLE_FILL_AREA ( #8842 ) ;
#5973 = ADVANCED_FACE ( 'NONE', ( #336 ), #8566, .T. ) ;
#5974 = CARTESIAN_POINT ( 'NONE',  ( 0.3645305746583385464, 0.3760314408617050908, 0.2669158118068502006 ) ) ;
#5975 = ADVANCED_FACE ( 'NONE', ( #1436 ), #5487, .F. ) ;
#5976 = LINE ( 'NONE', #8026, #12758 ) ;
#5977 =( NAMED_UNIT ( * ) SI_UNIT ( $, .STERADIAN. ) SOLID_ANGLE_UNIT ( ) );
#5978 = CARTESIAN_POINT ( 'NONE',  ( 0.1027195510362938075, 0.1476849841687954412, 0.4180969141690438762 ) ) ;
#5979 = VECTOR ( 'NONE', #3154, 39.37007874015748143 ) ;
#5980 = DIRECTION ( 'NONE',  ( -0.0000000000000000000, -1.000000000000000000, -0.0000000000000000000 ) ) ;
#5981 = ORIENTED_EDGE ( 'NONE', *, *, #12793, .T. ) ;
#5982 = CARTESIAN_POINT ( 'NONE',  ( 0.2326408108788038387, 0.2776062440113114538, 0.5385693551139404400 ) ) ;
#5983 = ORIENTED_EDGE ( 'NONE', *, *, #5137, .T. ) ;
#5984 = ORIENTED_EDGE ( 'NONE', *, *, #1768, .F. ) ;
#5985 = VECTOR ( 'NONE', #12405, 39.37007874015748143 ) ;
#5986 = CARTESIAN_POINT ( 'NONE',  ( 0.2483888423748475960, 0.3760314408617060900, 0.2905378590509508085 ) ) ;
#5987 = EDGE_CURVE ( 'NONE', #12140, #9446, #8627, .T. ) ;
#5988 = DIRECTION ( 'NONE',  ( -1.937287448275561202E-17, -1.000000000000000000, -8.220413448604590506E-18 ) ) ;
#5989 = CARTESIAN_POINT ( 'NONE',  ( 0.4098061652095124630, 0.4297564560040105786, 0.2505015174397471900 ) ) ;
#5990 = PLANE ( 'NONE',  #11962 ) ;
#5991 = FILL_AREA_STYLE_COLOUR ( '', #2669 ) ;
#5992 = PLANE ( 'NONE',  #13163 ) ;
#5993 = LINE ( 'NONE', #12213, #1734 ) ;
#5994 = ORIENTED_EDGE ( 'NONE', *, *, #11207, .F. ) ;
#5995 = LINE ( 'NONE', #4555, #4379 ) ;
#5996 = DIRECTION ( 'NONE',  ( 1.316334802367150653E-16, -1.000000000000000000, 1.526556658859589750E-16 ) ) ;
#5997 = MECHANICAL_DESIGN_GEOMETRIC_PRESENTATION_REPRESENTATION (  '', ( #8187 ), #9278 ) ;
#5998 = DIRECTION ( 'NONE',  ( 0.0000000000000000000, 0.0000000000000000000, 1.000000000000000000 ) ) ;
#5999 = ORIENTED_EDGE ( 'NONE', *, *, #12544, .F. ) ;
#6000 = PRESENTATION_STYLE_ASSIGNMENT (( #10041 ) ) ;
#6001 = ADVANCED_FACE ( 'NONE', ( #404 ), #4540, .F. ) ;
#6002 = ADVANCED_FACE ( 'NONE', ( #2526 ), #6651, .F. ) ;
#6003 = ORIENTED_EDGE ( 'NONE', *, *, #12105, .F. ) ;
#6004 = ADVANCED_FACE ( 'NONE', ( #9861 ), #10952, .F. ) ;
#6005 = CARTESIAN_POINT ( 'NONE',  ( 0.3385463226898374756, -0.07278745677610246045, 0.2397504574761405161 ) ) ;
#6006 = DIRECTION ( 'NONE',  ( 3.518308117683322415E-16, -1.000000000000000000, 4.163336342344337027E-16 ) ) ;
#6007 = LINE ( 'NONE', #1602, #12309 ) ;
#6008 = VECTOR ( 'NONE', #9662, 39.37007874015748143 ) ;
#6009 = CARTESIAN_POINT ( 'NONE',  ( 0.0000000000000000000, 0.0000000000000000000, 0.0000000000000000000 ) ) ;
#6010 = VERTEX_POINT ( 'NONE', #4741 ) ;
#6011 = CARTESIAN_POINT ( 'NONE',  ( 0.2431035528203587259, 0.4272125432239180509, 0.2905378590509231085 ) ) ;
#6012 = CARTESIAN_POINT ( 'NONE',  ( 0.2483888423748475960, 0.1988660865309974379, 0.4007740795233794562 ) ) ;
#6013 = CARTESIAN_POINT ( 'NONE',  ( 0.3920896297764454030, 0.1476849841687954135, 0.1901441582635312044 ) ) ;
#6014 = VERTEX_POINT ( 'NONE', #7946 ) ;
#6015 = EDGE_CURVE ( 'NONE', #11413, #9586, #7886, .T. ) ;
#6016 = CARTESIAN_POINT ( 'NONE',  ( 0.1558691573354937521, 0.2421731731451574332, 0.4515614810981848359 ) ) ;
#6017 = ORIENTED_EDGE ( 'NONE', *, *, #12417, .F. ) ;
#6018 = LINE ( 'NONE', #12686, #8732 ) ;
#6019 = LINE ( 'NONE', #10063, #3399 ) ;
#6020 = APPLICATION_PROTOCOL_DEFINITION ( 'draft international standard', 'automotive_design', 1998, #1670 ) ;
#6021 = DIRECTION ( 'NONE',  ( -1.000000000000000000, -3.376070039848302092E-16, -2.359223927328455183E-16 ) ) ;
#6022 = DIRECTION ( 'NONE',  ( 0.5773502691896295058, 0.5773502691896299499, 0.5773502691896175154 ) ) ;
#6023 = AXIS2_PLACEMENT_3D ( 'NONE', #9687, #12740, #4559 ) ;
#6024 = DIRECTION ( 'NONE',  ( -1.000000000000000000, -3.518308117683324880E-16, -2.626713979715458771E-16 ) ) ;
#6025 = ORIENTED_EDGE ( 'NONE', *, *, #335, .T. ) ;
#6026 = LINE ( 'NONE', #8969, #12198 ) ;
#6027 = PRESENTATION_STYLE_ASSIGNMENT (( #3174 ) ) ;
#6028 = VERTEX_POINT ( 'NONE', #469 ) ;
#6029 = ORIENTED_EDGE ( 'NONE', *, *, #6791, .T. ) ;
#6030 = ADVANCED_FACE ( 'NONE', ( #9796 ), #5748, .T. ) ;
#6031 = DIRECTION ( 'NONE',  ( -3.518308117683322415E-16, 1.000000000000000000, -4.163336342344337027E-16 ) ) ;
#6032 = VERTEX_POINT ( 'NONE', #8891 ) ;
#6033 = ORIENTED_EDGE ( 'NONE', *, *, #5926, .F. ) ;
#6034 = VECTOR ( 'NONE', #11061, 39.37007874015748143 ) ;
#6035 = DIRECTION ( 'NONE',  ( -0.1240347345890697034, -0.9922778767136850586, 0.0000000000000000000 ) ) ;
#6036 = ORIENTED_EDGE ( 'NONE', *, *, #6379, .F. ) ;
#6037 = LINE ( 'NONE', #9826, #11906 ) ;
#6038 = DIRECTION ( 'NONE',  ( -1.000000000000000000, 0.0000000000000000000, 0.0000000000000000000 ) ) ;
#6039 = CARTESIAN_POINT ( 'NONE',  ( 0.3330345116662203342, 0.1555589999168270621, 0.4062465204682492170 ) ) ;
#6040 = LINE ( 'NONE', #9194, #7444 ) ;
#6041 = VECTOR ( 'NONE', #13024, 39.37007874015748143 ) ;
#6042 = ORIENTED_EDGE ( 'NONE', *, *, #8006, .F. ) ;
#6043 = EDGE_CURVE ( 'NONE', #1641, #7708, #8768, .T. ) ;
#6044 = EDGE_CURVE ( 'NONE', #6960, #8001, #604, .T. ) ;
#6045 = CARTESIAN_POINT ( 'NONE',  ( 0.2483888423748524532, 0.2165826219640790973, 0.4007740795234070452 ) ) ;
#6046 = ORIENTED_EDGE ( 'NONE', *, *, #4857, .F. ) ;
#6047 = ORIENTED_EDGE ( 'NONE', *, *, #6847, .F. ) ;
#6048 = VECTOR ( 'NONE', #724, 39.37007874015748143 ) ;
#6049 = EDGE_LOOP ( 'NONE', ( #5859, #11332, #1896, #8518 ) ) ;
#6050 = DIRECTION ( 'NONE',  ( 1.000000000000000000, 1.316334802367150653E-16, -1.608386623408235030E-17 ) ) ;
#6051 = VECTOR ( 'NONE', #12377, 39.37007874015748143 ) ;
#6052 = DIRECTION ( 'NONE',  ( -3.376070039848299626E-16, 1.000000000000000000, -4.302114220422482087E-16 ) ) ;
#6053 = DIRECTION ( 'NONE',  ( -3.007447121050438636E-18, -2.498001805406601723E-16, -1.000000000000000000 ) ) ;
#6054 = FILL_AREA_STYLE_COLOUR ( '', #9987 ) ;
#6055 = LINE ( 'NONE', #4088, #3738 ) ;
#6056 = CARTESIAN_POINT ( 'NONE',  ( 0.1164990785953284869, 0.2165826219640790973, 0.4243961267674800641 ) ) ;
#6057 = AXIS2_PLACEMENT_3D ( 'NONE', #4165, #11474, #4293 ) ;
#6058 = FILL_AREA_STYLE ('',( #7088 ) ) ;
#6059 = VERTEX_POINT ( 'NONE', #2729 ) ;
#6060 = FACE_OUTER_BOUND ( 'NONE', #11376, .T. ) ;
#6061 = FACE_OUTER_BOUND ( 'NONE', #10910, .T. ) ;
#6062 = VECTOR ( 'NONE', #3340, 39.37007874015748143 ) ;
#6063 = ORIENTED_EDGE ( 'NONE', *, *, #11692, .T. ) ;
#6064 = UNCERTAINTY_MEASURE_WITH_UNIT (LENGTH_MEASURE( 1.000000000000000082E-05 ), #148, 'distance_accuracy_value', 'NONE');
#6065 = DIRECTION ( 'NONE',  ( 1.038660023975395700E-16, -0.7071067811865472397, 0.7071067811865479058 ) ) ;
#6066 = EDGE_LOOP ( 'NONE', ( #7718, #790, #3659, #3457 ) ) ;
#6067 = EDGE_CURVE ( 'NONE', #9076, #13211, #2792, .T. ) ;
#6068 = VERTEX_POINT ( 'NONE', #13131 ) ;
#6069 = PLANE ( 'NONE',  #8890 ) ;
#6070 = ORIENTED_EDGE ( 'NONE', *, *, #6322, .T. ) ;
#6071 = CARTESIAN_POINT ( 'NONE',  ( 0.2385463226898389133, -0.07278745677610248821, 0.2515614810981877669 ) ) ;
#6072 = VECTOR ( 'NONE', #10351, 39.37007874015748143 ) ;
#6073 =( LENGTH_UNIT ( ) NAMED_UNIT ( * ) SI_UNIT ( $, .METRE. ) );
#6074 = EDGE_LOOP ( 'NONE', ( #9765, #11457, #11149, #7664 ) ) ;
#6075 = DIRECTION ( 'NONE',  ( -1.000000000000000000, 0.0000000000000000000, 0.0000000000000000000 ) ) ;
#6076 = DIRECTION ( 'NONE',  ( -1.000000000000000000, 0.0000000000000000000, 0.0000000000000000000 ) ) ;
#6077 = FACE_OUTER_BOUND ( 'NONE', #12540, .T. ) ;
#6078 = EDGE_CURVE ( 'NONE', #13401, #2138, #675, .T. ) ;
#6079 = LINE ( 'NONE', #1128, #1247 ) ;
#6080 = EDGE_CURVE ( 'NONE', #2337, #6677, #12924, .T. ) ;
#6081 = DIRECTION ( 'NONE',  ( -0.0000000000000000000, 0.7071067811865505703, 0.7071067811865444641 ) ) ;
#6082 = VECTOR ( 'NONE', #4472, 39.37007874015748143 ) ;
#6083 = EDGE_LOOP ( 'NONE', ( #8811, #6870, #10182, #12864 ) ) ;
#6084 = DIRECTION ( 'NONE',  ( -2.359223927328456662E-16, 3.885780586188047398E-16, 1.000000000000000000 ) ) ;
#6085 = EDGE_CURVE ( 'NONE', #5406, #10658, #4613, .T. ) ;
#6086 = LINE ( 'NONE', #10252, #305 ) ;
#6087 = EDGE_LOOP ( 'NONE', ( #2581, #2165, #6850, #11262, #8451, #2958, #13439 ) ) ;
#6088 = DIRECTION ( 'NONE',  ( 1.937287448275560894E-17, 1.000000000000000000, 8.220413448604736877E-18 ) ) ;
#6089 = EDGE_LOOP ( 'NONE', ( #3688, #8474, #2747, #8685 ) ) ;
#6090 = ORIENTED_EDGE ( 'NONE', *, *, #3926, .T. ) ;
#6091 = VECTOR ( 'NONE', #1633, 39.37007874015748143 ) ;
#6092 = DIRECTION ( 'NONE',  ( 0.0000000000000000000, -1.000000000000000000, 0.0000000000000000000 ) ) ;
#6093 = VECTOR ( 'NONE', #12222, 39.37007874015748143 ) ;
#6094 = CARTESIAN_POINT ( 'NONE',  ( 0.1558691573354937521, 0.2933542755073604291, 0.4397504574761375018 ) ) ;
#6095 = LINE ( 'NONE', #10189, #5170 ) ;
#6096 = CARTESIAN_POINT ( 'NONE',  ( 0.0000000000000000000, 0.1574803149606299191, 0.09251968503937006705 ) ) ;
#6097 = EDGE_CURVE ( 'NONE', #9791, #3794, #11356, .T. ) ;
#6098 = CARTESIAN_POINT ( 'NONE',  ( 0.3330345116662203897, 0.3130393148774569534, 0.2397504574761404605 ) ) ;
#6099 = DIRECTION ( 'NONE',  ( -1.316334802367150653E-16, 1.000000000000000000, -1.526556658859589750E-16 ) ) ;
#6100 = ORIENTED_EDGE ( 'NONE', *, *, #12593, .T. ) ;
#6101 = LINE ( 'NONE', #5897, #10018 ) ;
#6102 = EDGE_CURVE ( 'NONE', #12140, #10311, #5133, .T. ) ;
#6103 = AXIS2_PLACEMENT_3D ( 'NONE', #8204, #6285, #1142 ) ;
#6104 = STYLED_ITEM ( 'NONE', ( #899 ), #12749 ) ;
#6105 = CARTESIAN_POINT ( 'NONE',  ( 0.1208297872567766079, 0.05713380306641546030, 0.4515614810981848914 ) ) ;
#6106 = ORIENTED_EDGE ( 'NONE', *, *, #4248, .T. ) ;
#6107 = CARTESIAN_POINT ( 'NONE',  ( 0.1027195510362846897, 0.1555589999168270343, 0.4732150244052678034 ) ) ;
#6108 = ORIENTED_EDGE ( 'NONE', *, *, #11973, .F. ) ;
#6109 = ORIENTED_EDGE ( 'NONE', *, *, #4761, .T. ) ;
#6110 = DIRECTION ( 'NONE',  ( 0.0000000000000000000, -8.220413448604736877E-18, 1.000000000000000000 ) ) ;
#6111 = VERTEX_POINT ( 'NONE', #6098 ) ;
#6112 = FACE_OUTER_BOUND ( 'NONE', #2799, .T. ) ;
#6113 = CARTESIAN_POINT ( 'NONE',  ( 0.2436447235467116279, 0.5488435103960849215, 0.2669158118068456487 ) ) ;
#6114 = CIRCLE ( 'NONE', #3287, 0.05610236220472444857 ) ;
#6115 = CARTESIAN_POINT ( 'NONE',  ( 1.133039361415858100E-17, 0.1496062992125984370, -0.09251968503937006705 ) ) ;
#6117 = DIRECTION ( 'NONE',  ( 3.007447121050438636E-18, 2.498001805406601723E-16, 1.000000000000000000 ) ) ;
#6116 = VECTOR ( 'NONE', #8175, 39.37007874015748143 ) ;
#6118 = CIRCLE ( 'NONE', #7868, 0.05511811023622047861 ) ;
#6119 = DIRECTION ( 'NONE',  ( 1.937287448275561202E-17, 1.000000000000000000, 8.220413448604590506E-18 ) ) ;
#6120 = ADVANCED_FACE ( 'NONE', ( #12252 ), #5006, .F. ) ;
#6121 = DIRECTION ( 'NONE',  ( -1.592530379361729240E-34, -8.220413448604590506E-18, 1.000000000000000000 ) ) ;
#6122 = FILL_AREA_STYLE_COLOUR ( '', #832 ) ;
#6123 = LINE ( 'NONE', #12397, #5862 ) ;
#6124 = PLANE ( 'NONE',  #10297 ) ;
#6125 = PRESENTATION_LAYER_ASSIGNMENT (  '', '', ( #12017 ) ) ;
#6126 = ORIENTED_EDGE ( 'NONE', *, *, #9920, .F. ) ;
#6127 =( GEOMETRIC_REPRESENTATION_CONTEXT ( 3 ) GLOBAL_UNCERTAINTY_ASSIGNED_CONTEXT ( ( #1053 ) ) GLOBAL_UNIT_ASSIGNED_CONTEXT ( ( #12176, #13267, #12989 ) ) REPRESENTATION_CONTEXT ( 'NONE', 'WORKASPACE' ) );
#6128 = VERTEX_POINT ( 'NONE', #1882 ) ;
#6129 = ORIENTED_EDGE ( 'NONE', *, *, #617, .T. ) ;
#6130 = LINE ( 'NONE', #13424, #4578 ) ;
#6131 = DIRECTION ( 'NONE',  ( 1.000000000000000000, 0.0000000000000000000, 0.0000000000000000000 ) ) ;
#6132 = CARTESIAN_POINT ( 'NONE',  ( 0.1342156140284146149, 0.3760314408617050908, 0.2590417960588140556 ) ) ;
#6133 = ADVANCED_FACE ( 'NONE', ( #10268 ), #11292, .F. ) ;
#6134 = DIRECTION ( 'NONE',  ( -0.3511234415877494963, -0.9363291775692853536, 2.975952440747242502E-16 ) ) ;
#6135 = DIRECTION ( 'NONE',  ( -2.359223927328456662E-16, 3.885780586188047398E-16, 1.000000000000000000 ) ) ;
#6136 = ADVANCED_FACE ( 'NONE', ( #13270 ), #813, .F. ) ;
#6137 = VECTOR ( 'NONE', #158, 39.37007874015748143 ) ;
#6138 = CARTESIAN_POINT ( 'NONE',  ( 0.2074316603377436841, 0.5295747479483142728, 0.2669158118068457042 ) ) ;
#6139 = CARTESIAN_POINT ( 'NONE',  ( 0.2208297872567572262, 0.05713380306641549500, 0.4515614810981848914 ) ) ;
#6140 = ORIENTED_EDGE ( 'NONE', *, *, #12026, .T. ) ;
#6141 = DIRECTION ( 'NONE',  ( 1.000000000000000000, 1.174096724532128111E-16, -4.283287147278279229E-17 ) ) ;
#6142 = CARTESIAN_POINT ( 'NONE',  ( 0.2129557715087250780, 0.1279999447987147931, 0.1901441582635394756 ) ) ;
#6143 = DIRECTION ( 'NONE',  ( 1.000000000000000000, 0.0000000000000000000, 0.0000000000000000000 ) ) ;
#6144 = ORIENTED_EDGE ( 'NONE', *, *, #4098, .T. ) ;
#6145 = VERTEX_POINT ( 'NONE', #11159 ) ;
#6146 = CARTESIAN_POINT ( 'NONE',  ( 0.2326408108788038387, 0.2185511259010752549, 0.5385693551139404400 ) ) ;
#6147 =( GEOMETRIC_REPRESENTATION_CONTEXT ( 3 ) GLOBAL_UNCERTAINTY_ASSIGNED_CONTEXT ( ( #100 ) ) GLOBAL_UNIT_ASSIGNED_CONTEXT ( ( #694, #3602, #7829 ) ) REPRESENTATION_CONTEXT ( 'NONE', 'WORKASPACE' ) );
#6148 = AXIS2_PLACEMENT_3D ( 'NONE', #959, #10127, #9243 ) ;
#6149 = ORIENTED_EDGE ( 'NONE', *, *, #10530, .T. ) ;
#6150 = DIRECTION ( 'NONE',  ( 1.000000000000000000, 0.0000000000000000000, 0.0000000000000000000 ) ) ;
#6151 = EDGE_CURVE ( 'NONE', #13005, #12796, #6114, .T. ) ;
#6152 = EDGE_CURVE ( 'NONE', #7532, #6404, #9099, .T. ) ;
#6153 = DIMENSIONAL_EXPONENTS ( 1.000000000000000000, 0.0000000000000000000, 0.0000000000000000000, 0.0000000000000000000, 0.0000000000000000000, 0.0000000000000000000, 0.0000000000000000000 ) ;
#6154 = CARTESIAN_POINT ( 'NONE',  ( 0.1558691573354859805, 0.3760314408617060900, 0.2669158118068501451 ) ) ;
#6155 = AXIS2_PLACEMENT_3D ( 'NONE', #2659, #2796, #6927 ) ;
#6156 = VERTEX_POINT ( 'NONE', #8349 ) ;
#6157 = DIRECTION ( 'NONE',  ( 0.0000000000000000000, 0.0000000000000000000, -1.000000000000000000 ) ) ;
#6158 = DIRECTION ( 'NONE',  ( 1.000000000000000000, -1.937287448275561202E-17, 1.224646799147353207E-16 ) ) ;
#6159 = ORIENTED_EDGE ( 'NONE', *, *, #6097, .T. ) ;
#6160 = CARTESIAN_POINT ( 'NONE',  ( 0.2405148266268503088, 0.1555589999168270621, 0.4456559692871469025 ) ) ;
#6161 = ORIENTED_EDGE ( 'NONE', *, *, #8564, .F. ) ;
#6162 = CARTESIAN_POINT ( 'NONE',  ( 0.3313688544887175014, 0.2185511259010752549, 0.4937480347020916649 ) ) ;
#6163 = AXIS2_PLACEMENT_3D ( 'NONE', #12303, #3160, #7249 ) ;
#6164 =( NAMED_UNIT ( * ) PLANE_ANGLE_UNIT ( ) SI_UNIT ( $, .RADIAN. ) );
#6165 = CONTEXT_DEPENDENT_SHAPE_REPRESENTATION ( #8873, #3295 ) ;
#6166 = EDGE_CURVE ( 'NONE', #5577, #8579, #886, .T. ) ;
#6167 = FACE_OUTER_BOUND ( 'NONE', #9679, .T. ) ;
#6168 = CARTESIAN_POINT ( 'NONE',  ( 0.3562628581229010938, 0.08862986605856656985, 0.4397504574761376683 ) ) ;
#6169 = LINE ( 'NONE', #5397, #9639 ) ;
#6170 = ORIENTED_EDGE ( 'NONE', *, *, #4312, .F. ) ;
#6171 = VECTOR ( 'NONE', #4766, 39.37007874015748143 ) ;
#6172 = ORIENTED_EDGE ( 'NONE', *, *, #5082, .T. ) ;
#6173 = DIRECTION ( 'NONE',  ( 0.0000000000000000000, 0.0000000000000000000, 1.000000000000000000 ) ) ;
#6174 = ORIENTED_EDGE ( 'NONE', *, *, #2438, .T. ) ;
#6175 = ORIENTED_EDGE ( 'NONE', *, *, #4253, .T. ) ;
#6176 = ADVANCED_FACE ( 'NONE', ( #1819 ), #2035, .T. ) ;
#6177 = CARTESIAN_POINT ( 'NONE',  ( 0.2483888423748524532, 0.3760314408617060900, 0.2236087251926805186 ) ) ;
#6178 = EDGE_CURVE ( 'NONE', #1837, #1491, #13395, .T. ) ;
#6179 = ORIENTED_EDGE ( 'NONE', *, *, #2874, .T. ) ;
#6180 = SURFACE_STYLE_USAGE ( .BOTH. , #9386 ) ;
#6181 = DIRECTION ( 'NONE',  ( 1.000000000000000000, 0.0000000000000000000, 0.0000000000000000000 ) ) ;
#6182 = AXIS2_PLACEMENT_3D ( 'NONE', #4061, #2992, #7336 ) ;
#6183 = PLANE ( 'NONE',  #13011 ) ;
#6184 = FILL_AREA_STYLE ('',( #6245 ) ) ;
#6185 = LINE ( 'NONE', #5352, #4772 ) ;
#6186 = ORIENTED_EDGE ( 'NONE', *, *, #7629, .F. ) ;
#6187 = VECTOR ( 'NONE', #4831, 39.37007874015748143 ) ;
#6188 = ORIENTED_EDGE ( 'NONE', *, *, #4452, .F. ) ;
#6189 = EDGE_CURVE ( 'NONE', #1639, #2138, #6169, .T. ) ;
#6190 = CARTESIAN_POINT ( 'NONE',  ( 0.3330345116662203342, 0.1555589999168270621, 0.4062465204682492170 ) ) ;
#6191 = CARTESIAN_POINT ( 'NONE',  ( 0.2483888423748524532, 0.3760314408617060900, 0.3161284102320469636 ) ) ;
#6192 = CARTESIAN_POINT ( 'NONE',  ( 0.2090187636347251854, 0.08862986605855749378, 0.4854197488147191653 ) ) ;
#6193 = CARTESIAN_POINT ( 'NONE',  ( 0.1090187636347222100, 0.08075585031049740958, 0.4515614810981848914 ) ) ;
#6194 = CARTESIAN_POINT ( 'NONE',  ( 0.07319199198118010730, 0.1476849841687953580, 0.1901441582635378935 ) ) ;
#6195 = CARTESIAN_POINT ( 'NONE',  ( 0.2326408108788125817, -0.1446865674942330593, 0.2397504574761405161 ) ) ;
#6196 =( NAMED_UNIT ( * ) PLANE_ANGLE_UNIT ( ) SI_UNIT ( $, .RADIAN. ) );
#6197 = DIRECTION ( 'NONE',  ( 1.000000000000000000, 0.0000000000000000000, 0.0000000000000000000 ) ) ;
#6198 = VERTEX_POINT ( 'NONE', #8680 ) ;
#6199 = CARTESIAN_POINT ( 'NONE',  ( 0.3385463226898374756, -0.07278745677610246045, 0.2397504574761405161 ) ) ;
#6200 = VERTEX_POINT ( 'NONE', #4318 ) ;
#6201 = UNCERTAINTY_MEASURE_WITH_UNIT (LENGTH_MEASURE( 1.000000000000000082E-05 ), #670, 'distance_accuracy_value', 'NONE');
#6202 = ORIENTED_EDGE ( 'NONE', *, *, #12287, .T. ) ;
#6203 =( CONVERSION_BASED_UNIT ( 'INCH', #2270 ) LENGTH_UNIT ( ) NAMED_UNIT ( #4506 ) );
#6204 = VERTEX_POINT ( 'NONE', #3310 ) ;
#6205 = VECTOR ( 'NONE', #2079, 39.37007874015748143 ) ;
#6206 = EDGE_CURVE ( 'NONE', #5619, #12004, #12839, .T. ) ;
#6207 = ORIENTED_EDGE ( 'NONE', *, *, #3359, .F. ) ;
#6208 = LINE ( 'NONE', #4169, #10244 ) ;
#6209 = ORIENTED_EDGE ( 'NONE', *, *, #1198, .T. ) ;
#6210 = ADVANCED_BREP_SHAPE_REPRESENTATION ( '', ( #12597, #5463 ), #4609 ) ;
#6211 = CARTESIAN_POINT ( 'NONE',  ( 0.3562628581229011493, 0.08862986605856644495, 0.2397504574761404883 ) ) ;
#6212 = VECTOR ( 'NONE', #3014, 39.37007874015748143 ) ;
#6213 = VECTOR ( 'NONE', #11822, 39.37007874015748143 ) ;
#6214 = CARTESIAN_POINT ( 'NONE',  ( 0.3468140392252720416, 0.1555589999168270066, 0.2180969141690466684 ) ) ;
#6215 =( NAMED_UNIT ( * ) SI_UNIT ( $, .STERADIAN. ) SOLID_ANGLE_UNIT ( ) );
#6216 = LINE ( 'NONE', #13385, #524 ) ;
#6217 = ORIENTED_EDGE ( 'NONE', *, *, #5571, .T. ) ;
#6218 = EDGE_CURVE ( 'NONE', #11405, #6703, #7462, .T. ) ;
#6219 = CARTESIAN_POINT ( 'NONE',  ( 0.2326408108788038387, 0.4272125432239180509, 0.3456559692871650769 ) ) ;
#6220 = ADVANCED_FACE ( 'NONE', ( #3372 ), #5539, .T. ) ;
#6221 = VERTEX_POINT ( 'NONE', #4389 ) ;
#6222 = CARTESIAN_POINT ( 'NONE',  ( 0.05547545654809511728, 0.3957164802317839070, 0.5070732921218072953 ) ) ;
#6223 = VECTOR ( 'NONE', #12941, 39.37007874015748143 ) ;
#6224 = LINE ( 'NONE', #13328, #13073 ) ;
#6225 = AXIS2_PLACEMENT_3D ( 'NONE', #2687, #1898, #7845 ) ;
#6226 = FACE_OUTER_BOUND ( 'NONE', #12712, .T. ) ;
#6227 = CARTESIAN_POINT ( 'NONE',  ( 0.2326408108788038387, 0.1988660865309964110, 0.1527425834603898525 ) ) ;
#6228 = CARTESIAN_POINT ( 'NONE',  ( 0.0000000000000000000, 0.1220472440944881942, 0.0000000000000000000 ) ) ;
#6229 = VECTOR ( 'NONE', #11553, 39.37007874015748143 ) ;
#6230 = VERTEX_POINT ( 'NONE', #8477 ) ;
#6231 = DIRECTION ( 'NONE',  ( -2.626713979715461236E-16, 4.163336342344336041E-16, 1.000000000000000000 ) ) ;
#6232 = ORIENTED_EDGE ( 'NONE', *, *, #10653, .F. ) ;
#6233 = CARTESIAN_POINT ( 'NONE',  ( 0.08106600772921163101, 0.1555589999168269233, 0.4358134496021299764 ) ) ;
#6234 = EDGE_CURVE ( 'NONE', #11780, #2657, #9441, .T. ) ;
#6235 = ORIENTED_EDGE ( 'NONE', *, *, #7927, .T. ) ;
#6236 = ORIENTED_EDGE ( 'NONE', *, *, #4716, .T. ) ;
#6237 = FACE_OUTER_BOUND ( 'NONE', #5033, .T. ) ;
#6238 = VERTEX_POINT ( 'NONE', #4251 ) ;
#6239 = SURFACE_STYLE_FILL_AREA ( #8290 ) ;
#6240 = AXIS2_PLACEMENT_3D ( 'NONE', #7480, #3526, #10557 ) ;
#6241 = CARTESIAN_POINT ( 'NONE',  ( 0.2326408108788038387, 0.5295747479483139397, 0.3456559692871650769 ) ) ;
#6242 = CARTESIAN_POINT ( 'NONE',  ( 0.2208297872567572262, 0.05713380306641549500, 0.4515614810981848914 ) ) ;
#6243 = DIRECTION ( 'NONE',  ( 0.0000000000000000000, 0.0000000000000000000, -1.000000000000000000 ) ) ;
#6244 = CARTESIAN_POINT ( 'NONE',  ( 0.4098061652095124630, 0.08862986605855729949, 0.2078606936966139462 ) ) ;
#6245 = FILL_AREA_STYLE_COLOUR ( '', #11600 ) ;
#6246 = EDGE_CURVE ( 'NONE', #9506, #11379, #10469, .T. ) ;
#6247 = EDGE_CURVE ( 'NONE', #591, #10726, #10538, .T. ) ;
#6248 = DIRECTION ( 'NONE',  ( 1.174096724532128111E-16, -1.000000000000000000, 1.665334536937734318E-16 ) ) ;
#6249 = AXIS2_PLACEMENT_3D ( 'NONE', #9226, #7307, #6270 ) ;
#6250 = FILL_AREA_STYLE ('',( #3332 ) ) ;
#6251 = EDGE_CURVE ( 'NONE', #11379, #5873, #10669, .T. ) ;
#6252 = ORIENTED_EDGE ( 'NONE', *, *, #11058, .T. ) ;
#6253 = DIRECTION ( 'NONE',  ( -4.283287147278277996E-17, -1.665334536937734318E-16, -1.000000000000000000 ) ) ;
#6254 =( NAMED_UNIT ( * ) PLANE_ANGLE_UNIT ( ) SI_UNIT ( $, .RADIAN. ) );
#6255 = AXIS2_PLACEMENT_3D ( 'NONE', #10918, #4842, #12143 ) ;
#6256 = CARTESIAN_POINT ( 'NONE',  ( 0.3625620707213385030, 0.1555589999168270066, 0.4102228984210123386 ) ) ;
#6257 = DIRECTION ( 'NONE',  ( 0.4472135954996859786, 0.8944271910000517467, -1.437323020767006896E-16 ) ) ;
#6258 = PLANE ( 'NONE',  #4178 ) ;
#6259 = EDGE_CURVE ( 'NONE', #2911, #9640, #2439, .T. ) ;
#6260 = LINE ( 'NONE', #288, #11547 ) ;
#6261 = VERTEX_POINT ( 'NONE', #5332 ) ;
#6262 = CARTESIAN_POINT ( 'NONE',  ( 0.2221780689370911888, 0.1988660865309974379, 0.4007740795233771247 ) ) ;
#6263 = ORIENTED_EDGE ( 'NONE', *, *, #11835, .T. ) ;
#6264 = DIRECTION ( 'NONE',  ( 0.0000000000000000000, 0.0000000000000000000, 1.000000000000000000 ) ) ;
#6265 = ORIENTED_EDGE ( 'NONE', *, *, #5007, .F. ) ;
#6266 = VECTOR ( 'NONE', #7577, 39.37007874015748143 ) ;
#6267 = DIRECTION ( 'NONE',  ( 1.000000000000000000, 3.376070039848302092E-16, 2.359223927328455183E-16 ) ) ;
#6268 = EDGE_LOOP ( 'NONE', ( #11648, #4604, #4651, #4398, #11892 ) ) ;
#6269 = LINE ( 'NONE', #10442, #1561 ) ;
#6270 = DIRECTION ( 'NONE',  ( 0.0000000000000000000, 0.0000000000000000000, 1.000000000000000000 ) ) ;
#6271 = LINE ( 'NONE', #2078, #7882 ) ;
#6272 = VECTOR ( 'NONE', #12622, 39.37007874015748143 ) ;
#6273 =( NAMED_UNIT ( * ) SI_UNIT ( $, .STERADIAN. ) SOLID_ANGLE_UNIT ( ) );
#6274 = PRESENTATION_LAYER_ASSIGNMENT (  '', '', ( #11748 ) ) ;
#6275 = EDGE_CURVE ( 'NONE', #9295, #13035, #10741, .T. ) ;
#6276 = DIRECTION ( 'NONE',  ( -0.9922778767136849476, 0.1240347345890697311, 0.0000000000000000000 ) ) ;
#6277 = DIRECTION ( 'NONE',  ( 0.0000000000000000000, 0.0000000000000000000, -1.000000000000000000 ) ) ;
#6278 = ORIENTED_EDGE ( 'NONE', *, *, #6760, .F. ) ;
#6279 = DIRECTION ( 'NONE',  ( 0.0000000000000000000, 0.0000000000000000000, -1.000000000000000000 ) ) ;
#6280 = VERTEX_POINT ( 'NONE', #2297 ) ;
#6281 = VECTOR ( 'NONE', #3542, 39.37007874015748143 ) ;
#6282 = PLANE ( 'NONE',  #2940 ) ;
#6283 = ORIENTED_EDGE ( 'NONE', *, *, #4079, .T. ) ;
#6284 = DIRECTION ( 'NONE',  ( 3.518308117683322415E-16, -1.000000000000000000, 4.163336342344337027E-16 ) ) ;
#6285 = DIRECTION ( 'NONE',  ( 1.000000000000000000, 0.0000000000000000000, 0.0000000000000000000 ) ) ;
#6286 = ORIENTED_EDGE ( 'NONE', *, *, #1440, .F. ) ;
#6287 = LINE ( 'NONE', #10261, #2801 ) ;
#6288 = DIRECTION ( 'NONE',  ( 0.0000000000000000000, 1.000000000000000000, 0.0000000000000000000 ) ) ;
#6289 = AXIS2_PLACEMENT_3D ( 'NONE', #4471, #11854, #3524 ) ;
#6290 = EDGE_CURVE ( 'NONE', #4803, #10766, #6434, .T. ) ;
#6291 = CARTESIAN_POINT ( 'NONE',  ( 0.07319199198116600746, 0.3760314408617050908, 0.3456559692871650769 ) ) ;
#6292 = CARTESIAN_POINT ( 'NONE',  ( 0.2916959289890400653, 0.1083149054286360186, 0.2019551818855939151 ) ) ;
#6293 = EDGE_CURVE ( 'NONE', #9774, #703, #11500, .T. ) ;
#6294 =( CONVERSION_BASED_UNIT ( 'INCH', #5135 ) LENGTH_UNIT ( ) NAMED_UNIT ( #11756 ) );
#6295 = ORIENTED_EDGE ( 'NONE', *, *, #5407, .T. ) ;
#6296 = LINE ( 'NONE', #6107, #7487 ) ;
#6297 = ORIENTED_EDGE ( 'NONE', *, *, #2908, .F. ) ;
#6298 = VECTOR ( 'NONE', #1099, 39.37007874015748143 ) ;
#6299 = VERTEX_POINT ( 'NONE', #2367 ) ;
#6300 = VECTOR ( 'NONE', #11161, 39.37007874015748143 ) ;
#6301 = CARTESIAN_POINT ( 'NONE',  ( 0.3625620707213385585, 0.1476849841687954967, 0.4180969141690438762 ) ) ;
#6302 = ORIENTED_EDGE ( 'NONE', *, *, #44, .T. ) ;
#6303 = PLANE ( 'NONE',  #12860 ) ;
#6304 = PLANE ( 'NONE',  #2112 ) ;
#6305 = DIRECTION ( 'NONE',  ( 1.000000000000000000, -0.0000000000000000000, 1.224646799147353207E-16 ) ) ;
#6306 = CARTESIAN_POINT ( 'NONE',  ( 0.2916959289890523888, 0.2441416770821812909, 0.3456559692871528089 ) ) ;
#6307 = LINE ( 'NONE', #10489, #10729 ) ;
#6308 = SURFACE_STYLE_USAGE ( .BOTH. , #11838 ) ;
#6309 = CARTESIAN_POINT ( 'NONE',  ( 0.2458477509850344467, 0.5467386531770956903, 0.4243961267674756233 ) ) ;
#6310 = DIRECTION ( 'NONE',  ( 4.283287147278277996E-17, 1.665334536937734318E-16, 1.000000000000000000 ) ) ;
#6311 = ADVANCED_FACE ( 'NONE', ( #6506 ), #5470, .F. ) ;
#6312 = AXIS2_PLACEMENT_3D ( 'NONE', #7539, #11582, #12649 ) ;
#6313 = VECTOR ( 'NONE', #4509, 39.37007874015748143 ) ;
#6314 = CARTESIAN_POINT ( 'NONE',  ( 0.2405148266268501978, 0.1555589999168269788, 0.4850260480273043129 ) ) ;
#6315 = DIRECTION ( 'NONE',  ( -1.608386623408232256E-17, -1.526556658859589750E-16, -1.000000000000000000 ) ) ;
#6316 = ORIENTED_EDGE ( 'NONE', *, *, #8471, .F. ) ;
#6317 = ORIENTED_EDGE ( 'NONE', *, *, #9688, .T. ) ;
#6318 = DIMENSIONAL_EXPONENTS ( 1.000000000000000000, 0.0000000000000000000, 0.0000000000000000000, 0.0000000000000000000, 0.0000000000000000000, 0.0000000000000000000, 0.0000000000000000000 ) ;
#6319 = VECTOR ( 'NONE', #11732, 39.37007874015748143 ) ;
#6320 = MECHANICAL_DESIGN_GEOMETRIC_PRESENTATION_REPRESENTATION (  '', ( #6104 ), #7410 ) ;
#6321 = DIRECTION ( 'NONE',  ( 5.273376169246161374E-17, -0.7071067811865473507, -0.7071067811865475727 ) ) ;
#6322 = EDGE_CURVE ( 'NONE', #11343, #11246, #3436, .T. ) ;
#6323 = VECTOR ( 'NONE', #2251, 39.37007874015748143 ) ;
#6324 = DIRECTION ( 'NONE',  ( 0.0000000000000000000, 8.220413448604736877E-18, -1.000000000000000000 ) ) ;
#6325 = EDGE_CURVE ( 'NONE', #2873, #2023, #2230, .T. ) ;
#6326 = LINE ( 'NONE', #11463, #7650 ) ;
#6327 = CARTESIAN_POINT ( 'NONE',  ( 0.2090187636347251854, 0.08862986605855742439, 0.2058921897596044936 ) ) ;
#6328 = PLANE ( 'NONE',  #9048 ) ;
#6329 = LINE ( 'NONE', #9685, #7145 ) ;
#6330 = CARTESIAN_POINT ( 'NONE',  ( 0.2956329368630823962, 0.08862986605855746602, 0.3456559692871707390 ) ) ;
#6331 = EDGE_CURVE ( 'NONE', #9298, #4836, #3769, .T. ) ;
#6332 = SURFACE_STYLE_FILL_AREA ( #12536 ) ;
#6333 = DIRECTION ( 'NONE',  ( 0.0000000000000000000, -1.000000000000000000, 0.0000000000000000000 ) ) ;
#6334 = ORIENTED_EDGE ( 'NONE', *, *, #8995, .F. ) ;
#6335 = VECTOR ( 'NONE', #4303, 39.37007874015748143 ) ;
#6336 = VECTOR ( 'NONE', #10126, 39.37007874015748143 ) ;
#6337 = VECTOR ( 'NONE', #635, 39.37007874015748143 ) ;
#6338 = DIRECTION ( 'NONE',  ( 0.0000000000000000000, -1.000000000000000000, 0.0000000000000000000 ) ) ;
#6339 = EDGE_LOOP ( 'NONE', ( #2683, #1219, #9959, #13186 ) ) ;
#6340 = UNCERTAINTY_MEASURE_WITH_UNIT (LENGTH_MEASURE( 1.000000000000000082E-05 ), #6203, 'distance_accuracy_value', 'NONE');
#6341 = PLANE ( 'NONE',  #6057 ) ;
#6342 = ORIENTED_EDGE ( 'NONE', *, *, #2865, .F. ) ;
#6343 = ORIENTED_EDGE ( 'NONE', *, *, #4956, .T. ) ;
#6344 = EDGE_CURVE ( 'NONE', #6407, #2425, #6844, .T. ) ;
#6345 = DIRECTION ( 'NONE',  ( 3.518308117683322415E-16, -1.000000000000000000, 4.163336342344337027E-16 ) ) ;
#6346 = EDGE_CURVE ( 'NONE', #2150, #9076, #6906, .T. ) ;
#6347 = STYLED_ITEM ( 'NONE', ( #10048 ), #6947 ) ;
#6348 =( NAMED_UNIT ( * ) PLANE_ANGLE_UNIT ( ) SI_UNIT ( $, .RADIAN. ) );
#6349 = DIRECTION ( 'NONE',  ( 4.283287147278277996E-17, 1.665334536937734318E-16, 1.000000000000000000 ) ) ;
#6350 = TOROIDAL_SURFACE ( 'NONE', #1382, 0.04724409448818891327, 0.007874015748031506362 ) ;
#6351 =( GEOMETRIC_REPRESENTATION_CONTEXT ( 3 ) GLOBAL_UNCERTAINTY_ASSIGNED_CONTEXT ( ( #13437 ) ) GLOBAL_UNIT_ASSIGNED_CONTEXT ( ( #9514, #4536, #12854 ) ) REPRESENTATION_CONTEXT ( 'NONE', 'WORKASPACE' ) );
#6352 = FACE_OUTER_BOUND ( 'NONE', #9749, .T. ) ;
#6353 = CARTESIAN_POINT ( 'NONE',  ( 0.2956329368630823962, 0.08862986605855729949, 0.5011677803107907891 ) ) ;
#6354 = CARTESIAN_POINT ( 'NONE',  ( 0.3468140392252652138, 0.1791810471609177335, 0.3653410086572472792 ) ) ;
#6355 = EDGE_CURVE ( 'NONE', #2701, #8047, #12234, .T. ) ;
#6356 = DIRECTION ( 'NONE',  ( -1.000000000000000000, 1.937287448275561202E-17, 2.565854121688507820E-49 ) ) ;
#6357 = AXIS2_PLACEMENT_3D ( 'NONE', #8075, #13338, #7188 ) ;
#6358 = ORIENTED_EDGE ( 'NONE', *, *, #939, .F. ) ;
#6359 = LINE ( 'NONE', #704, #11628 ) ;
#6360 = LINE ( 'NONE', #12427, #10015 ) ;
#6361 = VERTEX_POINT ( 'NONE', #10113 ) ;
#6362 = LINE ( 'NONE', #9299, #7625 ) ;
#6363 = DIRECTION ( 'NONE',  ( 0.0000000000000000000, 8.220413448604736877E-18, -1.000000000000000000 ) ) ;
#6364 = EDGE_CURVE ( 'NONE', #10630, #9604, #4923, .T. ) ;
#6365 = ORIENTED_EDGE ( 'NONE', *, *, #4089, .T. ) ;
#6366 = DIRECTION ( 'NONE',  ( -1.000000000000000000, -1.408738150179760326E-16, 6.014894242100891138E-18 ) ) ;
#6367 = SURFACE_STYLE_FILL_AREA ( #7259 ) ;
#6368 = VECTOR ( 'NONE', #819, 39.37007874015748143 ) ;
#6369 = DIRECTION ( 'NONE',  ( -1.316334802367150653E-16, 1.000000000000000000, -1.526556658859589750E-16 ) ) ;
#6370 = CARTESIAN_POINT ( 'NONE',  ( 0.3920896297764415728, 0.1949290786569807254, 0.3810890401533105210 ) ) ;
#6371 = ORIENTED_EDGE ( 'NONE', *, *, #3336, .T. ) ;
#6372 = CARTESIAN_POINT ( 'NONE',  ( 0.3625620707213385585, 0.1555589999168270066, 0.2732150244052707344 ) ) ;
#6373 = LINE ( 'NONE', #12842, #7467 ) ;
#6374 = COLOUR_RGB ( '',0.2509803921568627416, 0.2509803921568627416, 0.2509803921568627416 ) ;
#6375 = CARTESIAN_POINT ( 'NONE',  ( 0.07319199198116600746, 0.05713380306642412698, 0.4991992763737758132 ) ) ;
#6376 = VERTEX_POINT ( 'NONE', #1867 ) ;
#6377 = ORIENTED_EDGE ( 'NONE', *, *, #804, .F. ) ;
#6378 = CARTESIAN_POINT ( 'NONE',  ( 0.2326408108788038387, 0.7776062440113159502, 0.2905378590509447023 ) ) ;
#6379 = EDGE_CURVE ( 'NONE', #5827, #485, #13380, .T. ) ;
#6380 = ORIENTED_EDGE ( 'NONE', *, *, #1077, .F. ) ;
#6381 = CARTESIAN_POINT ( 'NONE',  ( 0.4255541967055790908, 0.1988660865309964110, 0.3771520322792893953 ) ) ;
#6382 = CARTESIAN_POINT ( 'NONE',  ( 0.1558691573355117932, 0.2264251416490908608, 0.2515614810981877114 ) ) ;
#6383 = DIRECTION ( 'NONE',  ( 0.0000000000000000000, -1.000000000000000000, 0.0000000000000000000 ) ) ;
#6384 = PLANE ( 'NONE',  #11690 ) ;
#6385 = MECHANICAL_DESIGN_GEOMETRIC_PRESENTATION_REPRESENTATION (  '', ( #3557 ), #1186 ) ;
#6386 = DIRECTION ( 'NONE',  ( 0.0000000000000000000, 0.0000000000000000000, 1.000000000000000000 ) ) ;
#6387 =( LENGTH_UNIT ( ) NAMED_UNIT ( * ) SI_UNIT ( $, .METRE. ) );
#6388 = DIRECTION ( 'NONE',  ( 1.000000000000000000, 1.316334802367150653E-16, -1.608386623408235030E-17 ) ) ;
#6389 = LINE ( 'NONE', #1377, #11995 ) ;
#6390 = SURFACE_SIDE_STYLE ('',( #20 ) ) ;
#6391 = VERTEX_POINT ( 'NONE', #8263 ) ;
#6392 = EDGE_CURVE ( 'NONE', #5807, #1665, #2838, .T. ) ;
#6393 = VECTOR ( 'NONE', #8285, 39.37007874015748143 ) ;
#6394 = EDGE_CURVE ( 'NONE', #10915, #9935, #9154, .T. ) ;
#6395 = ORIENTED_EDGE ( 'NONE', *, *, #4528, .F. ) ;
#6396 = DIRECTION ( 'NONE',  ( -1.000000000000000000, 1.937287448275558121E-17, 0.0000000000000000000 ) ) ;
#6397 = LINE ( 'NONE', #6191, #249 ) ;
#6398 = DIRECTION ( 'NONE',  ( 1.000000000000000000, 0.0000000000000000000, 0.0000000000000000000 ) ) ;
#6399 = DIRECTION ( 'NONE',  ( 0.0000000000000000000, 0.7999999999998903544, -0.6000000000001461942 ) ) ;
#6400 = LINE ( 'NONE', #8511, #8752 ) ;
#6401 = ORIENTED_EDGE ( 'NONE', *, *, #7424, .T. ) ;
#6402 = LINE ( 'NONE', #11615, #8881 ) ;
#6403 = VERTEX_POINT ( 'NONE', #8133 ) ;
#6404 = VERTEX_POINT ( 'NONE', #9291 ) ;
#6405 = ORIENTED_EDGE ( 'NONE', *, *, #4734, .F. ) ;
#6406 = ADVANCED_FACE ( 'NONE', ( #2970, #13448 ), #2081, .F. ) ;
#6407 = VERTEX_POINT ( 'NONE', #6214 ) ;
#6408 = DIRECTION ( 'NONE',  ( 0.0000000000000000000, 0.0000000000000000000, -1.000000000000000000 ) ) ;
#6409 = CARTESIAN_POINT ( 'NONE',  ( 0.1027195510362847869, 0.1555589999168269788, 0.2180969141690466684 ) ) ;
#6410 = PLANE ( 'NONE',  #5894 ) ;
#6411 = FACE_OUTER_BOUND ( 'NONE', #9882, .T. ) ;
#6412 = LENGTH_MEASURE_WITH_UNIT ( LENGTH_MEASURE( 0.02539999999999999897 ), #12617 );
#6413 = CARTESIAN_POINT ( 'NONE',  ( 0.3920896297764415728, 0.3760314408617050908, 0.3456559692871650769 ) ) ;
#6414 = DIMENSIONAL_EXPONENTS ( 1.000000000000000000, 0.0000000000000000000, 0.0000000000000000000, 0.0000000000000000000, 0.0000000000000000000, 0.0000000000000000000, 0.0000000000000000000 ) ;
#6415 = CARTESIAN_POINT ( 'NONE',  ( 0.3625620707213385585, 0.08862986605856644495, 0.2515614810981769423 ) ) ;
#6416 = ADVANCED_FACE ( 'NONE', ( #1940 ), #10381, .F. ) ;
#6417 = CARTESIAN_POINT ( 'NONE',  ( 0.1027195510362948483, 0.2165826219640790973, 0.2905378590509231085 ) ) ;
#6418 = AXIS2_PLACEMENT_3D ( 'NONE', #1016, #13392, #952 ) ;
#6419 = ORIENTED_EDGE ( 'NONE', *, *, #13242, .T. ) ;
#6420 = DIRECTION ( 'NONE',  ( 0.0000000000000000000, -8.220413448604736877E-18, 1.000000000000000000 ) ) ;
#6421 = ADVANCED_FACE ( 'NONE', ( #10248 ), #3834, .F. ) ;
#6422 = ORIENTED_EDGE ( 'NONE', *, *, #5242, .F. ) ;
#6423 = DIRECTION ( 'NONE',  ( -1.000000000000000000, 0.0000000000000000000, 0.0000000000000000000 ) ) ;
#6424 = CARTESIAN_POINT ( 'NONE',  ( 0.2726091976981875886, -0.07318115756351306622, 0.3850260480273225983 ) ) ;
#6425 = ORIENTED_EDGE ( 'NONE', *, *, #7246, .T. ) ;
#6426 = EDGE_CURVE ( 'NONE', #7062, #6299, #12486, .T. ) ;
#6427 = CARTESIAN_POINT ( 'NONE',  ( 0.3468140392252720416, 0.1555589999168270066, 0.2515614810981769423 ) ) ;
#6428 = DIRECTION ( 'NONE',  ( 0.0000000000000000000, 0.0000000000000000000, -1.000000000000000000 ) ) ;
#6429 = VERTEX_POINT ( 'NONE', #8535 ) ;
#6430 = CARTESIAN_POINT ( 'NONE',  ( 0.2562628581229025593, 0.08075585031050638851, 0.4397504574761375573 ) ) ;
#6431 = FACE_OUTER_BOUND ( 'NONE', #364, .T. ) ;
#6432 = AXIS2_PLACEMENT_3D ( 'NONE', #7714, #8730, #6549 ) ;
#6433 =( CONVERSION_BASED_UNIT ( 'INCH', #8815 ) LENGTH_UNIT ( ) NAMED_UNIT ( #3787 ) );
#6434 = LINE ( 'NONE', #10606, #8515 ) ;
#6435 = VERTEX_POINT ( 'NONE', #7311 ) ;
#6436 = DIRECTION ( 'NONE',  ( 1.937287448275560894E-17, 1.000000000000000000, 8.220413448604736877E-18 ) ) ;
#6437 = EDGE_CURVE ( 'NONE', #9962, #4803, #10448, .T. ) ;
#6438 = DIRECTION ( 'NONE',  ( 1.000000000000000000, -1.937287448275558121E-17, 0.0000000000000000000 ) ) ;
#6439 = MECHANICAL_DESIGN_GEOMETRIC_PRESENTATION_REPRESENTATION (  '', ( #2561 ), #9058 ) ;
#6440 = AXIS2_PLACEMENT_3D ( 'NONE', #6986, #5002, #6920 ) ;
#6441 = LINE ( 'NONE', #5476, #4654 ) ;
#6442 = EDGE_LOOP ( 'NONE', ( #6610, #5141, #4603, #2368 ) ) ;
#6443 = VERTEX_POINT ( 'NONE', #2283 ) ;
#6444 = LINE ( 'NONE', #2239, #12814 ) ;
#6445 = VERTEX_POINT ( 'NONE', #7579 ) ;
#6446 = LENGTH_MEASURE_WITH_UNIT ( LENGTH_MEASURE( 0.02539999999999999897 ), #3514 );
#6447 = CARTESIAN_POINT ( 'NONE',  ( 0.2090187636347128897, 0.4272125432239180509, 0.4007740795234070452 ) ) ;
#6448 = PRESENTATION_STYLE_ASSIGNMENT (( #2311 ) ) ;
#6449 = CARTESIAN_POINT ( 'NONE',  ( 0.2405148266268504198, 0.1555589999168270066, 0.2397504574761404605 ) ) ;
#6450 = CARTESIAN_POINT ( 'NONE',  ( 0.1027195510362847869, 0.1555589999168269788, 0.2180969141690466684 ) ) ;
#6451 = AXIS2_PLACEMENT_3D ( 'NONE', #7785, #507, #2496 ) ;
#6452 = AXIS2_PLACEMENT_3D ( 'NONE', #5328, #5131, #10264 ) ;
#6453 = CARTESIAN_POINT ( 'NONE',  ( 0.1208297872567766496, -0.05703942528004481843, 0.4397504574761376683 ) ) ;
#6454 = DIRECTION ( 'NONE',  ( -1.937287448275560894E-17, -1.000000000000000000, -8.220413448604736877E-18 ) ) ;
#6455 = CARTESIAN_POINT ( 'NONE',  ( 0.05547545654809511728, 0.08862986605855729949, 0.5228213236178702594 ) ) ;
#6456 = DIRECTION ( 'NONE',  ( 1.000000000000000000, 0.0000000000000000000, 0.0000000000000000000 ) ) ;
#6457 = EDGE_CURVE ( 'NONE', #4665, #5786, #6555, .T. ) ;
#6458 = CARTESIAN_POINT ( 'NONE',  ( 0.2326408108788038387, 0.2972912833813901590, 0.3456559692871650769 ) ) ;
#6459 = PLANE ( 'NONE',  #9379 ) ;
#6460 = ORIENTED_EDGE ( 'NONE', *, *, #4809, .F. ) ;
#6461 = FACE_OUTER_BOUND ( 'NONE', #11160, .T. ) ;
#6462 = EDGE_LOOP ( 'NONE', ( #10277, #2928, #394, #3975, #1097, #12627, #6980, #10678 ) ) ;
#6463 = AXIS2_PLACEMENT_3D ( 'NONE', #144, #12586, #10624 ) ;
#6464 = ORIENTED_EDGE ( 'NONE', *, *, #2289, .T. ) ;
#6465 =( LENGTH_UNIT ( ) NAMED_UNIT ( * ) SI_UNIT ( $, .METRE. ) );
#6466 = DIRECTION ( 'NONE',  ( 0.0000000000000000000, -8.220413448604736877E-18, 1.000000000000000000 ) ) ;
#6467 = CARTESIAN_POINT ( 'NONE',  ( 0.4255541967055790908, 0.2972912833813901590, 0.3614040007832317047 ) ) ;
#6468 = LENGTH_MEASURE_WITH_UNIT ( LENGTH_MEASURE( 0.02539999999999999897 ), #7626 );
#6469 = FACE_BOUND ( 'NONE', #12369, .T. ) ;
#6470 = CARTESIAN_POINT ( 'NONE',  ( 0.2431035528203588925, 0.5098897085782487792, 0.4007740795234070452 ) ) ;
#6471 = DIRECTION ( 'NONE',  ( 3.518308117683322415E-16, -1.000000000000000000, 4.163336342344337027E-16 ) ) ;
#6472 = PRESENTATION_STYLE_ASSIGNMENT (( #10774 ) ) ;
#6473 = AXIS2_PLACEMENT_3D ( 'NONE', #5661, #4722, #5866 ) ;
#6474 = CARTESIAN_POINT ( 'NONE',  ( 0.1558691573355117099, 0.1791810471609002198, 0.4515614810981848359 ) ) ;
#6475 = EDGE_CURVE ( 'NONE', #1657, #10728, #11555, .T. ) ;
#6476 = ORIENTED_EDGE ( 'NONE', *, *, #3047, .F. ) ;
#6477 = ADVANCED_FACE ( 'NONE', ( #8463 ), #9426, .F. ) ;
#6478 = CARTESIAN_POINT ( 'NONE',  ( 0.2326408108788038387, 0.1988660865309964110, 0.1527425834603898525 ) ) ;
#6479 = ORIENTED_EDGE ( 'NONE', *, *, #3747, .F. ) ;
#6480 = ORIENTED_EDGE ( 'NONE', *, *, #6762, .F. ) ;
#6481 = CARTESIAN_POINT ( 'NONE',  ( 0.3468140392252569426, 0.5610708109404453081, 0.3299079377910985045 ) ) ;
#6482 = ORIENTED_EDGE ( 'NONE', *, *, #8810, .F. ) ;
#6483 = EDGE_LOOP ( 'NONE', ( #12977, #10640, #6186, #2475 ) ) ;
#6484 = VECTOR ( 'NONE', #9827, 39.37007874015748143 ) ;
#6485 = LINE ( 'NONE', #12684, #11576 ) ;
#6486 =( NAMED_UNIT ( * ) SI_UNIT ( $, .STERADIAN. ) SOLID_ANGLE_UNIT ( ) );
#6487 = LINE ( 'NONE', #1330, #9533 ) ;
#6488 =( CONVERSION_BASED_UNIT ( 'INCH', #5585 ) LENGTH_UNIT ( ) NAMED_UNIT ( #3699 ) );
#6489 = DIRECTION ( 'NONE',  ( 1.000000000000000000, 3.376070039848302585E-16, 2.359223927328455183E-16 ) ) ;
#6490 = DIRECTION ( 'NONE',  ( -1.937287448275561202E-17, -1.000000000000000000, -8.220413448604590506E-18 ) ) ;
#6491 = LINE ( 'NONE', #10656, #9830 ) ;
#6492 = EDGE_CURVE ( 'NONE', #13361, #2274, #5318, .T. ) ;
#6493 = CARTESIAN_POINT ( 'NONE',  ( 0.2405148266268501978, 0.3760314408617053683, 0.4456559692871467360 ) ) ;
#6494 = ORIENTED_EDGE ( 'NONE', *, *, #319, .T. ) ;
#6495 = CARTESIAN_POINT ( 'NONE',  ( 0.3330345116662203897, 0.3130393148774569534, 0.2850260480273071884 ) ) ;
#6496 = ORIENTED_EDGE ( 'NONE', *, *, #12719, .T. ) ;
#6497 = CARTESIAN_POINT ( 'NONE',  ( 0.2326408108788038387, 0.009496007790817656904, 0.2895536070824406560 ) ) ;
#6498 = CIRCLE ( 'NONE', #8233, 0.007874015748031449116 ) ;
#6499 = CARTESIAN_POINT ( 'NONE',  ( 0.2483888423748524532, 0.2815432518853281940, 0.3456559692871650769 ) ) ;
#6500 = VERTEX_POINT ( 'NONE', #12620 ) ;
#6501 = ADVANCED_FACE ( 'NONE', ( #3361 ), #1261, .F. ) ;
#6502 = CIRCLE ( 'NONE', #207, 0.05610236220472444857 ) ;
#6503 = EDGE_CURVE ( 'NONE', #12078, #12264, #6491, .T. ) ;
#6504 = CARTESIAN_POINT ( 'NONE',  ( 0.07319199198116600746, 0.1476849841687904175, 0.5011677803107907891 ) ) ;
#6505 = CARTESIAN_POINT ( 'NONE',  ( 0.2483888423748703833, 0.1988660865309964110, 0.1684906149564564526 ) ) ;
#6506 = FACE_OUTER_BOUND ( 'NONE', #7089, .T. ) ;
#6507 = EDGE_CURVE ( 'NONE', #10070, #6723, #9634, .T. ) ;
#6508 = VERTEX_POINT ( 'NONE', #7653 ) ;
#6509 = DIRECTION ( 'NONE',  ( 4.283287147278277380E-17, 1.665334536937734071E-16, 1.000000000000000000 ) ) ;
#6510 = FACE_BOUND ( 'NONE', #9060, .T. ) ;
#6511 = ORIENTED_EDGE ( 'NONE', *, *, #2370, .T. ) ;
#6512 = CARTESIAN_POINT ( 'NONE',  ( 0.3625620707213385030, 0.1555589999168270343, 0.4810890401532994520 ) ) ;
#6513 = ORIENTED_EDGE ( 'NONE', *, *, #8503, .F. ) ;
#6514 = ORIENTED_EDGE ( 'NONE', *, *, #1157, .T. ) ;
#6515 = VERTEX_POINT ( 'NONE', #6824 ) ;
#6516 = EDGE_CURVE ( 'NONE', #2023, #12094, #5587, .T. ) ;
#6517 = CARTESIAN_POINT ( 'NONE',  ( 0.1164990785953284869, 0.1988660865309974379, 0.2236087251926805186 ) ) ;
#6518 = LINE ( 'NONE', #8296, #624 ) ;
#6519 = DIRECTION ( 'NONE',  ( -1.133085894446546615E-16, 0.7071067811865471286, -0.7071067811865479058 ) ) ;
#6520 = SURFACE_SIDE_STYLE ('',( #12925 ) ) ;
#6521 = SURFACE_STYLE_USAGE ( .BOTH. , #6656 ) ;
#6522 = PLANE ( 'NONE',  #10076 ) ;
#6523 = LINE ( 'NONE', #11409, #10688 ) ;
#6524 = ORIENTED_EDGE ( 'NONE', *, *, #11621, .T. ) ;
#6525 = AXIS2_PLACEMENT_3D ( 'NONE', #6474, #2197, #10639 ) ;
#6526 = CARTESIAN_POINT ( 'NONE',  ( 0.1558691573354859805, 0.3760314408617060900, 0.3456559692871650769 ) ) ;
#6527 = ORIENTED_EDGE ( 'NONE', *, *, #3765, .T. ) ;
#6528 = EDGE_LOOP ( 'NONE', ( #11475, #6482, #12220, #361 ) ) ;
#6529 = ORIENTED_EDGE ( 'NONE', *, *, #5361, .T. ) ;
#6530 = EDGE_CURVE ( 'NONE', #2906, #803, #645, .T. ) ;
#6531 = ORIENTED_EDGE ( 'NONE', *, *, #3516, .F. ) ;
#6532 = SURFACE_STYLE_USAGE ( .BOTH. , #2326 ) ;
#6533 = VECTOR ( 'NONE', #1309, 39.37007874015748143 ) ;
#6534 = VECTOR ( 'NONE', #5947, 39.37007874015748143 ) ;
#6535 = CARTESIAN_POINT ( 'NONE',  ( 0.2326408108788038387, 0.1791810471609177335, 0.3810890401533105210 ) ) ;
#6536 = CARTESIAN_POINT ( 'NONE',  ( 0.05547545654809511728, 0.3957164802317839070, 0.1842386464525194445 ) ) ;
#6537 = PLANE ( 'NONE',  #12889 ) ;
#6538 = CARTESIAN_POINT ( 'NONE',  ( 0.3468140392252720416, 0.1555589999168270066, 0.2062465204682520925 ) ) ;
#6539 = ORIENTED_EDGE ( 'NONE', *, *, #4515, .T. ) ;
#6540 = ORIENTED_EDGE ( 'NONE', *, *, #9469, .T. ) ;
#6541 = ORIENTED_EDGE ( 'NONE', *, *, #7274, .F. ) ;
#6542 = DIRECTION ( 'NONE',  ( 0.0000000000000000000, 8.220413448604736877E-18, -1.000000000000000000 ) ) ;
#6543 = ORIENTED_EDGE ( 'NONE', *, *, #7446, .T. ) ;
#6544 =( GEOMETRIC_REPRESENTATION_CONTEXT ( 3 ) GLOBAL_UNCERTAINTY_ASSIGNED_CONTEXT ( ( #4290 ) ) GLOBAL_UNIT_ASSIGNED_CONTEXT ( ( #9783, #2514, #1610 ) ) REPRESENTATION_CONTEXT ( 'NONE', 'WORKASPACE' ) );
#6545 = ORIENTED_EDGE ( 'NONE', *, *, #6547, .F. ) ;
#6546 = LINE ( 'NONE', #12816, #471 ) ;
#6547 = EDGE_CURVE ( 'NONE', #9583, #3598, #4646, .T. ) ;
#6548 = CARTESIAN_POINT ( 'NONE',  ( 0.3586250628473005575, 0.7897218048774069521, 0.3850260480273225983 ) ) ;
#6549 = DIRECTION ( 'NONE',  ( 1.937287448275561202E-17, 1.000000000000000000, 8.220413448604590506E-18 ) ) ;
#6550 = PRESENTATION_LAYER_ASSIGNMENT (  '', '', ( #8074 ) ) ;
#6551 =( GEOMETRIC_REPRESENTATION_CONTEXT ( 3 ) GLOBAL_UNCERTAINTY_ASSIGNED_CONTEXT ( ( #2005 ) ) GLOBAL_UNIT_ASSIGNED_CONTEXT ( ( #4080, #1912, #13364 ) ) REPRESENTATION_CONTEXT ( 'NONE', 'WORKASPACE' ) );
#6552 = AXIS2_PLACEMENT_3D ( 'NONE', #2867, #4687, #13006 ) ;
#6553 = DIRECTION ( 'NONE',  ( 4.283287147278277996E-17, 1.665334536937734318E-16, 1.000000000000000000 ) ) ;
#6554 = VECTOR ( 'NONE', #2026, 39.37007874015748143 ) ;
#6555 = LINE ( 'NONE', #7514, #3505 ) ;
#6556 = ORIENTED_EDGE ( 'NONE', *, *, #4262, .F. ) ;
#6557 = ORIENTED_EDGE ( 'NONE', *, *, #11174, .T. ) ;
#6558 = ORIENTED_EDGE ( 'NONE', *, *, #8165, .T. ) ;
#6559 = VECTOR ( 'NONE', #4451, 39.37007874015748143 ) ;
#6560 = VECTOR ( 'NONE', #12251, 39.37007874015748143 ) ;
#6561 = VECTOR ( 'NONE', #13147, 39.37007874015748143 ) ;
#6562 = FACE_OUTER_BOUND ( 'NONE', #10404, .T. ) ;
#6563 = ADVANCED_FACE ( 'NONE', ( #570 ), #3481, .F. ) ;
#6564 = VERTEX_POINT ( 'NONE', #11827 ) ;
#6565 = EDGE_CURVE ( 'NONE', #4075, #2169, #10856, .T. ) ;
#6566 = DIRECTION ( 'NONE',  ( 0.0000000000000000000, -8.220413448604736877E-18, 1.000000000000000000 ) ) ;
#6567 = DIRECTION ( 'NONE',  ( 1.000000000000000000, 1.408738150179760326E-16, -6.014894242100891138E-18 ) ) ;
#6568 = CARTESIAN_POINT ( 'NONE',  ( 0.2861956974003469489, 0.4081643727746309680, 0.5011677803107907891 ) ) ;
#6569 = VECTOR ( 'NONE', #11552, 39.37007874015748143 ) ;
#6570 = DIRECTION ( 'NONE',  ( -1.608386623408232256E-17, -1.526556658859589750E-16, -1.000000000000000000 ) ) ;
#6571 = VECTOR ( 'NONE', #9274, 39.37007874015748143 ) ;
#6572 = DIRECTION ( 'NONE',  ( 0.0000000000000000000, 0.0000000000000000000, 1.000000000000000000 ) ) ;
#6573 = DIRECTION ( 'NONE',  ( -1.937287448275560894E-17, -1.000000000000000000, -8.220413448604736877E-18 ) ) ;
#6574 = CYLINDRICAL_SURFACE ( 'NONE', #2436, 0.05610236220472441387 ) ;
#6575 = ORIENTED_EDGE ( 'NONE', *, *, #9355, .T. ) ;
#6576 = DIRECTION ( 'NONE',  ( 1.937287448275561202E-17, 1.000000000000000000, 8.220413448604590506E-18 ) ) ;
#6577 = ORIENTED_EDGE ( 'NONE', *, *, #9130, .T. ) ;
#6578 = ORIENTED_EDGE ( 'NONE', *, *, #12315, .T. ) ;
#6579 = LINE ( 'NONE', #9508, #5179 ) ;
#6580 = VECTOR ( 'NONE', #11914, 39.37007874015748143 ) ;
#6581 = ORIENTED_EDGE ( 'NONE', *, *, #11833, .T. ) ;
#6582 = EDGE_CURVE ( 'NONE', #10005, #9583, #3686, .T. ) ;
#6583 = DIRECTION ( 'NONE',  ( -1.000000000000000000, -1.316334802367150653E-16, 1.608386623408235030E-17 ) ) ;
#6584 = LINE ( 'NONE', #7608, #6008 ) ;
#6585 =( NAMED_UNIT ( * ) SI_UNIT ( $, .STERADIAN. ) SOLID_ANGLE_UNIT ( ) );
#6586 = CARTESIAN_POINT ( 'NONE',  ( 0.07712899985517100709, 0.3760314408617060900, 0.3751835283422832457 ) ) ;
#6587 = LINE ( 'NONE', #7406, #5913 ) ;
#6588 = CARTESIAN_POINT ( 'NONE',  ( 0.2326408108788038387, 0.05713380306642412698, 0.1684906149564564526 ) ) ;
#6589 = FACE_BOUND ( 'NONE', #1189, .T. ) ;
#6590 = AXIS2_PLACEMENT_3D ( 'NONE', #13064, #683, #4747 ) ;
#6591 = DIRECTION ( 'NONE',  ( -1.000000000000000000, -0.0000000000000000000, -0.0000000000000000000 ) ) ;
#6592 =( NAMED_UNIT ( * ) SI_UNIT ( $, .STERADIAN. ) SOLID_ANGLE_UNIT ( ) );
#6593 = EDGE_CURVE ( 'NONE', #3471, #3120, #7920, .T. ) ;
#6594 = ORIENTED_EDGE ( 'NONE', *, *, #2518, .F. ) ;
#6595 = EDGE_CURVE ( 'NONE', #8738, #1657, #7787, .T. ) ;
#6596 = CARTESIAN_POINT ( 'NONE',  ( 0.3090187636347014322, 0.08862986605856641720, 0.2515614810981877114 ) ) ;
#6597 = EDGE_LOOP ( 'NONE', ( #3304, #11168, #7367, #9739 ) ) ;
#6598 = ORIENTED_EDGE ( 'NONE', *, *, #6457, .F. ) ;
#6599 = VERTEX_POINT ( 'NONE', #1470 ) ;
#6600 = EDGE_CURVE ( 'NONE', #11799, #9868, #2694, .T. ) ;
#6601 = CARTESIAN_POINT ( 'NONE',  ( 0.2326408108788038387, 0.2579212046412327486, 0.4243961267674801197 ) ) ;
#6602 = VERTEX_POINT ( 'NONE', #4576 ) ;
#6603 =( GEOMETRIC_REPRESENTATION_CONTEXT ( 3 ) GLOBAL_UNCERTAINTY_ASSIGNED_CONTEXT ( ( #930 ) ) GLOBAL_UNIT_ASSIGNED_CONTEXT ( ( #4109, #4994, #11484 ) ) REPRESENTATION_CONTEXT ( 'NONE', 'WORKASPACE' ) );
#6604 = SURFACE_STYLE_FILL_AREA ( #9743 ) ;
#6605 = DIRECTION ( 'NONE',  ( 0.0000000000000000000, 0.0000000000000000000, 1.000000000000000000 ) ) ;
#6606 = DIRECTION ( 'NONE',  ( 1.000000000000000000, 1.174096724532128111E-16, -4.283287147278279845E-17 ) ) ;
#6607 = DIRECTION ( 'NONE',  ( 1.316334802367150653E-16, -1.000000000000000000, 1.526556658859589750E-16 ) ) ;
#6608 = EDGE_LOOP ( 'NONE', ( #11340, #1306, #378, #908 ) ) ;
#6609 = EDGE_CURVE ( 'NONE', #12774, #12418, #8734, .T. ) ;
#6610 = ORIENTED_EDGE ( 'NONE', *, *, #3867, .T. ) ;
#6611 = AXIS2_PLACEMENT_3D ( 'NONE', #6045, #7966, #12202 ) ;
#6612 = ORIENTED_EDGE ( 'NONE', *, *, #490, .T. ) ;
#6613 = ORIENTED_EDGE ( 'NONE', *, *, #9234, .F. ) ;
#6614 = VERTEX_POINT ( 'NONE', #11948 ) ;
#6615 = CARTESIAN_POINT ( 'NONE',  ( 0.2385463226898389133, -0.07278745677610248821, 0.2515614810981877669 ) ) ;
#6616 = CARTESIAN_POINT ( 'NONE',  ( 0.3562628581229011493, 0.08862986605856644495, 0.2397504574761404605 ) ) ;
#6617 =( NAMED_UNIT ( * ) PLANE_ANGLE_UNIT ( ) SI_UNIT ( $, .RADIAN. ) );
#6618 = AXIS2_PLACEMENT_3D ( 'NONE', #3048, #964, #11374 ) ;
#6619 = LINE ( 'NONE', #3419, #6266 ) ;
#6620 = LINE ( 'NONE', #11826, #2987 ) ;
#6621 = DIRECTION ( 'NONE',  ( -1.000000000000000000, -1.408738150179760326E-16, 6.014894242100891138E-18 ) ) ;
#6622 = EDGE_LOOP ( 'NONE', ( #445, #2864, #3561, #10885 ) ) ;
#6623 = LINE ( 'NONE', #9561, #4139 ) ;
#6624 = ADVANCED_FACE ( 'NONE', ( #10922 ), #8044, .T. ) ;
#6625 = VERTEX_POINT ( 'NONE', #7024 ) ;
#6626 = EDGE_LOOP ( 'NONE', ( #8544, #480, #3739, #4981, #9915, #6830, #11863, #2323, #6207, #10202, #12130, #11041, #8975, #11214, #8446 ) ) ;
#6627 = LINE ( 'NONE', #10796, #8125 ) ;
#6628 = FILL_AREA_STYLE_COLOUR ( '', #7615 ) ;
#6629 = VERTEX_POINT ( 'NONE', #2956 ) ;
#6630 = DIRECTION ( 'NONE',  ( 4.283287147278277380E-17, 1.665334536937734071E-16, 1.000000000000000000 ) ) ;
#6631 = FACE_OUTER_BOUND ( 'NONE', #8254, .T. ) ;
#6632 = ORIENTED_EDGE ( 'NONE', *, *, #1928, .T. ) ;
#6633 = CARTESIAN_POINT ( 'NONE',  ( 0.2326408108788038387, 0.3760314408617050908, 0.2590417960588140556 ) ) ;
#6634 = DIRECTION ( 'NONE',  ( -1.000000000000000000, -3.518308117683323401E-16, -2.626713979715459264E-16 ) ) ;
#6635 = PRESENTATION_STYLE_ASSIGNMENT (( #11640 ) ) ;
#6636 = DIRECTION ( 'NONE',  ( 0.0000000000000000000, 1.000000000000000000, 0.0000000000000000000 ) ) ;
#6637 = LINE ( 'NONE', #10808, #685 ) ;
#6638 = EDGE_CURVE ( 'NONE', #12488, #8249, #12290, .T. ) ;
#6639 = EDGE_CURVE ( 'NONE', #3576, #2593, #1720, .T. ) ;
#6640 = DIRECTION ( 'NONE',  ( -1.174096724532128111E-16, 1.000000000000000000, -1.665334536937734318E-16 ) ) ;
#6641 = EDGE_LOOP ( 'NONE', ( #5111, #11513, #5300, #8016 ) ) ;
#6642 = VERTEX_POINT ( 'NONE', #13241 ) ;
#6643 = CARTESIAN_POINT ( 'NONE',  ( 0.2326408108788038387, 0.5729212046412326398, 0.4017583314918895532 ) ) ;
#6644 = VERTEX_POINT ( 'NONE', #9215 ) ;
#6645 = VERTEX_POINT ( 'NONE', #13373 ) ;
#6646 = CIRCLE ( 'NONE', #1858, 0.1003937007874015630 ) ;
#6647 = ORIENTED_EDGE ( 'NONE', *, *, #10790, .T. ) ;
#6648 = FILL_AREA_STYLE ('',( #7745 ) ) ;
#6649 = CARTESIAN_POINT ( 'NONE',  ( 0.2208297872567573095, 0.05713380306641541867, 0.2515614810981877114 ) ) ;
#6650 = CARTESIAN_POINT ( 'NONE',  ( 0.0000000000000000000, 0.0000000000000000000, 0.0000000000000000000 ) ) ;
#6651 = PLANE ( 'NONE',  #923 ) ;
#6652 = LINE ( 'NONE', #2385, #11311 ) ;
#6653 = DIRECTION ( 'NONE',  ( 0.0000000000000000000, -1.000000000000000000, 0.0000000000000000000 ) ) ;
#6654 = AXIS2_PLACEMENT_3D ( 'NONE', #12892, #7511, #2348 ) ;
#6655 = LINE ( 'NONE', #8498, #5389 ) ;
#6656 = SURFACE_SIDE_STYLE ('',( #8831 ) ) ;
#6657 = AXIS2_PLACEMENT_3D ( 'NONE', #12752, #10719, #12614 ) ;
#6658 = EDGE_CURVE ( 'NONE', #6068, #6361, #924, .T. ) ;
#6659 = DIMENSIONAL_EXPONENTS ( 1.000000000000000000, 0.0000000000000000000, 0.0000000000000000000, 0.0000000000000000000, 0.0000000000000000000, 0.0000000000000000000, 0.0000000000000000000 ) ;
#6660 = CARTESIAN_POINT ( 'NONE',  ( 0.2916959289890400653, 0.1083149054286360186, 0.4893567566887362941 ) ) ;
#6661 = ORIENTED_EDGE ( 'NONE', *, *, #6331, .F. ) ;
#6662 = PLANE ( 'NONE',  #3348 ) ;
#6663 = VERTEX_POINT ( 'NONE', #9136 ) ;
#6664 = EDGE_LOOP ( 'NONE', ( #4122, #4788, #11428, #8701 ) ) ;
#6665 = ORIENTED_EDGE ( 'NONE', *, *, #2503, .F. ) ;
#6666 = COLOUR_RGB ( '',0.7607843137254901578, 0.7607843137254901578, 0.0000000000000000000 ) ;
#6667 = ORIENTED_EDGE ( 'NONE', *, *, #10561, .F. ) ;
#6668 = STYLED_ITEM ( 'NONE', ( #1495 ), #476 ) ;
#6669 = ADVANCED_FACE ( 'NONE', ( #6060, #10230 ), #4026, .T. ) ;
#6670 = ADVANCED_FACE ( 'NONE', ( #850 ), #8185, .T. ) ;
#6671 = DIRECTION ( 'NONE',  ( -2.152236195923768601E-14, -2.498001805406631798E-16, -1.000000000000000000 ) ) ;
#6672 = CARTESIAN_POINT ( 'NONE',  ( 0.1558691573354937521, 0.2933542755073604291, 0.4515614810981848359 ) ) ;
#6673 = LENGTH_MEASURE_WITH_UNIT ( LENGTH_MEASURE( 0.02539999999999999897 ), #12602 );
#6674 = EDGE_CURVE ( 'NONE', #13401, #3942, #3019, .T. ) ;
#6675 = DIRECTION ( 'NONE',  ( 1.000000000000000000, 0.0000000000000000000, 0.0000000000000000000 ) ) ;
#6676 = VERTEX_POINT ( 'NONE', #7156 ) ;
#6677 = VERTEX_POINT ( 'NONE', #10034 ) ;
#6678 = VERTEX_POINT ( 'NONE', #11330 ) ;
#6679 = EDGE_LOOP ( 'NONE', ( #7236, #10407, #12507, #12945 ) ) ;
#6680 = ORIENTED_EDGE ( 'NONE', *, *, #3156, .T. ) ;
#6681 = LINE ( 'NONE', #8920, #5659 ) ;
#6682 = CARTESIAN_POINT ( 'NONE',  ( 0.3468140392252719861, 0.1555589999168270066, 0.4810890401532994520 ) ) ;
#6683 = CARTESIAN_POINT ( 'NONE',  ( 0.3290975037921824442, 0.4547715983420210217, 0.3456559692871650769 ) ) ;
#6684 = CARTESIAN_POINT ( 'NONE',  ( 0.2090187636347251854, 0.08862986605855745215, 0.3456559692871707390 ) ) ;
#6685 = AXIS2_PLACEMENT_3D ( 'NONE', #8909, #6805, #5767 ) ;
#6686 = ADVANCED_FACE ( 'NONE', ( #1998 ), #3957, .T. ) ;
#6687 = CARTESIAN_POINT ( 'NONE',  ( 0.3389400234772336762, 0.3760314408617050908, 0.3810890401533105210 ) ) ;
#6688 = DIMENSIONAL_EXPONENTS ( 1.000000000000000000, 0.0000000000000000000, 0.0000000000000000000, 0.0000000000000000000, 0.0000000000000000000, 0.0000000000000000000, 0.0000000000000000000 ) ;
#6689 = CARTESIAN_POINT ( 'NONE',  ( 0.3940581337134494433, 0.05713380306642412698, 0.5228213236178702594 ) ) ;
#6690 = DIRECTION ( 'NONE',  ( -0.3511234415877492743, -0.9363291775692853536, 2.975952440747242502E-16 ) ) ;
#6691 = VERTEX_POINT ( 'NONE', #10105 ) ;
#6692 = ORIENTED_EDGE ( 'NONE', *, *, #3112, .F. ) ;
#6693 = CARTESIAN_POINT ( 'NONE',  ( 0.2483888423748524532, 0.4272125432239180509, 0.2688843157438651765 ) ) ;
#6694 = ORIENTED_EDGE ( 'NONE', *, *, #750, .T. ) ;
#6695 = VECTOR ( 'NONE', #5392, 39.37007874015748143 ) ;
#6696 = ORIENTED_EDGE ( 'NONE', *, *, #10945, .F. ) ;
#6697 = CARTESIAN_POINT ( 'NONE',  ( 0.07319199198116600746, 0.3760314408617050908, 0.1901441582635394756 ) ) ;
#6698 = EDGE_CURVE ( 'NONE', #8372, #5036, #13167, .T. ) ;
#6699 = CARTESIAN_POINT ( 'NONE',  ( 0.3704360864693699851, 0.1555589999168270066, 0.4102228984210123386 ) ) ;
#6700 = VECTOR ( 'NONE', #2209, 39.37007874015748143 ) ;
#6701 = SURFACE_STYLE_FILL_AREA ( #5877 ) ;
#6702 = CARTESIAN_POINT ( 'NONE',  ( 0.4098061652095124630, 0.05713380306642399514, 0.4873882527517284236 ) ) ;
#6703 = VERTEX_POINT ( 'NONE', #8119 ) ;
#6704 = ORIENTED_EDGE ( 'NONE', *, *, #3466, .F. ) ;
#6705 = VECTOR ( 'NONE', #10129, 39.37007874015748143 ) ;
#6706 = LINE ( 'NONE', #3577, #11195 ) ;
#6707 = ORIENTED_EDGE ( 'NONE', *, *, #13016, .T. ) ;
#6708 = AXIS2_PLACEMENT_3D ( 'NONE', #10066, #9030, #752 ) ;
#6709 = ORIENTED_EDGE ( 'NONE', *, *, #9683, .T. ) ;
#6710 = LINE ( 'NONE', #1814, #9376 ) ;
#6711 = EDGE_CURVE ( 'NONE', #9178, #856, #3816, .T. ) ;
#6712 = CARTESIAN_POINT ( 'NONE',  ( 0.2326408108788038387, 0.6634330156648593491, 0.3456559692871650769 ) ) ;
#6713 = EDGE_CURVE ( 'NONE', #5873, #5704, #11121, .T. ) ;
#6714 = CARTESIAN_POINT ( 'NONE',  ( 0.3920896297764415728, 0.08862986605855746602, 0.5011677803107907891 ) ) ;
#6715 = CARTESIAN_POINT ( 'NONE',  ( 0.3468140392252720416, 0.3130393148774569534, 0.2062465204682520648 ) ) ;
#6716 = VECTOR ( 'NONE', #11813, 39.37007874015748143 ) ;
#6717 = CARTESIAN_POINT ( 'NONE',  ( 0.07122348804415810919, 0.05713380306642412698, 0.5070732921218072953 ) ) ;
#6718 = AXIS2_PLACEMENT_3D ( 'NONE', #2330, #3401, #1178 ) ;
#6719 = ORIENTED_EDGE ( 'NONE', *, *, #8564, .T. ) ;
#6720 = CARTESIAN_POINT ( 'NONE',  ( 0.3330345116662203897, 0.1555589999168270066, 0.2180969141690466684 ) ) ;
#6721 = LINE ( 'NONE', #10887, #6082 ) ;
#6722 = DIRECTION ( 'NONE',  ( 0.0000000000000000000, 0.0000000000000000000, 1.000000000000000000 ) ) ;
#6723 = VERTEX_POINT ( 'NONE', #2890 ) ;
#6724 = LINE ( 'NONE', #8632, #10103 ) ;
#6725 = ORIENTED_EDGE ( 'NONE', *, *, #10427, .T. ) ;
#6726 = EDGE_LOOP ( 'NONE', ( #7220, #6727, #5574, #577 ) ) ;
#6727 = ORIENTED_EDGE ( 'NONE', *, *, #10263, .F. ) ;
#6728 = SURFACE_SIDE_STYLE ('',( #1830 ) ) ;
#6729 = EDGE_LOOP ( 'NONE', ( #3117, #2106, #34, #4495, #4769, #12637, #5140, #3490 ) ) ;
#6730 = EDGE_CURVE ( 'NONE', #11894, #398, #5995, .T. ) ;
#6731 = EDGE_CURVE ( 'NONE', #8184, #257, #11925, .T. ) ;
#6732 = CARTESIAN_POINT ( 'NONE',  ( 0.2090187636347251854, 0.1279999447987059946, 0.4854197488147190542 ) ) ;
#6733 = LINE ( 'NONE', #831, #9629 ) ;
#6734 = AXIS2_PLACEMENT_3D ( 'NONE', #3992, #3855, #1885 ) ;
#6735 = LINE ( 'NONE', #7701, #2461 ) ;
#6736 = VERTEX_POINT ( 'NONE', #8978 ) ;
#6737 = EDGE_LOOP ( 'NONE', ( #2613, #11259, #3031, #7570, #3313, #995, #1458, #11205 ) ) ;
#6738 = ORIENTED_EDGE ( 'NONE', *, *, #1553, .T. ) ;
#6739 = ORIENTED_EDGE ( 'NONE', *, *, #766, .F. ) ;
#6740 = EDGE_CURVE ( 'NONE', #2138, #4075, #7695, .T. ) ;
#6741 = ORIENTED_EDGE ( 'NONE', *, *, #7565, .F. ) ;
#6742 = DIMENSIONAL_EXPONENTS ( 1.000000000000000000, 0.0000000000000000000, 0.0000000000000000000, 0.0000000000000000000, 0.0000000000000000000, 0.0000000000000000000, 0.0000000000000000000 ) ;
#6743 = AXIS2_PLACEMENT_3D ( 'NONE', #3628, #6630, #9642 ) ;
#6744 = VECTOR ( 'NONE', #11952, 39.37007874015748143 ) ;
#6745 = CARTESIAN_POINT ( 'NONE',  ( 0.1302786061543979579, 0.5728818345624925312, 0.2629788039328345151 ) ) ;
#6746 = EDGE_CURVE ( 'NONE', #12214, #3296, #12131, .T. ) ;
#6747 = CARTESIAN_POINT ( 'NONE',  ( 0.3330345116662203342, 0.1555589999168271176, 0.4515614810981740668 ) ) ;
#6748 = DIRECTION ( 'NONE',  ( -3.518308117683323894E-16, 1.000000000000000000, -4.163336342344337027E-16 ) ) ;
#6749 = CARTESIAN_POINT ( 'NONE',  ( 0.2090187636347028144, 0.08075585031051536744, 0.4397504574761375573 ) ) ;
#6750 = PLANE ( 'NONE',  #13217 ) ;
#6751 = CARTESIAN_POINT ( 'NONE',  ( 0.3208297872567558162, 0.05713380306642446699, 0.4515614810981849470 ) ) ;
#6752 = VECTOR ( 'NONE', #3630, 39.37007874015748143 ) ;
#6753 = VERTEX_POINT ( 'NONE', #4685 ) ;
#6754 = DIRECTION ( 'NONE',  ( -1.000000000000000000, 1.937287448275561202E-17, 2.565854121688507820E-49 ) ) ;
#6755 = ORIENTED_EDGE ( 'NONE', *, *, #10530, .F. ) ;
#6756 = ORIENTED_EDGE ( 'NONE', *, *, #9568, .T. ) ;
#6757 = SURFACE_STYLE_FILL_AREA ( #8806 ) ;
#6758 = ADVANCED_FACE ( 'NONE', ( #11865 ), #11989, .F. ) ;
#6759 = ORIENTED_EDGE ( 'NONE', *, *, #6674, .F. ) ;
#6760 = EDGE_CURVE ( 'NONE', #4363, #13304, #6799, .T. ) ;
#6761 = EDGE_LOOP ( 'NONE', ( #8524, #18, #2632, #5564, #7756, #12910, #8454, #4680, #101, #4917 ) ) ;
#6762 = EDGE_CURVE ( 'NONE', #7287, #6443, #2540, .T. ) ;
#6763 = VECTOR ( 'NONE', #11819, 39.37007874015748143 ) ;
#6764 = CARTESIAN_POINT ( 'NONE',  ( 0.2090187636347128897, 0.4272125432239180509, 0.2905378590509231085 ) ) ;
#6765 = AXIS2_PLACEMENT_3D ( 'NONE', #12726, #998, #9280 ) ;
#6766 = FACE_BOUND ( 'NONE', #4978, .T. ) ;
#6767 = CARTESIAN_POINT ( 'NONE',  ( 0.3350030156032096085, 0.5571338030664295671, 0.2472307724367714676 ) ) ;
#6768 = DIRECTION ( 'NONE',  ( 0.0000000000000000000, 0.0000000000000000000, -1.000000000000000000 ) ) ;
#6769 = VECTOR ( 'NONE', #868, 39.37007874015748143 ) ;
#6770 = VECTOR ( 'NONE', #6022, 39.37007874015748854 ) ;
#6771 = LINE ( 'NONE', #11002, #1174 ) ;
#6772 = LENGTH_MEASURE_WITH_UNIT ( LENGTH_MEASURE( 0.02539999999999999897 ), #324 );
#6773 = ORIENTED_EDGE ( 'NONE', *, *, #9835, .F. ) ;
#6774 = VERTEX_POINT ( 'NONE', #11170 ) ;
#6775 = EDGE_CURVE ( 'NONE', #344, #2749, #11496, .T. ) ;
#6776 =( NAMED_UNIT ( * ) PLANE_ANGLE_UNIT ( ) SI_UNIT ( $, .RADIAN. ) );
#6777 = VERTEX_POINT ( 'NONE', #7525 ) ;
#6778 = LINE ( 'NONE', #1680, #3276 ) ;
#6779 =( NAMED_UNIT ( * ) SI_UNIT ( $, .STERADIAN. ) SOLID_ANGLE_UNIT ( ) );
#6780 = LENGTH_MEASURE_WITH_UNIT ( LENGTH_MEASURE( 0.02539999999999999897 ), #5610 );
#6781 = VECTOR ( 'NONE', #1146, 39.37007874015748143 ) ;
#6782 = VECTOR ( 'NONE', #4490, 39.37007874015748143 ) ;
#6783 = CARTESIAN_POINT ( 'NONE',  ( 0.1302786061543979579, 0.5728818345624925312, 0.4440811661375588248 ) ) ;
#6784 = CARTESIAN_POINT ( 'NONE',  ( 0.2326408108788125817, -0.1446865674942329760, 0.4397504574761376683 ) ) ;
#6785 = PLANE ( 'NONE',  #2791 ) ;
#6786 = ORIENTED_EDGE ( 'NONE', *, *, #13141, .T. ) ;
#6787 = FACE_OUTER_BOUND ( 'NONE', #2739, .T. ) ;
#6788 = CARTESIAN_POINT ( 'NONE',  ( 0.2405148266268503088, 0.1555589999168270621, 0.4397504574761375573 ) ) ;
#6789 = CARTESIAN_POINT ( 'NONE',  ( 0.07712899985517100709, 0.1988660865309974379, 0.3751835283422832457 ) ) ;
#6790 = VERTEX_POINT ( 'NONE', #4521 ) ;
#6791 = EDGE_CURVE ( 'NONE', #10974, #9184, #8608, .T. ) ;
#6792 = VECTOR ( 'NONE', #7477, 39.37007874015748143 ) ;
#6793 = LINE ( 'NONE', #761, #13154 ) ;
#6794 = VECTOR ( 'NONE', #3254, 39.37007874015748143 ) ;
#6795 = VERTEX_POINT ( 'NONE', #7665 ) ;
#6796 = ORIENTED_EDGE ( 'NONE', *, *, #1818, .F. ) ;
#6797 = APPLICATION_CONTEXT ( 'automotive_design' ) ;
#6798 = EDGE_LOOP ( 'NONE', ( #205, #5545, #3761, #6575 ) ) ;
#6799 = LINE ( 'NONE', #9941, #11378 ) ;
#6800 = DIRECTION ( 'NONE',  ( -3.007447121050438636E-18, -2.498001805406601723E-16, -1.000000000000000000 ) ) ;
#6801 = CYLINDRICAL_SURFACE ( 'NONE', #3435, 0.05511811023622041616 ) ;
#6802 = PLANE ( 'NONE',  #5129 ) ;
#6803 = VECTOR ( 'NONE', #12383, 39.37007874015748143 ) ;
#6804 = CARTESIAN_POINT ( 'NONE',  ( 0.1145305746583313578, 0.3957164802317839070, 0.2472307724367714676 ) ) ;
#6805 = DIRECTION ( 'NONE',  ( 1.038660023975395700E-16, -0.7071067811865472397, 0.7071067811865479058 ) ) ;
#6806 = B_SPLINE_CURVE_WITH_KNOTS ( 'NONE', 3,
 ( #6138, #30, #12286, #12474, #2953, #11256, #9212, #355 ),
 .UNSPECIFIED., .F., .F.,
 ( 4, 2, 2, 4 ),
 ( 1.204977436359573256E-17, 0.0004575541290071562391, 0.0006863311935107275011, 0.0009151082580142988173 ),
 .UNSPECIFIED. ) ;
#6807 = FACE_OUTER_BOUND ( 'NONE', #3742, .T. ) ;
#6808 = ORIENTED_EDGE ( 'NONE', *, *, #3638, .T. ) ;
#6809 = EDGE_CURVE ( 'NONE', #4564, #7139, #2509, .T. ) ;
#6810 = ORIENTED_EDGE ( 'NONE', *, *, #12390, .F. ) ;
#6811 = ADVANCED_FACE ( 'NONE', ( #11767 ), #11836, .F. ) ;
#6812 = ORIENTED_EDGE ( 'NONE', *, *, #8123, .T. ) ;
#6813 = ORIENTED_EDGE ( 'NONE', *, *, #1143, .T. ) ;
#6814 = VECTOR ( 'NONE', #9577, 39.37007874015748143 ) ;
#6815 = EDGE_LOOP ( 'NONE', ( #12605, #6100, #2889, #11375, #2269, #3904 ) ) ;
#6816 = DIRECTION ( 'NONE',  ( 1.000000000000000000, 0.0000000000000000000, 0.0000000000000000000 ) ) ;
#6817 = DIRECTION ( 'NONE',  ( 1.000000000000000000, 1.174096724532128111E-16, -4.283287147278279845E-17 ) ) ;
#6818 = CARTESIAN_POINT ( 'NONE',  ( 0.2326408108788038387, 0.5531967951924049443, 0.2669158118068479246 ) ) ;
#6819 = CARTESIAN_POINT ( 'NONE',  ( 0.3468140392252720416, 0.1555589999168270066, 0.2062465204682520925 ) ) ;
#6820 = CARTESIAN_POINT ( 'NONE',  ( 0.3444518345008468208, 0.05713380306641552275, 0.4515614810981849470 ) ) ;
#6821 =( NAMED_UNIT ( * ) PLANE_ANGLE_UNIT ( ) SI_UNIT ( $, .RADIAN. ) );
#6822 = VECTOR ( 'NONE', #3260, 39.37007874015748143 ) ;
#6823 = ORIENTED_EDGE ( 'NONE', *, *, #112, .F. ) ;
#6824 = CARTESIAN_POINT ( 'NONE',  ( 0.1444518345008675708, -0.05703942528005383206, 0.2397504574761405161 ) ) ;
#6825 = DIRECTION ( 'NONE',  ( -4.283287147278277996E-17, -1.665334536937734318E-16, -1.000000000000000000 ) ) ;
#6826 = ORIENTED_EDGE ( 'NONE', *, *, #6475, .T. ) ;
#6827 = CARTESIAN_POINT ( 'NONE',  ( 0.1558691573355117932, 0.1791810471609001365, 0.2515614810981877114 ) ) ;
#6828 = EDGE_LOOP ( 'NONE', ( #9836, #214, #3597, #6667 ) ) ;
#6829 = ADVANCED_FACE ( 'NONE', ( #3433 ), #10664, .F. ) ;
#6830 = ORIENTED_EDGE ( 'NONE', *, *, #7354, .F. ) ;
#6831 = CARTESIAN_POINT ( 'NONE',  ( 0.3444518345008468208, 0.05713380306641552275, 0.4515614810981849470 ) ) ;
#6832 = ORIENTED_EDGE ( 'NONE', *, *, #1170, .T. ) ;
#6833 = PRESENTATION_STYLE_ASSIGNMENT (( #3693 ) ) ;
#6834 = LINE ( 'NONE', #13109, #4145 ) ;
#6835 = VECTOR ( 'NONE', #1214, 39.37007874015748143 ) ;
#6836 = VERTEX_POINT ( 'NONE', #8814 ) ;
#6837 = PLANE ( 'NONE',  #6473 ) ;
#6838 = DIRECTION ( 'NONE',  ( 1.000000000000000000, 1.174096724532128111E-16, -4.283287147278279229E-17 ) ) ;
#6839 = LINE ( 'NONE', #13251, #4033 ) ;
#6840 = DIMENSIONAL_EXPONENTS ( 1.000000000000000000, 0.0000000000000000000, 0.0000000000000000000, 0.0000000000000000000, 0.0000000000000000000, 0.0000000000000000000, 0.0000000000000000000 ) ;
#6841 = EDGE_CURVE ( 'NONE', #1042, #7287, #12970, .T. ) ;
#6842 =( LENGTH_UNIT ( ) NAMED_UNIT ( * ) SI_UNIT ( $, .METRE. ) );
#6843 = EDGE_CURVE ( 'NONE', #4803, #1287, #1546, .T. ) ;
#6844 = LINE ( 'NONE', #12102, #10708 ) ;
#6845 = PLANE ( 'NONE',  #11568 ) ;
#6846 =( GEOMETRIC_REPRESENTATION_CONTEXT ( 3 ) GLOBAL_UNCERTAINTY_ASSIGNED_CONTEXT ( ( #10307 ) ) GLOBAL_UNIT_ASSIGNED_CONTEXT ( ( #1993, #6196, #8513 ) ) REPRESENTATION_CONTEXT ( 'NONE', 'WORKASPACE' ) );
#6847 = EDGE_CURVE ( 'NONE', #12683, #3493, #452, .T. ) ;
#6848 =( NAMED_UNIT ( * ) PLANE_ANGLE_UNIT ( ) SI_UNIT ( $, .RADIAN. ) );
#6849 = DIRECTION ( 'NONE',  ( 3.007447121050438636E-18, 2.498001805406601723E-16, 1.000000000000000000 ) ) ;
#6850 = ORIENTED_EDGE ( 'NONE', *, *, #12736, .F. ) ;
#6851 = B_SPLINE_CURVE_WITH_KNOTS ( 'NONE', 3,
 ( #6818, #567, #8163, #6113, #12326, #9954, #10978, #3680 ),
 .UNSPECIFIED., .F., .F.,
 ( 4, 2, 2, 4 ),
 ( 6.074629096579745465E-17, 0.0002285047224588000660, 0.0004570094449175394168, 0.0009140188898350220213 ),
 .UNSPECIFIED. ) ;
#6852 = DIRECTION ( 'NONE',  ( 0.0000000000000000000, 1.000000000000000000, 0.0000000000000000000 ) ) ;
#6853 = LINE ( 'NONE', #11007, #12532 ) ;
#6854 = CARTESIAN_POINT ( 'NONE',  ( 0.3313688544887175014, 0.2776062440113114538, 0.4937480347020916649 ) ) ;
#6855 = PLANE ( 'NONE',  #5032 ) ;
#6856 = FACE_OUTER_BOUND ( 'NONE', #7739, .T. ) ;
#6857 = CARTESIAN_POINT ( 'NONE',  ( 0.2221780689370909667, 0.009496007790817656904, 0.2905378590509531400 ) ) ;
#6858 = DIRECTION ( 'NONE',  ( 1.000000000000000000, 0.0000000000000000000, 0.0000000000000000000 ) ) ;
#6859 = EDGE_CURVE ( 'NONE', #311, #7100, #4386, .T. ) ;
#6860 = FILL_AREA_STYLE ('',( #11017 ) ) ;
#6861 = ORIENTED_EDGE ( 'NONE', *, *, #5460, .F. ) ;
#6862 = FACE_OUTER_BOUND ( 'NONE', #10957, .T. ) ;
#6863 = PLANE ( 'NONE',  #5639 ) ;
#6864 = DIRECTION ( 'NONE',  ( -1.000000000000000000, -1.408738150179760326E-16, 6.014894242100891138E-18 ) ) ;
#6865 = PRESENTATION_STYLE_ASSIGNMENT (( #4546 ) ) ;
#6866 = ORIENTED_EDGE ( 'NONE', *, *, #1009, .F. ) ;
#6867 = AXIS2_PLACEMENT_3D ( 'NONE', #3500, #9844, #7460 ) ;
#6868 = CARTESIAN_POINT ( 'NONE',  ( 0.2326408108788038387, 0.7045896617363757164, 0.3456559692871650769 ) ) ;
#6869 = ORIENTED_EDGE ( 'NONE', *, *, #2577, .F. ) ;
#6870 = ORIENTED_EDGE ( 'NONE', *, *, #10894, .F. ) ;
#6871 = EDGE_LOOP ( 'NONE', ( #7165, #8483, #12914, #4402 ) ) ;
#6872 = VECTOR ( 'NONE', #4424, 39.37007874015747433 ) ;
#6873 = EDGE_CURVE ( 'NONE', #776, #10471, #8546, .T. ) ;
#6874 = CARTESIAN_POINT ( 'NONE',  ( 0.3645305746583385464, 0.3760314408617050908, 0.1901441582635394756 ) ) ;
#6875 = FILL_AREA_STYLE_COLOUR ( '', #13225 ) ;
#6876 = LENGTH_MEASURE_WITH_UNIT ( LENGTH_MEASURE( 0.02539999999999999897 ), #9947 );
#6877 = ORIENTED_EDGE ( 'NONE', *, *, #1525, .T. ) ;
#6878 = LINE ( 'NONE', #11245, #9438 ) ;
#6879 = ORIENTED_EDGE ( 'NONE', *, *, #112, .T. ) ;
#6880 = VECTOR ( 'NONE', #1733, 39.37007874015748143 ) ;
#6881 = COLOUR_RGB ( '',0.7607843137254901578, 0.7607843137254901578, 0.0000000000000000000 ) ;
#6882 = ORIENTED_EDGE ( 'NONE', *, *, #4932, .T. ) ;
#6883 = FACE_OUTER_BOUND ( 'NONE', #12557, .T. ) ;
#6884 = CARTESIAN_POINT ( 'NONE',  ( 0.09484553528826229762, 0.1555589999168269788, 0.4358134496021299764 ) ) ;
#6885 = DIRECTION ( 'NONE',  ( 0.0000000000000000000, 0.0000000000000000000, 1.000000000000000000 ) ) ;
#6886 = DIRECTION ( 'NONE',  ( -1.000000000000000000, 1.937287448275561202E-17, 2.565854121688507820E-49 ) ) ;
#6887 = PLANE ( 'NONE',  #953 ) ;
#6888 = LENGTH_MEASURE_WITH_UNIT ( LENGTH_MEASURE( 0.02539999999999999897 ), #11191 );
#6889 = ADVANCED_FACE ( 'NONE', ( #6431 ), #12834, .F. ) ;
#6890 = CARTESIAN_POINT ( 'NONE',  ( 0.3290975037921824442, 0.5295747479483139397, 0.2688843157438651765 ) ) ;
#6891 = ADVANCED_FACE ( 'NONE', ( #1482 ), #12455, .F. ) ;
#6892 = DIRECTION ( 'NONE',  ( 1.000000000000000000, -1.937287448275558121E-17, 0.0000000000000000000 ) ) ;
#6893 = VECTOR ( 'NONE', #4236, 39.37007874015748143 ) ;
#6894 = VERTEX_POINT ( 'NONE', #4790 ) ;
#6895 = UNCERTAINTY_MEASURE_WITH_UNIT (LENGTH_MEASURE( 1.000000000000000082E-05 ), #5806, 'distance_accuracy_value', 'NONE');
#6896 = LINE ( 'NONE', #4853, #5216 ) ;
#6897 = CARTESIAN_POINT ( 'NONE',  ( 0.3625620707213385030, 0.08862986605856656985, 0.4515614810981740668 ) ) ;
#6898 = ORIENTED_EDGE ( 'NONE', *, *, #5414, .F. ) ;
#6899 = VECTOR ( 'NONE', #10968, 39.37007874015748143 ) ;
#6900 = SURFACE_STYLE_USAGE ( .BOTH. , #13037 ) ;
#6901 = ORIENTED_EDGE ( 'NONE', *, *, #6674, .T. ) ;
#6902 = CARTESIAN_POINT ( 'NONE',  ( 0.3290975037921824442, 0.3760314408617060900, 0.3850260480273225983 ) ) ;
#6903 = CARTESIAN_POINT ( 'NONE',  ( 0.07319199198116600746, 0.3760314408617050908, 0.1901441582635394756 ) ) ;
#6904 = ADVANCED_FACE ( 'NONE', ( #1601 ), #2901, .T. ) ;
#6905 = FACE_BOUND ( 'NONE', #11092, .T. ) ;
#6906 = LINE ( 'NONE', #6767, #2875 ) ;
#6907 = VECTOR ( 'NONE', #8458, 39.37007874015748143 ) ;
#6908 = ORIENTED_EDGE ( 'NONE', *, *, #13010, .F. ) ;
#6909 = CARTESIAN_POINT ( 'NONE',  ( 0.2326408108788038387, 0.05713380306642412698, 0.5011677803107907891 ) ) ;
#6910 = LINE ( 'NONE', #12106, #3768 ) ;
#6911 = CARTESIAN_POINT ( 'NONE',  ( 0.2221780689372487572, 0.4272125432239180509, 0.4007740795234070452 ) ) ;
#6912 = ORIENTED_EDGE ( 'NONE', *, *, #10914, .T. ) ;
#6913 = LINE ( 'NONE', #11072, #9676 ) ;
#6914 = CARTESIAN_POINT ( 'NONE',  ( 0.09484553528826229762, 0.1555589999168269233, 0.3456559692871707390 ) ) ;
#6915 = ADVANCED_FACE ( 'NONE', ( #796 ), #656, .T. ) ;
#6916 = DIRECTION ( 'NONE',  ( -1.608386623408232256E-17, -1.526556658859589750E-16, -1.000000000000000000 ) ) ;
#6917 = EDGE_CURVE ( 'NONE', #1861, #8803, #7037, .T. ) ;
#6918 = CARTESIAN_POINT ( 'NONE',  ( 0.2726091976981875886, 0.2815432518853281940, 0.3850260480273225983 ) ) ;
#6919 = CIRCLE ( 'NONE', #6255, 0.05511811023622041616 ) ;
#6920 = DIRECTION ( 'NONE',  ( 0.0000000000000000000, 0.0000000000000000000, 1.000000000000000000 ) ) ;
#6921 = ADVANCED_FACE ( 'NONE', ( #4919 ), #7867, .T. ) ;
#6922 = LINE ( 'NONE', #5959, #6051 ) ;
#6923 = LINE ( 'NONE', #4671, #2700 ) ;
#6924 = CARTESIAN_POINT ( 'NONE',  ( 0.2326408108788038387, 0.05713380306642412698, 0.4991992763737758132 ) ) ;
#6925 = VERTEX_POINT ( 'NONE', #7932 ) ;
#6926 = LINE ( 'NONE', #7122, #6300 ) ;
#6927 = DIRECTION ( 'NONE',  ( 0.0000000000000000000, -8.220413448604736877E-18, 1.000000000000000000 ) ) ;
#6928 = MECHANICAL_DESIGN_GEOMETRIC_PRESENTATION_REPRESENTATION (  '', ( #12164 ), #3022 ) ;
#6929 = ORIENTED_EDGE ( 'NONE', *, *, #413, .T. ) ;
#6930 = FACE_OUTER_BOUND ( 'NONE', #6608, .T. ) ;
#6931 = EDGE_LOOP ( 'NONE', ( #9948, #10765 ) ) ;
#6932 = ORIENTED_EDGE ( 'NONE', *, *, #11312, .F. ) ;
#6933 = EDGE_CURVE ( 'NONE', #12829, #1509, #10173, .T. ) ;
#6934 = ORIENTED_EDGE ( 'NONE', *, *, #7335, .T. ) ;
#6935 =( NAMED_UNIT ( * ) PLANE_ANGLE_UNIT ( ) SI_UNIT ( $, .RADIAN. ) );
#6936 = VECTOR ( 'NONE', #544, 39.37007874015748143 ) ;
#6937 = FACE_OUTER_BOUND ( 'NONE', #9250, .T. ) ;
#6938 = EDGE_CURVE ( 'NONE', #11798, #9279, #1667, .T. ) ;
#6939 = VECTOR ( 'NONE', #12916, 39.37007874015748143 ) ;
#6940 = CARTESIAN_POINT ( 'NONE',  ( 0.2483888423748524532, 0.3760314408617060900, 0.2688843157438651765 ) ) ;
#6941 = DIRECTION ( 'NONE',  ( -1.937287448275561202E-17, -1.000000000000000000, -8.220413448604590506E-18 ) ) ;
#6942 = FACE_OUTER_BOUND ( 'NONE', #2680, .T. ) ;
#6943 = SURFACE_SIDE_STYLE ('',( #2813 ) ) ;
#6944 = ORIENTED_EDGE ( 'NONE', *, *, #10931, .F. ) ;
#6945 = AXIS2_PLACEMENT_3D ( 'NONE', #4428, #8648, #12741 ) ;
#6946 = ORIENTED_EDGE ( 'NONE', *, *, #2703, .T. ) ;
#6947 = ADVANCED_FACE ( 'NONE', ( #11206 ), #9015, .T. ) ;
#6948 = ORIENTED_EDGE ( 'NONE', *, *, #12704, .F. ) ;
#6949 = FILL_AREA_STYLE_COLOUR ( '', #9821 ) ;
#6950 = CARTESIAN_POINT ( 'NONE',  ( 0.05547545654809511728, 0.05713380306642399514, 0.4873882527517284791 ) ) ;
#6951 = AXIS2_PLACEMENT_3D ( 'NONE', #10269, #4252, #10333 ) ;
#6952 = CARTESIAN_POINT ( 'NONE',  ( 0.2090187636347128619, 0.3760314408617060900, 0.4224276228305008374 ) ) ;
#6953 = CARTESIAN_POINT ( 'NONE',  ( 0.2483888423748703833, 0.2185511259010752549, 0.5385693551139404400 ) ) ;
#6954 = PRESENTATION_STYLE_ASSIGNMENT (( #2824 ) ) ;
#6955 = DIRECTION ( 'NONE',  ( -1.000000000000000000, -1.316334802367150653E-16, 1.608386623408235030E-17 ) ) ;
#6956 =( NAMED_UNIT ( * ) PLANE_ANGLE_UNIT ( ) SI_UNIT ( $, .RADIAN. ) );
#6957 = ORIENTED_EDGE ( 'NONE', *, *, #973, .T. ) ;
#6958 = DIRECTION ( 'NONE',  ( -1.000000000000000000, -1.408738150179760326E-16, 3.007447121050473688E-18 ) ) ;
#6959 = CARTESIAN_POINT ( 'NONE',  ( 0.2916959289890523888, 0.1437479762947815320, 0.3456559692871528644 ) ) ;
#6960 = VERTEX_POINT ( 'NONE', #13249 ) ;
#6961 = EDGE_LOOP ( 'NONE', ( #7692, #4210, #5130, #6529, #12527, #731, #9914, #13104 ) ) ;
#6962 = COLOUR_RGB ( '',0.7607843137254901578, 0.7607843137254901578, 0.0000000000000000000 ) ;
#6963 = AXIS2_PLACEMENT_3D ( 'NONE', #10871, #6509, #3636 ) ;
#6964 = ADVANCED_FACE ( 'NONE', ( #12035 ), #3895, .T. ) ;
#6965 = EDGE_LOOP ( 'NONE', ( #6696, #3979, #3063, #11502, #8868, #133, #8011 ) ) ;
#6966 = FACE_BOUND ( 'NONE', #12960, .T. ) ;
#6967 = DIRECTION ( 'NONE',  ( -2.626713979715461236E-16, 4.163336342344336041E-16, 1.000000000000000000 ) ) ;
#6968 = LINE ( 'NONE', #6903, #9039 ) ;
#6969 = VECTOR ( 'NONE', #3039, 39.37007874015748143 ) ;
#6970 = VECTOR ( 'NONE', #1761, 39.37007874015748143 ) ;
#6971 = LINE ( 'NONE', #4862, #4920 ) ;
#6972 = VECTOR ( 'NONE', #5998, 39.37007874015748143 ) ;
#6973 = VERTEX_POINT ( 'NONE', #12361 ) ;
#6974 = FACE_OUTER_BOUND ( 'NONE', #1203, .T. ) ;
#6975 = LINE ( 'NONE', #4865, #9658 ) ;
#6976 = ORIENTED_EDGE ( 'NONE', *, *, #7593, .F. ) ;
#6977 = EDGE_CURVE ( 'NONE', #9904, #1907, #4234, .T. ) ;
#6978 = CARTESIAN_POINT ( 'NONE',  ( 0.2483888423748703833, 0.2972912833813901590, 0.1684906149564564526 ) ) ;
#6979 = EDGE_CURVE ( 'NONE', #9038, #12999, #8393, .T. ) ;
#6980 = ORIENTED_EDGE ( 'NONE', *, *, #2244, .F. ) ;
#6981 = VECTOR ( 'NONE', #9204, 39.37007874015748143 ) ;
#6982 = PRESENTATION_LAYER_ASSIGNMENT (  '', '', ( #3278 ) ) ;
#6983 = VECTOR ( 'NONE', #13386, 39.37007874015748143 ) ;
#6984 = CARTESIAN_POINT ( 'NONE',  ( 0.1558691573355117099, 0.1791810471609002198, 0.4515614810981848359 ) ) ;
#6985 = LINE ( 'NONE', #1617, #8722 ) ;
#6986 = CARTESIAN_POINT ( 'NONE',  ( 0.3389400234772336762, 0.3760314408617050908, 0.3456559692871650769 ) ) ;
#6987 = CARTESIAN_POINT ( 'NONE',  ( 0.1164990785953285146, 0.7897218048774069521, 0.4677032133816496628 ) ) ;
#6988 = DIRECTION ( 'NONE',  ( 1.000000000000000000, 1.408738150179760326E-16, -6.014894242100891138E-18 ) ) ;
#6989 = AXIS2_PLACEMENT_3D ( 'NONE', #8927, #9898, #6690 ) ;
#6990 = DIRECTION ( 'NONE',  ( 1.000000000000000000, 1.408738150179760326E-16, -6.014894242100891138E-18 ) ) ;
#6991 = VECTOR ( 'NONE', #3535, 39.37007874015748143 ) ;
#6992 = VECTOR ( 'NONE', #842, 39.37007874015748143 ) ;
#6993 = VERTEX_POINT ( 'NONE', #5174 ) ;
#6994 = CARTESIAN_POINT ( 'NONE',  ( 0.2405148266268503088, 0.1555589999168270621, 0.4515614810981740668 ) ) ;
#6995 = LINE ( 'NONE', #2989, #1968 ) ;
#6996 = CARTESIAN_POINT ( 'NONE',  ( 0.1361841179654072198, 0.3760314408617060900, 0.2688843157438651765 ) ) ;
#6997 = ORIENTED_EDGE ( 'NONE', *, *, #6999, .F. ) ;
#6998 = PLANE ( 'NONE',  #13360 ) ;
#6999 = EDGE_CURVE ( 'NONE', #10645, #9904, #2012, .T. ) ;
#7000 = ORIENTED_EDGE ( 'NONE', *, *, #11128, .T. ) ;
#7001 = ORIENTED_EDGE ( 'NONE', *, *, #3181, .F. ) ;
#7002 = VECTOR ( 'NONE', #1059, 39.37007874015748143 ) ;
#7003 = ORIENTED_EDGE ( 'NONE', *, *, #9188, .F. ) ;
#7004 = VECTOR ( 'NONE', #8924, 39.37007874015748143 ) ;
#7005 = CARTESIAN_POINT ( 'NONE',  ( 0.2641368738709190533, 0.2185511259010752549, 0.5385693551139404400 ) ) ;
#7006 = DIRECTION ( 'NONE',  ( -1.937287448275561202E-17, -1.000000000000000000, -8.220413448604590506E-18 ) ) ;
#7007 = EDGE_CURVE ( 'NONE', #10714, #12946, #6271, .T. ) ;
#7008 = EDGE_CURVE ( 'NONE', #11559, #447, #12420, .T. ) ;
#7009 = MECHANICAL_DESIGN_GEOMETRIC_PRESENTATION_REPRESENTATION (  '', ( #944 ), #11380 ) ;
#7010 = ORIENTED_EDGE ( 'NONE', *, *, #6698, .T. ) ;
#7011 = DIRECTION ( 'NONE',  ( -2.359223927328456662E-16, 3.885780586188047398E-16, 1.000000000000000000 ) ) ;
#7012 = ORIENTED_EDGE ( 'NONE', *, *, #1875, .F. ) ;
#7013 = ORIENTED_EDGE ( 'NONE', *, *, #3833, .F. ) ;
#7014 = CARTESIAN_POINT ( 'NONE',  ( 0.2129557715087250780, 0.1279999447987147931, 0.2019551818855939151 ) ) ;
#7015 = VECTOR ( 'NONE', #6591, 39.37007874015748143 ) ;
#7016 = CARTESIAN_POINT ( 'NONE',  ( 0.07712899985517100709, 0.3760314408617060900, 0.4972307724367678317 ) ) ;
#7017 = DIRECTION ( 'NONE',  ( -1.316334802367150653E-16, 1.000000000000000000, -1.526556658859589750E-16 ) ) ;
#7018 =( NAMED_UNIT ( * ) PLANE_ANGLE_UNIT ( ) SI_UNIT ( $, .RADIAN. ) );
#7019 = LINE ( 'NONE', #10159, #1043 ) ;
#7020 = ADVANCED_FACE ( 'NONE', ( #9353 ), #5313, .T. ) ;
#7021 = PLANE ( 'NONE',  #8149 ) ;
#7022 = DIRECTION ( 'NONE',  ( -1.000000000000000000, -1.408738150179760326E-16, 6.014894242100891138E-18 ) ) ;
#7023 = ORIENTED_EDGE ( 'NONE', *, *, #10611, .T. ) ;
#7024 = CARTESIAN_POINT ( 'NONE',  ( 0.1558691573354859805, 0.3583149054286423607, 0.2669158118068501451 ) ) ;
#7025 = CARTESIAN_POINT ( 'NONE',  ( 0.09484553528825256929, 0.08862986605855729949, 0.5228213236178702594 ) ) ;
#7026 = ORIENTED_EDGE ( 'NONE', *, *, #579, .F. ) ;
#7027 = UNCERTAINTY_MEASURE_WITH_UNIT (LENGTH_MEASURE( 1.000000000000000082E-05 ), #1872, 'distance_accuracy_value', 'NONE');
#7028 = DIRECTION ( 'NONE',  ( -1.316334802367150653E-16, 1.000000000000000000, -1.526556658859589750E-16 ) ) ;
#7029 = CIRCLE ( 'NONE', #4635, 0.01770302147941842791 ) ;
#7030 = ORIENTED_EDGE ( 'NONE', *, *, #11740, .T. ) ;
#7031 = PLANE ( 'NONE',  #4319 ) ;
#7032 = ORIENTED_EDGE ( 'NONE', *, *, #7354, .T. ) ;
#7033 = ORIENTED_EDGE ( 'NONE', *, *, #12098, .F. ) ;
#7034 = FILL_AREA_STYLE ('',( #3891 ) ) ;
#7035 = ORIENTED_EDGE ( 'NONE', *, *, #9262, .F. ) ;
#7036 = CARTESIAN_POINT ( 'NONE',  ( 0.2405148266268503643, 0.3760314408617053128, 0.2259709299170710173 ) ) ;
#7037 = LINE ( 'NONE', #5941, #5678 ) ;
#7038 = CARTESIAN_POINT ( 'NONE',  ( 0.2483888423748524532, 0.4547715983420210217, 0.3062858905470076110 ) ) ;
#7039 = AXIS2_PLACEMENT_3D ( 'NONE', #4211, #8370, #3191 ) ;
#7040 = CARTESIAN_POINT ( 'NONE',  ( 0.3704360864693699851, 0.1555589999168270066, 0.4810890401532994520 ) ) ;
#7041 = EDGE_CURVE ( 'NONE', #9801, #6221, #4102, .T. ) ;
#7042 = VERTEX_POINT ( 'NONE', #11479 ) ;
#7043 = CARTESIAN_POINT ( 'NONE',  ( 0.2916959289890400653, 0.1279999447987147931, 0.5011677803107907891 ) ) ;
#7044 = DIRECTION ( 'NONE',  ( -1.937287448275561202E-17, -1.000000000000000000, -8.220413448604590506E-18 ) ) ;
#7045 = DIRECTION ( 'NONE',  ( -8.833616147085623967E-14, -8.220413448603023570E-18, 1.000000000000000000 ) ) ;
#7046 = ORIENTED_EDGE ( 'NONE', *, *, #7341, .F. ) ;
#7047 = VECTOR ( 'NONE', #1362, 39.37007874015748143 ) ;
#7048 = CARTESIAN_POINT ( 'NONE',  ( 0.1263415982803829940, 0.3760314408617050908, 0.4322701425155072719 ) ) ;
#7049 = CARTESIAN_POINT ( 'NONE',  ( 0.3586250628473005575, 0.7897218048774069521, 0.3062858905470076665 ) ) ;
#7050 = CARTESIAN_POINT ( 'NONE',  ( 0.3625620707213385030, 0.1555589999168271176, 0.4850260480273044239 ) ) ;
#7051 = CARTESIAN_POINT ( 'NONE',  ( 0.2090187636347128619, 0.1988660865309974379, 0.4224276228305008374 ) ) ;
#7052 = FACE_OUTER_BOUND ( 'NONE', #8361, .T. ) ;
#7053 = DIRECTION ( 'NONE',  ( 0.0000000000000000000, -0.9922778767136848366, -0.1240347345890697173 ) ) ;
#7054 = CARTESIAN_POINT ( 'NONE',  ( 0.3625620707213385030, 0.1555589999168270066, 0.4102228984210123386 ) ) ;
#7055 = ADVANCED_FACE ( 'NONE', ( #10444 ), #3091, .T. ) ;
#7056 = EDGE_CURVE ( 'NONE', #8793, #216, #937, .T. ) ;
#7057 = EDGE_LOOP ( 'NONE', ( #12001, #3601, #2816, #10546 ) ) ;
#7058 = LINE ( 'NONE', #114, #2382 ) ;
#7059 = CARTESIAN_POINT ( 'NONE',  ( 0.1090187636347222100, 0.08862986605856644495, 0.4397504574761375573 ) ) ;
#7060 = LINE ( 'NONE', #5753, #13345 ) ;
#7061 = VERTEX_POINT ( 'NONE', #6353 ) ;
#7062 = VERTEX_POINT ( 'NONE', #5376 ) ;
#7063 = DIRECTION ( 'NONE',  ( -1.000000000000000000, 1.937287448275558121E-17, 0.0000000000000000000 ) ) ;
#7064 = EDGE_LOOP ( 'NONE', ( #3469, #7705, #12995, #3025, #7143, #4556, #9611, #10432, #10816, #10148, #7469, #7675 ) ) ;
#7065 = ORIENTED_EDGE ( 'NONE', *, *, #9570, .F. ) ;
#7066 = ORIENTED_EDGE ( 'NONE', *, *, #13298, .T. ) ;
#7067 = CARTESIAN_POINT ( 'NONE',  ( 0.1562628581229040525, 0.08075585031049736795, 0.2515614810981877114 ) ) ;
#7068 = CARTESIAN_POINT ( 'NONE',  ( 0.2326408108788161344, 0.1476849841687954135, 0.2358134496021148940 ) ) ;
#7069 = CARTESIAN_POINT ( 'NONE',  ( 0.3468140392252719861, 0.1555589999168271176, 0.4397504574761375573 ) ) ;
#7070 = DIRECTION ( 'NONE',  ( 1.937287448275561202E-17, 1.000000000000000000, 8.220413448604590506E-18 ) ) ;
#7071 = LINE ( 'NONE', #3124, #5254 ) ;
#7072 = DIRECTION ( 'NONE',  ( -1.000000000000000000, 1.937287448275561202E-17, 2.565854121688507820E-49 ) ) ;
#7073 = EDGE_CURVE ( 'NONE', #8001, #1675, #3416, .T. ) ;
#7074 = AXIS2_PLACEMENT_3D ( 'NONE', #9016, #8946, #2902 ) ;
#7075 = FACE_OUTER_BOUND ( 'NONE', #8939, .T. ) ;
#7076 = ORIENTED_EDGE ( 'NONE', *, *, #11142, .F. ) ;
#7077 = DIRECTION ( 'NONE',  ( 1.000000000000000000, 3.376070039848302092E-16, 2.359223927328455183E-16 ) ) ;
#7078 = ORIENTED_EDGE ( 'NONE', *, *, #8284, .F. ) ;
#7079 = ORIENTED_EDGE ( 'NONE', *, *, #1908, .T. ) ;
#7080 = VERTEX_POINT ( 'NONE', #2494 ) ;
#7081 = ADVANCED_FACE ( 'NONE', ( #11687 ), #8659, .F. ) ;
#7082 = VECTOR ( 'NONE', #12820, 39.37007874015748143 ) ;
#7083 = EDGE_CURVE ( 'NONE', #966, #7548, #1465, .T. ) ;
#7084 = CARTESIAN_POINT ( 'NONE',  ( 0.2405148266268503088, 0.1555589999168270621, 0.4397504574761375573 ) ) ;
#7085 = LINE ( 'NONE', #10363, #362 ) ;
#7086 = CARTESIAN_POINT ( 'NONE',  ( 0.3625620707213383920, 0.3760314408617050908, 0.4259709299170678087 ) ) ;
#7087 = ADVANCED_FACE ( 'NONE', ( #9631 ), #11753, .F. ) ;
#7088 = FILL_AREA_STYLE_COLOUR ( '', #8039 ) ;
#7089 = EDGE_LOOP ( 'NONE', ( #9507, #5983, #2502, #7743 ) ) ;
#7090 = CARTESIAN_POINT ( 'NONE',  ( 0.2956329368630823962, 0.08862986605855746602, 0.3456559692871707390 ) ) ;
#7091 = LINE ( 'NONE', #3817, #11293 ) ;
#7092 = CIRCLE ( 'NONE', #7533, 0.01574803149606299885 ) ;
#7093 = ORIENTED_EDGE ( 'NONE', *, *, #8396, .T. ) ;
#7094 = DIRECTION ( 'NONE',  ( -1.000000000000000000, 0.0000000000000000000, 0.0000000000000000000 ) ) ;
#7095 = ORIENTED_EDGE ( 'NONE', *, *, #3907, .F. ) ;
#7096 = VERTEX_POINT ( 'NONE', #10787 ) ;
#7097 =( NAMED_UNIT ( * ) SI_UNIT ( $, .STERADIAN. ) SOLID_ANGLE_UNIT ( ) );
#7098 = DIRECTION ( 'NONE',  ( 1.000000000000000000, 1.174096724532127865E-16, -4.283287147278279229E-17 ) ) ;
#7099 = EDGE_CURVE ( 'NONE', #3876, #12701, #9761, .T. ) ;
#7100 = VERTEX_POINT ( 'NONE', #10851 ) ;
#7101 = PRESENTATION_STYLE_ASSIGNMENT (( #4172 ) ) ;
#7102 = CARTESIAN_POINT ( 'NONE',  ( 0.3208297872567558162, -0.05703942528003588114, 0.2515614810981877669 ) ) ;
#7103 = AXIS2_PLACEMENT_3D ( 'NONE', #11689, #5452, #1468 ) ;
#7104 = VECTOR ( 'NONE', #12050, 39.37007874015748143 ) ;
#7105 = DIRECTION ( 'NONE',  ( 3.007447121050438636E-18, 2.498001805406601723E-16, 1.000000000000000000 ) ) ;
#7106 = ORIENTED_EDGE ( 'NONE', *, *, #5701, .T. ) ;
#7107 = CARTESIAN_POINT ( 'NONE',  ( 0.3468140392252718751, 0.3130393148774570644, 0.4062465204682491615 ) ) ;
#7108 = DIRECTION ( 'NONE',  ( 0.0000000000000000000, 0.0000000000000000000, 1.000000000000000000 ) ) ;
#7109 = STYLED_ITEM ( 'NONE', ( #10352 ), #2226 ) ;
#7110 = CARTESIAN_POINT ( 'NONE',  ( 0.09484553528825256929, 0.08862986605855729949, 0.5011677803107907891 ) ) ;
#7111 = ORIENTED_EDGE ( 'NONE', *, *, #2637, .T. ) ;
#7112 = LINE ( 'NONE', #11284, #6969 ) ;
#7113 = EDGE_CURVE ( 'NONE', #2873, #12525, #1331, .T. ) ;
#7114 = ORIENTED_EDGE ( 'NONE', *, *, #821, .F. ) ;
#7115 = DIRECTION ( 'NONE',  ( 1.000000000000000000, 3.376070039848302092E-16, 2.359223927328455183E-16 ) ) ;
#7116 = LINE ( 'NONE', #6857, #9494 ) ;
#7117 = LINE ( 'NONE', #8147, #10634 ) ;
#7118 = CARTESIAN_POINT ( 'NONE',  ( 0.1558691573355117932, 0.2264251416490908608, 0.2515614810981877114 ) ) ;
#7119 = STYLED_ITEM ( 'NONE', ( #7101 ), #2745 ) ;
#7120 = FILL_AREA_STYLE_COLOUR ( '', #4403 ) ;
#7121 = ORIENTED_EDGE ( 'NONE', *, *, #3324, .T. ) ;
#7122 = CARTESIAN_POINT ( 'NONE',  ( 0.2444518345008482030, 0.05713380306641549500, 0.4397504574761375573 ) ) ;
#7123 = ORIENTED_EDGE ( 'NONE', *, *, #12487, .T. ) ;
#7124 = CARTESIAN_POINT ( 'NONE',  ( 0.2208297872567573095, 0.05713380306641541867, 0.2515614810981877114 ) ) ;
#7125 = EDGE_LOOP ( 'NONE', ( #6866, #8467, #4896, #7399, #9083, #7606, #8356, #9603 ) ) ;
#7126 = ORIENTED_EDGE ( 'NONE', *, *, #13428, .F. ) ;
#7127 = VECTOR ( 'NONE', #3681, 39.37007874015748143 ) ;
#7128 = CARTESIAN_POINT ( 'NONE',  ( 0.1027195510362938075, 0.1476849841687954412, 0.4732150244052678589 ) ) ;
#7129 = EDGE_CURVE ( 'NONE', #11798, #5824, #7713, .T. ) ;
#7130 = ADVANCED_FACE ( 'NONE', ( #2690 ), #4843, .F. ) ;
#7131 = VERTEX_POINT ( 'NONE', #5781 ) ;
#7132 = LENGTH_MEASURE_WITH_UNIT ( LENGTH_MEASURE( 0.02539999999999999897 ), #2997 );
#7133 = LINE ( 'NONE', #6745, #7969 ) ;
#7134 = CARTESIAN_POINT ( 'NONE',  ( 0.1164990785953284869, 0.1988660865309974379, 0.4243961267674800641 ) ) ;
#7135 = CARTESIAN_POINT ( 'NONE',  ( 0.3267352990678009106, -0.07278745677610247433, 0.2397504574761405161 ) ) ;
#7136 =( GEOMETRIC_REPRESENTATION_CONTEXT ( 3 ) GLOBAL_UNCERTAINTY_ASSIGNED_CONTEXT ( ( #10165 ) ) GLOBAL_UNIT_ASSIGNED_CONTEXT ( ( #11719, #10950, #9858 ) ) REPRESENTATION_CONTEXT ( 'NONE', 'WORKASPACE' ) );
#7137 = FACE_OUTER_BOUND ( 'NONE', #13406, .T. ) ;
#7138 = ORIENTED_EDGE ( 'NONE', *, *, #8123, .F. ) ;
#7139 = VERTEX_POINT ( 'NONE', #9956 ) ;
#7140 = VECTOR ( 'NONE', #3344, 39.37007874015748143 ) ;
#7141 = ADVANCED_FACE ( 'NONE', ( #13093 ), #1846, .T. ) ;
#7142 = ADVANCED_FACE ( 'NONE', ( #4771 ), #6887, .F. ) ;
#7143 = ORIENTED_EDGE ( 'NONE', *, *, #8051, .T. ) ;
#7144 = CARTESIAN_POINT ( 'NONE',  ( 0.1444518345008675708, -0.05703942528005378348, 0.4515614810981849470 ) ) ;
#7145 = VECTOR ( 'NONE', #7360, 39.37007874015748143 ) ;
#7146 = CARTESIAN_POINT ( 'NONE',  ( 0.2956329368630823962, 0.1279999447987060224, 0.4854197488147190542 ) ) ;
#7147 = CARTESIAN_POINT ( 'NONE',  ( 0.1027195510362948483, 0.2165826219640790973, 0.1940811661375554664 ) ) ;
#7148 =( NAMED_UNIT ( * ) PLANE_ANGLE_UNIT ( ) SI_UNIT ( $, .RADIAN. ) );
#7149 = DIRECTION ( 'NONE',  ( -0.0000000000000000000, -1.000000000000000000, -0.0000000000000000000 ) ) ;
#7150 = CARTESIAN_POINT ( 'NONE',  ( 0.2326408108788125817, -0.1446865674942330593, 0.2515614810981877669 ) ) ;
#7151 = DIRECTION ( 'NONE',  ( 0.7071067811865472397, -0.7071067811865479058, 0.0000000000000000000 ) ) ;
#7152 = CARTESIAN_POINT ( 'NONE',  ( 0.1385463226898582811, -0.07278745677611146714, 0.2397504574761405161 ) ) ;
#7153 = MECHANICAL_DESIGN_GEOMETRIC_PRESENTATION_REPRESENTATION (  '', ( #1728 ), #8245 ) ;
#7154 = PRESENTATION_STYLE_ASSIGNMENT (( #2262 ) ) ;
#7155 = ORIENTED_EDGE ( 'NONE', *, *, #268, .T. ) ;
#7156 = CARTESIAN_POINT ( 'NONE',  ( 0.1558691573354937243, 0.3091023070034269460, 0.4397504574761374463 ) ) ;
#7157 = ADVANCED_FACE ( 'NONE', ( #7292 ), #4084, .T. ) ;
#7158 = DIRECTION ( 'NONE',  ( 0.8320502943379405325, 0.0000000000000000000, 0.5547001962250837082 ) ) ;
#7159 = ORIENTED_EDGE ( 'NONE', *, *, #6843, .F. ) ;
#7160 = LINE ( 'NONE', #7547, #2214 ) ;
#7161 = ORIENTED_EDGE ( 'NONE', *, *, #9621, .F. ) ;
#7162 = CARTESIAN_POINT ( 'NONE',  ( 0.2326408108788038387, 0.2185511259010752549, 0.3614040007832317047 ) ) ;
#7163 = EDGE_CURVE ( 'NONE', #10726, #1982, #1105, .T. ) ;
#7164 = STYLED_ITEM ( 'NONE', ( #12253 ), #10521 ) ;
#7165 = ORIENTED_EDGE ( 'NONE', *, *, #8876, .F. ) ;
#7166 = FACE_OUTER_BOUND ( 'NONE', #5048, .T. ) ;
#7167 = PLANE ( 'NONE',  #2306 ) ;
#7168 = LINE ( 'NONE', #2213, #9492 ) ;
#7169 = VECTOR ( 'NONE', #9563, 39.37007874015748143 ) ;
#7170 = ADVANCED_FACE ( 'NONE', ( #11399 ), #4965, .F. ) ;
#7171 = ORIENTED_EDGE ( 'NONE', *, *, #2383, .T. ) ;
#7172 = ADVANCED_FACE ( 'NONE', ( #92 ), #11252, .F. ) ;
#7173 = SURFACE_STYLE_USAGE ( .BOTH. , #11212 ) ;
#7174 = LINE ( 'NONE', #10528, #9609 ) ;
#7175 = VERTEX_POINT ( 'NONE', #2401 ) ;
#7176 = DIRECTION ( 'NONE',  ( -4.283287147278277996E-17, -1.665334536937734318E-16, -1.000000000000000000 ) ) ;
#7177 = EDGE_CURVE ( 'NONE', #7674, #12483, #1390, .T. ) ;
#7178 = ORIENTED_EDGE ( 'NONE', *, *, #10170, .T. ) ;
#7179 = DIRECTION ( 'NONE',  ( 0.0000000000000000000, -1.000000000000000000, 0.0000000000000000000 ) ) ;
#7180 = ORIENTED_EDGE ( 'NONE', *, *, #9568, .F. ) ;
#7181 = VECTOR ( 'NONE', #3009, 39.37007874015748143 ) ;
#7182 = DIRECTION ( 'NONE',  ( -1.174096724532128111E-16, 1.000000000000000000, -1.665334536937734318E-16 ) ) ;
#7183 = VECTOR ( 'NONE', #4781, 39.37007874015748143 ) ;
#7184 = LINE ( 'NONE', #3105, #4464 ) ;
#7185 = APPLICATION_PROTOCOL_DEFINITION ( 'draft international standard', 'automotive_design', 1998, #7495 ) ;
#7186 = CYLINDRICAL_SURFACE ( 'NONE', #10857, 0.05610236220472444857 ) ;
#7187 = LINE ( 'NONE', #8276, #6560 ) ;
#7188 = DIRECTION ( 'NONE',  ( -1.000000000000000000, 0.0000000000000000000, 0.0000000000000000000 ) ) ;
#7189 = ORIENTED_EDGE ( 'NONE', *, *, #1100, .F. ) ;
#7190 = CARTESIAN_POINT ( 'NONE',  ( 0.2326408108788038387, 0.4272125432239180509, 0.3456559692871650769 ) ) ;
#7191 = ADVANCED_FACE ( 'NONE', ( #8642 ), #12801, .F. ) ;
#7192 = DIMENSIONAL_EXPONENTS ( 1.000000000000000000, 0.0000000000000000000, 0.0000000000000000000, 0.0000000000000000000, 0.0000000000000000000, 0.0000000000000000000, 0.0000000000000000000 ) ;
#7193 = VECTOR ( 'NONE', #7254, 39.37007874015748143 ) ;
#7194 = AXIS2_PLACEMENT_3D ( 'NONE', #2785, #3582, #9028 ) ;
#7195 = DIRECTION ( 'NONE',  ( -1.000000000000000000, -0.0000000000000000000, -0.0000000000000000000 ) ) ;
#7196 = VERTEX_POINT ( 'NONE', #1764 ) ;
#7197 = VECTOR ( 'NONE', #10559, 39.37007874015748143 ) ;
#7198 = DIRECTION ( 'NONE',  ( 0.0000000000000000000, 0.0000000000000000000, 1.000000000000000000 ) ) ;
#7199 = ORIENTED_EDGE ( 'NONE', *, *, #10337, .T. ) ;
#7200 = ORIENTED_EDGE ( 'NONE', *, *, #12191, .T. ) ;
#7201 = ORIENTED_EDGE ( 'NONE', *, *, #1037, .F. ) ;
#7202 = LINE ( 'NONE', #78, #13208 ) ;
#7203 = VECTOR ( 'NONE', #2590, 39.37007874015748854 ) ;
#7204 = DIRECTION ( 'NONE',  ( -0.9922778767136849476, -0.1240347345890697311, 0.0000000000000000000 ) ) ;
#7205 = STYLED_ITEM ( 'NONE', ( #9528 ), #4942 ) ;
#7206 = VECTOR ( 'NONE', #915, 39.37007874015748143 ) ;
#7207 = VECTOR ( 'NONE', #235, 39.37007874015748143 ) ;
#7208 = LINE ( 'NONE', #5096, #2977 ) ;
#7209 = DIRECTION ( 'NONE',  ( -1.000000000000000000, -1.316334802367150653E-16, 1.608386623408235030E-17 ) ) ;
#7210 = CARTESIAN_POINT ( 'NONE',  ( 0.3113809683591187705, 0.5728818345624925312, 0.4440811661375588248 ) ) ;
#7211 = PLANE ( 'NONE',  #6240 ) ;
#7212 = ADVANCED_FACE ( 'NONE', ( #10965 ), #5697, .F. ) ;
#7213 = LINE ( 'NONE', #147, #7461 ) ;
#7214 = AXIS2_PLACEMENT_3D ( 'NONE', #10010, #4825, #2671 ) ;
#7215 = FACE_OUTER_BOUND ( 'NONE', #3271, .T. ) ;
#7216 = VECTOR ( 'NONE', #13369, 39.37007874015748143 ) ;
#7217 = ORIENTED_EDGE ( 'NONE', *, *, #7099, .T. ) ;
#7218 = PRESENTATION_LAYER_ASSIGNMENT (  '', '', ( #3301 ) ) ;
#7219 = ORIENTED_EDGE ( 'NONE', *, *, #6152, .T. ) ;
#7220 = ORIENTED_EDGE ( 'NONE', *, *, #5777, .T. ) ;
#7221 = CARTESIAN_POINT ( 'NONE',  ( 0.2405148266268501978, 0.3681574251136631171, 0.4397504574761374463 ) ) ;
#7222 = DIRECTION ( 'NONE',  ( -1.000000000000000000, 1.937287448275558121E-17, 0.0000000000000000000 ) ) ;
#7223 = DIRECTION ( 'NONE',  ( 0.0000000000000000000, -8.220413448604736877E-18, 1.000000000000000000 ) ) ;
#7224 = LINE ( 'NONE', #6132, #5985 ) ;
#7225 = CARTESIAN_POINT ( 'NONE',  ( 0.2019548713746128765, 0.5295747479483139397, 0.2688843157438651765 ) ) ;
#7226 = LINE ( 'NONE', #29, #1369 ) ;
#7227 = TOROIDAL_SURFACE ( 'NONE', #3098, 0.09251968503937006705, 0.007874015748031495954 ) ;
#7228 = SURFACE_STYLE_USAGE ( .BOTH. , #3955 ) ;
#7229 = EDGE_CURVE ( 'NONE', #8576, #10292, #5764, .T. ) ;
#7230 = VERTEX_POINT ( 'NONE', #3865 ) ;
#7231 = EDGE_CURVE ( 'NONE', #9189, #5578, #2806, .T. ) ;
#7232 = LINE ( 'NONE', #10368, #4103 ) ;
#7233 = ORIENTED_EDGE ( 'NONE', *, *, #9053, .T. ) ;
#7234 = CARTESIAN_POINT ( 'NONE',  ( 0.1027195510362846897, 0.1555589999168270343, 0.4732150244052678034 ) ) ;
#7235 = ORIENTED_EDGE ( 'NONE', *, *, #6658, .T. ) ;
#7236 = ORIENTED_EDGE ( 'NONE', *, *, #8303, .F. ) ;
#7237 = FACE_OUTER_BOUND ( 'NONE', #11510, .T. ) ;
#7238 = VERTEX_POINT ( 'NONE', #5834 ) ;
#7239 = VECTOR ( 'NONE', #11385, 39.37007874015748143 ) ;
#7240 = AXIS2_PLACEMENT_3D ( 'NONE', #4454, #11572, #386 ) ;
#7241 = ORIENTED_EDGE ( 'NONE', *, *, #3525, .F. ) ;
#7242 = CARTESIAN_POINT ( 'NONE',  ( 0.3625620707213385030, 0.1555589999168271176, 0.4850260480273044239 ) ) ;
#7243 = CARTESIAN_POINT ( 'NONE',  ( 0.2916959289890400653, 0.3957164802317839070, 0.3456559692871650769 ) ) ;
#7244 = LINE ( 'NONE', #11416, #6205 ) ;
#7245 = VECTOR ( 'NONE', #10130, 39.37007874015748143 ) ;
#7246 = EDGE_CURVE ( 'NONE', #176, #2500, #10012, .T. ) ;
#7247 = ORIENTED_EDGE ( 'NONE', *, *, #11768, .F. ) ;
#7248 = CARTESIAN_POINT ( 'NONE',  ( 0.2326408108788125817, -0.1446865674942329760, 0.4397504574761376683 ) ) ;
#7249 = DIRECTION ( 'NONE',  ( 3.518308117683322415E-16, -1.000000000000000000, 4.163336342344337027E-16 ) ) ;
#7250 = VERTEX_POINT ( 'NONE', #4202 ) ;
#7251 = CARTESIAN_POINT ( 'NONE',  ( 0.3562628581229010938, 0.08075585031051536744, 0.4397504574761376683 ) ) ;
#7252 = ORIENTED_EDGE ( 'NONE', *, *, #8109, .F. ) ;
#7253 = CARTESIAN_POINT ( 'NONE',  ( 0.1027195510362847869, 0.1555589999168269788, 0.2456559692871497225 ) ) ;
#7254 = DIRECTION ( 'NONE',  ( -1.000000000000000000, 1.937287448275558121E-17, 0.0000000000000000000 ) ) ;
#7255 = VECTOR ( 'NONE', #7044, 39.37007874015748143 ) ;
#7256 = EDGE_LOOP ( 'NONE', ( #10834, #3958, #687, #13271 ) ) ;
#7257 = EDGE_CURVE ( 'NONE', #10795, #13035, #7071, .T. ) ;
#7258 = EDGE_CURVE ( 'NONE', #2767, #9885, #4004, .T. ) ;
#7259 = FILL_AREA_STYLE ('',( #4316 ) ) ;
#7260 =( NAMED_UNIT ( * ) PLANE_ANGLE_UNIT ( ) SI_UNIT ( $, .RADIAN. ) );
#7261 = CARTESIAN_POINT ( 'NONE',  ( 0.3468140392252720416, 0.1555589999168269233, 0.2810890401533022165 ) ) ;
#7262 = DIRECTION ( 'NONE',  ( 1.000000000000000000, 1.174096724532127865E-16, -4.283287147278279229E-17 ) ) ;
#7263 = EDGE_CURVE ( 'NONE', #10313, #4633, #11449, .T. ) ;
#7264 = ORIENTED_EDGE ( 'NONE', *, *, #5552, .F. ) ;
#7265 = CARTESIAN_POINT ( 'NONE',  ( 0.3920896297764415728, 0.3861465226303465448, 0.4462616628062848756 ) ) ;
#7266 = VECTOR ( 'NONE', #5917, 39.37007874015748143 ) ;
#7267 =( LENGTH_UNIT ( ) NAMED_UNIT ( * ) SI_UNIT ( $, .METRE. ) );
#7268 = ORIENTED_EDGE ( 'NONE', *, *, #7752, .T. ) ;
#7269 = CARTESIAN_POINT ( 'NONE',  ( 0.1027195510362948483, 0.2165826219640790973, 0.2905378590509231085 ) ) ;
#7270 = VERTEX_POINT ( 'NONE', #2049 ) ;
#7271 = ORIENTED_EDGE ( 'NONE', *, *, #2682, .T. ) ;
#7272 = VERTEX_POINT ( 'NONE', #6244 ) ;
#7273 = FILL_AREA_STYLE_COLOUR ( '', #9151 ) ;
#7274 = EDGE_CURVE ( 'NONE', #6602, #9717, #2870, .T. ) ;
#7275 = SURFACE_STYLE_USAGE ( .BOTH. , #9318 ) ;
#7276 = CIRCLE ( 'NONE', #1425, 0.01770302147941842791 ) ;
#7277 = LINE ( 'NONE', #6242, #10495 ) ;
#7278 = DIRECTION ( 'NONE',  ( -1.596249935350383925E-13, -8.220413448601643063E-18, 1.000000000000000000 ) ) ;
#7279 = CARTESIAN_POINT ( 'NONE',  ( 0.2326408108788038387, 0.5295747479483238207, 0.4017583314918895532 ) ) ;
#7280 = SURFACE_STYLE_FILL_AREA ( #6184 ) ;
#7281 =( NAMED_UNIT ( * ) SI_UNIT ( $, .STERADIAN. ) SOLID_ANGLE_UNIT ( ) );
#7282 =( NAMED_UNIT ( * ) PLANE_ANGLE_UNIT ( ) SI_UNIT ( $, .RADIAN. ) );
#7283 = ORIENTED_EDGE ( 'NONE', *, *, #714, .F. ) ;
#7284 = VECTOR ( 'NONE', #1070, 39.37007874015748143 ) ;
#7285 = CARTESIAN_POINT ( 'NONE',  ( 0.2444518345008482307, 0.05713380306641541867, 0.2515614810981877114 ) ) ;
#7286 = ORIENTED_EDGE ( 'NONE', *, *, #3897, .T. ) ;
#7287 = VERTEX_POINT ( 'NONE', #6450 ) ;
#7288 = LENGTH_MEASURE_WITH_UNIT ( LENGTH_MEASURE( 0.02539999999999999897 ), #1237 );
#7289 = EDGE_CURVE ( 'NONE', #10915, #9044, #4265, .T. ) ;
#7290 = CARTESIAN_POINT ( 'NONE',  ( 0.2431035528205068852, 0.2815432518853281940, 0.2905378590509512526 ) ) ;
#7291 = CARTESIAN_POINT ( 'NONE',  ( 0.05547545654809706017, 0.2776062440113114538, 0.3614040007832317047 ) ) ;
#7292 = FACE_OUTER_BOUND ( 'NONE', #5067, .T. ) ;
#7293 = LINE ( 'NONE', #11400, #12320 ) ;
#7294 = CARTESIAN_POINT ( 'NONE',  ( 0.3625620707213385585, 0.1555589999168270066, 0.2456559692871497225 ) ) ;
#7295 = CARTESIAN_POINT ( 'NONE',  ( 0.2483888423748703833, 0.2972912833813901590, 0.3456559692871650769 ) ) ;
#7296 = ORIENTED_EDGE ( 'NONE', *, *, #8366, .F. ) ;
#7297 = CARTESIAN_POINT ( 'NONE',  ( 0.3389400234772336762, 0.3760314408617050908, 0.2669158118068457042 ) ) ;
#7298 = ORIENTED_EDGE ( 'NONE', *, *, #12135, .F. ) ;
#7299 = UNCERTAINTY_MEASURE_WITH_UNIT (LENGTH_MEASURE( 1.000000000000000082E-05 ), #906, 'distance_accuracy_value', 'NONE');
#7300 = ORIENTED_EDGE ( 'NONE', *, *, #7844, .T. ) ;
#7301 = VERTEX_POINT ( 'NONE', #3447 ) ;
#7302 = ORIENTED_EDGE ( 'NONE', *, *, #7963, .F. ) ;
#7303 = PLANE ( 'NONE',  #47 ) ;
#7304 = EDGE_CURVE ( 'NONE', #358, #7691, #5416, .T. ) ;
#7305 = ORIENTED_EDGE ( 'NONE', *, *, #1842, .T. ) ;
#7306 = EDGE_CURVE ( 'NONE', #1288, #7484, #9453, .T. ) ;
#7307 = DIRECTION ( 'NONE',  ( -1.000000000000000000, 0.0000000000000000000, 0.0000000000000000000 ) ) ;
#7308 = SURFACE_STYLE_USAGE ( .BOTH. , #8394 ) ;
#7309 = DIRECTION ( 'NONE',  ( 0.0000000000000000000, -1.000000000000000000, 0.0000000000000000000 ) ) ;
#7310 = VECTOR ( 'NONE', #10849, 39.37007874015748143 ) ;
#7311 = CARTESIAN_POINT ( 'NONE',  ( 0.2090187636347251854, 0.08862986605855749378, 0.4854197488147191653 ) ) ;
#7312 = CARTESIAN_POINT ( 'NONE',  ( 0.2090187636347251854, 0.08862986605855749378, 0.4854197488147191653 ) ) ;
#7313 = ORIENTED_EDGE ( 'NONE', *, *, #3712, .T. ) ;
#7314 = DIRECTION ( 'NONE',  ( 0.3511234415894408656, -0.9363291775686509721, 1.372885316240195410E-16 ) ) ;
#7315 = DIRECTION ( 'NONE',  ( 0.0000000000000000000, 1.000000000000000000, 0.0000000000000000000 ) ) ;
#7316 = ORIENTED_EDGE ( 'NONE', *, *, #11636, .F. ) ;
#7317 = CARTESIAN_POINT ( 'NONE',  ( 0.2405148266268504198, 0.1555589999168270066, 0.2456559692871497225 ) ) ;
#7318 = ORIENTED_EDGE ( 'NONE', *, *, #13383, .F. ) ;
#7319 = DIRECTION ( 'NONE',  ( 1.000000000000000000, 0.0000000000000000000, 0.0000000000000000000 ) ) ;
#7320 = STYLED_ITEM ( 'NONE', ( #9517 ), #1635 ) ;
#7321 = CARTESIAN_POINT ( 'NONE',  ( 0.1302786061543979579, 0.5728818345624925312, 0.4283331346414958052 ) ) ;
#7322 = VECTOR ( 'NONE', #9113, 39.37007874015748143 ) ;
#7323 = ORIENTED_EDGE ( 'NONE', *, *, #11313, .T. ) ;
#7324 = ADVANCED_FACE ( 'NONE', ( #8427 ), #12581, .F. ) ;
#7325 = DIRECTION ( 'NONE',  ( -1.000000000000000000, -1.174096724532128111E-16, 4.283287147278279229E-17 ) ) ;
#7326 = PLANE ( 'NONE',  #7731 ) ;
#7327 = DIRECTION ( 'NONE',  ( -1.937287448275561202E-17, -1.000000000000000000, -8.220413448604590506E-18 ) ) ;
#7328 = COLOUR_RGB ( '',0.7607843137254901578, 0.7607843137254901578, 0.0000000000000000000 ) ;
#7329 = ORIENTED_EDGE ( 'NONE', *, *, #8224, .T. ) ;
#7330 = CARTESIAN_POINT ( 'NONE',  ( 0.3444518345008468208, 0.05713380306641541867, 0.2515614810981877114 ) ) ;
#7331 = DIRECTION ( 'NONE',  ( -1.316334802367150653E-16, 1.000000000000000000, -1.526556658859589750E-16 ) ) ;
#7332 =( NAMED_UNIT ( * ) PLANE_ANGLE_UNIT ( ) SI_UNIT ( $, .RADIAN. ) );
#7333 = EDGE_CURVE ( 'NONE', #4363, #3994, #5486, .T. ) ;
#7334 = ORIENTED_EDGE ( 'NONE', *, *, #5734, .F. ) ;
#7335 = EDGE_CURVE ( 'NONE', #62, #7735, #403, .T. ) ;
#7336 = DIRECTION ( 'NONE',  ( -1.000000000000000000, -1.408738150179760326E-16, 6.014894242100891138E-18 ) ) ;
#7337 = EDGE_LOOP ( 'NONE', ( #11782, #13455, #5722, #10021 ) ) ;
#7338 = ORIENTED_EDGE ( 'NONE', *, *, #10514, .T. ) ;
#7339 = CARTESIAN_POINT ( 'NONE',  ( 0.2956329368630823962, 0.08862986605855746602, 0.3456559692871707390 ) ) ;
#7340 = EDGE_LOOP ( 'NONE', ( #1253, #888, #6003, #1808 ) ) ;
#7341 = EDGE_CURVE ( 'NONE', #5902, #4242, #282, .T. ) ;
#7342 = AXIS2_PLACEMENT_3D ( 'NONE', #11036, #7905, #4760 ) ;
#7343 = CARTESIAN_POINT ( 'NONE',  ( 0.3920896297764415728, 0.2579212046412327486, 0.3456559692871650769 ) ) ;
#7344 = DIRECTION ( 'NONE',  ( 1.000000000000000000, 1.174096724532128111E-16, -4.283287147278279845E-17 ) ) ;
#7345 = DIRECTION ( 'NONE',  ( -2.152236195923768916E-14, -2.498001805406631798E-16, -1.000000000000000000 ) ) ;
#7346 = FILL_AREA_STYLE_COLOUR ( '', #4560 ) ;
#7347 = CARTESIAN_POINT ( 'NONE',  ( 0.1558691573354938631, 0.2933542755073603736, 0.2515614810981877114 ) ) ;
#7348 = EDGE_CURVE ( 'NONE', #5288, #9181, #1162, .T. ) ;
#7349 = VECTOR ( 'NONE', #9645, 39.37007874015748143 ) ;
#7350 = EDGE_CURVE ( 'NONE', #10676, #7820, #2313, .T. ) ;
#7351 = LINE ( 'NONE', #2185, #11418 ) ;
#7352 = ORIENTED_EDGE ( 'NONE', *, *, #2036, .T. ) ;
#7353 = VERTEX_POINT ( 'NONE', #1370 ) ;
#7354 = EDGE_CURVE ( 'NONE', #852, #6280, #6307, .T. ) ;
#7355 = CARTESIAN_POINT ( 'NONE',  ( 0.2483888423748524532, 0.2165826219640790973, 0.4243961267674800641 ) ) ;
#7356 = LINE ( 'NONE', #1238, #5234 ) ;
#7357 = DIRECTION ( 'NONE',  ( 6.014894242100855701E-18, 2.498001805406601723E-16, 1.000000000000000000 ) ) ;
#7358 = VECTOR ( 'NONE', #12013, 39.37007874015748143 ) ;
#7359 = DIRECTION ( 'NONE',  ( 0.0000000000000000000, -1.000000000000000000, 0.0000000000000000000 ) ) ;
#7360 = DIRECTION ( 'NONE',  ( -1.000000000000000000, -1.316334802367150653E-16, 1.608386623408235030E-17 ) ) ;
#7361 = CARTESIAN_POINT ( 'NONE',  ( 0.2090187636347028144, 0.08075585031051536744, 0.4515614810981848914 ) ) ;
#7362 =( LENGTH_UNIT ( ) NAMED_UNIT ( * ) SI_UNIT ( $, .METRE. ) );
#7363 = ORIENTED_EDGE ( 'NONE', *, *, #6547, .T. ) ;
#7364 = LINE ( 'NONE', #4354, #9982 ) ;
#7365 = EDGE_LOOP ( 'NONE', ( #10386, #997, #9691, #12279 ) ) ;
#7366 = EDGE_CURVE ( 'NONE', #11228, #2701, #9665, .T. ) ;
#7367 = ORIENTED_EDGE ( 'NONE', *, *, #11162, .T. ) ;
#7368 = ORIENTED_EDGE ( 'NONE', *, *, #2163, .T. ) ;
#7369 = CIRCLE ( 'NONE', #866, 0.08267716535433072833 ) ;
#7370 = ORIENTED_EDGE ( 'NONE', *, *, #3021, .F. ) ;
#7371 = CARTESIAN_POINT ( 'NONE',  ( 0.2405148266268503643, 0.2421731731451662872, 0.2515614810981769423 ) ) ;
#7372 = CARTESIAN_POINT ( 'NONE',  ( 0.3586250628473005575, 0.7897218048774069521, 0.3456559692871650769 ) ) ;
#7373 = PLANE ( 'NONE',  #8507 ) ;
#7374 = CARTESIAN_POINT ( 'NONE',  ( 0.2877589211150278770, 0.1988660865309964110, 0.1684906149564564526 ) ) ;
#7375 = DIRECTION ( 'NONE',  ( 0.0000000000000000000, -0.7071067811865505703, 0.7071067811865444641 ) ) ;
#7376 = AXIS2_PLACEMENT_3D ( 'NONE', #7312, #9428, #10657 ) ;
#7377 = VECTOR ( 'NONE', #2404, 39.37007874015748143 ) ;
#7378 = DIRECTION ( 'NONE',  ( -0.7071067811865436870, 0.7071067811865513475, 0.0000000000000000000 ) ) ;
#7379 = ORIENTED_EDGE ( 'NONE', *, *, #7814, .F. ) ;
#7380 = EDGE_CURVE ( 'NONE', #4511, #7965, #6587, .T. ) ;
#7381 = EDGE_LOOP ( 'NONE', ( #3823, #11329, #12744, #2899 ) ) ;
#7382 = CARTESIAN_POINT ( 'NONE',  ( 0.1558691573354937521, 0.2421731731451574332, 0.4397504574761375018 ) ) ;
#7383 = EDGE_LOOP ( 'NONE', ( #6557, #8172, #5365, #11506 ) ) ;
#7384 = AXIS2_PLACEMENT_3D ( 'NONE', #728, #10237, #5861 ) ;
#7385 = DIRECTION ( 'NONE',  ( 3.007447121050438636E-18, 2.498001805406601723E-16, 1.000000000000000000 ) ) ;
#7386 = LINE ( 'NONE', #10599, #8709 ) ;
#7387 = CARTESIAN_POINT ( 'NONE',  ( 0.3645305746583385464, 0.2776062440113114538, 0.5011677803107907891 ) ) ;
#7388 = LINE ( 'NONE', #3041, #1217 ) ;
#7389 = CIRCLE ( 'NONE', #10440, 0.04724409448818889939 ) ;
#7390 = CARTESIAN_POINT ( 'NONE',  ( 0.07122348804415810919, 0.3957164802317839070, 0.1842386464525194445 ) ) ;
#7391 = EDGE_LOOP ( 'NONE', ( #892, #4344, #8539, #2583 ) ) ;
#7392 = DIRECTION ( 'NONE',  ( -1.316334802367150653E-16, 1.000000000000000000, -1.526556658859589750E-16 ) ) ;
#7393 = EDGE_CURVE ( 'NONE', #5086, #9351, #334, .T. ) ;
#7394 = EDGE_CURVE ( 'NONE', #10540, #6198, #10553, .T. ) ;
#7395 = ORIENTED_EDGE ( 'NONE', *, *, #1860, .T. ) ;
#7396 = DIRECTION ( 'NONE',  ( -1.356991020290373981E-16, 1.000000000000000000, -3.469446951953614189E-16 ) ) ;
#7397 = EDGE_LOOP ( 'NONE', ( #2120, #6558, #808, #7241 ) ) ;
#7398 = VECTOR ( 'NONE', #2752, 39.37007874015748854 ) ;
#7399 = ORIENTED_EDGE ( 'NONE', *, *, #3451, .F. ) ;
#7400 = VECTOR ( 'NONE', #5268, 39.37007874015748143 ) ;
#7401 = DIRECTION ( 'NONE',  ( 7.190187815859582523E-17, -0.7071067811865469066, 0.7071067811865480168 ) ) ;
#7402 = VERTEX_POINT ( 'NONE', #1435 ) ;
#7403 = DIRECTION ( 'NONE',  ( -2.359223927328456662E-16, 3.885780586188047398E-16, 1.000000000000000000 ) ) ;
#7404 = LINE ( 'NONE', #11514, #2773 ) ;
#7405 = LINE ( 'NONE', #6449, #4315 ) ;
#7406 = CARTESIAN_POINT ( 'NONE',  ( 0.2129557715087250780, 0.1279999447987147931, 0.4893567566887362941 ) ) ;
#7407 = DIRECTION ( 'NONE',  ( 2.865203769218833733E-48, -8.220413448604590506E-18, 1.000000000000000000 ) ) ;
#7408 = SURFACE_STYLE_USAGE ( .BOTH. , #2180 ) ;
#7409 = VECTOR ( 'NONE', #7401, 39.37007874015748854 ) ;
#7410 =( GEOMETRIC_REPRESENTATION_CONTEXT ( 3 ) GLOBAL_UNCERTAINTY_ASSIGNED_CONTEXT ( ( #4852 ) ) GLOBAL_UNIT_ASSIGNED_CONTEXT ( ( #1030, #1971, #9510 ) ) REPRESENTATION_CONTEXT ( 'NONE', 'WORKASPACE' ) );
#7411 = VECTOR ( 'NONE', #7935, 39.37007874015748143 ) ;
#7412 = CARTESIAN_POINT ( 'NONE',  ( 0.1617746691465234976, 0.4114645117278453168, 0.2944748669249546147 ) ) ;
#7413 = EDGE_CURVE ( 'NONE', #5952, #6508, #264, .T. ) ;
#7414 = DIRECTION ( 'NONE',  ( 0.0000000000000000000, 0.0000000000000000000, -1.000000000000000000 ) ) ;
#7415 = PLANE ( 'NONE',  #7039 ) ;
#7416 = VERTEX_POINT ( 'NONE', #3384 ) ;
#7417 = AXIS2_PLACEMENT_3D ( 'NONE', #7488, #10423, #6466 ) ;
#7418 = VECTOR ( 'NONE', #8785, 39.37007874015748143 ) ;
#7419 = CARTESIAN_POINT ( 'NONE',  ( 0.3310660077292020276, 0.3839054566097366838, 0.3810890401533105210 ) ) ;
#7420 = AXIS2_PLACEMENT_3D ( 'NONE', #3508, #3575, #1486 ) ;
#7421 = DIRECTION ( 'NONE',  ( -1.000000000000000000, 1.937287448275485398E-17, 8.833616147085625230E-14 ) ) ;
#7422 = LINE ( 'NONE', #11397, #58 ) ;
#7423 = CARTESIAN_POINT ( 'NONE',  ( 0.2483888423748613905, 0.8723989702317377359, 0.3456559692871650769 ) ) ;
#7424 = EDGE_CURVE ( 'NONE', #6703, #1739, #11720, .T. ) ;
#7425 = EDGE_CURVE ( 'NONE', #4328, #12466, #5681, .T. ) ;
#7426 = LINE ( 'NONE', #209, #12971 ) ;
#7427 = PRODUCT ( 'MPB-CAP_MPB-CAP-RED', 'MPB-CAP_MPB-CAP-RED', '', ( #2983 ) ) ;
#7428 = DIRECTION ( 'NONE',  ( 1.000000000000000000, 0.0000000000000000000, 0.0000000000000000000 ) ) ;
#7429 = DIRECTION ( 'NONE',  ( 3.518308117683322415E-16, -1.000000000000000000, 4.163336342344337027E-16 ) ) ;
#7430 =( NAMED_UNIT ( * ) SI_UNIT ( $, .STERADIAN. ) SOLID_ANGLE_UNIT ( ) );
#7431 = ORIENTED_EDGE ( 'NONE', *, *, #11444, .T. ) ;
#7432 = AXIS2_PLACEMENT_3D ( 'NONE', #7090, #6958, #1792 ) ;
#7433 = EDGE_CURVE ( 'NONE', #4163, #966, #5747, .T. ) ;
#7434 = AXIS2_PLACEMENT_3D ( 'NONE', #11570, #2228, #3371 ) ;
#7435 = VECTOR ( 'NONE', #5024, 39.37007874015748854 ) ;
#7436 = CARTESIAN_POINT ( 'NONE',  ( 0.2916959289890523888, 0.2618582125152521534, 0.3456559692871528089 ) ) ;
#7437 = ORIENTED_EDGE ( 'NONE', *, *, #8177, .T. ) ;
#7438 = EDGE_LOOP ( 'NONE', ( #5200, #5575, #7065, #8541 ) ) ;
#7439 = ORIENTED_EDGE ( 'NONE', *, *, #10426, .F. ) ;
#7440 = DIRECTION ( 'NONE',  ( -1.937287448275561202E-17, -1.000000000000000000, -8.220413448604590506E-18 ) ) ;
#7441 = AXIS2_PLACEMENT_3D ( 'NONE', #12703, #317, #4657 ) ;
#7442 = CARTESIAN_POINT ( 'NONE',  ( 0.2326408108788038387, 0.1988660865309964110, 0.1684906149564564526 ) ) ;
#7443 = DIRECTION ( 'NONE',  ( -1.000000000000000000, -1.408738150179760326E-16, 6.014894242100891138E-18 ) ) ;
#7444 = VECTOR ( 'NONE', #80, 39.37007874015748143 ) ;
#7445 = LINE ( 'NONE', #11752, #5803 ) ;
#7446 = EDGE_CURVE ( 'NONE', #13361, #7250, #11016, .T. ) ;
#7447 = SURFACE_SIDE_STYLE ('',( #12618 ) ) ;
#7448 = FILL_AREA_STYLE ('',( #9356 ) ) ;
#7449 = CARTESIAN_POINT ( 'NONE',  ( 0.1342156140284146149, 0.3839054566097366838, 0.3456559692871650769 ) ) ;
#7450 = ORIENTED_EDGE ( 'NONE', *, *, #10262, .T. ) ;
#7451 = DIRECTION ( 'NONE',  ( 4.283287147278277996E-17, 1.665334536937734318E-16, 1.000000000000000000 ) ) ;
#7452 = VECTOR ( 'NONE', #3069, 39.37007874015748143 ) ;
#7453 = VERTEX_POINT ( 'NONE', #12991 ) ;
#7454 = CARTESIAN_POINT ( 'NONE',  ( 0.2090187636347128619, 0.1988660865309974379, 0.2905378590509231085 ) ) ;
#7455 = EDGE_LOOP ( 'NONE', ( #13350, #8326, #496, #1052 ) ) ;
#7456 = LINE ( 'NONE', #59, #4160 ) ;
#7457 = CARTESIAN_POINT ( 'NONE',  ( 0.0000000000000000000, 0.0000000000000000000, -0.1003937007874015630 ) ) ;
#7458 = ORIENTED_EDGE ( 'NONE', *, *, #8875, .T. ) ;
#7459 = EDGE_CURVE ( 'NONE', #7484, #10372, #4611, .T. ) ;
#7460 = DIRECTION ( 'NONE',  ( -1.000000000000000000, -1.408738150179760326E-16, 6.014894242100891138E-18 ) ) ;
#7461 = VECTOR ( 'NONE', #4072, 39.37007874015748143 ) ;
#7462 = LINE ( 'NONE', #1150, #13118 ) ;
#7463 = LINE ( 'NONE', #2231, #13280 ) ;
#7464 = ORIENTED_EDGE ( 'NONE', *, *, #5624, .F. ) ;
#7465 = CARTESIAN_POINT ( 'NONE',  ( 0.2129557715087250780, 0.09256687393256948782, 0.5011677803107907891 ) ) ;
#7466 = CARTESIAN_POINT ( 'NONE',  ( 0.2326408108788125817, -0.1446865674942329760, 0.4397504574761376683 ) ) ;
#7467 = VECTOR ( 'NONE', #6438, 39.37007874015748143 ) ;
#7468 = CARTESIAN_POINT ( 'NONE',  ( 0.2444518345008482862, -0.05703942528004485313, 0.2515614810981877669 ) ) ;
#7469 = ORIENTED_EDGE ( 'NONE', *, *, #903, .T. ) ;
#7470 = ORIENTED_EDGE ( 'NONE', *, *, #3525, .T. ) ;
#7471 = CARTESIAN_POINT ( 'NONE',  ( 0.3468140392252719861, 0.1555589999168270621, 0.4102228984210123386 ) ) ;
#7472 = ORIENTED_EDGE ( 'NONE', *, *, #8995, .T. ) ;
#7473 = FILL_AREA_STYLE ('',( #12716 ) ) ;
#7474 = ADVANCED_FACE ( 'NONE', ( #9859 ), #2651, .T. ) ;
#7475 = PRESENTATION_STYLE_ASSIGNMENT (( #7275 ) ) ;
#7476 = ADVANCED_FACE ( 'NONE', ( #5817 ), #9854, .T. ) ;
#7477 = DIRECTION ( 'NONE',  ( 1.000000000000000000, 3.376070039848302092E-16, 2.359223927328455183E-16 ) ) ;
#7478 = DIRECTION ( 'NONE',  ( -0.5144957554275261247, 0.8574929257125444293, 0.0000000000000000000 ) ) ;
#7479 = DIRECTION ( 'NONE',  ( -1.316334802367150653E-16, 1.000000000000000000, -1.526556658859589750E-16 ) ) ;
#7480 = CARTESIAN_POINT ( 'NONE',  ( 0.3090187636347014322, 0.08075585031051527030, 0.2515614810981877114 ) ) ;
#7481 = CARTESIAN_POINT ( 'NONE',  ( 0.2326408108788038387, 0.1791810471609177335, 0.3102228984210197438 ) ) ;
#7482 = DIRECTION ( 'NONE',  ( 0.0000000000000000000, 0.0000000000000000000, -1.000000000000000000 ) ) ;
#7483 = CARTESIAN_POINT ( 'NONE',  ( 0.1562628581229039970, 0.08075585031049740958, 0.4397504574761375573 ) ) ;
#7484 = VERTEX_POINT ( 'NONE', #538 ) ;
#7485 = DIRECTION ( 'NONE',  ( -0.0000000000000000000, -1.000000000000000000, -0.0000000000000000000 ) ) ;
#7486 = ORIENTED_EDGE ( 'NONE', *, *, #6043, .T. ) ;
#7487 = VECTOR ( 'NONE', #10476, 39.37007874015748143 ) ;
#7488 = CARTESIAN_POINT ( 'NONE',  ( 0.2483888423748524532, 0.4272125432239180509, 0.4007740795234070452 ) ) ;
#7489 = DIRECTION ( 'NONE',  ( 1.000000000000000000, -1.937287448275689392E-17, 1.596249935350384177E-13 ) ) ;
#7490 = EDGE_CURVE ( 'NONE', #359, #3627, #6923, .T. ) ;
#7491 = LINE ( 'NONE', #8580, #11229 ) ;
#7492 = LINE ( 'NONE', #4489, #12384 ) ;
#7493 = DIRECTION ( 'NONE',  ( 1.000000000000000000, -1.937287448275561202E-17, -2.565854121688507820E-49 ) ) ;
#7494 = DIRECTION ( 'NONE',  ( -1.937287448275561202E-17, -1.000000000000000000, -8.220413448604590506E-18 ) ) ;
#7495 = APPLICATION_CONTEXT ( 'automotive_design' ) ;
#7496 = ORIENTED_EDGE ( 'NONE', *, *, #5305, .F. ) ;
#7497 = CARTESIAN_POINT ( 'NONE',  ( 0.2405148266268503088, 0.1555589999168270621, 0.4850260480273043129 ) ) ;
#7498 = ORIENTED_EDGE ( 'NONE', *, *, #855, .T. ) ;
#7499 = ORIENTED_EDGE ( 'NONE', *, *, #13376, .T. ) ;
#7500 = FACE_OUTER_BOUND ( 'NONE', #6442, .T. ) ;
#7501 = EDGE_CURVE ( 'NONE', #6221, #2148, #9795, .T. ) ;
#7502 = EDGE_LOOP ( 'NONE', ( #5655, #7906, #3444, #10564 ) ) ;
#7503 = ADVANCED_FACE ( 'NONE', ( #10820 ), #11829, .T. ) ;
#7504 = ORIENTED_EDGE ( 'NONE', *, *, #9578, .T. ) ;
#7505 = CARTESIAN_POINT ( 'NONE',  ( 0.3330345116662203897, 0.1555589999168270066, 0.2515614810981769423 ) ) ;
#7506 = LINE ( 'NONE', #3283, #11242 ) ;
#7507 = CARTESIAN_POINT ( 'NONE',  ( 0.3645305746583385464, 0.4575997454093465033, 0.2669158118068502006 ) ) ;
#7508 = ADVANCED_FACE ( 'NONE', ( #8826 ), #1620, .F. ) ;
#7509 = DIRECTION ( 'NONE',  ( 0.3511234415877496629, 0.9363291775692852426, -1.485833765564395504E-16 ) ) ;
#7510 =( NAMED_UNIT ( * ) SI_UNIT ( $, .STERADIAN. ) SOLID_ANGLE_UNIT ( ) );
#7511 = DIRECTION ( 'NONE',  ( -1.000000000000000000, -3.376070039848300612E-16, -2.359223927328455183E-16 ) ) ;
#7512 = CARTESIAN_POINT ( 'NONE',  ( 0.2405148266268503088, 0.1555589999168270621, 0.4850260480273043129 ) ) ;
#7513 = LINE ( 'NONE', #5380, #4275 ) ;
#7514 = CARTESIAN_POINT ( 'NONE',  ( 0.1361841179654072198, 0.1988660865309974379, 0.2688843157438651765 ) ) ;
#7515 = CARTESIAN_POINT ( 'NONE',  ( 0.2385463226898389133, -0.07278745677610248821, 0.2397504574761405161 ) ) ;
#7516 = AXIS2_PLACEMENT_3D ( 'NONE', #4724, #863, #13182 ) ;
#7517 = LINE ( 'NONE', #6493, #6093 ) ;
#7518 = ORIENTED_EDGE ( 'NONE', *, *, #8841, .F. ) ;
#7519 =( NAMED_UNIT ( * ) PLANE_ANGLE_UNIT ( ) SI_UNIT ( $, .RADIAN. ) );
#7520 = ORIENTED_EDGE ( 'NONE', *, *, #5158, .T. ) ;
#7521 = ADVANCED_FACE ( 'NONE', ( #12116 ), #753, .F. ) ;
#7522 = DIRECTION ( 'NONE',  ( -0.0000000000000000000, -0.0000000000000000000, -1.000000000000000000 ) ) ;
#7523 = CARTESIAN_POINT ( 'NONE',  ( 0.3208297872567558162, 0.05713380306642436984, 0.2515614810981877114 ) ) ;
#7524 = ORIENTED_EDGE ( 'NONE', *, *, #8735, .F. ) ;
#7525 = CARTESIAN_POINT ( 'NONE',  ( 0.3625620707213383920, 0.3563464014916266631, 0.4850260480273042574 ) ) ;
#7526 = LINE ( 'NONE', #9647, #2753 ) ;
#7527 = DIRECTION ( 'NONE',  ( -0.0000000000000000000, -0.0000000000000000000, -1.000000000000000000 ) ) ;
#7528 = ORIENTED_EDGE ( 'NONE', *, *, #9937, .T. ) ;
#7529 = CARTESIAN_POINT ( 'NONE',  ( 0.1558691573354859805, 0.3760314408617060900, 0.3456559692871650769 ) ) ;
#7530 = LINE ( 'NONE', #9655, #3127 ) ;
#7531 = SURFACE_SIDE_STYLE ('',( #10474 ) ) ;
#7532 = VERTEX_POINT ( 'NONE', #2790 ) ;
#7533 = AXIS2_PLACEMENT_3D ( 'NONE', #12270, #4135, #8298 ) ;
#7534 = ADVANCED_FACE ( 'NONE', ( #11081 ), #1750, .T. ) ;
#7535 =( GEOMETRIC_REPRESENTATION_CONTEXT ( 3 ) GLOBAL_UNCERTAINTY_ASSIGNED_CONTEXT ( ( #11088 ) ) GLOBAL_UNIT_ASSIGNED_CONTEXT ( ( #10752, #401, #12718 ) ) REPRESENTATION_CONTEXT ( 'NONE', 'WORKASPACE' ) );
#7536 = CARTESIAN_POINT ( 'NONE',  ( 0.05547545654809706017, 0.2185511259010752549, 0.3614040007832317047 ) ) ;
#7537 = VERTEX_POINT ( 'NONE', #11851 ) ;
#7538 = ORIENTED_EDGE ( 'NONE', *, *, #4528, .T. ) ;
#7539 = CARTESIAN_POINT ( 'NONE',  ( 0.2405148266268503365, 0.1555589999168270343, 0.4062858905469893811 ) ) ;
#7540 = ORIENTED_EDGE ( 'NONE', *, *, #11527, .F. ) ;
#7541 = CARTESIAN_POINT ( 'NONE',  ( 0.2208297872567573095, -0.05703942528004485313, 0.2397504574761405161 ) ) ;
#7542 = LINE ( 'NONE', #10683, #1469 ) ;
#7543 = DIRECTION ( 'NONE',  ( 1.000000000000000000, 3.518308117683325373E-16, 2.626713979715459264E-16 ) ) ;
#7544 = COLOUR_RGB ( '',0.7607843137254901578, 0.7607843137254901578, 0.0000000000000000000 ) ;
#7545 = CARTESIAN_POINT ( 'NONE',  ( 0.1755541967055905261, 0.1555589999168269788, 0.2515614810981877114 ) ) ;
#7546 = DIRECTION ( 'NONE',  ( -0.7071067811865476838, 0.7071067811865474617, -1.745088153485699165E-16 ) ) ;
#7547 = CARTESIAN_POINT ( 'NONE',  ( 0.1385463226898582811, -0.07278745677611141163, 0.4515614810981849470 ) ) ;
#7548 = VERTEX_POINT ( 'NONE', #2525 ) ;
#7549 = EDGE_CURVE ( 'NONE', #1491, #178, #12468, .T. ) ;
#7550 = DIRECTION ( 'NONE',  ( 1.000000000000000000, 3.376070039848302092E-16, 2.359223927328455183E-16 ) ) ;
#7551 = ORIENTED_EDGE ( 'NONE', *, *, #4716, .F. ) ;
#7552 = ORIENTED_EDGE ( 'NONE', *, *, #11973, .T. ) ;
#7553 = STYLED_ITEM ( 'NONE', ( #5838 ), #2210 ) ;
#7554 = ORIENTED_EDGE ( 'NONE', *, *, #12277, .F. ) ;
#7555 = DIMENSIONAL_EXPONENTS ( 1.000000000000000000, 0.0000000000000000000, 0.0000000000000000000, 0.0000000000000000000, 0.0000000000000000000, 0.0000000000000000000, 0.0000000000000000000 ) ;
#7556 = SURFACE_SIDE_STYLE ('',( #8373 ) ) ;
#7557 = VERTEX_POINT ( 'NONE', #6314 ) ;
#7558 = PLANE ( 'NONE',  #926 ) ;
#7559 = DIRECTION ( 'NONE',  ( -0.5773502691896258421, 0.5773502691896255090, -0.5773502691896260641 ) ) ;
#7560 = LINE ( 'NONE', #210, #7590 ) ;
#7561 = CARTESIAN_POINT ( 'NONE',  ( 0.2431035528203587259, 0.5098897085782487792, 0.2905378590509231085 ) ) ;
#7562 = CARTESIAN_POINT ( 'NONE',  ( 0.3704360864693699851, 0.1555589999168269233, 0.2732150244052707344 ) ) ;
#7563 = CARTESIAN_POINT ( 'NONE',  ( 0.05547545654809511728, 0.08862986605855729949, 0.4834512448777162907 ) ) ;
#7564 = ORIENTED_EDGE ( 'NONE', *, *, #1471, .T. ) ;
#7565 = EDGE_CURVE ( 'NONE', #11956, #631, #7213, .T. ) ;
#7566 = EDGE_LOOP ( 'NONE', ( #9737, #5791, #13170, #12185 ) ) ;
#7567 = ADVANCED_FACE ( 'NONE', ( #11597 ), #4140, .F. ) ;
#7568 = ORIENTED_EDGE ( 'NONE', *, *, #12810, .T. ) ;
#7569 = PLANE ( 'NONE',  #7824 ) ;
#7570 = ORIENTED_EDGE ( 'NONE', *, *, #10371, .T. ) ;
#7571 = VERTEX_POINT ( 'NONE', #2054 ) ;
#7572 = VECTOR ( 'NONE', #4573, 39.37007874015748143 ) ;
#7573 = CARTESIAN_POINT ( 'NONE',  ( 0.1558691573355116822, 0.2264251416490909163, 0.4515614810981848359 ) ) ;
#7574 = CARTESIAN_POINT ( 'NONE',  ( 0.1401211258394373105, 0.1988660865309974379, 0.3751835283422832457 ) ) ;
#7575 = CARTESIAN_POINT ( 'NONE',  ( 0.2483888423748475960, 0.1988660865309974379, 0.2905378590509508085 ) ) ;
#7576 = CARTESIAN_POINT ( 'NONE',  ( 0.1027195510362846897, 0.1555589999168270066, 0.4397504574761375018 ) ) ;
#7577 = DIRECTION ( 'NONE',  ( 2.626713979715461236E-16, -3.747002708109903324E-16, -1.000000000000000000 ) ) ;
#7578 = PLANE ( 'NONE',  #4930 ) ;
#7579 = CARTESIAN_POINT ( 'NONE',  ( 0.3090187636347014322, 0.08075585031051527030, 0.2397504574761404883 ) ) ;
#7580 = VECTOR ( 'NONE', #12690, 39.37007874015748143 ) ;
#7581 = EDGE_LOOP ( 'NONE', ( #9917, #2130, #6422, #7601 ) ) ;
#7582 = ORIENTED_EDGE ( 'NONE', *, *, #6933, .T. ) ;
#7583 = EDGE_CURVE ( 'NONE', #11024, #10862, #5353, .T. ) ;
#7584 = ORIENTED_EDGE ( 'NONE', *, *, #10069, .T. ) ;
#7585 =( CONVERSION_BASED_UNIT ( 'INCH', #3489 ) LENGTH_UNIT ( ) NAMED_UNIT ( #1651 ) );
#7586 = EDGE_LOOP ( 'NONE', ( #4107, #4944, #11039, #3118, #11808, #7620, #12603 ) ) ;
#7587 = AXIS2_PLACEMENT_3D ( 'NONE', #6538, #12881, #12944 ) ;
#7588 = ORIENTED_EDGE ( 'NONE', *, *, #2271, .T. ) ;
#7589 = CARTESIAN_POINT ( 'NONE',  ( 0.2483888423748613905, 0.2815432518853281940, 0.3456559692871650769 ) ) ;
#7590 = VECTOR ( 'NONE', #12804, 39.37007874015748143 ) ;
#7591 = DIRECTION ( 'NONE',  ( 0.0000000000000000000, 0.0000000000000000000, 1.000000000000000000 ) ) ;
#7592 = EDGE_CURVE ( 'NONE', #11614, #6443, #11456, .T. ) ;
#7593 = EDGE_CURVE ( 'NONE', #7532, #11614, #1980, .T. ) ;
#7594 = CARTESIAN_POINT ( 'NONE',  ( 0.3625620707213385030, 0.1555589999168271176, 0.4732150244052678589 ) ) ;
#7595 = VECTOR ( 'NONE', #6675, 39.37007874015748143 ) ;
#7596 = EDGE_LOOP ( 'NONE', ( #8308, #4510, #4463, #2376 ) ) ;
#7597 = DIRECTION ( 'NONE',  ( -1.937287448275560894E-17, -1.000000000000000000, -8.220413448604736877E-18 ) ) ;
#7598 = ADVANCED_FACE ( 'NONE', ( #1167 ), #2183, .F. ) ;
#7599 =( NAMED_UNIT ( * ) SI_UNIT ( $, .STERADIAN. ) SOLID_ANGLE_UNIT ( ) );
#7600 = CARTESIAN_POINT ( 'NONE',  ( 0.2483888423748475960, 0.7897218048774069521, 0.2905378590509508085 ) ) ;
#7601 = ORIENTED_EDGE ( 'NONE', *, *, #3261, .T. ) ;
#7602 = CARTESIAN_POINT ( 'NONE',  ( 0.2326408108788038387, 0.3957164802317839070, 0.4440811661375588248 ) ) ;
#7603 = ORIENTED_EDGE ( 'NONE', *, *, #9688, .F. ) ;
#7604 = ORIENTED_EDGE ( 'NONE', *, *, #10575, .T. ) ;
#7605 = LINE ( 'NONE', #4400, #8281 ) ;
#7606 = ORIENTED_EDGE ( 'NONE', *, *, #11605, .T. ) ;
#7607 = VECTOR ( 'NONE', #1437, 39.37007874015748143 ) ;
#7608 = CARTESIAN_POINT ( 'NONE',  ( 0.2326408108788038387, 0.5610708109404453081, 0.3299079377910985045 ) ) ;
#7609 = LENGTH_MEASURE_WITH_UNIT ( LENGTH_MEASURE( 0.02539999999999999897 ), #10551 );
#7610 = DIRECTION ( 'NONE',  ( -0.4472135955000930418, -0.8944271909998482428, 1.437323020766761363E-16 ) ) ;
#7611 = DIRECTION ( 'NONE',  ( 2.359223927328456662E-16, -3.885780586188047398E-16, -1.000000000000000000 ) ) ;
#7612 = EDGE_CURVE ( 'NONE', #13278, #9178, #3258, .T. ) ;
#7613 = DIRECTION ( 'NONE',  ( 1.000000000000000000, 1.408738150179760326E-16, -6.014894242100891138E-18 ) ) ;
#7614 =( NAMED_UNIT ( * ) SI_UNIT ( $, .STERADIAN. ) SOLID_ANGLE_UNIT ( ) );
#7615 = COLOUR_RGB ( '',0.7607843137254901578, 0.7607843137254901578, 0.0000000000000000000 ) ;
#7616 = CARTESIAN_POINT ( 'NONE',  ( 0.07319199198118010730, 0.1476849841687954135, 0.3456559692871707390 ) ) ;
#7617 = ORIENTED_EDGE ( 'NONE', *, *, #4897, .F. ) ;
#7618 = VECTOR ( 'NONE', #13134, 39.37007874015748143 ) ;
#7619 = DIRECTION ( 'NONE',  ( 0.0000000000000000000, 8.220413448604736877E-18, -1.000000000000000000 ) ) ;
#7620 = ORIENTED_EDGE ( 'NONE', *, *, #9845, .F. ) ;
#7621 = EDGE_LOOP ( 'NONE', ( #10131, #4898, #2219, #11106, #2353, #3512, #3159, #12742, #97 ) ) ;
#7622 = ORIENTED_EDGE ( 'NONE', *, *, #7831, .T. ) ;
#7623 = CARTESIAN_POINT ( 'NONE',  ( 0.2326408108788125817, -0.1446865674942330593, 0.2515614810981877669 ) ) ;
#7624 = CARTESIAN_POINT ( 'NONE',  ( 0.2483888423748524532, 0.1988660865309974379, 0.3850260480273225983 ) ) ;
#7625 = VECTOR ( 'NONE', #4717, 39.37007874015748143 ) ;
#7626 =( LENGTH_UNIT ( ) NAMED_UNIT ( * ) SI_UNIT ( $, .METRE. ) );
#7627 = VECTOR ( 'NONE', #9020, 39.37007874015748143 ) ;
#7628 = CARTESIAN_POINT ( 'NONE',  ( 0.3625620707213385030, 0.1555589999168271176, 0.4456559692871469025 ) ) ;
#7629 = EDGE_CURVE ( 'NONE', #9604, #499, #2115, .T. ) ;
#7630 = LINE ( 'NONE', #11810, #3312 ) ;
#7631 = FACE_OUTER_BOUND ( 'NONE', #6679, .T. ) ;
#7632 = CARTESIAN_POINT ( 'NONE',  ( 0.1755541967055905261, 0.1437479762947636575, 0.2397504574761404883 ) ) ;
#7633 = ORIENTED_EDGE ( 'NONE', *, *, #2474, .T. ) ;
#7634 = ORIENTED_EDGE ( 'NONE', *, *, #4582, .T. ) ;
#7635 = VECTOR ( 'NONE', #8885, 39.37007874015748143 ) ;
#7636 = ORIENTED_EDGE ( 'NONE', *, *, #2608, .F. ) ;
#7637 = VECTOR ( 'NONE', #8223, 39.37007874015748143 ) ;
#7638 = ORIENTED_EDGE ( 'NONE', *, *, #4668, .F. ) ;
#7639 = AXIS2_PLACEMENT_3D ( 'NONE', #4458, #8878, #13047 ) ;
#7640 = VERTEX_POINT ( 'NONE', #82 ) ;
#7641 = CARTESIAN_POINT ( 'NONE',  ( 0.2562628581229025038, 0.08862986605856643108, 0.2397504574761404605 ) ) ;
#7642 = DIRECTION ( 'NONE',  ( 0.0000000000000000000, -1.000000000000000000, 0.0000000000000000000 ) ) ;
#7643 = DIRECTION ( 'NONE',  ( -3.376070039848299626E-16, 1.000000000000000000, -4.302114220422482087E-16 ) ) ;
#7644 = DIRECTION ( 'NONE',  ( 0.0000000000000000000, 0.0000000000000000000, 1.000000000000000000 ) ) ;
#7645 = PRESENTATION_STYLE_ASSIGNMENT (( #9554 ) ) ;
#7646 = EDGE_CURVE ( 'NONE', #7855, #10540, #12335, .T. ) ;
#7647 = VECTOR ( 'NONE', #13305, 39.37007874015748854 ) ;
#7648 = EDGE_CURVE ( 'NONE', #5410, #4534, #8230, .T. ) ;
#7649 = VECTOR ( 'NONE', #6324, 39.37007874015748143 ) ;
#7650 = VECTOR ( 'NONE', #91, 39.37007874015748143 ) ;
#7651 =( CONVERSION_BASED_UNIT ( 'INCH', #10725 ) LENGTH_UNIT ( ) NAMED_UNIT ( #6840 ) );
#7652 = VECTOR ( 'NONE', #1134, 39.37007874015748143 ) ;
#7653 = CARTESIAN_POINT ( 'NONE',  ( 0.3310660077292020276, 0.1949290786569807532, 0.3102228984210197438 ) ) ;
#7654 = ORIENTED_EDGE ( 'NONE', *, *, #6595, .T. ) ;
#7655 = DIRECTION ( 'NONE',  ( 0.0000000000000000000, 0.0000000000000000000, 1.000000000000000000 ) ) ;
#7656 = PRODUCT ( 'MPB04 HOUSING_5.4 ACTUATOR', 'MPB04 HOUSING_5.4 ACTUATOR', '', ( #5074 ) ) ;
#7657 = ORIENTED_EDGE ( 'NONE', *, *, #7768, .F. ) ;
#7658 = CARTESIAN_POINT ( 'NONE',  ( 0.3389400234772326770, 0.3760314408617060900, 0.3850260480273225983 ) ) ;
#7659 = VERTEX_POINT ( 'NONE', #3189 ) ;
#7660 = VECTOR ( 'NONE', #5447, 39.37007874015748143 ) ;
#7661 = VECTOR ( 'NONE', #8040, 39.37007874015748143 ) ;
#7662 = CIRCLE ( 'NONE', #3521, 0.007874015748031499423 ) ;
#7663 = CARTESIAN_POINT ( 'NONE',  ( 0.1263415982803829940, 0.3760314408617050908, 0.3161284102320470191 ) ) ;
#7664 = ORIENTED_EDGE ( 'NONE', *, *, #3624, .F. ) ;
#7665 = CARTESIAN_POINT ( 'NONE',  ( 0.1755541967055905261, 0.1791810471609001365, 0.2397504574761404883 ) ) ;
#7666 = PLANE ( 'NONE',  #7516 ) ;
#7667 = ADVANCED_FACE ( 'NONE', ( #7137 ), #6124, .T. ) ;
#7668 = LINE ( 'NONE', #2758, #8731 ) ;
#7669 = VECTOR ( 'NONE', #699, 39.37007874015748854 ) ;
#7670 = DIRECTION ( 'NONE',  ( 0.0000000000000000000, 8.220413448604736877E-18, -1.000000000000000000 ) ) ;
#7671 = LINE ( 'NONE', #10612, #6814 ) ;
#7672 = FACE_OUTER_BOUND ( 'NONE', #6641, .T. ) ;
#7673 = ORIENTED_EDGE ( 'NONE', *, *, #4237, .T. ) ;
#7674 = VERTEX_POINT ( 'NONE', #4411 ) ;
#7675 = ORIENTED_EDGE ( 'NONE', *, *, #11724, .F. ) ;
#7676 = ADVANCED_FACE ( 'NONE', ( #2531 ), #6522, .T. ) ;
#7677 = CARTESIAN_POINT ( 'NONE',  ( 0.4098061652095124630, 0.05713380306642412698, 0.1921126622005508988 ) ) ;
#7678 = EDGE_CURVE ( 'NONE', #4377, #4161, #11659, .T. ) ;
#7679 = VECTOR ( 'NONE', #11391, 39.37007874015748143 ) ;
#7680 = ORIENTED_EDGE ( 'NONE', *, *, #8165, .F. ) ;
#7681 = CARTESIAN_POINT ( 'NONE',  ( 0.2444518345008482307, 0.05713380306641541867, 0.2515614810981877114 ) ) ;
#7682 = SURFACE_STYLE_FILL_AREA ( #3519 ) ;
#7683 = ADVANCED_FACE ( 'NONE', ( #2317 ), #8499, .T. ) ;
#7684 = DIRECTION ( 'NONE',  ( -1.937287448275561202E-17, -1.000000000000000000, -8.220413448604590506E-18 ) ) ;
#7685 = DIRECTION ( 'NONE',  ( -1.937287448275560894E-17, -1.000000000000000000, -8.220413448604736877E-18 ) ) ;
#7686 = CARTESIAN_POINT ( 'NONE',  ( 0.1558691573355117932, 0.1791810471609001365, 0.2515614810981877114 ) ) ;
#7687 = LINE ( 'NONE', #10955, #11558 ) ;
#7688 = DIRECTION ( 'NONE',  ( 0.0000000000000000000, 0.6000000000001456391, -0.7999999999998906874 ) ) ;
#7689 = ORIENTED_EDGE ( 'NONE', *, *, #1243, .T. ) ;
#7690 = FACE_OUTER_BOUND ( 'NONE', #6483, .T. ) ;
#7691 = VERTEX_POINT ( 'NONE', #5418 ) ;
#7692 = ORIENTED_EDGE ( 'NONE', *, *, #1790, .F. ) ;
#7693 = EDGE_CURVE ( 'NONE', #5169, #1536, #1503, .T. ) ;
#7694 = ORIENTED_EDGE ( 'NONE', *, *, #6873, .F. ) ;
#7695 = LINE ( 'NONE', #11031, #2009 ) ;
#7696 = VECTOR ( 'NONE', #12662, 39.37007874015748143 ) ;
#7697 = EDGE_CURVE ( 'NONE', #7230, #6238, #10625, .T. ) ;
#7698 = DIRECTION ( 'NONE',  ( -1.000000000000000000, -1.408738150179760326E-16, 6.014894242100891138E-18 ) ) ;
#7699 = LINE ( 'NONE', #4426, #8742 ) ;
#7700 =( NAMED_UNIT ( * ) PLANE_ANGLE_UNIT ( ) SI_UNIT ( $, .RADIAN. ) );
#7701 = CARTESIAN_POINT ( 'NONE',  ( 0.1342156140284146149, 0.5295747479483139397, 0.4243961267674756233 ) ) ;
#7702 = ORIENTED_EDGE ( 'NONE', *, *, #3270, .F. ) ;
#7703 = ORIENTED_EDGE ( 'NONE', *, *, #1944, .F. ) ;
#7704 = VECTOR ( 'NONE', #7907, 39.37007874015748143 ) ;
#7705 = ORIENTED_EDGE ( 'NONE', *, *, #3930, .T. ) ;
#7706 = EDGE_LOOP ( 'NONE', ( #3579, #474, #9769, #534, #4957, #11373, #12729, #10942 ) ) ;
#7707 = EDGE_CURVE ( 'NONE', #9539, #6723, #12790, .T. ) ;
#7708 = VERTEX_POINT ( 'NONE', #339 ) ;
#7709 = DIMENSIONAL_EXPONENTS ( 1.000000000000000000, 0.0000000000000000000, 0.0000000000000000000, 0.0000000000000000000, 0.0000000000000000000, 0.0000000000000000000, 0.0000000000000000000 ) ;
#7710 = DIRECTION ( 'NONE',  ( -2.359223927328456662E-16, 3.885780586188047398E-16, 1.000000000000000000 ) ) ;
#7711 = CARTESIAN_POINT ( 'NONE',  ( 0.2326408108788038387, 0.2579212046412327486, 0.3456559692871650769 ) ) ;
#7712 = LINE ( 'NONE', #1782, #4524 ) ;
#7713 = LINE ( 'NONE', #11881, #13333 ) ;
#7714 = CARTESIAN_POINT ( 'NONE',  ( 0.07712899985517100709, 0.7897218048774069521, 0.3456559692871650769 ) ) ;
#7715 = VECTOR ( 'NONE', #531, 39.37007874015748143 ) ;
#7716 = DIRECTION ( 'NONE',  ( 0.0000000000000000000, 0.0000000000000000000, -1.000000000000000000 ) ) ;
#7717 = CARTESIAN_POINT ( 'NONE',  ( 0.3651867426373317516, 0.5426981075283704437, 0.4585168616756177817 ) ) ;
#7718 = ORIENTED_EDGE ( 'NONE', *, *, #2116, .F. ) ;
#7719 = EDGE_LOOP ( 'NONE', ( #7564, #8790, #11970, #9229 ) ) ;
#7720 = VERTEX_POINT ( 'NONE', #9522 ) ;
#7721 = CARTESIAN_POINT ( 'NONE',  ( 0.3389400234772336762, 0.3760314408617050908, 0.2905378590509431480 ) ) ;
#7722 = ORIENTED_EDGE ( 'NONE', *, *, #12501, .F. ) ;
#7723 = EDGE_CURVE ( 'NONE', #1509, #7863, #202, .T. ) ;
#7724 = EDGE_CURVE ( 'NONE', #4961, #11004, #3329, .T. ) ;
#7725 = DIRECTION ( 'NONE',  ( -1.937287448275561202E-17, -1.000000000000000000, -8.220413448604590506E-18 ) ) ;
#7726 = ORIENTED_EDGE ( 'NONE', *, *, #1262, .F. ) ;
#7727 = LINE ( 'NONE', #1348, #7791 ) ;
#7728 = CARTESIAN_POINT ( 'NONE',  ( 0.2326408108788038387, 0.5531967951924182669, 0.3456559692871650769 ) ) ;
#7729 = DIRECTION ( 'NONE',  ( -1.316334802367150653E-16, 1.000000000000000000, -1.526556658859589750E-16 ) ) ;
#7730 = SURFACE_STYLE_FILL_AREA ( #3573 ) ;
#7731 = AXIS2_PLACEMENT_3D ( 'NONE', #182, #10467, #10537 ) ;
#7732 = CARTESIAN_POINT ( 'NONE',  ( 0.1027195510362846897, 0.1555589999168270066, 0.4180969141690437652 ) ) ;
#7733 = DIRECTION ( 'NONE',  ( 1.316334802367150653E-16, -1.000000000000000000, 1.526556658859589750E-16 ) ) ;
#7734 = SURFACE_STYLE_USAGE ( .BOTH. , #3640 ) ;
#7735 = VERTEX_POINT ( 'NONE', #3527 ) ;
#7736 = ADVANCED_FACE ( 'NONE', ( #1302 ), #9597, .T. ) ;
#7737 = LINE ( 'NONE', #10613, #8141 ) ;
#7738 = EDGE_CURVE ( 'NONE', #9672, #4511, #11795, .T. ) ;
#7739 = EDGE_LOOP ( 'NONE', ( #6524, #3146, #11200, #3084 ) ) ;
#7740 = ORIENTED_EDGE ( 'NONE', *, *, #8396, .F. ) ;
#7741 = AXIS2_PLACEMENT_3D ( 'NONE', #5782, #5927, #7915 ) ;
#7742 = CARTESIAN_POINT ( 'NONE',  ( 0.0000000000000000000, 0.1574803149606299191, 0.0000000000000000000 ) ) ;
#7743 = ORIENTED_EDGE ( 'NONE', *, *, #9366, .F. ) ;
#7744 = DIRECTION ( 'NONE',  ( 1.000000000000000000, 3.518308117683325373E-16, 2.626713979715459264E-16 ) ) ;
#7745 = FILL_AREA_STYLE_COLOUR ( '', #12541 ) ;
#7746 = SURFACE_STYLE_USAGE ( .BOTH. , #4608 ) ;
#7747 = SURFACE_STYLE_FILL_AREA ( #11787 ) ;
#7748 = DIRECTION ( 'NONE',  ( 0.0000000000000000000, 1.000000000000000000, 0.0000000000000000000 ) ) ;
#7749 = SURFACE_SIDE_STYLE ('',( #11915 ) ) ;
#7750 = ADVANCED_FACE ( 'NONE', ( #2389 ), #10761, .F. ) ;
#7751 = ORIENTED_EDGE ( 'NONE', *, *, #8082, .F. ) ;
#7752 = EDGE_CURVE ( 'NONE', #9267, #1071, #5922, .T. ) ;
#7753 = DIRECTION ( 'NONE',  ( -1.937287448275561202E-17, -1.000000000000000000, -8.220413448604590506E-18 ) ) ;
#7754 = COLOUR_RGB ( '',0.7607843137254901578, 0.7607843137254901578, 0.0000000000000000000 ) ;
#7755 = PLANE ( 'NONE',  #6590 ) ;
#7756 = ORIENTED_EDGE ( 'NONE', *, *, #6698, .F. ) ;
#7757 = DIRECTION ( 'NONE',  ( 2.865203769218833733E-48, -8.220413448604590506E-18, 1.000000000000000000 ) ) ;
#7758 = ADVANCED_FACE ( 'NONE', ( #4617 ), #8700, .F. ) ;
#7759 = VERTEX_POINT ( 'NONE', #11855 ) ;
#7760 = ORIENTED_EDGE ( 'NONE', *, *, #11272, .T. ) ;
#7761 = VERTEX_POINT ( 'NONE', #12659 ) ;
#7762 = PRESENTATION_STYLE_ASSIGNMENT (( #3731 ) ) ;
#7763 = VECTOR ( 'NONE', #4371, 39.37007874015748143 ) ;
#7764 = PRESENTATION_LAYER_ASSIGNMENT (  '', '', ( #6668 ) ) ;
#7765 = CARTESIAN_POINT ( 'NONE',  ( 0.07319199198116600746, 0.08862986605855743827, 0.1901441582635394756 ) ) ;
#7766 = CARTESIAN_POINT ( 'NONE',  ( 0.3842156140284204713, 0.1555589999168270066, 0.4932937645627542000 ) ) ;
#7767 = DIRECTION ( 'NONE',  ( -3.518308117683322415E-16, 1.000000000000000000, -4.163336342344337027E-16 ) ) ;
#7768 = EDGE_CURVE ( 'NONE', #1640, #2205, #10828, .T. ) ;
#7769 = ADVANCED_FACE ( 'NONE', ( #3592 ), #7755, .T. ) ;
#7770 = CARTESIAN_POINT ( 'NONE',  ( 0.2090187636347028977, 0.08075585031051529805, 0.2397504574761404883 ) ) ;
#7771 = VECTOR ( 'NONE', #8628, 39.37007874015748143 ) ;
#7772 = ORIENTED_EDGE ( 'NONE', *, *, #4732, .T. ) ;
#7773 = ORIENTED_EDGE ( 'NONE', *, *, #5579, .F. ) ;
#7774 = EDGE_CURVE ( 'NONE', #3727, #9026, #11163, .T. ) ;
#7775 = ORIENTED_EDGE ( 'NONE', *, *, #10734, .T. ) ;
#7776 = VERTEX_POINT ( 'NONE', #12998 ) ;
#7777 = EDGE_LOOP ( 'NONE', ( #6047, #4848, #10146, #12918 ) ) ;
#7778 = CARTESIAN_POINT ( 'NONE',  ( 0.3389400234772336762, 0.3760314408617050908, 0.3810890401533105210 ) ) ;
#7779 = CARTESIAN_POINT ( 'NONE',  ( 0.05547545654809750426, 0.2185511259010752549, 0.4007740795233927233 ) ) ;
#7780 = CARTESIAN_POINT ( 'NONE',  ( 0.2326408108788038387, 0.3957164802317839070, 0.4440811661375588248 ) ) ;
#7781 = LINE ( 'NONE', #11046, #3220 ) ;
#7782 = VECTOR ( 'NONE', #3696, 39.37007874015748143 ) ;
#7783 = DIRECTION ( 'NONE',  ( 1.608386623408232256E-17, 1.526556658859589750E-16, 1.000000000000000000 ) ) ;
#7784 = DIRECTION ( 'NONE',  ( -1.000000000000000000, 0.0000000000000000000, 0.0000000000000000000 ) ) ;
#7785 = CARTESIAN_POINT ( 'NONE',  ( 0.2483888423748524532, 0.1988660865309974379, 0.4224276228305008374 ) ) ;
#7786 = EDGE_CURVE ( 'NONE', #10280, #6230, #9930, .T. ) ;
#7787 = LINE ( 'NONE', #5646, #13095 ) ;
#7788 = ORIENTED_EDGE ( 'NONE', *, *, #8167, .T. ) ;
#7789 = CARTESIAN_POINT ( 'NONE',  ( 0.2326408108788038387, 0.5295747479483139397, 0.2669158118068457042 ) ) ;
#7790 = EDGE_LOOP ( 'NONE', ( #8481, #11407, #5903, #2200, #7300, #10579 ) ) ;
#7791 = VECTOR ( 'NONE', #6366, 39.37007874015748143 ) ;
#7792 = LINE ( 'NONE', #519, #6752 ) ;
#7793 = EDGE_LOOP ( 'NONE', ( #6316, #4834, #5608, #1132, #13229, #513, #3262, #11926, #7217, #4785 ) ) ;
#7794 = DIRECTION ( 'NONE',  ( 0.0000000000000000000, -8.220413448604736877E-18, 1.000000000000000000 ) ) ;
#7795 = DIRECTION ( 'NONE',  ( -4.283287147278277996E-17, -1.665334536937734318E-16, -1.000000000000000000 ) ) ;
#7796 = DIMENSIONAL_EXPONENTS ( 1.000000000000000000, 0.0000000000000000000, 0.0000000000000000000, 0.0000000000000000000, 0.0000000000000000000, 0.0000000000000000000, 0.0000000000000000000 ) ;
#7797 = VECTOR ( 'NONE', #3949, 39.37007874015748143 ) ;
#7798 = EDGE_CURVE ( 'NONE', #9233, #8249, #12257, .T. ) ;
#7799 = DIRECTION ( 'NONE',  ( 0.3511234415885081672, -0.9363291775690008034, 1.372885316240879501E-16 ) ) ;
#7800 = LINE ( 'NONE', #10938, #914 ) ;
#7801 = LINE ( 'NONE', #8952, #4861 ) ;
#7802 = ORIENTED_EDGE ( 'NONE', *, *, #9040, .F. ) ;
#7803 = ORIENTED_EDGE ( 'NONE', *, *, #12531, .T. ) ;
#7804 = VECTOR ( 'NONE', #3854, 39.37007874015748143 ) ;
#7805 = CARTESIAN_POINT ( 'NONE',  ( 0.4098061652095124630, 0.3861465226303465448, 0.4462616628062848756 ) ) ;
#7806 = DIRECTION ( 'NONE',  ( 0.0000000000000000000, 1.000000000000000000, 0.0000000000000000000 ) ) ;
#7807 = STYLED_ITEM ( 'NONE', ( #12580 ), #3424 ) ;
#7808 =( NAMED_UNIT ( * ) PLANE_ANGLE_UNIT ( ) SI_UNIT ( $, .RADIAN. ) );
#7809 = CARTESIAN_POINT ( 'NONE',  ( 0.3208297872567558162, -0.05703942528003588114, 0.2397504574761405161 ) ) ;
#7810 = CARTESIAN_POINT ( 'NONE',  ( 0.3645305746583385464, 0.4575997454093465033, 0.3456559692871650769 ) ) ;
#7811 = CARTESIAN_POINT ( 'NONE',  ( 0.2405148266268503088, 0.2756377400743056372, 0.3255772291296682996 ) ) ;
#7812 = EDGE_CURVE ( 'NONE', #13361, #5276, #12056, .T. ) ;
#7813 = LENGTH_MEASURE_WITH_UNIT ( LENGTH_MEASURE( 0.02539999999999999897 ), #8965 );
#7814 = EDGE_CURVE ( 'NONE', #357, #3723, #8014, .T. ) ;
#7815 = CARTESIAN_POINT ( 'NONE',  ( 0.3310660077292020276, 0.3839054566097366838, 0.3102228984210197438 ) ) ;
#7816 = CIRCLE ( 'NONE', #1952, 0.05610236220472444857 ) ;
#7817 = ORIENTED_EDGE ( 'NONE', *, *, #7549, .F. ) ;
#7818 = DIRECTION ( 'NONE',  ( -1.000000000000000000, 0.0000000000000000000, 0.0000000000000000000 ) ) ;
#7819 = CARTESIAN_POINT ( 'NONE',  ( 0.2562628581229025038, 0.08862986605856643108, 0.2515614810981769423 ) ) ;
#7820 = VERTEX_POINT ( 'NONE', #7819 ) ;
#7821 = LINE ( 'NONE', #5620, #11184 ) ;
#7822 = ORIENTED_EDGE ( 'NONE', *, *, #268, .F. ) ;
#7823 = VERTEX_POINT ( 'NONE', #6789 ) ;
#7824 = AXIS2_PLACEMENT_3D ( 'NONE', #12522, #3058, #10413 ) ;
#7825 = ORIENTED_EDGE ( 'NONE', *, *, #2244, .T. ) ;
#7826 = DIMENSIONAL_EXPONENTS ( 1.000000000000000000, 0.0000000000000000000, 0.0000000000000000000, 0.0000000000000000000, 0.0000000000000000000, 0.0000000000000000000, 0.0000000000000000000 ) ;
#7827 = CARTESIAN_POINT ( 'NONE',  ( 0.1558691573355116822, 0.2264251416490909163, 0.4397504574761375018 ) ) ;
#7828 = DIRECTION ( 'NONE',  ( 0.0000000000000000000, 8.220413448604736877E-18, -1.000000000000000000 ) ) ;
#7829 =( NAMED_UNIT ( * ) SI_UNIT ( $, .STERADIAN. ) SOLID_ANGLE_UNIT ( ) );
#7830 = PLANE ( 'NONE',  #77 ) ;
#7831 = EDGE_CURVE ( 'NONE', #1536, #7837, #7060, .T. ) ;
#7832 = DIRECTION ( 'NONE',  ( 2.626713979715461236E-16, -3.747002708109903324E-16, -1.000000000000000000 ) ) ;
#7833 = COLOUR_RGB ( '',0.7607843137254901578, 0.7607843137254901578, 0.0000000000000000000 ) ;
#7834 = DIRECTION ( 'NONE',  ( -1.000000000000000000, 1.937287448275561202E-17, 2.565854121688507820E-49 ) ) ;
#7835 = VERTEX_POINT ( 'NONE', #11085 ) ;
#7836 = VERTEX_POINT ( 'NONE', #5688 ) ;
#7837 = VERTEX_POINT ( 'NONE', #546 ) ;
#7838 = VERTEX_POINT ( 'NONE', #11023 ) ;
#7839 = VERTEX_POINT ( 'NONE', #2856 ) ;
#7840 = MECHANICAL_DESIGN_GEOMETRIC_PRESENTATION_REPRESENTATION (  '', ( #3909 ), #9799 ) ;
#7841 = ADVANCED_FACE ( 'NONE', ( #5966 ), #11226, .F. ) ;
#7842 = VECTOR ( 'NONE', #10166, 39.37007874015748854 ) ;
#7843 = FACE_OUTER_BOUND ( 'NONE', #7581, .T. ) ;
#7844 = EDGE_CURVE ( 'NONE', #13304, #10292, #13210, .T. ) ;
#7845 = DIRECTION ( 'NONE',  ( -1.000000000000000000, -1.316334802367150653E-16, 1.608386623408235030E-17 ) ) ;
#7846 = LINE ( 'NONE', #5713, #4158 ) ;
#7847 = FACE_OUTER_BOUND ( 'NONE', #7983, .T. ) ;
#7848 = FACE_OUTER_BOUND ( 'NONE', #7793, .T. ) ;
#7849 = DIRECTION ( 'NONE',  ( 1.316334802367150653E-16, -1.000000000000000000, 1.526556658859589750E-16 ) ) ;
#7850 = EDGE_CURVE ( 'NONE', #12846, #6403, #10001, .T. ) ;
#7851 = ORIENTED_EDGE ( 'NONE', *, *, #2608, .T. ) ;
#7852 = PRESENTATION_STYLE_ASSIGNMENT (( #4778 ) ) ;
#7853 = VECTOR ( 'NONE', #5325, 39.37007874015748143 ) ;
#7854 = COLOUR_RGB ( '',0.7607843137254901578, 0.7607843137254901578, 0.0000000000000000000 ) ;
#7855 = VERTEX_POINT ( 'NONE', #9866 ) ;
#7856 = DIRECTION ( 'NONE',  ( -1.000000000000000000, 0.0000000000000000000, 0.0000000000000000000 ) ) ;
#7857 = ORIENTED_EDGE ( 'NONE', *, *, #4924, .T. ) ;
#7858 = DIRECTION ( 'NONE',  ( -1.000000000000000000, -3.518308117683323401E-16, -2.626713979715459264E-16 ) ) ;
#7859 = ORIENTED_EDGE ( 'NONE', *, *, #9149, .F. ) ;
#7860 = FACE_OUTER_BOUND ( 'NONE', #3860, .T. ) ;
#7861 = ADVANCED_FACE ( 'NONE', ( #8832 ), #3654, .F. ) ;
#7862 =( GEOMETRIC_REPRESENTATION_CONTEXT ( 3 ) GLOBAL_UNCERTAINTY_ASSIGNED_CONTEXT ( ( #5789 ) ) GLOBAL_UNIT_ASSIGNED_CONTEXT ( ( #12272, #8299, #2113 ) ) REPRESENTATION_CONTEXT ( 'NONE', 'WORKASPACE' ) );
#7863 = VERTEX_POINT ( 'NONE', #11982 ) ;
#7864 = VECTOR ( 'NONE', #7710, 39.37007874015748143 ) ;
#7865 = VECTOR ( 'NONE', #4485, 39.37007874015748143 ) ;
#7866 = DIRECTION ( 'NONE',  ( 0.0000000000000000000, 0.0000000000000000000, 1.000000000000000000 ) ) ;
#7867 = PLANE ( 'NONE',  #8961 ) ;
#7868 = AXIS2_PLACEMENT_3D ( 'NONE', #10181, #11069, #7108 ) ;
#7869 = LENGTH_MEASURE_WITH_UNIT ( LENGTH_MEASURE( 0.02539999999999999897 ), #6842 );
#7870 = CARTESIAN_POINT ( 'NONE',  ( 0.2019548713747023605, 0.5295747479483139397, 0.4224276228305008374 ) ) ;
#7871 = VECTOR ( 'NONE', #12065, 39.37007874015748143 ) ;
#7872 = MECHANICAL_DESIGN_GEOMETRIC_PRESENTATION_REPRESENTATION (  '', ( #12017 ), #11369 ) ;
#7873 = AXIS2_PLACEMENT_3D ( 'NONE', #9095, #9857, #126 ) ;
#7874 = LINE ( 'NONE', #2715, #3291 ) ;
#7875 = ORIENTED_EDGE ( 'NONE', *, *, #11032, .T. ) ;
#7876 = PLANE ( 'NONE',  #2066 ) ;
#7877 = CARTESIAN_POINT ( 'NONE',  ( 0.2444518345008482030, 0.05713380306641549500, 0.4515614810981848914 ) ) ;
#7878 = CARTESIAN_POINT ( 'NONE',  ( 0.1444518345008675708, 0.05713380306640643974, 0.2515614810981877114 ) ) ;
#7879 = ADVANCED_FACE ( 'NONE', ( #4943 ), #7951, .F. ) ;
#7880 = CARTESIAN_POINT ( 'NONE',  ( 0.1558691573355117932, 0.1791810471609001365, 0.2515614810981877114 ) ) ;
#7881 = DIRECTION ( 'NONE',  ( -1.000000000000000000, -1.408738150179707817E-16, 2.099402731964118323E-14 ) ) ;
#7882 = VECTOR ( 'NONE', #4173, 39.37007874015748143 ) ;
#7883 =( LENGTH_UNIT ( ) NAMED_UNIT ( * ) SI_UNIT ( $, .METRE. ) );
#7884 = PLANE ( 'NONE',  #4532 ) ;
#7885 = CARTESIAN_POINT ( 'NONE',  ( 0.2483888423748703833, 0.2776062440113114538, 0.3456559692871650769 ) ) ;
#7886 = LINE ( 'NONE', #5613, #8505 ) ;
#7887 = ORIENTED_EDGE ( 'NONE', *, *, #4909, .F. ) ;
#7888 = CARTESIAN_POINT ( 'NONE',  ( 0.2483888423748524532, 0.7897218048774069521, 0.4243961267674800641 ) ) ;
#7889 = DIMENSIONAL_EXPONENTS ( 1.000000000000000000, 0.0000000000000000000, 0.0000000000000000000, 0.0000000000000000000, 0.0000000000000000000, 0.0000000000000000000, 0.0000000000000000000 ) ;
#7890 = DIRECTION ( 'NONE',  ( 0.0000000000000000000, -8.220413448604736877E-18, 1.000000000000000000 ) ) ;
#7891 = EDGE_LOOP ( 'NONE', ( #3064, #11909, #8771, #8320 ) ) ;
#7892 = STYLED_ITEM ( 'NONE', ( #2327 ), #7172 ) ;
#7893 = CARTESIAN_POINT ( 'NONE',  ( 0.3305208835620726537, 0.4079514893171786172, 0.1684906149564564526 ) ) ;
#7894 = VECTOR ( 'NONE', #5553, 39.37007874015748143 ) ;
#7895 = ORIENTED_EDGE ( 'NONE', *, *, #1483, .F. ) ;
#7896 = ORIENTED_EDGE ( 'NONE', *, *, #8178, .F. ) ;
#7897 = EDGE_CURVE ( 'NONE', #7761, #5905, #758, .T. ) ;
#7898 = EDGE_CURVE ( 'NONE', #5406, #7836, #9104, .T. ) ;
#7899 = EDGE_LOOP ( 'NONE', ( #12192, #11874, #12885, #10198, #13348, #4780, #8897 ) ) ;
#7900 = FILL_AREA_STYLE ('',( #2602 ) ) ;
#7901 = CARTESIAN_POINT ( 'NONE',  ( 0.1027195510362938075, 0.1476849841687954135, 0.3456559692871707390 ) ) ;
#7902 = CARTESIAN_POINT ( 'NONE',  ( 0.1342156140284146149, 0.5295747479483139397, 0.2669158118068457042 ) ) ;
#7903 = AXIS2_PLACEMENT_3D ( 'NONE', #4676, #9037, #1690 ) ;
#7904 = LINE ( 'NONE', #3668, #1797 ) ;
#7905 = DIRECTION ( 'NONE',  ( 1.000000000000000000, 1.316334802367150653E-16, -1.608386623408235030E-17 ) ) ;
#7906 = ORIENTED_EDGE ( 'NONE', *, *, #10337, .F. ) ;
#7907 = DIRECTION ( 'NONE',  ( -1.000000000000000000, -1.408738150179760326E-16, 6.014894242100891138E-18 ) ) ;
#7908 = ORIENTED_EDGE ( 'NONE', *, *, #8036, .F. ) ;
#7909 = EDGE_CURVE ( 'NONE', #3210, #10730, #68, .T. ) ;
#7910 = ORIENTED_EDGE ( 'NONE', *, *, #6078, .F. ) ;
#7911 = PLANE ( 'NONE',  #3700 ) ;
#7912 = DIRECTION ( 'NONE',  ( 1.000000000000000000, -1.937287448275558121E-17, 0.0000000000000000000 ) ) ;
#7913 = DIRECTION ( 'NONE',  ( 1.000000000000000000, 0.0000000000000000000, 0.0000000000000000000 ) ) ;
#7914 = FILL_AREA_STYLE ('',( #3750 ) ) ;
#7915 = DIRECTION ( 'NONE',  ( 1.937287448275561202E-17, 1.000000000000000000, 8.220413448604590506E-18 ) ) ;
#7916 = LINE ( 'NONE', #9132, #7661 ) ;
#7917 = DIMENSIONAL_EXPONENTS ( 1.000000000000000000, 0.0000000000000000000, 0.0000000000000000000, 0.0000000000000000000, 0.0000000000000000000, 0.0000000000000000000, 0.0000000000000000000 ) ;
#7918 = VECTOR ( 'NONE', #7485, 39.37007874015748143 ) ;
#7919 = VERTEX_POINT ( 'NONE', #10336 ) ;
#7920 = LINE ( 'NONE', #11885, #2667 ) ;
#7921 = EDGE_CURVE ( 'NONE', #1907, #8019, #1887, .T. ) ;
#7922 = CARTESIAN_POINT ( 'NONE',  ( 0.2326408108788125817, -0.1446865674942329760, 0.4397504574761376683 ) ) ;
#7923 = CARTESIAN_POINT ( 'NONE',  ( 0.3586250628473005575, 0.1988660865309974379, 0.3850260480273225983 ) ) ;
#7924 = EDGE_CURVE ( 'NONE', #6059, #10042, #8414, .T. ) ;
#7925 = ORIENTED_EDGE ( 'NONE', *, *, #10228, .F. ) ;
#7926 = CARTESIAN_POINT ( 'NONE',  ( 0.2326408108788038387, 0.4575997454093465033, 0.4243961267674801197 ) ) ;
#7927 = EDGE_CURVE ( 'NONE', #13002, #9348, #3239, .T. ) ;
#7928 = LENGTH_MEASURE_WITH_UNIT ( LENGTH_MEASURE( 0.02539999999999999897 ), #4653 );
#7929 =( GEOMETRIC_REPRESENTATION_CONTEXT ( 3 ) GLOBAL_UNCERTAINTY_ASSIGNED_CONTEXT ( ( #7027 ) ) GLOBAL_UNIT_ASSIGNED_CONTEXT ( ( #1872, #6776, #12243 ) ) REPRESENTATION_CONTEXT ( 'NONE', 'WORKASPACE' ) );
#7930 = ORIENTED_EDGE ( 'NONE', *, *, #10019, .F. ) ;
#7931 = CYLINDRICAL_SURFACE ( 'NONE', #11932, 0.01574803149606296415 ) ;
#7932 = CARTESIAN_POINT ( 'NONE',  ( 0.2326408108788038387, 0.5728818345624925312, 0.2905378590509445913 ) ) ;
#7933 = CARTESIAN_POINT ( 'NONE',  ( 0.1027195510362948483, 0.1988660865309974379, 0.2905378590509231085 ) ) ;
#7934 = SURFACE_STYLE_USAGE ( .BOTH. , #1865 ) ;
#7935 = DIRECTION ( 'NONE',  ( 1.000000000000000000, 3.376070039848302092E-16, 2.359223927328455183E-16 ) ) ;
#7936 = EDGE_CURVE ( 'NONE', #6156, #12647, #1, .T. ) ;
#7937 = CIRCLE ( 'NONE', #1001, 0.05610236220472444857 ) ;
#7938 = LENGTH_MEASURE_WITH_UNIT ( LENGTH_MEASURE( 0.02539999999999999897 ), #11147 );
#7939 = CARTESIAN_POINT ( 'NONE',  ( 0.2266859742301032543, 0.5520871082481160208, 0.4243961267674755677 ) ) ;
#7940 = ORIENTED_EDGE ( 'NONE', *, *, #12668, .F. ) ;
#7941 = ORIENTED_EDGE ( 'NONE', *, *, #2045, .F. ) ;
#7942 = DIRECTION ( 'NONE',  ( -3.007447121050438636E-18, -2.498001805406601723E-16, -1.000000000000000000 ) ) ;
#7943 = CARTESIAN_POINT ( 'NONE',  ( 0.1755541967055904706, 0.1791810471609002198, 0.4515614810981848359 ) ) ;
#7944 = DIRECTION ( 'NONE',  ( 2.626713979715461236E-16, -3.747002708109903324E-16, -1.000000000000000000 ) ) ;
#7945 = CARTESIAN_POINT ( 'NONE',  ( 0.3310660077292020276, 0.5295747479483139397, 0.2669158118068457042 ) ) ;
#7946 = CARTESIAN_POINT ( 'NONE',  ( 0.07712899985517100709, 0.3760314408617050908, 0.3161284102320469636 ) ) ;
#7947 = ORIENTED_EDGE ( 'NONE', *, *, #2016, .F. ) ;
#7948 = LINE ( 'NONE', #1625, #9328 ) ;
#7949 = LINE ( 'NONE', #12256, #2847 ) ;
#7950 = ADVANCED_FACE ( 'NONE', ( #11438 ), #5081, .F. ) ;
#7951 = PLANE ( 'NONE',  #6155 ) ;
#7952 = ORIENTED_EDGE ( 'NONE', *, *, #7648, .F. ) ;
#7953 = PRESENTATION_LAYER_ASSIGNMENT (  '', '', ( #1643 ) ) ;
#7954 = CARTESIAN_POINT ( 'NONE',  ( 0.3267352990678009106, -0.07278745677610246045, 0.2515614810981877669 ) ) ;
#7955 = ORIENTED_EDGE ( 'NONE', *, *, #8906, .F. ) ;
#7956 = ORIENTED_EDGE ( 'NONE', *, *, #3907, .T. ) ;
#7957 = ORIENTED_EDGE ( 'NONE', *, *, #3308, .F. ) ;
#7958 = VECTOR ( 'NONE', #12471, 39.37007874015748143 ) ;
#7959 = DIRECTION ( 'NONE',  ( 1.000000000000000000, -1.937287448275558121E-17, 0.0000000000000000000 ) ) ;
#7960 = VECTOR ( 'NONE', #9549, 39.37007874015748143 ) ;
#7961 = CARTESIAN_POINT ( 'NONE',  ( 0.3330345116662203897, 0.1555589999168270066, 0.2062465204682520925 ) ) ;
#7962 = LINE ( 'NONE', #3606, #11706 ) ;
#7963 = EDGE_CURVE ( 'NONE', #4058, #6645, #9715, .T. ) ;
#7964 = LINE ( 'NONE', #13152, #5841 ) ;
#7965 = VERTEX_POINT ( 'NONE', #2371 ) ;
#7966 = DIRECTION ( 'NONE',  ( 1.937287448275560894E-17, 1.000000000000000000, 8.220413448604736877E-18 ) ) ;
#7967 = EDGE_LOOP ( 'NONE', ( #1285, #3205, #11530, #428 ) ) ;
#7968 = AXIS2_PLACEMENT_3D ( 'NONE', #4758, #3604, #2607 ) ;
#7969 = VECTOR ( 'NONE', #12953, 39.37007874015748143 ) ;
#7970 = ORIENTED_EDGE ( 'NONE', *, *, #13042, .T. ) ;
#7971 = DIMENSIONAL_EXPONENTS ( 1.000000000000000000, 0.0000000000000000000, 0.0000000000000000000, 0.0000000000000000000, 0.0000000000000000000, 0.0000000000000000000, 0.0000000000000000000 ) ;
#7972 = CARTESIAN_POINT ( 'NONE',  ( 0.2483888423748524532, 0.7897218048774069521, 0.4243961267674800641 ) ) ;
#7973 = DIRECTION ( 'NONE',  ( 0.0000000000000000000, 1.000000000000000000, 0.0000000000000000000 ) ) ;
#7974 = LINE ( 'NONE', #843, #3013 ) ;
#7975 = CARTESIAN_POINT ( 'NONE',  ( 0.3586250628473005575, 0.7897218048774069521, 0.2905378590509410386 ) ) ;
#7976 = DIRECTION ( 'NONE',  ( -1.356991020290373981E-16, 1.000000000000000000, -3.469446951953614189E-16 ) ) ;
#7977 = PLANE ( 'NONE',  #5248 ) ;
#7978 = VECTOR ( 'NONE', #4922, 39.37007874015748143 ) ;
#7979 = EDGE_CURVE ( 'NONE', #8106, #2008, #90, .T. ) ;
#7980 = ORIENTED_EDGE ( 'NONE', *, *, #11012, .F. ) ;
#7981 = CARTESIAN_POINT ( 'NONE',  ( 0.3310660077292020276, 0.3839054566097366838, 0.2669158118068457042 ) ) ;
#7982 = EDGE_CURVE ( 'NONE', #721, #13401, #5599, .T. ) ;
#7983 = EDGE_LOOP ( 'NONE', ( #12899, #8745, #11224, #8151, #3422, #9964 ) ) ;
#7984 = UNCERTAINTY_MEASURE_WITH_UNIT (LENGTH_MEASURE( 1.000000000000000082E-05 ), #11321, 'distance_accuracy_value', 'NONE');
#7985 = LINE ( 'NONE', #4913, #10038 ) ;
#7986 = ORIENTED_EDGE ( 'NONE', *, *, #1928, .F. ) ;
#7987 = CARTESIAN_POINT ( 'NONE',  ( 0.3645305746583385464, 0.3760314408617050908, 0.3456559692871650769 ) ) ;
#7988 = ORIENTED_EDGE ( 'NONE', *, *, #4776, .F. ) ;
#7989 =( GEOMETRIC_REPRESENTATION_CONTEXT ( 3 ) GLOBAL_UNCERTAINTY_ASSIGNED_CONTEXT ( ( #7299 ) ) GLOBAL_UNIT_ASSIGNED_CONTEXT ( ( #906, #1977, #11453 ) ) REPRESENTATION_CONTEXT ( 'NONE', 'WORKASPACE' ) );
#7990 = ORIENTED_EDGE ( 'NONE', *, *, #1544, .T. ) ;
#7991 = DIRECTION ( 'NONE',  ( 1.000000000000000000, 0.0000000000000000000, 0.0000000000000000000 ) ) ;
#7992 =( CONVERSION_BASED_UNIT ( 'INCH', #861 ) LENGTH_UNIT ( ) NAMED_UNIT ( #12509 ) );
#7993 = PLANE ( 'NONE',  #2963 ) ;
#7994 = CARTESIAN_POINT ( 'NONE',  ( 0.1893337242646520313, 0.2165826219640790973, 0.4972307724367678317 ) ) ;
#7995 = ADVANCED_FACE ( 'NONE', ( #2300, #187, #10809, #8554, #6510, #11645, #1212, #11577, #4322 ), #1485, .F. ) ;
#7996 = PRESENTATION_LAYER_ASSIGNMENT (  '', '', ( #7119 ) ) ;
#7997 = EDGE_LOOP ( 'NONE', ( #328, #4960, #1057, #11107 ) ) ;
#7998 = DIRECTION ( 'NONE',  ( -1.316334802367150653E-16, 1.000000000000000000, -1.526556658859589750E-16 ) ) ;
#7999 = CARTESIAN_POINT ( 'NONE',  ( 0.2090187636347028977, 0.08862986605856641720, 0.2515614810981877114 ) ) ;
#8000 = CARTESIAN_POINT ( 'NONE',  ( 0.1558691573354859805, 0.3760314408617060900, 0.2905378590509589687 ) ) ;
#8001 = VERTEX_POINT ( 'NONE', #1358 ) ;
#8002 = FACE_OUTER_BOUND ( 'NONE', #4240, .T. ) ;
#8003 = LINE ( 'NONE', #6601, #12444 ) ;
#8004 = EDGE_CURVE ( 'NONE', #5533, #5671, #13354, .T. ) ;
#8005 = VECTOR ( 'NONE', #5988, 39.37007874015748143 ) ;
#8006 = EDGE_CURVE ( 'NONE', #56, #4633, #5474, .T. ) ;
#8007 = DIRECTION ( 'NONE',  ( 0.0000000000000000000, 0.0000000000000000000, 1.000000000000000000 ) ) ;
#8008 = FACE_OUTER_BOUND ( 'NONE', #1185, .T. ) ;
#8009 = LINE ( 'NONE', #2850, #8307 ) ;
#8010 = CARTESIAN_POINT ( 'NONE',  ( 0.3842156140284118671, 0.3307558503105273440, 0.3102228984210197438 ) ) ;
#8011 = ORIENTED_EDGE ( 'NONE', *, *, #5926, .T. ) ;
#8012 = CARTESIAN_POINT ( 'NONE',  ( 0.4255541967055790908, 0.1988660865309964110, 0.3614040007832317047 ) ) ;
#8013 = DIRECTION ( 'NONE',  ( -1.000000000000000000, 1.937287448275558121E-17, 0.0000000000000000000 ) ) ;
#8014 = LINE ( 'NONE', #1627, #12682 ) ;
#8015 = AXIS2_PLACEMENT_3D ( 'NONE', #4642, #10920, #7784 ) ;
#8016 = ORIENTED_EDGE ( 'NONE', *, *, #6392, .T. ) ;
#8017 = DIRECTION ( 'NONE',  ( 0.0000000000000000000, 0.6000000000001461942, 0.7999999999998903544 ) ) ;
#8018 = EDGE_LOOP ( 'NONE', ( #1727, #5527, #11412, #9579, #7887, #2145 ) ) ;
#8019 = VERTEX_POINT ( 'NONE', #12643 ) ;
#8020 = ORIENTED_EDGE ( 'NONE', *, *, #4013, .F. ) ;
#8021 = FACE_OUTER_BOUND ( 'NONE', #3180, .T. ) ;
#8022 = VECTOR ( 'NONE', #8382, 39.37007874015748143 ) ;
#8023 = EDGE_CURVE ( 'NONE', #5827, #10313, #7530, .T. ) ;
#8024 = FACE_OUTER_BOUND ( 'NONE', #12681, .T. ) ;
#8025 = PLANE ( 'NONE',  #11055 ) ;
#8026 = CARTESIAN_POINT ( 'NONE',  ( 0.1893337242646341567, 0.7897218048774069521, 0.2236087251926805186 ) ) ;
#8027 = LINE ( 'NONE', #6804, #11156 ) ;
#8028 = PLANE ( 'NONE',  #388 ) ;
#8029 = ORIENTED_EDGE ( 'NONE', *, *, #7898, .T. ) ;
#8030 = VECTOR ( 'NONE', #3468, 39.37007874015748143 ) ;
#8031 = CARTESIAN_POINT ( 'NONE',  ( 0.2562628581229025593, 0.08075585031050638851, 0.4397504574761375573 ) ) ;
#8032 = ORIENTED_EDGE ( 'NONE', *, *, #8653, .F. ) ;
#8033 = EDGE_LOOP ( 'NONE', ( #7379, #12281, #5117, #4420 ) ) ;
#8034 = CARTESIAN_POINT ( 'NONE',  ( 0.2405148266268501978, 0.3760314408617053683, 0.4653410086572254967 ) ) ;
#8035 = CARTESIAN_POINT ( 'NONE',  ( 0.1027195510362847869, 0.1555589999168269788, 0.2180969141690466684 ) ) ;
#8036 = EDGE_CURVE ( 'NONE', #8389, #6204, #6373, .T. ) ;
#8037 = CARTESIAN_POINT ( 'NONE',  ( 0.2090187636347251854, 0.1279999447987149319, 0.3456559692871707390 ) ) ;
#8038 = LINE ( 'NONE', #11398, #12574 ) ;
#8039 = COLOUR_RGB ( '',0.7607843137254901578, 0.7607843137254901578, 0.0000000000000000000 ) ;
#8040 = DIRECTION ( 'NONE',  ( 1.000000000000000000, 1.174096724532128111E-16, -4.283287147278279845E-17 ) ) ;
#8041 = DIRECTION ( 'NONE',  ( 0.0000000000000000000, 0.0000000000000000000, 1.000000000000000000 ) ) ;
#8042 =( CONVERSION_BASED_UNIT ( 'INCH', #31 ) LENGTH_UNIT ( ) NAMED_UNIT ( #7917 ) );
#8043 = ORIENTED_EDGE ( 'NONE', *, *, #2273, .T. ) ;
#8044 = PLANE ( 'NONE',  #7432 ) ;
#8045 = DIRECTION ( 'NONE',  ( 0.0000000000000000000, -1.000000000000000000, 0.0000000000000000000 ) ) ;
#8046 = FACE_OUTER_BOUND ( 'NONE', #6729, .T. ) ;
#8047 = VERTEX_POINT ( 'NONE', #7465 ) ;
#8048 = VECTOR ( 'NONE', #8781, 39.37007874015748143 ) ;
#8049 = CIRCLE ( 'NONE', #3692, 0.07874015748031495954 ) ;
#8050 =( NAMED_UNIT ( * ) PLANE_ANGLE_UNIT ( ) SI_UNIT ( $, .RADIAN. ) );
#8051 = EDGE_CURVE ( 'NONE', #6261, #7919, #7671, .T. ) ;
#8052 = ORIENTED_EDGE ( 'NONE', *, *, #3026, .T. ) ;
#8053 = EDGE_CURVE ( 'NONE', #12933, #833, #4457, .T. ) ;
#8054 = DIRECTION ( 'NONE',  ( 0.0000000000000000000, 1.000000000000000000, 0.0000000000000000000 ) ) ;
#8055 = CARTESIAN_POINT ( 'NONE',  ( 0.2326408108788038387, -0.07318115756351306622, 0.4017583314918895532 ) ) ;
#8056 = DIMENSIONAL_EXPONENTS ( 1.000000000000000000, 0.0000000000000000000, 0.0000000000000000000, 0.0000000000000000000, 0.0000000000000000000, 0.0000000000000000000, 0.0000000000000000000 ) ;
#8057 = PRESENTATION_LAYER_ASSIGNMENT (  '', '', ( #462 ) ) ;
#8058 =( GEOMETRIC_REPRESENTATION_CONTEXT ( 3 ) GLOBAL_UNCERTAINTY_ASSIGNED_CONTEXT ( ( #5934 ) ) GLOBAL_UNIT_ASSIGNED_CONTEXT ( ( #1560, #7808, #6779 ) ) REPRESENTATION_CONTEXT ( 'NONE', 'WORKASPACE' ) );
#8059 = LINE ( 'NONE', #2907, #3921 ) ;
#8060 = CARTESIAN_POINT ( 'NONE',  ( 0.2405148266268501700, 0.3681574251136631171, 0.4515614810981847249 ) ) ;
#8061 = CARTESIAN_POINT ( 'NONE',  ( 0.2103157715146757034, 0.5348511294480640110, 0.4243961267674755677 ) ) ;
#8062 = EDGE_LOOP ( 'NONE', ( #10452, #6632, #554, #12869 ) ) ;
#8063 = DIRECTION ( 'NONE',  ( -1.000000000000000000, 0.0000000000000000000, 1.100068545741414404E-14 ) ) ;
#8064 = DIRECTION ( 'NONE',  ( 1.316334802367150653E-16, -1.000000000000000000, 1.526556658859589750E-16 ) ) ;
#8065 = VECTOR ( 'NONE', #3615, 39.37007874015748143 ) ;
#8066 = PRESENTATION_LAYER_ASSIGNMENT (  '', '', ( #2869 ) ) ;
#8067 = AXIS2_PLACEMENT_3D ( 'NONE', #1724, #8932, #13032 ) ;
#8068 = ADVANCED_FACE ( 'NONE', ( #4395 ), #11777, .T. ) ;
#8069 = FACE_OUTER_BOUND ( 'NONE', #1084, .T. ) ;
#8070 = LINE ( 'NONE', #7507, #2222 ) ;
#8071 = LINE ( 'NONE', #13266, #10353 ) ;
#8072 = FACE_OUTER_BOUND ( 'NONE', #8268, .T. ) ;
#8073 = CARTESIAN_POINT ( 'NONE',  ( 0.1558691573354859805, 0.7897218048774069521, 0.4243961267674800641 ) ) ;
#8074 = STYLED_ITEM ( 'NONE', ( #7852 ), #6563 ) ;
#8075 = CARTESIAN_POINT ( 'NONE',  ( 0.2326408108788038387, 0.3760314408617050908, 0.1901441582635394756 ) ) ;
#8076 = AXIS2_PLACEMENT_3D ( 'NONE', #812, #3915, #13394 ) ;
#8077 = VECTOR ( 'NONE', #12615, 39.37007874015748143 ) ;
#8078 = ORIENTED_EDGE ( 'NONE', *, *, #12342, .T. ) ;
#8079 = CARTESIAN_POINT ( 'NONE',  ( 0.4098061652095124630, 0.2972912833813901590, 0.4007740795233891151 ) ) ;
#8080 = CARTESIAN_POINT ( 'NONE',  ( 0.1444518345008675708, -0.05703942528005383206, 0.2515614810981877669 ) ) ;
#8081 = DIRECTION ( 'NONE',  ( 0.4472135955000930418, 0.8944271909998482428, -2.549099026651717480E-16 ) ) ;
#8082 = EDGE_CURVE ( 'NONE', #7691, #703, #10743, .T. ) ;
#8083 = ORIENTED_EDGE ( 'NONE', *, *, #9599, .F. ) ;
#8085 = EDGE_LOOP ( 'NONE', ( #4465, #6175, #5846, #6401 ) ) ;
#8084 = UNCERTAINTY_MEASURE_WITH_UNIT (LENGTH_MEASURE( 1.000000000000000082E-05 ), #8380, 'distance_accuracy_value', 'NONE');
#8086 = EDGE_CURVE ( 'NONE', #5724, #4328, #4526, .T. ) ;
#8087 = DIRECTION ( 'NONE',  ( 0.0000000000000000000, 0.0000000000000000000, 1.000000000000000000 ) ) ;
#8088 = VERTEX_POINT ( 'NONE', #11068 ) ;
#8089 = ORIENTED_EDGE ( 'NONE', *, *, #2833, .T. ) ;
#8090 = VECTOR ( 'NONE', #5263, 39.37007874015748854 ) ;
#8091 = EDGE_LOOP ( 'NONE', ( #5705, #6680, #432, #10075 ) ) ;
#8092 = EDGE_CURVE ( 'NONE', #5276, #11543, #8877, .T. ) ;
#8093 = AXIS2_PLACEMENT_3D ( 'NONE', #3202, #5161, #11403 ) ;
#8094 = AXIS2_PLACEMENT_3D ( 'NONE', #768, #9046, #8424 ) ;
#8095 = DIRECTION ( 'NONE',  ( 0.4472135955002297103, -0.8944271909997799641, 4.898503433089610807E-16 ) ) ;
#8096 = DIRECTION ( 'NONE',  ( 1.937287448275560894E-17, 1.000000000000000000, 8.220413448604736877E-18 ) ) ;
#8097 = CARTESIAN_POINT ( 'NONE',  ( 0.1027195510362948483, 0.1988660865309974379, 0.4007740795234070452 ) ) ;
#8098 =( LENGTH_UNIT ( ) NAMED_UNIT ( * ) SI_UNIT ( $, .METRE. ) );
#8099 = VECTOR ( 'NONE', #4756, 39.37007874015748143 ) ;
#8100 = AXIS2_PLACEMENT_3D ( 'NONE', #2314, #7407, #10555 ) ;
#8101 = CARTESIAN_POINT ( 'NONE',  ( 0.2405148266268501978, 0.3760314408617053683, 0.4456559692871467360 ) ) ;
#8102 = ORIENTED_EDGE ( 'NONE', *, *, #10296, .T. ) ;
#8103 = PRODUCT_DEFINITION_CONTEXT ( 'detailed design', #9770, 'design' ) ;
#8104 = EDGE_CURVE ( 'NONE', #7838, #447, #4663, .T. ) ;
#8105 = CARTESIAN_POINT ( 'NONE',  ( 0.3625620707213385030, 0.08862986605856656985, 0.4397504574761376683 ) ) ;
#8106 = VERTEX_POINT ( 'NONE', #13046 ) ;
#8107 = EDGE_LOOP ( 'NONE', ( #8900, #6861, #1272, #12025, #325 ) ) ;
#8108 = ORIENTED_EDGE ( 'NONE', *, *, #10562, .T. ) ;
#8109 = EDGE_CURVE ( 'NONE', #6028, #189, #12167, .T. ) ;
#8110 = VECTOR ( 'NONE', #11919, 39.37007874015748143 ) ;
#8111 = CARTESIAN_POINT ( 'NONE',  ( 0.3212234880441705021, 0.1437479762947815320, 0.3456559692871528644 ) ) ;
#8112 =( NAMED_UNIT ( * ) SI_UNIT ( $, .STERADIAN. ) SOLID_ANGLE_UNIT ( ) );
#8113 = CARTESIAN_POINT ( 'NONE',  ( 0.3385463226898374756, -0.07278745677610237719, 0.4515614810981849470 ) ) ;
#8114 = SURFACE_STYLE_USAGE ( .BOTH. , #4153 ) ;
#8115 = CARTESIAN_POINT ( 'NONE',  ( 0.1027195510362948483, 0.2165826219640790973, 0.4007740795234070452 ) ) ;
#8116 = FILL_AREA_STYLE ('',( #719 ) ) ;
#8117 = PRESENTATION_STYLE_ASSIGNMENT (( #7228 ) ) ;
#8118 = VERTEX_POINT ( 'NONE', #2841 ) ;
#8119 = CARTESIAN_POINT ( 'NONE',  ( 0.2483888423748703833, 0.2776062440113114538, 0.5228213236178718137 ) ) ;
#8120 = CARTESIAN_POINT ( 'NONE',  ( 0.3625620707213385030, 0.1555589999168269233, 0.2102228984210151586 ) ) ;
#8121 = UNCERTAINTY_MEASURE_WITH_UNIT (LENGTH_MEASURE( 1.000000000000000082E-05 ), #2541, 'distance_accuracy_value', 'NONE');
#8122 = DIRECTION ( 'NONE',  ( -1.000000000000000000, -1.316334802367150653E-16, 1.608386623408235030E-17 ) ) ;
#8123 = EDGE_CURVE ( 'NONE', #3942, #5770, #6975, .T. ) ;
#8124 = MANIFOLD_SOLID_BREP ( 'Cut-Extrude1', #11898 ) ;
#8125 = VECTOR ( 'NONE', #1476, 39.37007874015748143 ) ;
#8126 = ORIENTED_EDGE ( 'NONE', *, *, #766, .T. ) ;
#8127 = DIRECTION ( 'NONE',  ( -1.000000000000000000, 0.0000000000000000000, 0.0000000000000000000 ) ) ;
#8128 = ORIENTED_EDGE ( 'NONE', *, *, #5055, .T. ) ;
#8129 = ORIENTED_EDGE ( 'NONE', *, *, #1538, .T. ) ;
#8130 = SURFACE_SIDE_STYLE ('',( #13316 ) ) ;
#8131 = CARTESIAN_POINT ( 'NONE',  ( 0.3267352990678009106, -0.07278745677610237719, 0.4515614810981849470 ) ) ;
#8132 = VECTOR ( 'NONE', #12865, 39.37007874015748143 ) ;
#8133 = CARTESIAN_POINT ( 'NONE',  ( 0.1385463226898582811, -0.07278745677611145326, 0.2515614810981877669 ) ) ;
#8134 = ORIENTED_EDGE ( 'NONE', *, *, #13264, .T. ) ;
#8135 = CARTESIAN_POINT ( 'NONE',  ( 0.1558691573354937243, 0.3681574251136631171, 0.4515614810981847249 ) ) ;
#8136 = EDGE_CURVE ( 'NONE', #3247, #3082, #6910, .T. ) ;
#8137 = EDGE_CURVE ( 'NONE', #6403, #2010, #10116, .T. ) ;
#8138 = FILL_AREA_STYLE ('',( #9294 ) ) ;
#8139 = LENGTH_MEASURE_WITH_UNIT ( LENGTH_MEASURE( 0.02539999999999999897 ), #11003 );
#8140 = VERTEX_POINT ( 'NONE', #7999 ) ;
#8141 = VECTOR ( 'NONE', #2448, 39.37007874015748143 ) ;
#8142 = LINE ( 'NONE', #6160, #2738 ) ;
#8143 = ORIENTED_EDGE ( 'NONE', *, *, #11265, .F. ) ;
#8144 = LINE ( 'NONE', #2980, #9389 ) ;
#8145 = FACE_OUTER_BOUND ( 'NONE', #8091, .T. ) ;
#8146 = APPLICATION_PROTOCOL_DEFINITION ( 'draft international standard', 'automotive_design', 1998, #1433 ) ;
#8147 = CARTESIAN_POINT ( 'NONE',  ( 0.1027195510362846897, 0.1555589999168270066, 0.4180969141690437652 ) ) ;
#8148 = DIRECTION ( 'NONE',  ( 1.174096724532128111E-16, -1.000000000000000000, 1.665334536937734318E-16 ) ) ;
#8149 = AXIS2_PLACEMENT_3D ( 'NONE', #3954, #11194, #5852 ) ;
#8150 =( LENGTH_UNIT ( ) NAMED_UNIT ( * ) SI_UNIT ( $, .METRE. ) );
#8151 = ORIENTED_EDGE ( 'NONE', *, *, #10270, .T. ) ;
#8152 = CARTESIAN_POINT ( 'NONE',  ( 0.3625620707213383920, 0.3130393148774570644, 0.4397504574761375018 ) ) ;
#8153 = EDGE_CURVE ( 'NONE', #10370, #6703, #1806, .T. ) ;
#8154 = ADVANCED_FACE ( 'NONE', ( #801 ), #3704, .T. ) ;
#8155 = SURFACE_STYLE_FILL_AREA ( #11372 ) ;
#8156 = ORIENTED_EDGE ( 'NONE', *, *, #6859, .F. ) ;
#8157 = LINE ( 'NONE', #8415, #9011 ) ;
#8158 = ORIENTED_EDGE ( 'NONE', *, *, #12028, .F. ) ;
#8159 = EDGE_LOOP ( 'NONE', ( #2342, #5999, #10912, #11796 ) ) ;
#8160 = CARTESIAN_POINT ( 'NONE',  ( 0.3444518345008468208, 0.05713380306641552275, 0.4515614810981849470 ) ) ;
#8161 = EDGE_LOOP ( 'NONE', ( #255, #9932, #461, #6882, #11105, #7352, #6106, #5184, #32, #12986, #3608, #652 ) ) ;
#8162 = DIRECTION ( 'NONE',  ( -0.0000000000000000000, -1.000000000000000000, -0.0000000000000000000 ) ) ;
#8163 = CARTESIAN_POINT ( 'NONE',  ( 0.2385956470344190450, 0.5520871084398534245, 0.2669158118068456487 ) ) ;
#8164 = CARTESIAN_POINT ( 'NONE',  ( 0.3267352990678009106, -0.07278745677610246045, 0.2515614810981877669 ) ) ;
#8165 = EDGE_CURVE ( 'NONE', #4163, #6445, #5669, .T. ) ;
#8166 = CARTESIAN_POINT ( 'NONE',  ( 0.1208297872567766634, -0.05703942528004486701, 0.2515614810981877669 ) ) ;
#8167 = EDGE_CURVE ( 'NONE', #9108, #294, #7801, .T. ) ;
#8168 = EDGE_LOOP ( 'NONE', ( #2994, #12747, #7518, #5371 ) ) ;
#8169 = LINE ( 'NONE', #9766, #1418 ) ;
#8170 = VERTEX_POINT ( 'NONE', #12040 ) ;
#8171 = ORIENTED_EDGE ( 'NONE', *, *, #9007, .T. ) ;
#8172 = ORIENTED_EDGE ( 'NONE', *, *, #12313, .T. ) ;
#8173 = CARTESIAN_POINT ( 'NONE',  ( 0.2633267503829903600, 0.5295747479483238207, 0.2688843157438651765 ) ) ;
#8174 = STYLED_ITEM ( 'NONE', ( #1715 ), #1092 ) ;
#8175 = DIRECTION ( 'NONE',  ( 1.000000000000000000, 0.0000000000000000000, 0.0000000000000000000 ) ) ;
#8176 = LINE ( 'NONE', #7084, #8440 ) ;
#8177 = EDGE_CURVE ( 'NONE', #9414, #7548, #6771, .T. ) ;
#8178 = EDGE_CURVE ( 'NONE', #10712, #852, #13120, .T. ) ;
#8179 = LINE ( 'NONE', #8113, #4911 ) ;
#8180 = LINE ( 'NONE', #1918, #4543 ) ;
#8181 = CARTESIAN_POINT ( 'NONE',  ( 0.3330345116662203897, 0.1555589999168270066, 0.2850260480273072439 ) ) ;
#8182 =( NAMED_UNIT ( * ) SI_UNIT ( $, .STERADIAN. ) SOLID_ANGLE_UNIT ( ) );
#8183 = DIRECTION ( 'NONE',  ( 1.000000000000000000, 0.0000000000000000000, 0.0000000000000000000 ) ) ;
#8184 = VERTEX_POINT ( 'NONE', #2146 ) ;
#8185 = PLANE ( 'NONE',  #3299 ) ;
#8186 = EDGE_CURVE ( 'NONE', #9808, #2428, #872, .T. ) ;
#8187 = STYLED_ITEM ( 'NONE', ( #740 ), #1679 ) ;
#8188 = DIRECTION ( 'NONE',  ( -1.356991020290373981E-16, 1.000000000000000000, -3.469446951953614189E-16 ) ) ;
#8189 = VECTOR ( 'NONE', #12517, 39.37007874015748143 ) ;
#8190 = VERTEX_POINT ( 'NONE', #2910 ) ;
#8191 = ORIENTED_EDGE ( 'NONE', *, *, #12424, .F. ) ;
#8192 = CARTESIAN_POINT ( 'NONE',  ( 0.2326408108788038387, 0.5098897085782487792, 0.3456559692871650769 ) ) ;
#8193 = EDGE_CURVE ( 'NONE', #2010, #6515, #3977, .T. ) ;
#8194 = COLOUR_RGB ( '',0.7607843137254901578, 0.7607843137254901578, 0.0000000000000000000 ) ;
#8195 = DIRECTION ( 'NONE',  ( 0.5144957554275261247, -0.8574929257125444293, 0.0000000000000000000 ) ) ;
#8196 = ORIENTED_EDGE ( 'NONE', *, *, #6325, .T. ) ;
#8197 =( CONVERSION_BASED_UNIT ( 'INCH', #4042 ) LENGTH_UNIT ( ) NAMED_UNIT ( #9654 ) );
#8198 = PLANE ( 'NONE',  #11176 ) ;
#8199 = SURFACE_STYLE_USAGE ( .BOTH. , #802 ) ;
#8200 = EDGE_LOOP ( 'NONE', ( #4483, #12782, #5013, #627 ) ) ;
#8201 = VECTOR ( 'NONE', #1637, 39.37007874015748143 ) ;
#8202 = CARTESIAN_POINT ( 'NONE',  ( 0.1893337242646341567, 0.3583149054286423607, 0.4677032133816496628 ) ) ;
#8203 = ORIENTED_EDGE ( 'NONE', *, *, #2577, .T. ) ;
#8204 = CARTESIAN_POINT ( 'NONE',  ( 0.3645305746583385464, 0.4575997454093465033, 0.3456559692871650769 ) ) ;
#8205 = CARTESIAN_POINT ( 'NONE',  ( 0.3625620707213385030, 0.1555589999168271176, 0.4062465204682492170 ) ) ;
#8206 = ADVANCED_FACE ( 'NONE', ( #9156 ), #11423, .T. ) ;
#8207 = LINE ( 'NONE', #12439, #10792 ) ;
#8208 = PRODUCT_CONTEXT ( 'NONE', #1433, 'mechanical' ) ;
#8209 = DIRECTION ( 'NONE',  ( 0.0000000000000000000, -8.220413448604736877E-18, 1.000000000000000000 ) ) ;
#8210 = PLANE ( 'NONE',  #935 ) ;
#8211 = AXIS2_PLACEMENT_3D ( 'NONE', #9481, #4367, #5583 ) ;
#8212 = CARTESIAN_POINT ( 'NONE',  ( 6.750021727583836442E-18, 0.1220472440944881942, 0.05511811023622047168 ) ) ;
#8213 = FACE_OUTER_BOUND ( 'NONE', #2717, .T. ) ;
#8214 = ORIENTED_EDGE ( 'NONE', *, *, #11692, .F. ) ;
#8215 = DIRECTION ( 'NONE',  ( -0.4472135955002289887, -0.8944271909997802972, 2.549099026651078010E-16 ) ) ;
#8216 = ORIENTED_EDGE ( 'NONE', *, *, #7341, .T. ) ;
#8217 = DIRECTION ( 'NONE',  ( 3.007447121050438636E-18, 2.498001805406601723E-16, 1.000000000000000000 ) ) ;
#8218 = ORIENTED_EDGE ( 'NONE', *, *, #2833, .F. ) ;
#8219 = ORIENTED_EDGE ( 'NONE', *, *, #2936, .T. ) ;
#8220 = CIRCLE ( 'NONE', #12156, 0.05610236220472444857 ) ;
#8221 = DIRECTION ( 'NONE',  ( 0.0000000000000000000, 8.220413448604736877E-18, -1.000000000000000000 ) ) ;
#8222 = ORIENTED_EDGE ( 'NONE', *, *, #649, .F. ) ;
#8223 = DIRECTION ( 'NONE',  ( -0.0000000000000000000, -1.000000000000000000, -0.0000000000000000000 ) ) ;
#8224 = EDGE_CURVE ( 'NONE', #10676, #2087, #6216, .T. ) ;
#8225 = EDGE_CURVE ( 'NONE', #10989, #3166, #10384, .T. ) ;
#8226 = FACE_OUTER_BOUND ( 'NONE', #8200, .T. ) ;
#8227 = SURFACE_STYLE_USAGE ( .BOTH. , #4069 ) ;
#8228 = PRESENTATION_STYLE_ASSIGNMENT (( #3935 ) ) ;
#8229 = AXIS2_PLACEMENT_3D ( 'NONE', #8532, #12894, #3107 ) ;
#8230 = LINE ( 'NONE', #8369, #2250 ) ;
#8231 = SURFACE_STYLE_USAGE ( .BOTH. , #6390 ) ;
#8232 = ORIENTED_EDGE ( 'NONE', *, *, #5523, .F. ) ;
#8233 = AXIS2_PLACEMENT_3D ( 'NONE', #2264, #5366, #215 ) ;
#8234 = ORIENTED_EDGE ( 'NONE', *, *, #5396, .T. ) ;
#8235 = DIMENSIONAL_EXPONENTS ( 1.000000000000000000, 0.0000000000000000000, 0.0000000000000000000, 0.0000000000000000000, 0.0000000000000000000, 0.0000000000000000000, 0.0000000000000000000 ) ;
#8236 = LINE ( 'NONE', #1911, #454 ) ;
#8237 = AXIS2_PLACEMENT_3D ( 'NONE', #9957, #7976, #2823 ) ;
#8238 = LINE ( 'NONE', #2123, #5660 ) ;
#8239 = ADVANCED_FACE ( 'NONE', ( #5257 ), #1067, .F. ) ;
#8240 = DIRECTION ( 'NONE',  ( -1.356991020290373981E-16, 1.000000000000000000, -3.469446951953614189E-16 ) ) ;
#8241 = CARTESIAN_POINT ( 'NONE',  ( 0.0000000000000000000, 0.1574803149606299191, -0.1003937007874015630 ) ) ;
#8242 = DIRECTION ( 'NONE',  ( 1.174096724532128111E-16, -1.000000000000000000, 1.665334536937734071E-16 ) ) ;
#8243 = CARTESIAN_POINT ( 'NONE',  ( 1.229468243238484423E-17, 0.0000000000000000000, 0.1003937007874015630 ) ) ;
#8244 = CARTESIAN_POINT ( 'NONE',  ( 0.3090187636347014322, 0.08075585031051536744, 0.4515614810981848914 ) ) ;
#8245 =( GEOMETRIC_REPRESENTATION_CONTEXT ( 3 ) GLOBAL_UNCERTAINTY_ASSIGNED_CONTEXT ( ( #6340 ) ) GLOBAL_UNIT_ASSIGNED_CONTEXT ( ( #6203, #11337, #3147 ) ) REPRESENTATION_CONTEXT ( 'NONE', 'WORKASPACE' ) );
#8246 = PLANE ( 'NONE',  #4334 ) ;
#8247 = ORIENTED_EDGE ( 'NONE', *, *, #5242, .T. ) ;
#8248 = DIRECTION ( 'NONE',  ( -0.7071067811865474617, -0.7071067811865476838, 1.787619878552794159E-16 ) ) ;
#8249 = VERTEX_POINT ( 'NONE', #8060 ) ;
#8250 = UNCERTAINTY_MEASURE_WITH_UNIT (LENGTH_MEASURE( 1.000000000000000082E-05 ), #8892, 'distance_accuracy_value', 'NONE');
#8251 = FACE_OUTER_BOUND ( 'NONE', #3676, .T. ) ;
#8252 = LINE ( 'NONE', #12414, #9553 ) ;
#8253 = EDGE_CURVE ( 'NONE', #4633, #1984, #945, .T. ) ;
#8254 = EDGE_LOOP ( 'NONE', ( #12610, #12797, #4508, #2027 ) ) ;
#8255 = EDGE_CURVE ( 'NONE', #10989, #7839, #6086, .T. ) ;
#8256 = VECTOR ( 'NONE', #5193, 39.37007874015748143 ) ;
#8257 = ORIENTED_EDGE ( 'NONE', *, *, #1198, .F. ) ;
#8258 =( LENGTH_UNIT ( ) NAMED_UNIT ( * ) SI_UNIT ( $, .METRE. ) );
#8259 = ADVANCED_FACE ( 'NONE', ( #4043 ), #8198, .F. ) ;
#8260 = CARTESIAN_POINT ( 'NONE',  ( 0.1893337242646341567, 0.1988660865309974379, 0.3456559692871650769 ) ) ;
#8261 = DIRECTION ( 'NONE',  ( 0.0000000000000000000, 1.000000000000000000, 0.0000000000000000000 ) ) ;
#8262 = DIRECTION ( 'NONE',  ( 0.3511234415875755244, 0.9363291775693505237, -1.485833765564466994E-16 ) ) ;
#8263 = CARTESIAN_POINT ( 'NONE',  ( 0.1558691573354859805, 0.3760314408617060900, 0.2688843157438651765 ) ) ;
#8264 = PRESENTATION_LAYER_ASSIGNMENT (  '', '', ( #5236 ) ) ;
#8265 = AXIS2_PLACEMENT_3D ( 'NONE', #4616, #5616, #545 ) ;
#8266 = CARTESIAN_POINT ( 'NONE',  ( 0.2405148266268503088, 0.1555589999168270621, 0.4515614810981740668 ) ) ;
#8267 = CARTESIAN_POINT ( 'NONE',  ( 0.2405148266268503643, 0.3760314408617053128, 0.2653410086572284832 ) ) ;
#8268 = EDGE_LOOP ( 'NONE', ( #9292, #12884, #13293, #9754, #11297, #13450, #11486, #12337 ) ) ;
#8269 = EDGE_CURVE ( 'NONE', #11559, #3280, #52, .T. ) ;
#8270 = LINE ( 'NONE', #876, #11426 ) ;
#8271 = ORIENTED_EDGE ( 'NONE', *, *, #414, .F. ) ;
#8272 = CARTESIAN_POINT ( 'NONE',  ( 0.1267352990678038693, -0.07278745677611141163, 0.4515614810981849470 ) ) ;
#8273 = VECTOR ( 'NONE', #826, 39.37007874015748143 ) ;
#8274 = VECTOR ( 'NONE', #10453, 39.37007874015748143 ) ;
#8275 = CARTESIAN_POINT ( 'NONE',  ( 0.0000000000000000000, 0.1496062992125984370, 0.0000000000000000000 ) ) ;
#8276 = CARTESIAN_POINT ( 'NONE',  ( 0.3389400234772336762, 0.3760314408617050908, 0.2669158118068457042 ) ) ;
#8277 = SURFACE_STYLE_FILL_AREA ( #4054 ) ;
#8278 = CARTESIAN_POINT ( 'NONE',  ( 0.2326408108788038387, 0.7854802597593475433, 0.3456559692871650769 ) ) ;
#8279 = EDGE_LOOP ( 'NONE', ( #10991, #8640, #1339, #12964 ) ) ;
#8280 = LINE ( 'NONE', #5334, #7400 ) ;
#8281 = VECTOR ( 'NONE', #8559, 39.37007874015748143 ) ;
#8282 = VERTEX_POINT ( 'NONE', #12827 ) ;
#8283 = VECTOR ( 'NONE', #6640, 39.37007874015748143 ) ;
#8284 = EDGE_CURVE ( 'NONE', #2008, #12322, #7029, .T. ) ;
#8285 = DIRECTION ( 'NONE',  ( 0.0000000000000000000, 0.0000000000000000000, 1.000000000000000000 ) ) ;
#8286 = ORIENTED_EDGE ( 'NONE', *, *, #4776, .T. ) ;
#8287 = ORIENTED_EDGE ( 'NONE', *, *, #1077, .T. ) ;
#8288 = DIRECTION ( 'NONE',  ( 1.000000000000000000, -1.937287448275558121E-17, 0.0000000000000000000 ) ) ;
#8289 = ORIENTED_EDGE ( 'NONE', *, *, #9520, .T. ) ;
#8290 = FILL_AREA_STYLE ('',( #7273 ) ) ;
#8291 = DIRECTION ( 'NONE',  ( 0.0000000000000000000, 8.220413448604736877E-18, -1.000000000000000000 ) ) ;
#8292 = VECTOR ( 'NONE', #12958, 39.37007874015748143 ) ;
#8293 = FILL_AREA_STYLE ('',( #10348 ) ) ;
#8294 = AXIS2_PLACEMENT_3D ( 'NONE', #4231, #5310, #6408 ) ;
#8296 = CARTESIAN_POINT ( 'NONE',  ( 0.3625620707213385585, 0.1555589999168270066, 0.2850260480273072439 ) ) ;
#8295 = AXIS2_PLACEMENT_3D ( 'NONE', #11991, #2672, #1832 ) ;
#8297 = CIRCLE ( 'NONE', #11805, 0.007874015748031516770 ) ;
#8298 = DIRECTION ( 'NONE',  ( 0.0000000000000000000, 0.0000000000000000000, 1.000000000000000000 ) ) ;
#8299 =( NAMED_UNIT ( * ) PLANE_ANGLE_UNIT ( ) SI_UNIT ( $, .RADIAN. ) );
#8300 = DIRECTION ( 'NONE',  ( 0.0000000000000000000, 0.0000000000000000000, 1.000000000000000000 ) ) ;
#8301 =( CONVERSION_BASED_UNIT ( 'INCH', #2181 ) LENGTH_UNIT ( ) NAMED_UNIT ( #7709 ) );
#8302 = DIRECTION ( 'NONE',  ( 2.865203769218833733E-48, -8.220413448604590506E-18, 1.000000000000000000 ) ) ;
#8303 = EDGE_CURVE ( 'NONE', #1583, #5634, #6627, .T. ) ;
#8304 = VECTOR ( 'NONE', #4036, 39.37007874015748143 ) ;
#8305 = EDGE_CURVE ( 'NONE', #5626, #8805, #12555, .T. ) ;
#8306 = PRESENTATION_STYLE_ASSIGNMENT (( #8231 ) ) ;
#8307 = VECTOR ( 'NONE', #4388, 39.37007874015748143 ) ;
#8308 = ORIENTED_EDGE ( 'NONE', *, *, #1211, .T. ) ;
#8309 = STYLED_ITEM ( 'NONE', ( #6448 ), #6210 ) ;
#8310 = ORIENTED_EDGE ( 'NONE', *, *, #5407, .F. ) ;
#8311 = CARTESIAN_POINT ( 'NONE',  ( 0.2405148266268503643, 0.2756377400743055817, 0.1255772291296712306 ) ) ;
#8312 = CARTESIAN_POINT ( 'NONE',  ( 0.1164990785953284869, 0.3760314408617060900, 0.3456559692871650769 ) ) ;
#8313 = CARTESIAN_POINT ( 'NONE',  ( 0.1604623331885183246, 0.4101521757698401438, 0.3981494076073719413 ) ) ;
#8314 = LINE ( 'NONE', #6192, #7797 ) ;
#8315 = CARTESIAN_POINT ( 'NONE',  ( 0.3920896297764415728, 0.3760314408617050908, 0.3456559692871650769 ) ) ;
#8316 = AXIS2_PLACEMENT_3D ( 'NONE', #9681, #11734, #9464 ) ;
#8317 = LINE ( 'NONE', #6194, #6137 ) ;
#8318 = VECTOR ( 'NONE', #8379, 39.37007874015748143 ) ;
#8319 = DIRECTION ( 'NONE',  ( 0.8944271909997800751, 0.4472135955002295438, 4.875037915001666307E-17 ) ) ;
#8320 = ORIENTED_EDGE ( 'NONE', *, *, #2528, .T. ) ;
#8321 = CARTESIAN_POINT ( 'NONE',  ( 0.3113809683591187705, 0.5610708109404453081, 0.3614040007832317047 ) ) ;
#8322 = ORIENTED_EDGE ( 'NONE', *, *, #13329, .T. ) ;
#8323 = EDGE_CURVE ( 'NONE', #10695, #12751, #6359, .T. ) ;
#8324 = ORIENTED_EDGE ( 'NONE', *, *, #5330, .T. ) ;
#8325 = VECTOR ( 'NONE', #3323, 39.37007874015748143 ) ;
#8326 = ORIENTED_EDGE ( 'NONE', *, *, #12287, .F. ) ;
#8327 = ORIENTED_EDGE ( 'NONE', *, *, #11144, .F. ) ;
#8328 = DIRECTION ( 'NONE',  ( -1.356991020290373981E-16, 1.000000000000000000, -3.469446951953614189E-16 ) ) ;
#8329 = PRODUCT_RELATED_PRODUCT_CATEGORY ( 'part', '', ( #7656 ) ) ;
#8330 = CARTESIAN_POINT ( 'NONE',  ( 0.1208297872567766496, 0.05713380306641541867, 0.2515614810981877114 ) ) ;
#8331 = EDGE_CURVE ( 'NONE', #11343, #294, #8169, .T. ) ;
#8332 = AXIS2_PLACEMENT_3D ( 'NONE', #9923, #10067, #602 ) ;
#8333 = FACE_OUTER_BOUND ( 'NONE', #5939, .T. ) ;
#8334 = ORIENTED_EDGE ( 'NONE', *, *, #8335, .T. ) ;
#8335 = EDGE_CURVE ( 'NONE', #12418, #5724, #11314, .T. ) ;
#8336 = ORIENTED_EDGE ( 'NONE', *, *, #7393, .T. ) ;
#8337 = DIRECTION ( 'NONE',  ( 0.3511234415877495518, 0.9363291775692853536, -1.485833765564395504E-16 ) ) ;
#8338 = DIRECTION ( 'NONE',  ( 1.000000000000000000, 1.174096724532127865E-16, -4.283287147278279229E-17 ) ) ;
#8339 = VERTEX_POINT ( 'NONE', #3873 ) ;
#8340 = FACE_OUTER_BOUND ( 'NONE', #12169, .T. ) ;
#8341 = ORIENTED_EDGE ( 'NONE', *, *, #4975, .F. ) ;
#8342 = CARTESIAN_POINT ( 'NONE',  ( 0.2208297872567573095, -0.05703942528004478374, 0.4515614810981849470 ) ) ;
#8343 = CARTESIAN_POINT ( 'NONE',  ( 0.2483888423748524532, 0.1988660865309974379, 0.3062858905470076110 ) ) ;
#8344 = VECTOR ( 'NONE', #1609, 39.37007874015748143 ) ;
#8345 = CARTESIAN_POINT ( 'NONE',  ( 0.1558691573354859805, 0.7897218048774069521, 0.2905378590509589687 ) ) ;
#8346 = DIRECTION ( 'NONE',  ( -0.0000000000000000000, -1.000000000000000000, -0.0000000000000000000 ) ) ;
#8347 = EDGE_CURVE ( 'NONE', #6028, #11210, #4835, .T. ) ;
#8348 = EDGE_CURVE ( 'NONE', #2484, #10478, #3940, .T. ) ;
#8349 = CARTESIAN_POINT ( 'NONE',  ( 0.3113809683591187705, 0.5728818345624925312, 0.3614040007832317047 ) ) ;
#8350 = DIRECTION ( 'NONE',  ( 0.0000000000000000000, -1.000000000000000000, 0.0000000000000000000 ) ) ;
#8351 = VERTEX_POINT ( 'NONE', #4895 ) ;
#8352 = CARTESIAN_POINT ( 'NONE',  ( 0.2444518345008482030, 0.05713380306641549500, 0.4515614810981848914 ) ) ;
#8353 = VECTOR ( 'NONE', #11859, 39.37007874015748143 ) ;
#8354 = EDGE_CURVE ( 'NONE', #793, #4933, #4958, .T. ) ;
#8355 = CARTESIAN_POINT ( 'NONE',  ( 0.2326408108788038387, 0.5728818345624925312, 0.3614040007832317047 ) ) ;
#8356 = ORIENTED_EDGE ( 'NONE', *, *, #7707, .T. ) ;
#8357 = CARTESIAN_POINT ( 'NONE',  ( 0.2405148266268503088, 0.1555589999168270621, 0.4397504574761375573 ) ) ;
#8358 = VERTEX_POINT ( 'NONE', #9055 ) ;
#8359 = ORIENTED_EDGE ( 'NONE', *, *, #3581, .T. ) ;
#8360 = DIRECTION ( 'NONE',  ( 0.0000000000000000000, -8.220413448604736877E-18, 1.000000000000000000 ) ) ;
#8361 = EDGE_LOOP ( 'NONE', ( #6017, #3225, #12713, #10527, #3007, #3875, #11042 ) ) ;
#8362 = VECTOR ( 'NONE', #5602, 39.37007874015748143 ) ;
#8363 = DIRECTION ( 'NONE',  ( 1.316334802367150653E-16, -1.000000000000000000, 1.526556658859589750E-16 ) ) ;
#8364 = LINE ( 'NONE', #11588, #2606 ) ;
#8365 =( LENGTH_UNIT ( ) NAMED_UNIT ( * ) SI_UNIT ( $, .METRE. ) );
#8366 = EDGE_CURVE ( 'NONE', #4396, #11801, #12276, .T. ) ;
#8367 = CARTESIAN_POINT ( 'NONE',  ( 0.3901211258394337023, 0.05713380306642399514, 0.4873882527517284236 ) ) ;
#8368 = LINE ( 'NONE', #12523, #10890 ) ;
#8369 = CARTESIAN_POINT ( 'NONE',  ( 0.3625620707213385030, 0.2756377400743056372, 0.3255772291296682996 ) ) ;
#8370 = DIRECTION ( 'NONE',  ( 1.608386623408232256E-17, 1.526556658859589750E-16, 1.000000000000000000 ) ) ;
#8371 = ORIENTED_EDGE ( 'NONE', *, *, #9969, .F. ) ;
#8372 = VERTEX_POINT ( 'NONE', #1773 ) ;
#8373 = SURFACE_STYLE_FILL_AREA ( #89 ) ;
#8374 = CARTESIAN_POINT ( 'NONE',  ( 0.2483888423748524532, 0.3583149054286423607, 0.4243961267674800641 ) ) ;
#8375 = FACE_OUTER_BOUND ( 'NONE', #6597, .T. ) ;
#8376 = CARTESIAN_POINT ( 'NONE',  ( 0.2326408108788038387, 0.2815432518853281940, 0.3456559692871650769 ) ) ;
#8377 = EDGE_CURVE ( 'NONE', #2274, #9764, #13227, .T. ) ;
#8378 = DIRECTION ( 'NONE',  ( 0.7071067811865452413, 0.7071067811865499042, -0.0000000000000000000 ) ) ;
#8379 = DIRECTION ( 'NONE',  ( -1.937287448275561202E-17, -1.000000000000000000, -8.220413448604590506E-18 ) ) ;
#8380 =( CONVERSION_BASED_UNIT ( 'INCH', #96 ) LENGTH_UNIT ( ) NAMED_UNIT ( #1462 ) );
#8381 = ORIENTED_EDGE ( 'NONE', *, *, #4829, .T. ) ;
#8382 = DIRECTION ( 'NONE',  ( 2.626713979715461236E-16, -3.747002708109903324E-16, -1.000000000000000000 ) ) ;
#8383 = ORIENTED_EDGE ( 'NONE', *, *, #7921, .F. ) ;
#8384 = UNCERTAINTY_MEASURE_WITH_UNIT (LENGTH_MEASURE( 1.000000000000000082E-05 ), #11503, 'distance_accuracy_value', 'NONE');
#8385 = ORIENTED_EDGE ( 'NONE', *, *, #6809, .F. ) ;
#8386 = DIRECTION ( 'NONE',  ( 0.0000000000000000000, 0.0000000000000000000, -1.000000000000000000 ) ) ;
#8387 = ORIENTED_EDGE ( 'NONE', *, *, #5718, .T. ) ;
#8388 = VECTOR ( 'NONE', #12284, 39.37007874015748143 ) ;
#8389 = VERTEX_POINT ( 'NONE', #5031 ) ;
#8390 = CARTESIAN_POINT ( 'NONE',  ( 0.1361841179654072198, 0.5295747479483238207, 0.2688843157438651765 ) ) ;
#8391 = CARTESIAN_POINT ( 'NONE',  ( 0.3208297872567558162, -0.05703942528003588114, 0.2397504574761405161 ) ) ;
#8392 = LINE ( 'NONE', #6615, #10405 ) ;
#8393 = LINE ( 'NONE', #5059, #7002 ) ;
#8394 = SURFACE_SIDE_STYLE ('',( #46 ) ) ;
#8395 = EDGE_CURVE ( 'NONE', #9314, #7835, #3741, .T. ) ;
#8396 = EDGE_CURVE ( 'NONE', #7096, #10478, #2876, .T. ) ;
#8397 = LINE ( 'NONE', #11349, #6893 ) ;
#8398 = VECTOR ( 'NONE', #11465, 39.37007874015748143 ) ;
#8399 = ORIENTED_EDGE ( 'NONE', *, *, #3421, .T. ) ;
#8400 = ORIENTED_EDGE ( 'NONE', *, *, #2058, .F. ) ;
#8401 = CARTESIAN_POINT ( 'NONE',  ( 0.07712899985517100709, 0.1988660865309974379, 0.3456559692871650769 ) ) ;
#8402 = ORIENTED_EDGE ( 'NONE', *, *, #5425, .F. ) ;
#8403 = LINE ( 'NONE', #8472, #4372 ) ;
#8404 = AXIS2_PLACEMENT_3D ( 'NONE', #11450, #11308, #1901 ) ;
#8405 = CARTESIAN_POINT ( 'NONE',  ( 0.3763415982803857696, 0.2579212046412327486, 0.5011677803107907891 ) ) ;
#8406 = VECTOR ( 'NONE', #4405, 39.37007874015748143 ) ;
#8407 = CARTESIAN_POINT ( 'NONE',  ( 0.3330345116662203897, 0.1555589999168270066, 0.2062465204682520925 ) ) ;
#8408 = ADVANCED_FACE ( 'NONE', ( #630 ), #12075, .F. ) ;
#8409 = PLANE ( 'NONE',  #7434 ) ;
#8410 = DIRECTION ( 'NONE',  ( 3.518308117683323894E-16, -1.000000000000000000, 4.163336342344337027E-16 ) ) ;
#8411 = PRESENTATION_LAYER_ASSIGNMENT (  '', '', ( #10378 ) ) ;
#8412 = ORIENTED_EDGE ( 'NONE', *, *, #9653, .F. ) ;
#8413 =( NAMED_UNIT ( * ) PLANE_ANGLE_UNIT ( ) SI_UNIT ( $, .RADIAN. ) );
#8414 = LINE ( 'NONE', #5196, #8548 ) ;
#8415 = CARTESIAN_POINT ( 'NONE',  ( 0.1027195510362938075, 0.1476849841687954135, 0.3456559692871707390 ) ) ;
#8416 = ORIENTED_EDGE ( 'NONE', *, *, #414, .T. ) ;
#8417 = ORIENTED_EDGE ( 'NONE', *, *, #6638, .T. ) ;
#8418 = EDGE_CURVE ( 'NONE', #7823, #176, #6878, .T. ) ;
#8419 = DIRECTION ( 'NONE',  ( 4.283287147278277996E-17, 1.665334536937734318E-16, 1.000000000000000000 ) ) ;
#8420 = ADVANCED_FACE ( 'NONE', ( #1706 ), #1906, .T. ) ;
#8421 = EDGE_LOOP ( 'NONE', ( #6543, #10716, #13069, #3610 ) ) ;
#8422 = DIRECTION ( 'NONE',  ( 7.190187815859617035E-17, -0.7071067811865475727, 0.7071067811865475727 ) ) ;
#8423 = DIRECTION ( 'NONE',  ( 4.283287147278277996E-17, 1.665334536937734318E-16, 1.000000000000000000 ) ) ;
#8424 = DIRECTION ( 'NONE',  ( -3.518308117683322415E-16, 1.000000000000000000, -4.163336342344337027E-16 ) ) ;
#8425 = EDGE_CURVE ( 'NONE', #1739, #9717, #10091, .T. ) ;
#8426 = CARTESIAN_POINT ( 'NONE',  ( 0.3090187636347014322, 0.08862986605856648659, 0.4397504574761375573 ) ) ;
#8427 = FACE_OUTER_BOUND ( 'NONE', #13166, .T. ) ;
#8428 =( LENGTH_UNIT ( ) NAMED_UNIT ( * ) SI_UNIT ( $, .METRE. ) );
#8429 = DIRECTION ( 'NONE',  ( -1.000000000000000000, 0.0000000000000000000, 0.0000000000000000000 ) ) ;
#8430 = VECTOR ( 'NONE', #1600, 39.37007874015748143 ) ;
#8431 = EDGE_LOOP ( 'NONE', ( #10459, #10008, #10832, #12263 ) ) ;
#8432 = DIRECTION ( 'NONE',  ( 3.376070039848299626E-16, -1.000000000000000000, 4.302114220422482087E-16 ) ) ;
#8433 = ORIENTED_EDGE ( 'NONE', *, *, #10895, .T. ) ;
#8434 = EDGE_CURVE ( 'NONE', #10233, #11697, #775, .T. ) ;
#8435 = ORIENTED_EDGE ( 'NONE', *, *, #6711, .F. ) ;
#8436 = LINE ( 'NONE', #9461, #10236 ) ;
#8437 = CARTESIAN_POINT ( 'NONE',  ( 0.2916959289890400653, 0.09256687393256948782, 0.1901441582635394756 ) ) ;
#8438 = DIRECTION ( 'NONE',  ( 0.0000000000000000000, 8.220413448604736877E-18, -1.000000000000000000 ) ) ;
#8439 =( LENGTH_UNIT ( ) NAMED_UNIT ( * ) SI_UNIT ( $, .METRE. ) );
#8440 = VECTOR ( 'NONE', #6052, 39.37007874015748143 ) ;
#8441 = CARTESIAN_POINT ( 'NONE',  ( 0.2483888423748524532, 0.7897218048774069521, 0.4677032133816496628 ) ) ;
#8442 = LINE ( 'NONE', #4425, #4105 ) ;
#8443 = FACE_BOUND ( 'NONE', #11563, .T. ) ;
#8444 = VERTEX_POINT ( 'NONE', #836 ) ;
#8445 = PLANE ( 'NONE',  #1296 ) ;
#8446 = ORIENTED_EDGE ( 'NONE', *, *, #778, .F. ) ;
#8447 = VECTOR ( 'NONE', #12678, 39.37007874015748143 ) ;
#8448 = ORIENTED_EDGE ( 'NONE', *, *, #9985, .F. ) ;
#8449 = EDGE_LOOP ( 'NONE', ( #9309, #10560, #5693, #3916, #8203, #9938, #788, #11887, #1121, #10334 ) ) ;
#8450 = PLANE ( 'NONE',  #875 ) ;
#8451 = ORIENTED_EDGE ( 'NONE', *, *, #9818, .T. ) ;
#8452 = AXIS2_PLACEMENT_3D ( 'NONE', #12855, #2524, #2588 ) ;
#8453 = ADVANCED_FACE ( 'NONE', ( #9199, #13358, #13419 ), #1233, .T. ) ;
#8454 = ORIENTED_EDGE ( 'NONE', *, *, #3802, .F. ) ;
#8455 = DIRECTION ( 'NONE',  ( 1.000000000000000000, 0.0000000000000000000, 0.0000000000000000000 ) ) ;
#8456 = LINE ( 'NONE', #1329, #6213 ) ;
#8457 = LINE ( 'NONE', #3284, #5439 ) ;
#8458 = DIRECTION ( 'NONE',  ( -4.283287147278277996E-17, -1.665334536937734318E-16, -1.000000000000000000 ) ) ;
#8459 = AXIS2_PLACEMENT_3D ( 'NONE', #8101, #1770, #8987 ) ;
#8460 = LINE ( 'NONE', #11882, #12530 ) ;
#8461 = CARTESIAN_POINT ( 'NONE',  ( 0.2326408108788038387, 0.5728818345624925312, 0.4283331346414958052 ) ) ;
#8462 = VECTOR ( 'NONE', #10100, 39.37007874015748143 ) ;
#8463 = FACE_OUTER_BOUND ( 'NONE', #3038, .T. ) ;
#8464 = CARTESIAN_POINT ( 'NONE',  ( 0.2483888423748475960, 0.1988660865309974379, 0.2905378590509508085 ) ) ;
#8465 = ORIENTED_EDGE ( 'NONE', *, *, #8109, .T. ) ;
#8466 = DIRECTION ( 'NONE',  ( 3.518308117683322415E-16, -1.000000000000000000, 4.163336342344337027E-16 ) ) ;
#8467 = ORIENTED_EDGE ( 'NONE', *, *, #9330, .T. ) ;
#8468 = ORIENTED_EDGE ( 'NONE', *, *, #7258, .F. ) ;
#8469 =( GEOMETRIC_REPRESENTATION_CONTEXT ( 3 ) GLOBAL_UNCERTAINTY_ASSIGNED_CONTEXT ( ( #5112 ) ) GLOBAL_UNIT_ASSIGNED_CONTEXT ( ( #8042, #6956, #13434 ) ) REPRESENTATION_CONTEXT ( 'NONE', 'WORKASPACE' ) );
#8470 = EDGE_CURVE ( 'NONE', #9026, #560, #11458, .T. ) ;
#8471 = EDGE_CURVE ( 'NONE', #5634, #3815, #11662, .T. ) ;
#8472 = CARTESIAN_POINT ( 'NONE',  ( 0.2326408108788161344, 0.1555589999168269233, 0.2810890401533022165 ) ) ;
#8473 = DIRECTION ( 'NONE',  ( 0.0000000000000000000, 0.0000000000000000000, -1.000000000000000000 ) ) ;
#8474 = ORIENTED_EDGE ( 'NONE', *, *, #9512, .T. ) ;
#8475 = PLANE ( 'NONE',  #6418 ) ;
#8476 = CIRCLE ( 'NONE', #6734, 0.05610236220472444857 ) ;
#8477 = CARTESIAN_POINT ( 'NONE',  ( 0.3290975037921824442, 0.4272125432239180509, 0.4224276228305008374 ) ) ;
#8478 = DIRECTION ( 'NONE',  ( 3.376070039848299626E-16, -1.000000000000000000, 4.302114220422482087E-16 ) ) ;
#8479 = LINE ( 'NONE', #11712, #12288 ) ;
#8480 = EDGE_CURVE ( 'NONE', #7674, #10023, #1039, .T. ) ;
#8481 = ORIENTED_EDGE ( 'NONE', *, *, #4563, .F. ) ;
#8482 = VECTOR ( 'NONE', #2223, 39.37007874015748143 ) ;
#8483 = ORIENTED_EDGE ( 'NONE', *, *, #11174, .F. ) ;
#8484 = VECTOR ( 'NONE', #7451, 39.37007874015748143 ) ;
#8485 = LINE ( 'NONE', #465, #3483 ) ;
#8486 = EDGE_LOOP ( 'NONE', ( #13190, #1630, #5308, #10866 ) ) ;
#8487 = DIRECTION ( 'NONE',  ( 1.000000000000000000, -1.937287448275561202E-17, -2.565854121688507820E-49 ) ) ;
#8488 =( NAMED_UNIT ( * ) PLANE_ANGLE_UNIT ( ) SI_UNIT ( $, .RADIAN. ) );
#8489 = DIRECTION ( 'NONE',  ( -1.000000000000000000, -1.316334802367150653E-16, 1.608386623408235030E-17 ) ) ;
#8490 = DIRECTION ( 'NONE',  ( -2.359223927328456662E-16, 3.885780586188047891E-16, 1.000000000000000000 ) ) ;
#8491 = CARTESIAN_POINT ( 'NONE',  ( 0.07319199198116600746, 0.3760314408617050908, 0.3456559692871650769 ) ) ;
#8492 = DIRECTION ( 'NONE',  ( -4.283287147278277996E-17, -1.665334536937734318E-16, -1.000000000000000000 ) ) ;
#8493 = VECTOR ( 'NONE', #3318, 39.37007874015748143 ) ;
#8494 =( GEOMETRIC_REPRESENTATION_CONTEXT ( 3 ) GLOBAL_UNCERTAINTY_ASSIGNED_CONTEXT ( ( #11126 ) ) GLOBAL_UNIT_ASSIGNED_CONTEXT ( ( #5609, #2455, #10618 ) ) REPRESENTATION_CONTEXT ( 'NONE', 'WORKASPACE' ) );
#8495 = ADVANCED_FACE ( 'NONE', ( #7215 ), #11599, .F. ) ;
#8496 = AXIS2_PLACEMENT_3D ( 'NONE', #6959, #8188, #7094 ) ;
#8497 = EDGE_CURVE ( 'NONE', #6599, #1066, #9459, .T. ) ;
#8498 = CARTESIAN_POINT ( 'NONE',  ( 0.2562628581229025593, 0.08075585031050638851, 0.4515614810981848914 ) ) ;
#8499 = PLANE ( 'NONE',  #748 ) ;
#8500 = LINE ( 'NONE', #13438, #928 ) ;
#8501 = ORIENTED_EDGE ( 'NONE', *, *, #5956, .F. ) ;
#8502 = DIRECTION ( 'NONE',  ( -1.000000000000000000, -1.316334802367150653E-16, 1.608386623408235030E-17 ) ) ;
#8503 = EDGE_CURVE ( 'NONE', #1054, #9709, #9525, .T. ) ;
#8504 = VERTEX_POINT ( 'NONE', #4141 ) ;
#8505 = VECTOR ( 'NONE', #5892, 39.37007874015748143 ) ;
#8506 = VECTOR ( 'NONE', #6345, 39.37007874015748143 ) ;
#8507 = AXIS2_PLACEMENT_3D ( 'NONE', #11550, #12954, #299 ) ;
#8508 = STYLED_ITEM ( 'NONE', ( #6865 ), #11774 ) ;
#8509 = CARTESIAN_POINT ( 'NONE',  ( 0.2405148266268501978, 0.3760314408617053683, 0.4322701425155072719 ) ) ;
#8510 = DIRECTION ( 'NONE',  ( 0.0000000000000000000, 0.0000000000000000000, 1.000000000000000000 ) ) ;
#8511 = CARTESIAN_POINT ( 'NONE',  ( 0.2405148266268504198, 0.1555589999168270066, 0.2456559692871497225 ) ) ;
#8512 = EDGE_CURVE ( 'NONE', #2298, #2409, #5217, .T. ) ;
#8513 =( NAMED_UNIT ( * ) SI_UNIT ( $, .STERADIAN. ) SOLID_ANGLE_UNIT ( ) );
#8514 = ORIENTED_EDGE ( 'NONE', *, *, #5666, .F. ) ;
#8515 = VECTOR ( 'NONE', #8551, 39.37007874015748143 ) ;
#8516 = VECTOR ( 'NONE', #3813, 39.37007874015748143 ) ;
#8517 = CARTESIAN_POINT ( 'NONE',  ( 0.2267352990677845015, -0.07278745677610248821, 0.2515614810981877669 ) ) ;
#8518 = ORIENTED_EDGE ( 'NONE', *, *, #2451, .F. ) ;
#8519 = UNCERTAINTY_MEASURE_WITH_UNIT (LENGTH_MEASURE( 1.000000000000000082E-05 ), #10819, 'distance_accuracy_value', 'NONE');
#8520 = EDGE_LOOP ( 'NONE', ( #4417, #8954, #8638, #9986 ) ) ;
#8521 = EDGE_CURVE ( 'NONE', #12483, #9764, #10291, .T. ) ;
#8522 = ORIENTED_EDGE ( 'NONE', *, *, #5736, .T. ) ;
#8523 = CARTESIAN_POINT ( 'NONE',  ( 0.2483888423748703833, 0.2185511259010752549, 0.5385693551139404400 ) ) ;
#8524 = ORIENTED_EDGE ( 'NONE', *, *, #5555, .F. ) ;
#8525 = ORIENTED_EDGE ( 'NONE', *, *, #490, .F. ) ;
#8526 = AXIS2_PLACEMENT_3D ( 'NONE', #11896, #9646, #9776 ) ;
#8527 = DIRECTION ( 'NONE',  ( 0.9363291775689351892, 0.3511234415886832494, -6.866077602697716325E-17 ) ) ;
#8528 = DIRECTION ( 'NONE',  ( -1.000000000000000000, 0.0000000000000000000, 0.0000000000000000000 ) ) ;
#8529 = CIRCLE ( 'NONE', #9190, 0.01771653543307086243 ) ;
#8530 = CARTESIAN_POINT ( 'NONE',  ( 0.3468140392252720416, 0.3130393148774569534, 0.2515614810981768867 ) ) ;
#8531 =( NAMED_UNIT ( * ) PLANE_ANGLE_UNIT ( ) SI_UNIT ( $, .RADIAN. ) );
#8532 = CARTESIAN_POINT ( 'NONE',  ( 0.1444518345008675708, 0.05713380306640643974, 0.2515614810981877114 ) ) ;
#8533 = CYLINDRICAL_SURFACE ( 'NONE', #11700, 0.01574803149606299885 ) ;
#8534 = ADVANCED_FACE ( 'NONE', ( #5099 ), #7415, .F. ) ;
#8535 = CARTESIAN_POINT ( 'NONE',  ( 0.3507510470992762364, 0.3957164802317839070, 0.4440811661375588248 ) ) ;
#8536 = CARTESIAN_POINT ( 'NONE',  ( 0.2405148266268503088, 0.1555589999168270621, 0.4456559692871469025 ) ) ;
#8537 = AXIS2_PLACEMENT_3D ( 'NONE', #10620, #8490, #4338 ) ;
#8538 = AXIS2_PLACEMENT_3D ( 'NONE', #2464, #4407, #7613 ) ;
#8539 = ORIENTED_EDGE ( 'NONE', *, *, #13384, .F. ) ;
#8540 = DIRECTION ( 'NONE',  ( 1.000000000000000000, -1.937287448275561202E-17, -2.565854121688507820E-49 ) ) ;
#8541 = ORIENTED_EDGE ( 'NONE', *, *, #9024, .T. ) ;
#8542 = DIRECTION ( 'NONE',  ( 1.000000000000000000, 0.0000000000000000000, 0.0000000000000000000 ) ) ;
#8543 = DIRECTION ( 'NONE',  ( 0.7071067811865479058, -0.7071067811865472397, 0.0000000000000000000 ) ) ;
#8544 = ORIENTED_EDGE ( 'NONE', *, *, #9330, .F. ) ;
#8545 = LINE ( 'NONE', #12702, #844 ) ;
#8546 = LINE ( 'NONE', #384, #65 ) ;
#8547 =( LENGTH_UNIT ( ) NAMED_UNIT ( * ) SI_UNIT ( $, .METRE. ) );
#8548 = VECTOR ( 'NONE', #7331, 39.37007874015748143 ) ;
#8549 = DIRECTION ( 'NONE',  ( 0.0000000000000000000, 0.0000000000000000000, -1.000000000000000000 ) ) ;
#8550 = EDGE_CURVE ( 'NONE', #776, #5905, #7351, .T. ) ;
#8551 = DIRECTION ( 'NONE',  ( 0.0000000000000000000, 1.000000000000000000, 0.0000000000000000000 ) ) ;
#8552 = EDGE_CURVE ( 'NONE', #1385, #5590, #1168, .T. ) ;
#8553 = EDGE_LOOP ( 'NONE', ( #12391, #12679, #7970, #5267, #9490, #895, #4259, #10711, #11425, #2955 ) ) ;
#8554 = FACE_BOUND ( 'NONE', #1996, .T. ) ;
#8555 = COLOUR_RGB ( '',0.7607843137254901578, 0.7607843137254901578, 0.0000000000000000000 ) ;
#8556 = CARTESIAN_POINT ( 'NONE',  ( 0.1558691573354937243, 0.3091023070034269460, 0.4515614810981847249 ) ) ;
#8557 = ORIENTED_EDGE ( 'NONE', *, *, #9072, .T. ) ;
#8558 = ORIENTED_EDGE ( 'NONE', *, *, #1584, .T. ) ;
#8559 = DIRECTION ( 'NONE',  ( 0.0000000000000000000, 1.000000000000000000, 0.0000000000000000000 ) ) ;
#8560 = ORIENTED_EDGE ( 'NONE', *, *, #3664, .T. ) ;
#8561 = CARTESIAN_POINT ( 'NONE',  ( 0.2916959289890400653, 0.1279999447987147931, 0.2019551818855939151 ) ) ;
#8562 = DIRECTION ( 'NONE',  ( -1.174096724532128111E-16, 1.000000000000000000, -1.665334536937734318E-16 ) ) ;
#8563 = CARTESIAN_POINT ( 'NONE',  ( 0.3428770313512506385, 0.1831180550349323366, 0.3220339220430682992 ) ) ;
#8564 = EDGE_CURVE ( 'NONE', #6280, #11246, #5422, .T. ) ;
#8565 = VECTOR ( 'NONE', #13346, 39.37007874015748854 ) ;
#8566 = PLANE ( 'NONE',  #285 ) ;
#8567 = DIRECTION ( 'NONE',  ( -3.518308117683322415E-16, 1.000000000000000000, -4.163336342344337027E-16 ) ) ;
#8568 = EDGE_CURVE ( 'NONE', #11471, #5770, #9870, .T. ) ;
#8569 = CARTESIAN_POINT ( 'NONE',  ( 0.3625620707213385030, 0.1555589999168269233, 0.2102228984210151586 ) ) ;
#8570 = CARTESIAN_POINT ( 'NONE',  ( 0.2326408108788038387, 0.08862986605855729949, 0.5228213236178702594 ) ) ;
#8571 = ORIENTED_EDGE ( 'NONE', *, *, #8747, .T. ) ;
#8572 = CYLINDRICAL_SURFACE ( 'NONE', #9228, 0.05511811023622047168 ) ;
#8573 = ORIENTED_EDGE ( 'NONE', *, *, #7490, .F. ) ;
#8574 = EDGE_LOOP ( 'NONE', ( #12415, #13033, #8020, #2831 ) ) ;
#8575 = AXIS2_PLACEMENT_3D ( 'NONE', #4946, #5757, #10200 ) ;
#8576 = VERTEX_POINT ( 'NONE', #548 ) ;
#8577 = LENGTH_MEASURE_WITH_UNIT ( LENGTH_MEASURE( 0.02539999999999999897 ), #6465 );
#8578 = PLANE ( 'NONE',  #7417 ) ;
#8579 = VERTEX_POINT ( 'NONE', #10693 ) ;
#8580 = CARTESIAN_POINT ( 'NONE',  ( 0.07319199198116600746, 0.05713380306642412698, 0.1921126622005508988 ) ) ;
#8581 = CARTESIAN_POINT ( 'NONE',  ( 0.3704360864693699851, 0.1555589999168269788, 0.3456559692871707390 ) ) ;
#8582 = FACE_OUTER_BOUND ( 'NONE', #12904, .T. ) ;
#8583 = EDGE_CURVE ( 'NONE', #6407, #9586, #11728, .T. ) ;
#8584 = PLANE ( 'NONE',  #6023 ) ;
#8585 = AXIS2_PLACEMENT_3D ( 'NONE', #3936, #2675, #12199 ) ;
#8586 = DIRECTION ( 'NONE',  ( 0.4472135955000933194, -0.8944271909998482428, 1.293464547805031694E-16 ) ) ;
#8587 = ORIENTED_EDGE ( 'NONE', *, *, #173, .F. ) ;
#8588 = ORIENTED_EDGE ( 'NONE', *, *, #12177, .F. ) ;
#8589 = CARTESIAN_POINT ( 'NONE',  ( 0.3113809683591187705, 0.5610708109404453081, 0.3614040007832317047 ) ) ;
#8590 = ORIENTED_EDGE ( 'NONE', *, *, #723, .T. ) ;
#8591 = EDGE_CURVE ( 'NONE', #9838, #5706, #7821, .T. ) ;
#8592 = EDGE_CURVE ( 'NONE', #11875, #6391, #11921, .T. ) ;
#8593 = LINE ( 'NONE', #4437, #10627 ) ;
#8594 = DIRECTION ( 'NONE',  ( -1.608386623408232256E-17, -1.526556658859589750E-16, -1.000000000000000000 ) ) ;
#8595 = EDGE_CURVE ( 'NONE', #2409, #833, #8703, .T. ) ;
#8596 = DIMENSIONAL_EXPONENTS ( 1.000000000000000000, 0.0000000000000000000, 0.0000000000000000000, 0.0000000000000000000, 0.0000000000000000000, 0.0000000000000000000, 0.0000000000000000000 ) ;
#8597 = CARTESIAN_POINT ( 'NONE',  ( 0.3645305746583385464, 0.4575997454093465033, 0.4243961267674801197 ) ) ;
#8598 = CARTESIAN_POINT ( 'NONE',  ( 0.3313688544887175014, 0.1988660865309964110, 0.1975639038722385166 ) ) ;
#8599 = MECHANICAL_DESIGN_GEOMETRIC_PRESENTATION_REPRESENTATION (  '', ( #3377 ), #8816 ) ;
#8600 = CARTESIAN_POINT ( 'NONE',  ( 0.2208297872567573095, -0.05703942528004478374, 0.4397504574761376683 ) ) ;
#8601 = EDGE_LOOP ( 'NONE', ( #7121, #9998, #8400, #5321 ) ) ;
#8602 = CARTESIAN_POINT ( 'NONE',  ( 0.3625620707213385585, 0.1555589999168270066, 0.2515614810981769423 ) ) ;
#8603 = ORIENTED_EDGE ( 'NONE', *, *, #9846, .T. ) ;
#8604 = DIRECTION ( 'NONE',  ( 1.000000000000000000, 0.0000000000000000000, 0.0000000000000000000 ) ) ;
#8605 = CARTESIAN_POINT ( 'NONE',  ( 0.2326408108788038387, 0.2972912833813901590, 0.3614040007832317047 ) ) ;
#8606 = ADVANCED_FACE ( 'NONE', ( #6461 ), #8572, .F. ) ;
#8607 = VERTEX_POINT ( 'NONE', #273 ) ;
#8608 = LINE ( 'NONE', #9572, #2019 ) ;
#8609 = VECTOR ( 'NONE', #5294, 39.37007874015748143 ) ;
#8610 = DIRECTION ( 'NONE',  ( 2.359223927328456662E-16, -3.885780586188047398E-16, -1.000000000000000000 ) ) ;
#8611 = VECTOR ( 'NONE', #368, 39.37007874015748143 ) ;
#8612 = CARTESIAN_POINT ( 'NONE',  ( 0.1755541967055905261, 0.1555589999168269788, 0.2397504574761404883 ) ) ;
#8613 = CARTESIAN_POINT ( 'NONE',  ( 0.1893337242646341567, 0.3583149054286423607, 0.4007740795234070452 ) ) ;
#8614 = ORIENTED_EDGE ( 'NONE', *, *, #5305, .T. ) ;
#8615 = CARTESIAN_POINT ( 'NONE',  ( 0.2483888423748524532, 0.1988660865309974379, 0.3456559692871650769 ) ) ;
#8616 = CARTESIAN_POINT ( 'NONE',  ( 0.2221780689370909945, 0.1988660865309974379, 0.2905378590509531400 ) ) ;
#8617 = VECTOR ( 'NONE', #2742, 39.37007874015748143 ) ;
#8618 = CARTESIAN_POINT ( 'NONE',  ( 0.2483888423748524532, 0.2165826219640790973, 0.2905378590509231085 ) ) ;
#8619 = EDGE_LOOP ( 'NONE', ( #12306, #9445, #5237, #4077 ) ) ;
#8620 = ORIENTED_EDGE ( 'NONE', *, *, #11103, .T. ) ;
#8621 = EDGE_CURVE ( 'NONE', #1583, #10042, #12728, .T. ) ;
#8622 = ORIENTED_EDGE ( 'NONE', *, *, #3227, .T. ) ;
#8623 = CARTESIAN_POINT ( 'NONE',  ( 0.2405148266268503088, 0.2756377400743056372, 0.3255772291296682996 ) ) ;
#8624 = SURFACE_SIDE_STYLE ('',( #4467 ) ) ;
#8625 = LENGTH_MEASURE_WITH_UNIT ( LENGTH_MEASURE( 0.02539999999999999897 ), #11975 );
#8626 = VECTOR ( 'NONE', #9065, 39.37007874015748143 ) ;
#8627 = LINE ( 'NONE', #3448, #12249 ) ;
#8628 = DIRECTION ( 'NONE',  ( -1.000000000000000000, 0.0000000000000000000, 0.0000000000000000000 ) ) ;
#8629 = DIRECTION ( 'NONE',  ( -1.000000000000000000, 1.937287448275558121E-17, 0.0000000000000000000 ) ) ;
#8630 = DIRECTION ( 'NONE',  ( 0.3511234415877494408, 0.9363291775692853536, -2.975952440747242502E-16 ) ) ;
#8631 = EDGE_LOOP ( 'NONE', ( #8083, #4142, #3441, #2843, #11140, #11301 ) ) ;
#8632 = CARTESIAN_POINT ( 'NONE',  ( 0.03972742505202855878, 0.2185511259010752549, 0.3456559692871650769 ) ) ;
#8633 = ORIENTED_EDGE ( 'NONE', *, *, #11207, .T. ) ;
#8634 = EDGE_LOOP ( 'NONE', ( #7201, #10304, #8032, #10748, #7859, #9855, #1338, #8762, #6149, #3777, #6425, #7271, #10570, #13158, #1735, #11505, #1472, #2896, #1674, #8668 ) ) ;
#8635 = VECTOR ( 'NONE', #1501, 39.37007874015748143 ) ;
#8636 = EDGE_CURVE ( 'NONE', #5288, #2720, #4477, .T. ) ;
#8637 = EDGE_CURVE ( 'NONE', #10042, #3815, #3658, .T. ) ;
#8638 = ORIENTED_EDGE ( 'NONE', *, *, #7246, .F. ) ;
#8639 = DIRECTION ( 'NONE',  ( 3.007447121050438636E-18, 2.498001805406601723E-16, 1.000000000000000000 ) ) ;
#8640 = ORIENTED_EDGE ( 'NONE', *, *, #949, .F. ) ;
#8641 = FILL_AREA_STYLE_COLOUR ( '', #9823 ) ;
#8642 = FACE_OUTER_BOUND ( 'NONE', #8879, .T. ) ;
#8643 = CARTESIAN_POINT ( 'NONE',  ( 0.3133494722961461809, 0.1437479762947815320, 0.3456559692871528644 ) ) ;
#8644 = DIRECTION ( 'NONE',  ( 1.000000000000000000, 1.408738150179760326E-16, -6.014894242100891138E-18 ) ) ;
#8645 = CARTESIAN_POINT ( 'NONE',  ( 0.2916959289890523888, 0.2441416770821812909, 0.3456559692871528089 ) ) ;
#8646 = SURFACE_SIDE_STYLE ('',( #8714 ) ) ;
#8647 = VECTOR ( 'NONE', #3570, 39.37007874015748143 ) ;
#8648 = DIRECTION ( 'NONE',  ( 1.608386623408232256E-17, 1.526556658859589750E-16, 1.000000000000000000 ) ) ;
#8649 = EDGE_LOOP ( 'NONE', ( #2096, #5345, #7458, #7318, #7908, #4950 ) ) ;
#8650 = ORIENTED_EDGE ( 'NONE', *, *, #11626, .T. ) ;
#8651 = ORIENTED_EDGE ( 'NONE', *, *, #5286, .F. ) ;
#8652 = ORIENTED_EDGE ( 'NONE', *, *, #4839, .T. ) ;
#8653 = EDGE_CURVE ( 'NONE', #12214, #2428, #10629, .T. ) ;
#8654 = ORIENTED_EDGE ( 'NONE', *, *, #12638, .T. ) ;
#8655 = VECTOR ( 'NONE', #7223, 39.37007874015748143 ) ;
#8656 = DIRECTION ( 'NONE',  ( 0.0000000000000000000, 0.0000000000000000000, 1.000000000000000000 ) ) ;
#8657 = DIRECTION ( 'NONE',  ( 1.000000000000000000, 1.174096724532128111E-16, -4.283287147278279845E-17 ) ) ;
#8658 = DIRECTION ( 'NONE',  ( -1.000000000000000000, 1.937287448275561202E-17, 2.565854121688507820E-49 ) ) ;
#8659 = PLANE ( 'NONE',  #2457 ) ;
#8660 = CARTESIAN_POINT ( 'NONE',  ( 0.2405148266268503643, 0.3091023070034268905, 0.2515614810981768867 ) ) ;
#8661 = LINE ( 'NONE', #12896, #7763 ) ;
#8662 = EDGE_CURVE ( 'NONE', #3599, #9962, #6724, .T. ) ;
#8663 = STYLED_ITEM ( 'NONE', ( #4739 ), #3467 ) ;
#8664 = ORIENTED_EDGE ( 'NONE', *, *, #2936, .F. ) ;
#8665 = LINE ( 'NONE', #12824, #12850 ) ;
#8666 = ADVANCED_FACE ( 'NONE', ( #3596 ), #4679, .T. ) ;
#8667 = ORIENTED_EDGE ( 'NONE', *, *, #6938, .F. ) ;
#8668 = ORIENTED_EDGE ( 'NONE', *, *, #2787, .F. ) ;
#8669 = CARTESIAN_POINT ( 'NONE',  ( 0.2405148266268504198, 0.1555589999168270066, 0.2456559692871497225 ) ) ;
#8670 = ORIENTED_EDGE ( 'NONE', *, *, #8568, .T. ) ;
#8671 = EDGE_CURVE ( 'NONE', #1640, #517, #5496, .T. ) ;
#8672 = CARTESIAN_POINT ( 'NONE',  ( 0.09484553528825259705, 0.08862986605855729949, 0.1921126622005508988 ) ) ;
#8673 = AXIS2_PLACEMENT_3D ( 'NONE', #785, #10037, #5996 ) ;
#8674 = PLANE ( 'NONE',  #242 ) ;
#8675 = ORIENTED_EDGE ( 'NONE', *, *, #1327, .F. ) ;
#8676 = CARTESIAN_POINT ( 'NONE',  ( 0.1401211258394373105, 0.1988660865309974379, 0.3161284102320469636 ) ) ;
#8677 = VECTOR ( 'NONE', #10567, 39.37007874015748143 ) ;
#8678 = SURFACE_SIDE_STYLE ('',( #2510 ) ) ;
#8679 = LENGTH_MEASURE_WITH_UNIT ( LENGTH_MEASURE( 0.02539999999999999897 ), #8428 );
#8680 = CARTESIAN_POINT ( 'NONE',  ( 0.1208297872567766496, 0.05713380306641541867, 0.2397504574761404883 ) ) ;
#8681 = VECTOR ( 'NONE', #8586, 39.37007874015748143 ) ;
#8682 = CARTESIAN_POINT ( 'NONE',  ( 0.3444518345008468208, 0.05713380306641541867, 0.2397504574761404883 ) ) ;
#8683 = EDGE_CURVE ( 'NONE', #3443, #8926, #12794, .T. ) ;
#8684 = PLANE ( 'NONE',  #7420 ) ;
#8685 = ORIENTED_EDGE ( 'NONE', *, *, #5361, .F. ) ;
#8686 = CARTESIAN_POINT ( 'NONE',  ( 0.2444518345008482307, 0.05713380306641541867, 0.2397504574761404883 ) ) ;
#8687 = VERTEX_POINT ( 'NONE', #2470 ) ;
#8688 = ORIENTED_EDGE ( 'NONE', *, *, #11929, .T. ) ;
#8689 = VERTEX_POINT ( 'NONE', #6596 ) ;
#8690 = LINE ( 'NONE', #8561, #10900 ) ;
#8691 = PRESENTATION_LAYER_ASSIGNMENT (  '', '', ( #1540 ) ) ;
#8692 = LINE ( 'NONE', #11848, #4708 ) ;
#8693 = FILL_AREA_STYLE_COLOUR ( '', #9400 ) ;
#8694 = PLANE ( 'NONE',  #8452 ) ;
#8695 = CARTESIAN_POINT ( 'NONE',  ( 0.1027195510362948483, 0.1988660865309974379, 0.2905378590509231085 ) ) ;
#8696 = CARTESIAN_POINT ( 'NONE',  ( 0.2483888423748524532, 0.3760314408617060900, 0.2688843157438651765 ) ) ;
#8697 = DIRECTION ( 'NONE',  ( -1.608386623408232256E-17, -1.526556658859589750E-16, -1.000000000000000000 ) ) ;
#8698 = EDGE_CURVE ( 'NONE', #499, #11620, #410, .T. ) ;
#8699 = AXIS2_PLACEMENT_3D ( 'NONE', #7253, #5188, #1141 ) ;
#8700 = PLANE ( 'NONE',  #81 ) ;
#8701 = ORIENTED_EDGE ( 'NONE', *, *, #11571, .T. ) ;
#8702 = STYLED_ITEM ( 'NONE', ( #4815 ), #10939 ) ;
#8703 = LINE ( 'NONE', #479, #11852 ) ;
#8704 = ORIENTED_EDGE ( 'NONE', *, *, #8177, .F. ) ;
#8705 = ORIENTED_EDGE ( 'NONE', *, *, #4342, .T. ) ;
#8706 = ORIENTED_EDGE ( 'NONE', *, *, #4809, .T. ) ;
#8707 =( NAMED_UNIT ( * ) SI_UNIT ( $, .STERADIAN. ) SOLID_ANGLE_UNIT ( ) );
#8708 = PLANE ( 'NONE',  #4380 ) ;
#8709 = VECTOR ( 'NONE', #10800, 39.37007874015748143 ) ;
#8710 =( NAMED_UNIT ( * ) PLANE_ANGLE_UNIT ( ) SI_UNIT ( $, .RADIAN. ) );
#8711 = VECTOR ( 'NONE', #7655, 39.37007874015748143 ) ;
#8712 = CARTESIAN_POINT ( 'NONE',  ( 0.3625620707213383920, 0.3130393148774570644, 0.4062465204682491615 ) ) ;
#8713 = LINE ( 'NONE', #10836, #11823 ) ;
#8714 = SURFACE_STYLE_FILL_AREA ( #4285 ) ;
#8715 = ADVANCED_FACE ( 'NONE', ( #7690 ), #6662, .T. ) ;
#8716 = EDGE_CURVE ( 'NONE', #3598, #2532, #2598, .T. ) ;
#8717 = PLANE ( 'NONE',  #7587 ) ;
#8718 = ORIENTED_EDGE ( 'NONE', *, *, #5743, .F. ) ;
#8719 = EDGE_LOOP ( 'NONE', ( #950, #11005, #3706, #9010 ) ) ;
#8720 = STYLED_ITEM ( 'NONE', ( #11112 ), #4847 ) ;
#8721 = ORIENTED_EDGE ( 'NONE', *, *, #13124, .T. ) ;
#8722 = VECTOR ( 'NONE', #7744, 39.37007874015748143 ) ;
#8723 = ORIENTED_EDGE ( 'NONE', *, *, #12531, .F. ) ;
#8724 = VECTOR ( 'NONE', #9021, 39.37007874015748143 ) ;
#8725 = ORIENTED_EDGE ( 'NONE', *, *, #9081, .T. ) ;
#8726 = DIRECTION ( 'NONE',  ( -1.000000000000000000, 0.0000000000000000000, 0.0000000000000000000 ) ) ;
#8727 = FACE_OUTER_BOUND ( 'NONE', #3437, .T. ) ;
#8728 = FACE_OUTER_BOUND ( 'NONE', #10512, .T. ) ;
#8729 = DIRECTION ( 'NONE',  ( 0.4472135954996859786, 0.8944271910000517467, -1.437323020767006896E-16 ) ) ;
#8730 = DIRECTION ( 'NONE',  ( -1.000000000000000000, 1.937287448275561202E-17, 2.565854121688507820E-49 ) ) ;
#8731 = VECTOR ( 'NONE', #11192, 39.37007874015748143 ) ;
#8732 = VECTOR ( 'NONE', #10122, 39.37007874015748143 ) ;
#8733 = FACE_OUTER_BOUND ( 'NONE', #7621, .T. ) ;
#8734 = LINE ( 'NONE', #7717, #8292 ) ;
#8735 = EDGE_CURVE ( 'NONE', #10609, #6960, #12127, .T. ) ;
#8736 = ORIENTED_EDGE ( 'NONE', *, *, #3181, .T. ) ;
#8737 = PLANE ( 'NONE',  #4348 ) ;
#8738 = VERTEX_POINT ( 'NONE', #9107 ) ;
#8739 = ORIENTED_EDGE ( 'NONE', *, *, #5718, .F. ) ;
#8740 = CARTESIAN_POINT ( 'NONE',  ( 0.2208297872567573095, 0.05713380306641541867, 0.2515614810981877114 ) ) ;
#8741 = VERTEX_POINT ( 'NONE', #5826 ) ;
#8742 = VECTOR ( 'NONE', #11869, 39.37007874015748143 ) ;
#8743 = LINE ( 'NONE', #312, #13063 ) ;
#8744 = DIRECTION ( 'NONE',  ( -1.000000000000000000, -1.316334802367150653E-16, 1.608386623408235030E-17 ) ) ;
#8745 = ORIENTED_EDGE ( 'NONE', *, *, #7446, .F. ) ;
#8746 = CARTESIAN_POINT ( 'NONE',  ( 0.05547545654809688670, 0.2185511259010752549, 0.3456559692871670753 ) ) ;
#8747 = EDGE_CURVE ( 'NONE', #11815, #3727, #1826, .T. ) ;
#8748 = ADVANCED_FACE ( 'NONE', ( #1692 ), #6998, .F. ) ;
#8749 =( NAMED_UNIT ( * ) PLANE_ANGLE_UNIT ( ) SI_UNIT ( $, .RADIAN. ) );
#8750 = AXIS2_PLACEMENT_3D ( 'NONE', #8982, #9877, #1576 ) ;
#8751 = ADVANCED_FACE ( 'NONE', ( #13277 ), #9183, .T. ) ;
#8752 = VECTOR ( 'NONE', #4558, 39.37007874015748143 ) ;
#8753 = CARTESIAN_POINT ( 'NONE',  ( 0.2090187636347128619, 0.3760314408617060900, 0.4007740795234070452 ) ) ;
#8754 = CARTESIAN_POINT ( 'NONE',  ( 0.1250292623223850652, 0.1995222545100004130, 0.4493305099695806826 ) ) ;
#8755 = FACE_OUTER_BOUND ( 'NONE', #12930, .T. ) ;
#8756 = ORIENTED_EDGE ( 'NONE', *, *, #12506, .F. ) ;
#8757 = ORIENTED_EDGE ( 'NONE', *, *, #3083, .T. ) ;
#8758 = LINE ( 'NONE', #10675, #5521 ) ;
#8759 = ORIENTED_EDGE ( 'NONE', *, *, #5164, .F. ) ;
#8760 = ORIENTED_EDGE ( 'NONE', *, *, #7752, .F. ) ;
#8761 = DIRECTION ( 'NONE',  ( -1.937287448275561202E-17, -1.000000000000000000, -8.220413448604590506E-18 ) ) ;
#8762 = ORIENTED_EDGE ( 'NONE', *, *, #1171, .T. ) ;
#8763 = DIRECTION ( 'NONE',  ( 1.316334802367150653E-16, -1.000000000000000000, 1.526556658859589750E-16 ) ) ;
#8764 = EDGE_CURVE ( 'NONE', #5724, #6753, #3922, .T. ) ;
#8765 = EDGE_CURVE ( 'NONE', #7238, #11620, #2929, .T. ) ;
#8766 = CARTESIAN_POINT ( 'NONE',  ( 0.2405148266268503088, 0.2421731731451663705, 0.4456559692871467915 ) ) ;
#8767 = DIRECTION ( 'NONE',  ( 1.000000000000000000, 0.0000000000000000000, 0.0000000000000000000 ) ) ;
#8768 = LINE ( 'NONE', #8827, #3715 ) ;
#8769 = FILL_AREA_STYLE ('',( #470 ) ) ;
#8770 = EDGE_CURVE ( 'NONE', #9076, #9446, #11230, .T. ) ;
#8771 = ORIENTED_EDGE ( 'NONE', *, *, #4840, .F. ) ;
#8772 = LINE ( 'NONE', #7412, #10192 ) ;
#8773 = CARTESIAN_POINT ( 'NONE',  ( 0.1893337242646341567, 0.3760314408617060900, 0.4972307724367678317 ) ) ;
#8774 = MECHANICAL_DESIGN_GEOMETRIC_PRESENTATION_REPRESENTATION (  '', ( #5944 ), #6603 ) ;
#8775 = CARTESIAN_POINT ( 'NONE',  ( 0.1164990785953284869, 0.2165826219640790973, 0.3456559692871650769 ) ) ;
#8776 = ORIENTED_EDGE ( 'NONE', *, *, #6290, .T. ) ;
#8777 = DIRECTION ( 'NONE',  ( -0.0000000000000000000, -1.000000000000000000, -0.0000000000000000000 ) ) ;
#8778 = ORIENTED_EDGE ( 'NONE', *, *, #1299, .T. ) ;
#8779 = ORIENTED_EDGE ( 'NONE', *, *, #10213, .T. ) ;
#8780 = EDGE_LOOP ( 'NONE', ( #13405, #10663, #5879, #3998 ) ) ;
#8781 = DIRECTION ( 'NONE',  ( -1.000000000000000000, 1.937287448275558121E-17, 0.0000000000000000000 ) ) ;
#8782 = EDGE_CURVE ( 'NONE', #2516, #13211, #3995, .T. ) ;
#8783 = ORIENTED_EDGE ( 'NONE', *, *, #10355, .F. ) ;
#8784 = VECTOR ( 'NONE', #7619, 39.37007874015748143 ) ;
#8785 = DIRECTION ( 'NONE',  ( -1.000000000000000000, -0.0000000000000000000, -0.0000000000000000000 ) ) ;
#8786 = DIRECTION ( 'NONE',  ( -0.0000000000000000000, -1.000000000000000000, -0.0000000000000000000 ) ) ;
#8787 = CARTESIAN_POINT ( 'NONE',  ( 0.2444518345008482307, 0.05713380306641541867, 0.2515614810981877114 ) ) ;
#8788 = CARTESIAN_POINT ( 'NONE',  ( 0.2326408108788038387, 0.1988660865309964110, 0.3456559692871650769 ) ) ;
#8789 = CARTESIAN_POINT ( 'NONE',  ( 0.1562628581229040525, 0.08862986605856641720, 0.2397504574761404883 ) ) ;
#8790 = ORIENTED_EDGE ( 'NONE', *, *, #13400, .F. ) ;
#8791 = ORIENTED_EDGE ( 'NONE', *, *, #2938, .T. ) ;
#8792 = CIRCLE ( 'NONE', #6618, 0.02165354330709375746 ) ;
#8793 = VERTEX_POINT ( 'NONE', #5901 ) ;
#8794 = EDGE_LOOP ( 'NONE', ( #5769, #10389, #9616, #4929 ) ) ;
#8795 = EDGE_LOOP ( 'NONE', ( #9023, #1871, #3997, #7940 ) ) ;
#8796 = DIRECTION ( 'NONE',  ( 0.0000000000000000000, 1.000000000000000000, 0.0000000000000000000 ) ) ;
#8797 = EDGE_CURVE ( 'NONE', #12676, #10439, #10316, .T. ) ;
#8798 = DIRECTION ( 'NONE',  ( 0.0000000000000000000, 0.0000000000000000000, -1.000000000000000000 ) ) ;
#8799 = FACE_OUTER_BOUND ( 'NONE', #9088, .T. ) ;
#8800 =( NAMED_UNIT ( * ) SI_UNIT ( $, .STERADIAN. ) SOLID_ANGLE_UNIT ( ) );
#8801 = LINE ( 'NONE', #6415, #4057 ) ;
#8802 = LENGTH_MEASURE_WITH_UNIT ( LENGTH_MEASURE( 0.02539999999999999897 ), #5524 );
#8803 = VERTEX_POINT ( 'NONE', #5015 ) ;
#8804 = DIRECTION ( 'NONE',  ( -3.007447121050438636E-18, -2.498001805406601723E-16, -1.000000000000000000 ) ) ;
#8805 = VERTEX_POINT ( 'NONE', #893 ) ;
#8806 = FILL_AREA_STYLE ('',( #6628 ) ) ;
#8807 = ORIENTED_EDGE ( 'NONE', *, *, #11864, .T. ) ;
#8808 = LINE ( 'NONE', #4447, #5638 ) ;
#8809 = DIRECTION ( 'NONE',  ( -1.000000000000000000, 0.0000000000000000000, 0.0000000000000000000 ) ) ;
#8810 = EDGE_CURVE ( 'NONE', #3319, #11677, #6793, .T. ) ;
#8811 = ORIENTED_EDGE ( 'NONE', *, *, #8591, .T. ) ;
#8812 = EDGE_CURVE ( 'NONE', #10766, #3110, #10959, .T. ) ;
#8813 = DIRECTION ( 'NONE',  ( -1.000000000000000000, 0.0000000000000000000, 0.0000000000000000000 ) ) ;
#8814 = CARTESIAN_POINT ( 'NONE',  ( 0.1385463226898582811, -0.07278745677611141163, 0.4515614810981849470 ) ) ;
#8815 = LENGTH_MEASURE_WITH_UNIT ( LENGTH_MEASURE( 0.02539999999999999897 ), #8547 );
#8816 =( GEOMETRIC_REPRESENTATION_CONTEXT ( 3 ) GLOBAL_UNCERTAINTY_ASSIGNED_CONTEXT ( ( #5755 ) ) GLOBAL_UNIT_ASSIGNED_CONTEXT ( ( #6433, #5395, #10665 ) ) REPRESENTATION_CONTEXT ( 'NONE', 'WORKASPACE' ) );
#8817 = PLANE ( 'NONE',  #6963 ) ;
#8818 = PLANE ( 'NONE',  #9596 ) ;
#8819 = VERTEX_POINT ( 'NONE', #8973 ) ;
#8820 = LINE ( 'NONE', #7805, #4876 ) ;
#8821 = VERTEX_POINT ( 'NONE', #4749 ) ;
#8822 = COLOUR_RGB ( '',0.7607843137254901578, 0.7607843137254901578, 0.0000000000000000000 ) ;
#8823 = EDGE_CURVE ( 'NONE', #6128, #2537, #612, .T. ) ;
#8824 = FILL_AREA_STYLE ('',( #5886 ) ) ;
#8825 = DIRECTION ( 'NONE',  ( -0.4472135955002290997, -0.8944271909997802972, 1.437323020766679519E-16 ) ) ;
#8826 = FACE_OUTER_BOUND ( 'NONE', #5369, .T. ) ;
#8827 = CARTESIAN_POINT ( 'NONE',  ( 0.2483888423748524532, 0.2165826219640790973, 0.4972307724367678317 ) ) ;
#8828 = AXIS2_PLACEMENT_3D ( 'NONE', #12134, #13148, #5629 ) ;
#8829 = ORIENTED_EDGE ( 'NONE', *, *, #4343, .T. ) ;
#8830 = CARTESIAN_POINT ( 'NONE',  ( 0.0000000000000000000, 0.1496062992125984370, 0.09251968503937006705 ) ) ;
#8831 = SURFACE_STYLE_FILL_AREA ( #5752 ) ;
#8832 = FACE_OUTER_BOUND ( 'NONE', #9101, .T. ) ;
#8833 = ADVANCED_FACE ( 'NONE', ( #8899 ), #13067, .F. ) ;
#8834 = ORIENTED_EDGE ( 'NONE', *, *, #9384, .F. ) ;
#8835 = ADVANCED_FACE ( 'NONE', ( #6930 ), #3858, .F. ) ;
#8836 = DIRECTION ( 'NONE',  ( 1.000000000000000000, -1.937287448275558121E-17, 0.0000000000000000000 ) ) ;
#8837 = ORIENTED_EDGE ( 'NONE', *, *, #222, .F. ) ;
#8838 = ORIENTED_EDGE ( 'NONE', *, *, #1345, .F. ) ;
#8839 = B_SPLINE_CURVE_WITH_KNOTS ( 'NONE', 3,
 ( #3128, #11309, #2052, #6309, #1090, #13416, #5097, #5146 ),
 .UNSPECIFIED., .F., .F.,
 ( 4, 2, 2, 4 ),
 ( 9.580323528576903699E-17, 0.0004575541290078104467, 0.0006863311935116669623, 0.0009151082580155235320 ),
 .UNSPECIFIED. ) ;
#8840 = ORIENTED_EDGE ( 'NONE', *, *, #6044, .F. ) ;
#8841 = EDGE_CURVE ( 'NONE', #3280, #478, #822, .T. ) ;
#8842 = FILL_AREA_STYLE ('',( #690 ) ) ;
#8843 =( GEOMETRIC_REPRESENTATION_CONTEXT ( 3 ) GLOBAL_UNCERTAINTY_ASSIGNED_CONTEXT ( ( #760 ) ) GLOBAL_UNIT_ASSIGNED_CONTEXT ( ( #3093, #10380, #6273 ) ) REPRESENTATION_CONTEXT ( 'NONE', 'WORKASPACE' ) );
#8844 = ORIENTED_EDGE ( 'NONE', *, *, #8104, .T. ) ;
#8845 = PLANE ( 'NONE',  #10700 ) ;
#8846 = LINE ( 'NONE', #3669, #5584 ) ;
#8847 = LINE ( 'NONE', #10905, #2395 ) ;
#8848 = VECTOR ( 'NONE', #10757, 39.37007874015748143 ) ;
#8849 = VERTEX_POINT ( 'NONE', #12186 ) ;
#8850 = ADVANCED_FACE ( 'NONE', ( #2861 ), #11507, .F. ) ;
#8851 = VERTEX_POINT ( 'NONE', #6233 ) ;
#8852 = ORIENTED_EDGE ( 'NONE', *, *, #4191, .T. ) ;
#8853 = VERTEX_POINT ( 'NONE', #12386 ) ;
#8854 = FACE_OUTER_BOUND ( 'NONE', #137, .T. ) ;
#8855 = CARTESIAN_POINT ( 'NONE',  ( 0.2562628581229026148, 0.08075585031050631912, 0.2397504574761404883 ) ) ;
#8856 = AXIS2_PLACEMENT_3D ( 'NONE', #8131, #936, #4101 ) ;
#8857 = CARTESIAN_POINT ( 'NONE',  ( 0.2483888423748475960, 0.3760314408617060900, 0.4007740795233794562 ) ) ;
#8858 = DIMENSIONAL_EXPONENTS ( 1.000000000000000000, 0.0000000000000000000, 0.0000000000000000000, 0.0000000000000000000, 0.0000000000000000000, 0.0000000000000000000, 0.0000000000000000000 ) ;
#8859 = ORIENTED_EDGE ( 'NONE', *, *, #7289, .F. ) ;
#8860 = CARTESIAN_POINT ( 'NONE',  ( 0.2326408108788038387, 0.4272125432239180509, 0.3456559692871650769 ) ) ;
#8861 = EDGE_CURVE ( 'NONE', #1364, #6200, #8792, .T. ) ;
#8862 = ORIENTED_EDGE ( 'NONE', *, *, #8348, .F. ) ;
#8863 = EDGE_LOOP ( 'NONE', ( #1559, #5014, #11673, #3661, #8718, #7334 ) ) ;
#8864 = VERTEX_POINT ( 'NONE', #2168 ) ;
#8865 = VECTOR ( 'NONE', #8489, 39.37007874015748143 ) ;
#8866 = FACE_OUTER_BOUND ( 'NONE', #8649, .T. ) ;
#8867 = FACE_OUTER_BOUND ( 'NONE', #5919, .T. ) ;
#8868 = ORIENTED_EDGE ( 'NONE', *, *, #6234, .T. ) ;
#8869 = CARTESIAN_POINT ( 'NONE',  ( 0.2326408108788038387, 0.2579212046412327486, 0.2669158118068502006 ) ) ;
#8870 = CARTESIAN_POINT ( 'NONE',  ( 0.2405148266268503088, 0.1555589999168270621, 0.4456559692871469025 ) ) ;
#8871 = DIRECTION ( 'NONE',  ( 0.0000000000000000000, 0.0000000000000000000, -1.000000000000000000 ) ) ;
#8872 = VECTOR ( 'NONE', #2033, 39.37007874015748143 ) ;
#8873 =( REPRESENTATION_RELATIONSHIP ('NONE','NONE', #11341, #9936 ) REPRESENTATION_RELATIONSHIP_WITH_TRANSFORMATION ( #1017 )SHAPE_REPRESENTATION_RELATIONSHIP( ) );
#8874 = LINE ( 'NONE', #13321, #3485 ) ;
#8875 = EDGE_CURVE ( 'NONE', #12813, #315, #9312, .T. ) ;
#8876 = EDGE_CURVE ( 'NONE', #13290, #12488, #10340, .T. ) ;
#8877 = LINE ( 'NONE', #13255, #3338 ) ;
#8878 = DIRECTION ( 'NONE',  ( 0.8944271909998482428, 0.4472135955000933194, -8.265553651048821743E-17 ) ) ;
#8879 = EDGE_LOOP ( 'NONE', ( #6946, #3470, #5984, #1555 ) ) ;
#8880 = ORIENTED_EDGE ( 'NONE', *, *, #8434, .F. ) ;
#8881 = VECTOR ( 'NONE', #98, 39.37007874015748143 ) ;
#8882 = SURFACE_STYLE_FILL_AREA ( #10944 ) ;
#8883 = ORIENTED_EDGE ( 'NONE', *, *, #1292, .T. ) ;
#8884 = AXIS2_PLACEMENT_3D ( 'NONE', #3999, #3246, #11233 ) ;
#8885 = DIRECTION ( 'NONE',  ( 1.000000000000000000, 0.0000000000000000000, 0.0000000000000000000 ) ) ;
#8886 = DIRECTION ( 'NONE',  ( -0.0000000000000000000, -1.000000000000000000, -0.0000000000000000000 ) ) ;
#8887 = DIRECTION ( 'NONE',  ( 1.000000000000000000, 0.0000000000000000000, 0.0000000000000000000 ) ) ;
#8888 = CARTESIAN_POINT ( 'NONE',  ( 0.2326408108788161344, 0.1476849841687954135, 0.2180969141690466684 ) ) ;
#8889 = DIRECTION ( 'NONE',  ( 1.000000000000000000, 1.316334802367150653E-16, -1.608386623408235030E-17 ) ) ;
#8890 = AXIS2_PLACEMENT_3D ( 'NONE', #7926, #9074, #8127 ) ;
#8891 = CARTESIAN_POINT ( 'NONE',  ( 0.2074316406699106274, 0.5295747119667457703, 0.4243961267674756233 ) ) ;
#8892 =( CONVERSION_BASED_UNIT ( 'INCH', #13202 ) LENGTH_UNIT ( ) NAMED_UNIT ( #7826 ) );
#8893 = VERTEX_POINT ( 'NONE', #11299 ) ;
#8894 = DIRECTION ( 'NONE',  ( 0.0000000000000000000, 0.0000000000000000000, 1.000000000000000000 ) ) ;
#8895 = DIRECTION ( 'NONE',  ( 0.0000000000000000000, 1.000000000000000000, 0.0000000000000000000 ) ) ;
#8896 = EDGE_CURVE ( 'NONE', #6774, #2532, #12571, .T. ) ;
#8897 = ORIENTED_EDGE ( 'NONE', *, *, #3930, .F. ) ;
#8898 = UNCERTAINTY_MEASURE_WITH_UNIT (LENGTH_MEASURE( 1.000000000000000082E-05 ), #9440, 'distance_accuracy_value', 'NONE');
#8899 = FACE_OUTER_BOUND ( 'NONE', #12223, .T. ) ;
#8900 = ORIENTED_EDGE ( 'NONE', *, *, #7056, .T. ) ;
#8901 = ORIENTED_EDGE ( 'NONE', *, *, #11086, .F. ) ;
#8902 = VECTOR ( 'NONE', #10556, 39.37007874015748143 ) ;
#8903 = ORIENTED_EDGE ( 'NONE', *, *, #13057, .F. ) ;
#8904 = LINE ( 'NONE', #9114, #8941 ) ;
#8905 = EDGE_CURVE ( 'NONE', #721, #6280, #6296, .T. ) ;
#8906 = EDGE_CURVE ( 'NONE', #12275, #358, #13404, .T. ) ;
#8907 = DIRECTION ( 'NONE',  ( 1.000000000000000000, 0.0000000000000000000, 0.0000000000000000000 ) ) ;
#8908 = MECHANICAL_DESIGN_GEOMETRIC_PRESENTATION_REPRESENTATION (  '', ( #5236 ), #9357 ) ;
#8909 = CARTESIAN_POINT ( 'NONE',  ( 0.2326408108788161344, 0.1555589999168270066, 0.4810890401532994520 ) ) ;
#8910 = AXIS2_PLACEMENT_3D ( 'NONE', #9651, #11708, #12775 ) ;
#8911 = CARTESIAN_POINT ( 'NONE',  ( 0.1090187636347222794, 0.08075585031049736795, 0.2515614810981877114 ) ) ;
#8912 = ADVANCED_FACE ( 'NONE', ( #1026 ), #3178, .F. ) ;
#8913 = ORIENTED_EDGE ( 'NONE', *, *, #2637, .F. ) ;
#8914 = ORIENTED_EDGE ( 'NONE', *, *, #11173, .T. ) ;
#8915 = ORIENTED_EDGE ( 'NONE', *, *, #7697, .T. ) ;
#8916 = VERTEX_POINT ( 'NONE', #4 ) ;
#8917 = DIMENSIONAL_EXPONENTS ( 1.000000000000000000, 0.0000000000000000000, 0.0000000000000000000, 0.0000000000000000000, 0.0000000000000000000, 0.0000000000000000000, 0.0000000000000000000 ) ;
#8918 = VECTOR ( 'NONE', #10799, 39.37007874015748854 ) ;
#8919 = AXIS2_PLACEMENT_3D ( 'NONE', #4306, #2018, #2143 ) ;
#8920 = CARTESIAN_POINT ( 'NONE',  ( 0.2483888423748475960, 0.3760314408617060900, 0.4007740795233794562 ) ) ;
#8921 = PLANE ( 'NONE',  #9315 ) ;
#8922 = ADVANCED_FACE ( 'NONE', ( #9505 ), #5085, .F. ) ;
#8923 = CARTESIAN_POINT ( 'NONE',  ( 0.1558691573354859805, 0.7897218048774069521, 0.3456559692871650769 ) ) ;
#8924 = DIRECTION ( 'NONE',  ( 0.0000000000000000000, -8.220413448604736877E-18, 1.000000000000000000 ) ) ;
#8925 = CARTESIAN_POINT ( 'NONE',  ( 0.2090187636347206890, 0.08862986605856641720, 0.2397504574761404605 ) ) ;
#8926 = VERTEX_POINT ( 'NONE', #3116 ) ;
#8927 = CARTESIAN_POINT ( 'NONE',  ( 0.1385463226898582811, -0.07278745677611141163, 0.4515614810981849470 ) ) ;
#8928 =( GEOMETRIC_REPRESENTATION_CONTEXT ( 3 ) GLOBAL_UNCERTAINTY_ASSIGNED_CONTEXT ( ( #10039 ) ) GLOBAL_UNIT_ASSIGNED_CONTEXT ( ( #3795, #6935, #13216 ) ) REPRESENTATION_CONTEXT ( 'NONE', 'WORKASPACE' ) );
#8929 = DIRECTION ( 'NONE',  ( -1.937287448275561202E-17, -1.000000000000000000, -8.220413448604590506E-18 ) ) ;
#8930 = ORIENTED_EDGE ( 'NONE', *, *, #1553, .F. ) ;
#8931 = UNCERTAINTY_MEASURE_WITH_UNIT (LENGTH_MEASURE( 1.000000000000000082E-05 ), #9701, 'distance_accuracy_value', 'NONE');
#8932 = DIRECTION ( 'NONE',  ( -1.937287448275560894E-17, -1.000000000000000000, -8.220413448604736877E-18 ) ) ;
#8933 = ORIENTED_EDGE ( 'NONE', *, *, #11574, .T. ) ;
#8934 = VERTEX_POINT ( 'NONE', #9444 ) ;
#8935 =( NAMED_UNIT ( * ) SI_UNIT ( $, .STERADIAN. ) SOLID_ANGLE_UNIT ( ) );
#8936 = VERTEX_POINT ( 'NONE', #12451 ) ;
#8937 = DIRECTION ( 'NONE',  ( -0.3511234415877497184, -0.9363291775692852426, 1.485833765564395504E-16 ) ) ;
#8938 =( GEOMETRIC_REPRESENTATION_CONTEXT ( 3 ) GLOBAL_UNCERTAINTY_ASSIGNED_CONTEXT ( ( #647 ) ) GLOBAL_UNIT_ASSIGNED_CONTEXT ( ( #4938, #10332, #12505 ) ) REPRESENTATION_CONTEXT ( 'NONE', 'WORKASPACE' ) );
#8939 = EDGE_LOOP ( 'NONE', ( #1539, #9706, #2398, #4562 ) ) ;
#8940 = COLOUR_RGB ( '',0.7607843137254901578, 0.7607843137254901578, 0.0000000000000000000 ) ;
#8941 = VECTOR ( 'NONE', #10011, 39.37007874015748143 ) ;
#8942 = FACE_OUTER_BOUND ( 'NONE', #12316, .T. ) ;
#8943 = CARTESIAN_POINT ( 'NONE',  ( 0.3389400234772336762, 0.3760314408617050908, 0.3456559692871650769 ) ) ;
#8944 = MECHANICAL_DESIGN_GEOMETRIC_PRESENTATION_REPRESENTATION (  '', ( #11098 ), #10449 ) ;
#8945 = EDGE_CURVE ( 'NONE', #6443, #357, #8157, .T. ) ;
#8946 = DIRECTION ( 'NONE',  ( -1.937287448275560894E-17, -1.000000000000000000, -8.220413448604736877E-18 ) ) ;
#8947 = CARTESIAN_POINT ( 'NONE',  ( 0.3444518345008468208, 0.05713380306641552275, 0.4515614810981849470 ) ) ;
#8948 = LINE ( 'NONE', #1869, #5650 ) ;
#8949 = MECHANICAL_DESIGN_GEOMETRIC_PRESENTATION_REPRESENTATION (  '', ( #8074 ), #11800 ) ;
#8950 = AXIS2_PLACEMENT_3D ( 'NONE', #1109, #5296, #4021 ) ;
#8951 = AXIS2_PLACEMENT_3D ( 'NONE', #11155, #5958, #673 ) ;
#8952 = CARTESIAN_POINT ( 'NONE',  ( 0.2326408108788161344, 0.1555589999168270066, 0.4810890401532994520 ) ) ;
#8953 = DIRECTION ( 'NONE',  ( -0.7071067811865476838, 0.7071067811865474617, -1.745088153485699165E-16 ) ) ;
#8954 = ORIENTED_EDGE ( 'NONE', *, *, #492, .T. ) ;
#8955 = DIRECTION ( 'NONE',  ( -3.518308117683323894E-16, 1.000000000000000000, -4.163336342344337027E-16 ) ) ;
#8956 = CARTESIAN_POINT ( 'NONE',  ( 0.2405148266268503643, 0.2421731731451662872, 0.2397504574761404328 ) ) ;
#8957 = CARTESIAN_POINT ( 'NONE',  ( 0.4255541967055790908, 0.1988660865309964110, 0.3614040007832317047 ) ) ;
#8958 =( NAMED_UNIT ( * ) PLANE_ANGLE_UNIT ( ) SI_UNIT ( $, .RADIAN. ) );
#8959 = EDGE_CURVE ( 'NONE', #241, #4295, #9450, .T. ) ;
#8960 = CARTESIAN_POINT ( 'NONE',  ( 0.2326408108788038387, 0.3760314408617050908, 0.4322701425155072719 ) ) ;
#8961 = AXIS2_PLACEMENT_3D ( 'NONE', #9908, #6838, #3697 ) ;
#8962 = VECTOR ( 'NONE', #8985, 39.37007874015748143 ) ;
#8963 = CARTESIAN_POINT ( 'NONE',  ( 0.03972742505202855878, 0.2185511259010752549, 0.3614040007832317047 ) ) ;
#8964 = CARTESIAN_POINT ( 'NONE',  ( 0.2916959289890523888, 0.1437479762947815320, 0.3456559692871528644 ) ) ;
#8965 =( LENGTH_UNIT ( ) NAMED_UNIT ( * ) SI_UNIT ( $, .METRE. ) );
#8966 = FACE_OUTER_BOUND ( 'NONE', #4820, .T. ) ;
#8967 = VERTEX_POINT ( 'NONE', #7124 ) ;
#8968 = PLANE ( 'NONE',  #1718 ) ;
#8969 = CARTESIAN_POINT ( 'NONE',  ( 0.1558691573354938631, 0.2421731731451573777, 0.2515614810981877114 ) ) ;
#8970 = CARTESIAN_POINT ( 'NONE',  ( 0.2326408108788038387, 0.3760314408617050908, 0.1901441582635394756 ) ) ;
#8971 = ORIENTED_EDGE ( 'NONE', *, *, #3569, .T. ) ;
#8972 = AXIS2_PLACEMENT_3D ( 'NONE', #12654, #6383, #11788 ) ;
#8973 = CARTESIAN_POINT ( 'NONE',  ( 0.2208297872567572817, 0.05713380306641549500, 0.4397504574761375573 ) ) ;
#8974 = ORIENTED_EDGE ( 'NONE', *, *, #3734, .T. ) ;
#8975 = ORIENTED_EDGE ( 'NONE', *, *, #10120, .T. ) ;
#8976 = ORIENTED_EDGE ( 'NONE', *, *, #12189, .F. ) ;
#8977 = CARTESIAN_POINT ( 'NONE',  ( 0.2326408108788125817, -0.1446865674942330593, 0.2397504574761405161 ) ) ;
#8978 = CARTESIAN_POINT ( 'NONE',  ( 0.3586250628473005575, 0.3760314408617050908, 0.2905378590509410386 ) ) ;
#8979 = EDGE_CURVE ( 'NONE', #1474, #9741, #4126, .T. ) ;
#8980 = LINE ( 'NONE', #619, #3076 ) ;
#8981 = EDGE_CURVE ( 'NONE', #9692, #3207, #4257, .T. ) ;
#8982 = CARTESIAN_POINT ( 'NONE',  ( 0.3385463226898374756, -0.07278745677610246045, 0.2515614810981877669 ) ) ;
#8983 = PLANE ( 'NONE',  #8828 ) ;
#8984 = VECTOR ( 'NONE', #9733, 39.37007874015748143 ) ;
#8985 = DIRECTION ( 'NONE',  ( -1.937287448275561202E-17, -1.000000000000000000, -8.220413448604590506E-18 ) ) ;
#8986 = FACE_OUTER_BOUND ( 'NONE', #4714, .T. ) ;
#8987 = DIRECTION ( 'NONE',  ( -1.000000000000000000, -3.376070039848302092E-16, -2.359223927328455183E-16 ) ) ;
#8988 = VERTEX_POINT ( 'NONE', #10402 ) ;
#8989 = VERTEX_POINT ( 'NONE', #1083 ) ;
#8990 = AXIS2_PLACEMENT_3D ( 'NONE', #390, #10672, #12709 ) ;
#8991 = ORIENTED_EDGE ( 'NONE', *, *, #11974, .T. ) ;
#8992 = CARTESIAN_POINT ( 'NONE',  ( 0.3507510470992762364, 0.5571338030664260144, 0.4440811661375588248 ) ) ;
#8993 = CARTESIAN_POINT ( 'NONE',  ( 0.2726091976981875886, 0.4547715983420210217, 0.3850260480273225983 ) ) ;
#8994 = CARTESIAN_POINT ( 'NONE',  ( 0.3920896297764415728, 0.2677637243262694922, 0.2373882527517304220 ) ) ;
#8995 = EDGE_CURVE ( 'NONE', #12322, #1155, #7276, .T. ) ;
#8996 = LINE ( 'NONE', #13161, #10846 ) ;
#8997 = FACE_OUTER_BOUND ( 'NONE', #8520, .T. ) ;
#8998 = PLANE ( 'NONE',  #420 ) ;
#8999 = CARTESIAN_POINT ( 'NONE',  ( 0.2326408108788038387, 0.2972912833813901590, 0.1684906149564564526 ) ) ;
#9000 = LINE ( 'NONE', #11946, #8626 ) ;
#9001 = VECTOR ( 'NONE', #2117, 39.37007874015748143 ) ;
#9002 = ORIENTED_EDGE ( 'NONE', *, *, #9726, .F. ) ;
#9003 = CARTESIAN_POINT ( 'NONE',  ( 0.1407772938184468914, 0.1096272413866423712, 0.4351572816231147889 ) ) ;
#9004 = PLANE ( 'NONE',  #8673 ) ;
#9005 = DIRECTION ( 'NONE',  ( 1.000000000000000000, -1.937287448275558121E-17, 0.0000000000000000000 ) ) ;
#9006 = EDGE_LOOP ( 'NONE', ( #6594, #5387, #497, #3943 ) ) ;
#9007 = EDGE_CURVE ( 'NONE', #10928, #6515, #9380, .T. ) ;
#9008 = ORIENTED_EDGE ( 'NONE', *, *, #6151, .F. ) ;
#9009 = EDGE_CURVE ( 'NONE', #5786, #13304, #71, .T. ) ;
#9010 = ORIENTED_EDGE ( 'NONE', *, *, #9471, .T. ) ;
#9011 = VECTOR ( 'NONE', #8217, 39.37007874015748143 ) ;
#9012 = ORIENTED_EDGE ( 'NONE', *, *, #2618, .T. ) ;
#9013 = ADVANCED_FACE ( 'NONE', ( #2517 ), #4223, .T. ) ;
#9014 = PLANE ( 'NONE',  #12145 ) ;
#9015 = PLANE ( 'NONE',  #272 ) ;
#9016 = CARTESIAN_POINT ( 'NONE',  ( 0.2483888423748524532, 0.2165826219640790973, 0.2905378590509231085 ) ) ;
#9017 = DIMENSIONAL_EXPONENTS ( 1.000000000000000000, 0.0000000000000000000, 0.0000000000000000000, 0.0000000000000000000, 0.0000000000000000000, 0.0000000000000000000, 0.0000000000000000000 ) ;
#9018 = FACE_OUTER_BOUND ( 'NONE', #6083, .T. ) ;
#9019 = ORIENTED_EDGE ( 'NONE', *, *, #6259, .T. ) ;
#9020 = DIRECTION ( 'NONE',  ( -3.518308117683322415E-16, 1.000000000000000000, -4.163336342344337027E-16 ) ) ;
#9021 = DIRECTION ( 'NONE',  ( 1.174096724532128111E-16, -1.000000000000000000, 1.665334536937734318E-16 ) ) ;
#9022 = ORIENTED_EDGE ( 'NONE', *, *, #1650, .T. ) ;
#9023 = ORIENTED_EDGE ( 'NONE', *, *, #6394, .F. ) ;
#9024 = EDGE_CURVE ( 'NONE', #3784, #9298, #8758, .T. ) ;
#9025 = PLANE ( 'NONE',  #322 ) ;
#9026 = VERTEX_POINT ( 'NONE', #1429 ) ;
#9027 = DIRECTION ( 'NONE',  ( 1.608386623408232256E-17, 1.526556658859589750E-16, 1.000000000000000000 ) ) ;
#9028 = DIRECTION ( 'NONE',  ( 0.0000000000000000000, 0.0000000000000000000, 1.000000000000000000 ) ) ;
#9029 = DIRECTION ( 'NONE',  ( 1.000000000000000000, 0.0000000000000000000, 0.0000000000000000000 ) ) ;
#9030 = DIRECTION ( 'NONE',  ( 1.000000000000000000, -1.937287448275561202E-17, -2.565854121688507820E-49 ) ) ;
#9031 = FACE_OUTER_BOUND ( 'NONE', #3672, .T. ) ;
#9032 = CARTESIAN_POINT ( 'NONE',  ( 0.3507510470992762364, 0.3957164802317839070, 0.2472307724367714676 ) ) ;
#9033 =( LENGTH_UNIT ( ) NAMED_UNIT ( * ) SI_UNIT ( $, .METRE. ) );
#9034 = ORIENTED_EDGE ( 'NONE', *, *, #10262, .F. ) ;
#9035 = CARTESIAN_POINT ( 'NONE',  ( 0.1208297872567766634, -0.05703942528004486701, 0.2515614810981877669 ) ) ;
#9036 = CARTESIAN_POINT ( 'NONE',  ( 0.2405148266268503643, 0.1555589999168268955, 0.2850260480273072439 ) ) ;
#9037 = DIRECTION ( 'NONE',  ( 2.865203769218833733E-48, -8.220413448604590506E-18, 1.000000000000000000 ) ) ;
#9038 = VERTEX_POINT ( 'NONE', #4397 ) ;
#9039 = VECTOR ( 'NONE', #585, 39.37007874015748143 ) ;
#9040 = EDGE_CURVE ( 'NONE', #10436, #4009, #11843, .T. ) ;
#9041 = CARTESIAN_POINT ( 'NONE',  ( 0.2995699447370689383, 0.6083149054286332014, 0.2984118747989754628 ) ) ;
#9042 = ORIENTED_EDGE ( 'NONE', *, *, #3421, .F. ) ;
#9043 = ORIENTED_EDGE ( 'NONE', *, *, #11963, .F. ) ;
#9044 = VERTEX_POINT ( 'NONE', #1554 ) ;
#9045 =( NAMED_UNIT ( * ) SI_UNIT ( $, .STERADIAN. ) SOLID_ANGLE_UNIT ( ) );
#9046 = DIRECTION ( 'NONE',  ( 1.000000000000000000, 3.518308117683323401E-16, 2.626713979715459264E-16 ) ) ;
#9047 = CARTESIAN_POINT ( 'NONE',  ( 0.2483888423748524532, 0.3760314408617060900, 0.3751835283422832457 ) ) ;
#9048 = AXIS2_PLACEMENT_3D ( 'NONE', #6535, #10705, #12803 ) ;
#9049 = DIRECTION ( 'NONE',  ( 0.0000000000000000000, 0.0000000000000000000, 1.000000000000000000 ) ) ;
#9050 = CARTESIAN_POINT ( 'NONE',  ( 0.3645305746583385464, 0.2776062440113114538, 0.3456559692871650769 ) ) ;
#9051 = FACE_OUTER_BOUND ( 'NONE', #7438, .T. ) ;
#9052 = ORIENTED_EDGE ( 'NONE', *, *, #335, .F. ) ;
#9053 = EDGE_CURVE ( 'NONE', #1155, #8106, #11862, .T. ) ;
#9054 = EDGE_CURVE ( 'NONE', #8936, #12259, #9580, .T. ) ;
#9055 = CARTESIAN_POINT ( 'NONE',  ( 0.2208297872567573095, -0.05703942528004478374, 0.4397504574761376683 ) ) ;
#9056 = ORIENTED_EDGE ( 'NONE', *, *, #4324, .F. ) ;
#9057 = ORIENTED_EDGE ( 'NONE', *, *, #3062, .T. ) ;
#9058 =( GEOMETRIC_REPRESENTATION_CONTEXT ( 3 ) GLOBAL_UNCERTAINTY_ASSIGNED_CONTEXT ( ( #10958 ) ) GLOBAL_UNIT_ASSIGNED_CONTEXT ( ( #9779, #8749, #5664 ) ) REPRESENTATION_CONTEXT ( 'NONE', 'WORKASPACE' ) );
#9059 = AXIS2_PLACEMENT_3D ( 'NONE', #4805, #13054, #4737 ) ;
#9060 = EDGE_LOOP ( 'NONE', ( #13461, #8859, #1573, #375 ) ) ;
#9061 = LINE ( 'NONE', #3746, #7206 ) ;
#9062 = CARTESIAN_POINT ( 'NONE',  ( 0.3901211258394337023, 0.08862986605855729949, 0.2078606936966139462 ) ) ;
#9063 = SURFACE_SIDE_STYLE ('',( #4902 ) ) ;
#9064 = DIRECTION ( 'NONE',  ( 1.937287448275561202E-17, 1.000000000000000000, 8.220413448604590506E-18 ) ) ;
#9065 = DIRECTION ( 'NONE',  ( -3.007447121050438636E-18, -2.498001805406601723E-16, -1.000000000000000000 ) ) ;
#9066 = COLOUR_RGB ( '',0.7607843137254901578, 0.7607843137254901578, 0.0000000000000000000 ) ;
#9067 = LINE ( 'NONE', #3884, #5850 ) ;
#9068 = ORIENTED_EDGE ( 'NONE', *, *, #11144, .T. ) ;
#9069 = DIRECTION ( 'NONE',  ( -2.359223927328456662E-16, 3.885780586188047398E-16, 1.000000000000000000 ) ) ;
#9070 = UNCERTAINTY_MEASURE_WITH_UNIT (LENGTH_MEASURE( 1.000000000000000082E-05 ), #10872, 'distance_accuracy_value', 'NONE');
#9071 = CARTESIAN_POINT ( 'NONE',  ( 0.3330345116662203897, 0.1555589999168268955, 0.2062858905469922566 ) ) ;
#9072 = EDGE_CURVE ( 'NONE', #4095, #4295, #12845, .T. ) ;
#9073 = VERTEX_POINT ( 'NONE', #8556 ) ;
#9074 = DIRECTION ( 'NONE',  ( 0.0000000000000000000, 0.0000000000000000000, -1.000000000000000000 ) ) ;
#9075 = CIRCLE ( 'NONE', #6463, 0.08267716535433072833 ) ;
#9076 = VERTEX_POINT ( 'NONE', #9720 ) ;
#9077 = DIRECTION ( 'NONE',  ( -1.937287448275560894E-17, -1.000000000000000000, -8.220413448604736877E-18 ) ) ;
#9078 = FILL_AREA_STYLE_COLOUR ( '', #1149 ) ;
#9079 = EDGE_CURVE ( 'NONE', #11799, #7720, #3511, .T. ) ;
#9080 = SURFACE_STYLE_FILL_AREA ( #11274 ) ;
#9081 = EDGE_CURVE ( 'NONE', #6790, #3965, #1488, .T. ) ;
#9082 = VECTOR ( 'NONE', #45, 39.37007874015748143 ) ;
#9083 = ORIENTED_EDGE ( 'NONE', *, *, #8905, .T. ) ;
#9084 = CARTESIAN_POINT ( 'NONE',  ( 0.1558691573355116822, 0.2264251416490909163, 0.4515614810981848359 ) ) ;
#9085 = EDGE_CURVE ( 'NONE', #1028, #4854, #393, .T. ) ;
#9086 = DIRECTION ( 'NONE',  ( 3.376070039848301106E-16, -1.000000000000000000, 4.302114220422481101E-16 ) ) ;
#9087 = CARTESIAN_POINT ( 'NONE',  ( 0.2194332693203825124, 0.5467381050729630543, 0.4243961267674756788 ) ) ;
#9088 = EDGE_LOOP ( 'NONE', ( #10642, #2971, #12795, #2253 ) ) ;
#9089 = FACE_OUTER_BOUND ( 'NONE', #9470, .T. ) ;
#9090 = VERTEX_POINT ( 'NONE', #460 ) ;
#9091 = LINE ( 'NONE', #6984, #3088 ) ;
#9092 = CARTESIAN_POINT ( 'NONE',  ( 0.2326408108788038387, 0.2185511259010752549, 0.3614040007832317047 ) ) ;
#9093 = VECTOR ( 'NONE', #5568, 39.37007874015748143 ) ;
#9094 = CYLINDRICAL_SURFACE ( 'NONE', #11668, 0.02952755905511810289 ) ;
#9095 = CARTESIAN_POINT ( 'NONE',  ( 0.0000000000000000000, 0.0000000000000000000, 0.0000000000000000000 ) ) ;
#9096 = CARTESIAN_POINT ( 'NONE',  ( 0.1558691573354859805, 0.1988660865309974379, 0.3456559692871650769 ) ) ;
#9097 = PLANE ( 'NONE',  #4823 ) ;
#9098 = EDGE_CURVE ( 'NONE', #3965, #12648, #6441, .T. ) ;
#9099 = LINE ( 'NONE', #5077, #956 ) ;
#9100 = VECTOR ( 'NONE', #12927, 39.37007874015748854 ) ;
#9101 = EDGE_LOOP ( 'NONE', ( #6479, #9509, #429, #13014 ) ) ;
#9102 = CARTESIAN_POINT ( 'NONE',  ( 0.3385463226898374756, -0.07278745677610237719, 0.4515614810981849470 ) ) ;
#9103 = DIMENSIONAL_EXPONENTS ( 1.000000000000000000, 0.0000000000000000000, 0.0000000000000000000, 0.0000000000000000000, 0.0000000000000000000, 0.0000000000000000000, 0.0000000000000000000 ) ;
#9104 = LINE ( 'NONE', #1963, #10948 ) ;
#9105 = MECHANICAL_DESIGN_GEOMETRIC_PRESENTATION_REPRESENTATION (  '', ( #7807 ), #7136 ) ;
#9106 = EDGE_LOOP ( 'NONE', ( #7313, #11131, #3040, #8029 ) ) ;
#9107 = CARTESIAN_POINT ( 'NONE',  ( 0.2726091976981876441, 0.2815432518853281940, 0.3062858905470076110 ) ) ;
#9108 = VERTEX_POINT ( 'NONE', #6512 ) ;
#9109 = ORIENTED_EDGE ( 'NONE', *, *, #10516, .T. ) ;
#9110 = VERTEX_POINT ( 'NONE', #11647 ) ;
#9111 = LINE ( 'NONE', #5277, #48 ) ;
#9112 = VECTOR ( 'NONE', #8386, 39.37007874015748143 ) ;
#9113 = DIRECTION ( 'NONE',  ( -0.5144957554275261247, 0.8574929257125444293, 0.0000000000000000000 ) ) ;
#9114 = CARTESIAN_POINT ( 'NONE',  ( 0.2483888423748524532, 0.4272125432239180509, 0.4007740795234070452 ) ) ;
#9115 = VECTOR ( 'NONE', #6257, 39.37007874015748854 ) ;
#9116 = ADVANCED_FACE ( 'NONE', ( #12711 ), #3374, .T. ) ;
#9117 = LINE ( 'NONE', #8367, #5471 ) ;
#9118 = CARTESIAN_POINT ( 'NONE',  ( 0.3562628581229011493, 0.08075585031051529805, 0.2515614810981877114 ) ) ;
#9119 = ORIENTED_EDGE ( 'NONE', *, *, #12502, .T. ) ;
#9120 = AXIS2_PLACEMENT_3D ( 'NONE', #6831, #7858, #5793 ) ;
#9121 = DIRECTION ( 'NONE',  ( -3.518308117683322415E-16, 1.000000000000000000, -4.163336342344337027E-16 ) ) ;
#9122 = VERTEX_POINT ( 'NONE', #252 ) ;
#9123 = VERTEX_POINT ( 'NONE', #12912 ) ;
#9124 = LINE ( 'NONE', #3946, #7398 ) ;
#9125 = SURFACE_STYLE_FILL_AREA ( #12401 ) ;
#9126 = DIRECTION ( 'NONE',  ( 0.0000000000000000000, 1.000000000000000000, 0.0000000000000000000 ) ) ;
#9127 = CARTESIAN_POINT ( 'NONE',  ( 0.2956329368630823962, 0.08862986605855750766, 0.4854197488147191653 ) ) ;
#9128 = VECTOR ( 'NONE', #8492, 39.37007874015748143 ) ;
#9129 = DIRECTION ( 'NONE',  ( 0.3511234415875753023, 0.9363291775693507457, -2.975952440747971705E-16 ) ) ;
#9130 = EDGE_CURVE ( 'NONE', #1828, #6625, #6706, .T. ) ;
#9131 = DIRECTION ( 'NONE',  ( 0.0000000000000000000, 0.0000000000000000000, 1.000000000000000000 ) ) ;
#9132 = CARTESIAN_POINT ( 'NONE',  ( 0.1027195510362847869, 0.1555589999168269788, 0.2732150244052707899 ) ) ;
#9133 = EDGE_CURVE ( 'NONE', #689, #8793, #7737, .T. ) ;
#9134 = SURFACE_STYLE_FILL_AREA ( #6058 ) ;
#9135 = ORIENTED_EDGE ( 'NONE', *, *, #8906, .T. ) ;
#9136 = CARTESIAN_POINT ( 'NONE',  ( 0.1558691573354859805, 0.2165826219640790973, 0.4007740795233712405 ) ) ;
#9137 = DIRECTION ( 'NONE',  ( 1.000000000000000000, 3.518308117683323401E-16, 2.626713979715459264E-16 ) ) ;
#9138 = DIRECTION ( 'NONE',  ( 0.0000000000000000000, 8.220413448604736877E-18, -1.000000000000000000 ) ) ;
#9139 = VERTEX_POINT ( 'NONE', #7468 ) ;
#9140 = ORIENTED_EDGE ( 'NONE', *, *, #7979, .F. ) ;
#9141 = AXIS2_PLACEMENT_3D ( 'NONE', #13177, #11203, #11057 ) ;
#9142 = CARTESIAN_POINT ( 'NONE',  ( 0.1755541967055904706, 0.1555589999168270066, 0.4397504574761375573 ) ) ;
#9143 = ORIENTED_EDGE ( 'NONE', *, *, #2682, .F. ) ;
#9144 = AXIS2_PLACEMENT_3D ( 'NONE', #9912, #7597, #7670 ) ;
#9145 = DIRECTION ( 'NONE',  ( -1.937287448275561202E-17, -1.000000000000000000, -8.220413448604590506E-18 ) ) ;
#9146 = ORIENTED_EDGE ( 'NONE', *, *, #5136, .T. ) ;
#9147 = FACE_OUTER_BOUND ( 'NONE', #4587, .T. ) ;
#9148 = DIRECTION ( 'NONE',  ( 1.000000000000000000, 3.376070039848302092E-16, 2.359223927328455183E-16 ) ) ;
#9149 = EDGE_CURVE ( 'NONE', #3631, #3296, #8479, .T. ) ;
#9150 = EDGE_CURVE ( 'NONE', #1287, #3110, #5404, .T. ) ;
#9151 = COLOUR_RGB ( '',0.7607843137254901578, 0.7607843137254901578, 0.0000000000000000000 ) ;
#9152 = FACE_OUTER_BOUND ( 'NONE', #6931, .T. ) ;
#9153 = AXIS2_PLACEMENT_3D ( 'NONE', #11560, #942, #2285 ) ;
#9154 = LINE ( 'NONE', #11421, #5030 ) ;
#9155 = CARTESIAN_POINT ( 'NONE',  ( 0.08106600772921163101, 0.1555589999168268955, 0.1980181740115692923 ) ) ;
#9156 = FACE_OUTER_BOUND ( 'NONE', #35, .T. ) ;
#9157 = FACE_OUTER_BOUND ( 'NONE', #678, .T. ) ;
#9158 = ORIENTED_EDGE ( 'NONE', *, *, #6979, .T. ) ;
#9159 = CARTESIAN_POINT ( 'NONE',  ( 0.07516049591817387798, 0.4297564560040105786, 0.2505015174397471900 ) ) ;
#9160 = ORIENTED_EDGE ( 'NONE', *, *, #12135, .T. ) ;
#9161 = VECTOR ( 'NONE', #12887, 39.37007874015748143 ) ;
#9162 = AXIS2_PLACEMENT_3D ( 'NONE', #12011, #9126, #6885 ) ;
#9163 = PRODUCT_DEFINITION ( 'UNKNOWN', '', #11601, #8103 ) ;
#9164 = EDGE_CURVE ( 'NONE', #6564, #9692, #2374, .T. ) ;
#9165 = ORIENTED_EDGE ( 'NONE', *, *, #13188, .F. ) ;
#9166 = DIRECTION ( 'NONE',  ( 1.174096724532128111E-16, -1.000000000000000000, 1.665334536937734318E-16 ) ) ;
#9167 = CARTESIAN_POINT ( 'NONE',  ( 0.1558691573354938353, 0.3681574251136630616, 0.2397504574761404605 ) ) ;
#9168 = LINE ( 'NONE', #10123, #7104 ) ;
#9169 = APPLICATION_PROTOCOL_DEFINITION ( 'draft international standard', 'automotive_design', 1998, #9770 ) ;
#9170 = EDGE_CURVE ( 'NONE', #2593, #543, #3442, .T. ) ;
#9171 = CARTESIAN_POINT ( 'NONE',  ( 0.08106600772921163101, 0.1555589999168268955, 0.2358134496021148940 ) ) ;
#9172 = CARTESIAN_POINT ( 'NONE',  ( 0.3625620707213385585, 0.1555589999168270066, 0.2062465204682520925 ) ) ;
#9173 = AXIS2_PLACEMENT_3D ( 'NONE', #3234, #8410, #12772 ) ;
#9174 = CARTESIAN_POINT ( 'NONE',  ( 0.2267352990677845015, -0.07278745677610241882, 0.4515614810981849470 ) ) ;
#9175 = VECTOR ( 'NONE', #1787, 39.37007874015748143 ) ;
#9176 = VECTOR ( 'NONE', #12394, 39.37007874015748143 ) ;
#9177 = CARTESIAN_POINT ( 'NONE',  ( 0.3743730943433671299, 0.05713380306642420331, 0.5011677803107907891 ) ) ;
#9178 = VERTEX_POINT ( 'NONE', #5951 ) ;
#9179 = DIRECTION ( 'NONE',  ( -1.608386623408232256E-17, -1.526556658859589750E-16, -1.000000000000000000 ) ) ;
#9180 = DIRECTION ( 'NONE',  ( 2.626713979715461236E-16, -3.747002708109903324E-16, -1.000000000000000000 ) ) ;
#9181 = VERTEX_POINT ( 'NONE', #6978 ) ;
#9182 = VERTEX_POINT ( 'NONE', #7048 ) ;
#9183 = CYLINDRICAL_SURFACE ( 'NONE', #5080, 0.05511811023622041616 ) ;
#9184 = VERTEX_POINT ( 'NONE', #11006 ) ;
#9185 = ORIENTED_EDGE ( 'NONE', *, *, #6392, .F. ) ;
#9186 = EDGE_CURVE ( 'NONE', #11817, #5434, #8820, .T. ) ;
#9187 = DIRECTION ( 'NONE',  ( -1.937287448275560894E-17, -1.000000000000000000, -8.220413448604736877E-18 ) ) ;
#9188 = EDGE_CURVE ( 'NONE', #1012, #9838, #9984, .T. ) ;
#9189 = VERTEX_POINT ( 'NONE', #805 ) ;
#9190 = AXIS2_PLACEMENT_3D ( 'NONE', #8645, #12805, #3464 ) ;
#9191 = FACE_OUTER_BOUND ( 'NONE', #4797, .T. ) ;
#9192 = ADVANCED_FACE ( 'NONE', ( #2719 ), #9025, .T. ) ;
#9193 = FILL_AREA_STYLE_COLOUR ( '', #12120 ) ;
#9194 = CARTESIAN_POINT ( 'NONE',  ( 0.2090187636347028977, 0.08075585031051529805, 0.2397504574761404883 ) ) ;
#9195 = VECTOR ( 'NONE', #4487, 39.37007874015748143 ) ;
#9196 = COLOUR_RGB ( '',0.7607843137254901578, 0.7607843137254901578, 0.0000000000000000000 ) ;
#9197 = CARTESIAN_POINT ( 'NONE',  ( 0.1558691573354859805, 0.2165826219640790973, 0.3456559692871650769 ) ) ;
#9198 = VERTEX_POINT ( 'NONE', #11150 ) ;
#9199 = FACE_BOUND ( 'NONE', #9674, .T. ) ;
#9200 = ORIENTED_EDGE ( 'NONE', *, *, #3867, .F. ) ;
#9201 = EDGE_CURVE ( 'NONE', #2520, #6691, #994, .T. ) ;
#9202 = EDGE_LOOP ( 'NONE', ( #11164, #609, #2800, #1964 ) ) ;
#9203 = LINE ( 'NONE', #3264, #7181 ) ;
#9204 = DIRECTION ( 'NONE',  ( 1.000000000000000000, -1.937287448275485398E-17, -8.833616147085625230E-14 ) ) ;
#9205 = AXIS2_PLACEMENT_3D ( 'NONE', #7616, #4474, #10690 ) ;
#9206 = CARTESIAN_POINT ( 'NONE',  ( 0.1027195510362847869, 0.1555589999168269788, 0.2515614810981769423 ) ) ;
#9207 = CARTESIAN_POINT ( 'NONE',  ( 0.1558691573354937521, 0.2933542755073604291, 0.4515614810981848359 ) ) ;
#9208 = SURFACE_STYLE_FILL_AREA ( #1915 ) ;
#9209 = LINE ( 'NONE', #8241, #2316 ) ;
#9210 = FACE_OUTER_BOUND ( 'NONE', #5971, .T. ) ;
#9211 = CARTESIAN_POINT ( 'NONE',  ( 0.1027195510362846897, 0.1555589999168270066, 0.4180969141690437652 ) ) ;
#9212 = CARTESIAN_POINT ( 'NONE',  ( 0.2295926222890636859, 0.5531967951923916216, 0.2669158118068456487 ) ) ;
#9213 = DIRECTION ( 'NONE',  ( -1.408738150179760326E-16, 1.000000000000000000, -3.469446951953614189E-16 ) ) ;
#9214 = VERTEX_POINT ( 'NONE', #1809 ) ;
#9215 = CARTESIAN_POINT ( 'NONE',  ( 0.2956329368630823962, 0.1279999447987149319, 0.2058921897596044936 ) ) ;
#9216 = CARTESIAN_POINT ( 'NONE',  ( 0.2956329368630823962, 0.08862986605855742439, 0.1901441582635379490 ) ) ;
#9217 = ORIENTED_EDGE ( 'NONE', *, *, #9085, .T. ) ;
#9218 = UNCERTAINTY_MEASURE_WITH_UNIT (LENGTH_MEASURE( 1.000000000000000082E-05 ), #792, 'distance_accuracy_value', 'NONE');
#9219 = CARTESIAN_POINT ( 'NONE',  ( 0.1558691573354937521, 0.2933542755073604291, 0.4397504574761375018 ) ) ;
#9220 = VECTOR ( 'NONE', #250, 39.37007874015748854 ) ;
#9221 = ORIENTED_EDGE ( 'NONE', *, *, #8253, .T. ) ;
#9222 = LINE ( 'NONE', #3409, #3673 ) ;
#9223 = ADVANCED_FACE ( 'NONE', ( #10118 ), #3776, .F. ) ;
#9224 = DIRECTION ( 'NONE',  ( 1.000000000000000000, -1.937287448275561202E-17, -2.565854121688507820E-49 ) ) ;
#9225 = ORIENTED_EDGE ( 'NONE', *, *, #12589, .T. ) ;
#9226 = CARTESIAN_POINT ( 'NONE',  ( 0.4255541967055790908, 0.1988660865309964110, 0.3456559692871650769 ) ) ;
#9227 = CARTESIAN_POINT ( 'NONE',  ( 0.3507510470992762364, 0.5571338030664260144, 0.4440811661375588248 ) ) ;
#9228 = AXIS2_PLACEMENT_3D ( 'NONE', #1443, #8777, #10763 ) ;
#9229 = ORIENTED_EDGE ( 'NONE', *, *, #8568, .F. ) ;
#9230 = SURFACE_STYLE_USAGE ( .BOTH. , #12625 ) ;
#9231 = DIRECTION ( 'NONE',  ( 1.000000000000000000, -1.937287448275689392E-17, 1.596249935350384177E-13 ) ) ;
#9232 = CARTESIAN_POINT ( 'NONE',  ( 0.3625620707213385585, 0.1476849841687954412, 0.3456559692871707390 ) ) ;
#9233 = VERTEX_POINT ( 'NONE', #665 ) ;
#9234 = EDGE_CURVE ( 'NONE', #1154, #11405, #1677, .T. ) ;
#9235 = COLOUR_RGB ( '',0.7607843137254901578, 0.7607843137254901578, 0.0000000000000000000 ) ;
#9236 = CARTESIAN_POINT ( 'NONE',  ( 0.1361841179654072198, 0.1988660865309974379, 0.2688843157438651765 ) ) ;
#9237 = ADVANCED_FACE ( 'NONE', ( #9089 ), #7876, .F. ) ;
#9238 = ORIENTED_EDGE ( 'NONE', *, *, #11401, .F. ) ;
#9239 = ORIENTED_EDGE ( 'NONE', *, *, #4007, .T. ) ;
#9240 = PLANE ( 'NONE',  #11257 ) ;
#9241 = CARTESIAN_POINT ( 'NONE',  ( 0.1208297872567766496, -0.05703942528004481843, 0.4515614810981849470 ) ) ;
#9242 = DIRECTION ( 'NONE',  ( -1.937287448275561202E-17, -1.000000000000000000, -8.220413448604590506E-18 ) ) ;
#9243 = DIRECTION ( 'NONE',  ( 0.0000000000000000000, 8.220413448604736877E-18, -1.000000000000000000 ) ) ;
#9244 = ORIENTED_EDGE ( 'NONE', *, *, #3925, .T. ) ;
#9245 = DIRECTION ( 'NONE',  ( 3.518308117683322415E-16, -1.000000000000000000, 4.163336342344337027E-16 ) ) ;
#9246 = DIRECTION ( 'NONE',  ( 1.000000000000000000, 0.0000000000000000000, 0.0000000000000000000 ) ) ;
#9247 = ORIENTED_EDGE ( 'NONE', *, *, #5082, .F. ) ;
#9248 = DIRECTION ( 'NONE',  ( 0.0000000000000000000, 1.000000000000000000, 0.0000000000000000000 ) ) ;
#9249 = EDGE_CURVE ( 'NONE', #9378, #631, #6913, .T. ) ;
#9250 = EDGE_LOOP ( 'NONE', ( #12631, #8341, #7638, #2201 ) ) ;
#9251 = EDGE_LOOP ( 'NONE', ( #12978, #5788, #9901, #12157, #4625, #13122, #1008 ) ) ;
#9252 = PLANE ( 'NONE',  #3449 ) ;
#9253 = VERTEX_POINT ( 'NONE', #5881 ) ;
#9254 = CARTESIAN_POINT ( 'NONE',  ( 0.1027195510362938075, 0.1476849841687954412, 0.4732150244052678589 ) ) ;
#9255 = CARTESIAN_POINT ( 'NONE',  ( 0.2326408108788038387, 0.7045896617363757164, 0.3456559692871650769 ) ) ;
#9256 = DIRECTION ( 'NONE',  ( -1.937287448275561202E-17, -1.000000000000000000, -8.220413448604590506E-18 ) ) ;
#9257 = SURFACE_STYLE_FILL_AREA ( #10285 ) ;
#9258 = CARTESIAN_POINT ( 'NONE',  ( 0.3267352990678009106, -0.07278745677610246045, 0.2515614810981877669 ) ) ;
#9259 = DIRECTION ( 'NONE',  ( 0.9363291775690009144, 0.3511234415885081672, -6.866077602695146364E-17 ) ) ;
#9260 = EDGE_CURVE ( 'NONE', #6691, #8803, #10059, .T. ) ;
#9261 = AXIS2_PLACEMENT_3D ( 'NONE', #2437, #453, #3572 ) ;
#9262 = EDGE_CURVE ( 'NONE', #11894, #9808, #8270, .T. ) ;
#9263 =( NAMED_UNIT ( * ) SI_UNIT ( $, .STERADIAN. ) SOLID_ANGLE_UNIT ( ) );
#9264 = EDGE_CURVE ( 'NONE', #8001, #5863, #3037, .T. ) ;
#9265 = ORIENTED_EDGE ( 'NONE', *, *, #11488, .F. ) ;
#9266 = ORIENTED_EDGE ( 'NONE', *, *, #3342, .T. ) ;
#9267 = VERTEX_POINT ( 'NONE', #10458 ) ;
#9268 = CARTESIAN_POINT ( 'NONE',  ( 0.07319199198118010730, 0.1476849841687953580, 0.1901441582635378935 ) ) ;
#9269 =( GEOMETRIC_REPRESENTATION_CONTEXT ( 3 ) GLOBAL_UNCERTAINTY_ASSIGNED_CONTEXT ( ( #10132 ) ) GLOBAL_UNIT_ASSIGNED_CONTEXT ( ( #505, #4705, #8800 ) ) REPRESENTATION_CONTEXT ( 'NONE', 'WORKASPACE' ) );
#9270 = MECHANICAL_DESIGN_GEOMETRIC_PRESENTATION_REPRESENTATION (  '', ( #13403 ), #1025 ) ;
#9271 = CARTESIAN_POINT ( 'NONE',  ( 0.3625620707213385030, 0.1555589999168269233, 0.2102228984210151586 ) ) ;
#9272 = LINE ( 'NONE', #8315, #4247 ) ;
#9273 = CARTESIAN_POINT ( 'NONE',  ( 0.1267352990678038693, -0.07278745677611142550, 0.4397504574761376683 ) ) ;
#9274 = DIRECTION ( 'NONE',  ( 0.0000000000000000000, 0.0000000000000000000, 1.000000000000000000 ) ) ;
#9275 = PRESENTATION_STYLE_ASSIGNMENT (( #13370 ) ) ;
#9276 = EDGE_CURVE ( 'NONE', #5706, #2153, #4046, .T. ) ;
#9277 = ORIENTED_EDGE ( 'NONE', *, *, #7008, .F. ) ;
#9278 =( GEOMETRIC_REPRESENTATION_CONTEXT ( 3 ) GLOBAL_UNCERTAINTY_ASSIGNED_CONTEXT ( ( #12058 ) ) GLOBAL_UNIT_ASSIGNED_CONTEXT ( ( #10050, #658, #2968 ) ) REPRESENTATION_CONTEXT ( 'NONE', 'WORKASPACE' ) );
#9279 = VERTEX_POINT ( 'NONE', #55 ) ;
#9280 = DIRECTION ( 'NONE',  ( 1.000000000000000000, 0.0000000000000000000, 0.0000000000000000000 ) ) ;
#9281 = ORIENTED_EDGE ( 'NONE', *, *, #9771, .F. ) ;
#9282 = AXIS2_PLACEMENT_3D ( 'NONE', #4952, #13283, #3928 ) ;
#9283 = ORIENTED_EDGE ( 'NONE', *, *, #6085, .T. ) ;
#9284 = ORIENTED_EDGE ( 'NONE', *, *, #10228, .T. ) ;
#9285 = ORIENTED_EDGE ( 'NONE', *, *, #617, .F. ) ;
#9286 = FILL_AREA_STYLE ('',( #11216 ) ) ;
#9287 = VECTOR ( 'NONE', #4507, 39.37007874015748143 ) ;
#9288 = DIMENSIONAL_EXPONENTS ( 1.000000000000000000, 0.0000000000000000000, 0.0000000000000000000, 0.0000000000000000000, 0.0000000000000000000, 0.0000000000000000000, 0.0000000000000000000 ) ;
#9289 = DIRECTION ( 'NONE',  ( 4.283287147278277996E-17, 1.665334536937734318E-16, 1.000000000000000000 ) ) ;
#9290 = ADVANCED_FACE ( 'NONE', ( #10183 ), #5186, .T. ) ;
#9291 = CARTESIAN_POINT ( 'NONE',  ( 0.3625620707213385585, 0.1555589999168270066, 0.2102228984210150753 ) ) ;
#9292 = ORIENTED_EDGE ( 'NONE', *, *, #9323, .T. ) ;
#9293 =( LENGTH_UNIT ( ) NAMED_UNIT ( * ) SI_UNIT ( $, .METRE. ) );
#9294 = FILL_AREA_STYLE_COLOUR ( '', #8555 ) ;
#9295 = VERTEX_POINT ( 'NONE', #8202 ) ;
#9296 = PRESENTATION_LAYER_ASSIGNMENT (  '', '', ( #7109 ) ) ;
#9297 = CARTESIAN_POINT ( 'NONE',  ( 0.1558691573354937243, 0.3681574251136631171, 0.4515614810981847249 ) ) ;
#9298 = VERTEX_POINT ( 'NONE', #11427 ) ;
#9299 = CARTESIAN_POINT ( 'NONE',  ( 0.2405148266268504198, 0.1555589999168270066, 0.2456559692871497225 ) ) ;
#9300 = ORIENTED_EDGE ( 'NONE', *, *, #10327, .F. ) ;
#9301 = CARTESIAN_POINT ( 'NONE',  ( 0.2129557715087250780, 0.1083149054286360186, 0.2019551818855939151 ) ) ;
#9302 = FACE_OUTER_BOUND ( 'NONE', #3454, .T. ) ;
#9303 = CARTESIAN_POINT ( 'NONE',  ( 0.1164990785953284869, 0.3583149054286423607, 0.4677032133816496628 ) ) ;
#9304 = AXIS2_PLACEMENT_3D ( 'NONE', #4314, #3305, #2434 ) ;
#9305 = EDGE_CURVE ( 'NONE', #2298, #4455, #9363, .T. ) ;
#9306 = DIRECTION ( 'NONE',  ( 0.7071067811865472397, -0.7071067811865479058, 0.0000000000000000000 ) ) ;
#9307 = LINE ( 'NONE', #3235, #2406 ) ;
#9308 = ADVANCED_FACE ( 'NONE', ( #11282 ), #6282, .T. ) ;
#9309 = ORIENTED_EDGE ( 'NONE', *, *, #12373, .F. ) ;
#9310 = CARTESIAN_POINT ( 'NONE',  ( 0.1893337242646341567, 0.7897218048774069521, 0.3456559692871650769 ) ) ;
#9311 = ORIENTED_EDGE ( 'NONE', *, *, #4079, .F. ) ;
#9312 = LINE ( 'NONE', #188, #12708 ) ;
#9313 = EDGE_LOOP ( 'NONE', ( #459, #1760, #1638, #7323 ) ) ;
#9314 = VERTEX_POINT ( 'NONE', #7110 ) ;
#9315 = AXIS2_PLACEMENT_3D ( 'NONE', #2622, #6886, #12890 ) ;
#9316 = CARTESIAN_POINT ( 'NONE',  ( 0.2405148266268503088, 0.1555589999168270621, 0.4397504574761375573 ) ) ;
#9317 = ORIENTED_EDGE ( 'NONE', *, *, #2134, .F. ) ;
#9318 = SURFACE_SIDE_STYLE ('',( #10408 ) ) ;
#9319 = CARTESIAN_POINT ( 'NONE',  ( 0.2916959289890400653, 0.1279999447987147931, 0.2019551818855939151 ) ) ;
#9320 = DIRECTION ( 'NONE',  ( 0.4472135955000932084, 0.8944271909998482428, -1.437323020766761117E-16 ) ) ;
#9321 = CARTESIAN_POINT ( 'NONE',  ( 0.2916959289890400653, 0.1279999447987147931, 0.4893567566887362941 ) ) ;
#9322 = CARTESIAN_POINT ( 'NONE',  ( 0.2483888423748524532, 0.4272125432239180509, 0.2905378590509231085 ) ) ;
#9323 = EDGE_CURVE ( 'NONE', #10814, #3580, #5299, .T. ) ;
#9324 = LENGTH_MEASURE_WITH_UNIT ( LENGTH_MEASURE( 0.02539999999999999897 ), #1903 );
#9325 = AXIS2_PLACEMENT_3D ( 'NONE', #333, #7278, #2312 ) ;
#9326 = ORIENTED_EDGE ( 'NONE', *, *, #4262, .T. ) ;
#9327 = DIRECTION ( 'NONE',  ( -3.518308117683322908E-16, 1.000000000000000000, -4.163336342344337520E-16 ) ) ;
#9328 = VECTOR ( 'NONE', #679, 39.37007874015748143 ) ;
#9329 = CARTESIAN_POINT ( 'NONE',  ( 0.3586250628473005575, 0.3760314408617060900, 0.4007740795233891151 ) ) ;
#9330 = EDGE_CURVE ( 'NONE', #4065, #11445, #8142, .T. ) ;
#9331 = VECTOR ( 'NONE', #8644, 39.37007874015748143 ) ;
#9332 = EDGE_CURVE ( 'NONE', #3406, #10420, #2975, .T. ) ;
#9333 = DIRECTION ( 'NONE',  ( 0.0000000000000000000, 1.000000000000000000, 0.0000000000000000000 ) ) ;
#9334 = LINE ( 'NONE', #9271, #3870 ) ;
#9335 = LINE ( 'NONE', #28, #7958 ) ;
#9336 = CARTESIAN_POINT ( 'NONE',  ( 0.05547545654809511728, 0.05713380306642412698, 0.5070732921218072953 ) ) ;
#9337 = CARTESIAN_POINT ( 'NONE',  ( 0.1558691573354937521, 0.2421731731451574332, 0.4515614810981848359 ) ) ;
#9338 = ADVANCED_FACE ( 'NONE', ( #8340 ), #1010, .F. ) ;
#9339 = CARTESIAN_POINT ( 'NONE',  ( 0.3093989504684707681, 0.2448335284032795156, 0.3456559692871528644 ) ) ;
#9340 = PRESENTATION_LAYER_ASSIGNMENT (  '', '', ( #1728 ) ) ;
#9341 = DIRECTION ( 'NONE',  ( -1.356991020290373981E-16, 1.000000000000000000, -3.469446951953614189E-16 ) ) ;
#9342 = ORIENTED_EDGE ( 'NONE', *, *, #12545, .F. ) ;
#9343 = DIRECTION ( 'NONE',  ( 0.0000000000000000000, 0.0000000000000000000, 1.000000000000000000 ) ) ;
#9344 = ORIENTED_EDGE ( 'NONE', *, *, #4023, .F. ) ;
#9345 = UNCERTAINTY_MEASURE_WITH_UNIT (LENGTH_MEASURE( 1.000000000000000082E-05 ), #10584, 'distance_accuracy_value', 'NONE');
#9346 = EDGE_LOOP ( 'NONE', ( #12319, #9748, #4496, #7540, #2410, #12913, #1777 ) ) ;
#9347 = ORIENTED_EDGE ( 'NONE', *, *, #274, .F. ) ;
#9348 = VERTEX_POINT ( 'NONE', #12495 ) ;
#9349 = AXIS2_PLACEMENT_3D ( 'NONE', #12150, #9213, #7022 ) ;
#9350 = EDGE_CURVE ( 'NONE', #8864, #6973, #7937, .T. ) ;
#9351 = VERTEX_POINT ( 'NONE', #13387 ) ;
#9352 = DIRECTION ( 'NONE',  ( -2.359223927328456662E-16, 3.885780586188047398E-16, 1.000000000000000000 ) ) ;
#9353 = FACE_OUTER_BOUND ( 'NONE', #2408, .T. ) ;
#9354 = DIRECTION ( 'NONE',  ( 0.0000000000000000000, 0.0000000000000000000, 1.000000000000000000 ) ) ;
#9355 = EDGE_CURVE ( 'NONE', #2720, #11028, #2024, .T. ) ;
#9356 = FILL_AREA_STYLE_COLOUR ( '', #7544 ) ;
#9357 =( GEOMETRIC_REPRESENTATION_CONTEXT ( 3 ) GLOBAL_UNCERTAINTY_ASSIGNED_CONTEXT ( ( #6895 ) ) GLOBAL_UNIT_ASSIGNED_CONTEXT ( ( #5806, #1807, #11279 ) ) REPRESENTATION_CONTEXT ( 'NONE', 'WORKASPACE' ) );
#9358 = VECTOR ( 'NONE', #1021, 39.37007874015748143 ) ;
#9359 = ORIENTED_EDGE ( 'NONE', *, *, #8861, .T. ) ;
#9360 = DIRECTION ( 'NONE',  ( -0.0000000000000000000, -1.000000000000000000, -0.0000000000000000000 ) ) ;
#9361 = DIRECTION ( 'NONE',  ( -1.000000000000000000, 0.0000000000000000000, 0.0000000000000000000 ) ) ;
#9362 = ORIENTED_EDGE ( 'NONE', *, *, #10433, .F. ) ;
#9363 = LINE ( 'NONE', #13453, #3584 ) ;
#9364 = ORIENTED_EDGE ( 'NONE', *, *, #5721, .T. ) ;
#9365 = DIRECTION ( 'NONE',  ( -0.3511234415886834714, 0.9363291775689350782, -4.820554145996930513E-16 ) ) ;
#9366 = EDGE_CURVE ( 'NONE', #8249, #8444, #10324, .T. ) ;
#9367 = VECTOR ( 'NONE', #1289, 39.37007874015748143 ) ;
#9368 = VECTOR ( 'NONE', #150, 39.37007874015748143 ) ;
#9369 = LINE ( 'NONE', #11495, #4504 ) ;
#9370 = AXIS2_PLACEMENT_3D ( 'NONE', #7248, #1200, #8466 ) ;
#9371 = LINE ( 'NONE', #2157, #2338 ) ;
#9372 = CARTESIAN_POINT ( 'NONE',  ( 0.3090187636347014322, 0.08075585031051527030, 0.2515614810981877114 ) ) ;
#9373 = ORIENTED_EDGE ( 'NONE', *, *, #537, .T. ) ;
#9374 = PLANE ( 'NONE',  #8910 ) ;
#9375 = VECTOR ( 'NONE', #5464, 39.37007874015748143 ) ;
#9376 = VECTOR ( 'NONE', #1746, 39.37007874015748143 ) ;
#9377 = LENGTH_MEASURE_WITH_UNIT ( LENGTH_MEASURE( 0.02539999999999999897 ), #7267 );
#9378 = VERTEX_POINT ( 'NONE', #11050 ) ;
#9379 = AXIS2_PLACEMENT_3D ( 'NONE', #7234, #3020, #1231 ) ;
#9380 = LINE ( 'NONE', #11579, #9884 ) ;
#9381 = ORIENTED_EDGE ( 'NONE', *, *, #7257, .T. ) ;
#9382 = ORIENTED_EDGE ( 'NONE', *, *, #3256, .T. ) ;
#9383 = DIRECTION ( 'NONE',  ( 1.608386623408232256E-17, 1.526556658859589750E-16, 1.000000000000000000 ) ) ;
#9384 = EDGE_CURVE ( 'NONE', #8140, #5807, #9958, .T. ) ;
#9385 = ORIENTED_EDGE ( 'NONE', *, *, #12073, .T. ) ;
#9386 = SURFACE_SIDE_STYLE ('',( #6239 ) ) ;
#9387 = VECTOR ( 'NONE', #5932, 39.37007874015748854 ) ;
#9388 = AXIS2_PLACEMENT_3D ( 'NONE', #11750, #9479, #167 ) ;
#9390 = FACE_OUTER_BOUND ( 'NONE', #8, .T. ) ;
#9389 = VECTOR ( 'NONE', #2139, 39.37007874015748143 ) ;
#9391 = AXIS2_PLACEMENT_3D ( 'NONE', #8669, #2633, #5654 ) ;
#9392 = DIRECTION ( 'NONE',  ( -1.316334802367150653E-16, 1.000000000000000000, -1.526556658859589750E-16 ) ) ;
#9393 = SURFACE_SIDE_STYLE ('',( #977 ) ) ;
#9394 = CARTESIAN_POINT ( 'NONE',  ( 0.1208297872567766496, -0.05703942528004481843, 0.4515614810981849470 ) ) ;
#9395 = DIRECTION ( 'NONE',  ( 1.937287448275561202E-17, 1.000000000000000000, 8.220413448604590506E-18 ) ) ;
#9396 = ORIENTED_EDGE ( 'NONE', *, *, #11460, .T. ) ;
#9397 = COLOUR_RGB ( '',0.7607843137254901578, 0.7607843137254901578, 0.0000000000000000000 ) ;
#9398 = CARTESIAN_POINT ( 'NONE',  ( 0.3920896297764415728, 0.3760314408617050908, 0.5011677803107907891 ) ) ;
#9399 = VECTOR ( 'NONE', #2918, 39.37007874015748143 ) ;
#9400 = COLOUR_RGB ( '',0.7529411764705882248, 0.7529411764705882248, 0.7529411764705882248 ) ;
#9401 = ORIENTED_EDGE ( 'NONE', *, *, #287, .F. ) ;
#9402 = ADVANCED_FACE ( 'NONE', ( #13237 ), #7021, .F. ) ;
#9403 = ADVANCED_FACE ( 'NONE', ( #1851 ), #5992, .F. ) ;
#9404 = ORIENTED_EDGE ( 'NONE', *, *, #12105, .T. ) ;
#9405 = DIRECTION ( 'NONE',  ( 1.174096724532128111E-16, -1.000000000000000000, 1.665334536937734318E-16 ) ) ;
#9406 = LINE ( 'NONE', #2188, #7649 ) ;
#9407 = DIRECTION ( 'NONE',  ( 1.000000000000000000, 1.408738150179760326E-16, -6.014894242100891138E-18 ) ) ;
#9408 = DIRECTION ( 'NONE',  ( 1.000000000000000000, 0.0000000000000000000, 0.0000000000000000000 ) ) ;
#9409 = MECHANICAL_DESIGN_GEOMETRIC_PRESENTATION_REPRESENTATION (  '', ( #7892 ), #741 ) ;
#9410 = DIRECTION ( 'NONE',  ( 1.316334802367150653E-16, -1.000000000000000000, 1.526556658859589750E-16 ) ) ;
#9411 = CARTESIAN_POINT ( 'NONE',  ( 0.2326408108788038387, 0.3760314408617050908, 0.4322701425155072719 ) ) ;
#9412 = VECTOR ( 'NONE', #11097, 39.37007874015748143 ) ;
#9413 = ORIENTED_EDGE ( 'NONE', *, *, #1529, .F. ) ;
#9414 = VERTEX_POINT ( 'NONE', #9118 ) ;
#9415 = ORIENTED_EDGE ( 'NONE', *, *, #865, .F. ) ;
#9416 = ORIENTED_EDGE ( 'NONE', *, *, #3516, .T. ) ;
#9417 = PRESENTATION_STYLE_ASSIGNMENT (( #3279 ) ) ;
#9418 = VECTOR ( 'NONE', #1230, 39.37007874015748143 ) ;
#9419 = ADVANCED_FACE ( 'NONE', ( #625 ), #10969, .T. ) ;
#9420 = ORIENTED_EDGE ( 'NONE', *, *, #12980, .T. ) ;
#9421 = PLANE ( 'NONE',  #2001 ) ;
#9422 = CARTESIAN_POINT ( 'NONE',  ( 0.2405148266268503088, 0.1555589999168270621, 0.4850260480273043129 ) ) ;
#9423 = CARTESIAN_POINT ( 'NONE',  ( 0.2326408108788038387, 0.1949290786569807254, 0.3810890401533105210 ) ) ;
#9424 = FILL_AREA_STYLE_COLOUR ( '', #135 ) ;
#9425 = CARTESIAN_POINT ( 'NONE',  ( 0.2483888423748703833, 0.2776062440113114538, 0.5385693551139404400 ) ) ;
#9426 = PLANE ( 'NONE',  #3728 ) ;
#9427 = EDGE_CURVE ( 'NONE', #7855, #6010, #1704, .T. ) ;
#9428 = DIRECTION ( 'NONE',  ( 6.014894242100855701E-18, 2.498001805406601723E-16, 1.000000000000000000 ) ) ;
#9429 = CARTESIAN_POINT ( 'NONE',  ( 0.2090187636347128619, 0.3760314408617060900, 0.2905378590509231085 ) ) ;
#9430 = EDGE_CURVE ( 'NONE', #11747, #9279, #3871, .T. ) ;
#9431 = ORIENTED_EDGE ( 'NONE', *, *, #7724, .T. ) ;
#9432 = DIRECTION ( 'NONE',  ( -1.608386623408232256E-17, -1.526556658859589750E-16, -1.000000000000000000 ) ) ;
#9433 = ORIENTED_EDGE ( 'NONE', *, *, #9920, .T. ) ;
#9434 = EDGE_CURVE ( 'NONE', #1926, #4377, #10020, .T. ) ;
#9435 = VERTEX_POINT ( 'NONE', #2811 ) ;
#9436 = FACE_OUTER_BOUND ( 'NONE', #10310, .T. ) ;
#9437 = CARTESIAN_POINT ( 'NONE',  ( 0.3113809683591187705, 0.5610708109404453081, 0.3299079377910985045 ) ) ;
#9438 = VECTOR ( 'NONE', #11040, 39.37007874015748143 ) ;
#9439 = CARTESIAN_POINT ( 'NONE',  ( 0.1558691573354859805, 0.1988660865309974379, 0.4007740795233712405 ) ) ;
#9440 =( CONVERSION_BASED_UNIT ( 'INCH', #4188 ) LENGTH_UNIT ( ) NAMED_UNIT ( #13294 ) );
#9441 = LINE ( 'NONE', #1210, #1395 ) ;
#9442 = ADVANCED_FACE ( 'NONE', ( #4615 ), #9521, .F. ) ;
#9443 = AXIS2_PLACEMENT_3D ( 'NONE', #10275, #12321, #5139 ) ;
#9444 = CARTESIAN_POINT ( 'NONE',  ( 0.1027195510362948483, 0.3583149054286423607, 0.1940811661375485830 ) ) ;
#9445 = ORIENTED_EDGE ( 'NONE', *, *, #8621, .F. ) ;
#9446 = VERTEX_POINT ( 'NONE', #1374 ) ;
#9447 = LINE ( 'NONE', #13407, #13261 ) ;
#9448 = ORIENTED_EDGE ( 'NONE', *, *, #11447, .T. ) ;
#9449 = CARTESIAN_POINT ( 'NONE',  ( 0.1027195510362938075, 0.1476849841687954135, 0.2358134496021148940 ) ) ;
#9450 = CIRCLE ( 'NONE', #9443, 0.05610236220472441387 ) ;
#9451 = PLANE ( 'NONE',  #2888 ) ;
#9452 = SURFACE_SIDE_STYLE ('',( #11448 ) ) ;
#9453 = LINE ( 'NONE', #9727, #11390 ) ;
#9454 = LENGTH_MEASURE_WITH_UNIT ( LENGTH_MEASURE( 0.02539999999999999897 ), #8365 );
#9455 = DIRECTION ( 'NONE',  ( 0.0000000000000000000, 0.0000000000000000000, 1.000000000000000000 ) ) ;
#9456 = CARTESIAN_POINT ( 'NONE',  ( 0.2405148266268504198, 0.1555589999168269788, 0.2180969141690466684 ) ) ;
#9457 = DIRECTION ( 'NONE',  ( -0.0000000000000000000, -0.0000000000000000000, -1.000000000000000000 ) ) ;
#9458 = EDGE_CURVE ( 'NONE', #3991, #8864, #1439, .T. ) ;
#9459 = LINE ( 'NONE', #980, #3775 ) ;
#9460 = ORIENTED_EDGE ( 'NONE', *, *, #4237, .F. ) ;
#9461 = CARTESIAN_POINT ( 'NONE',  ( 0.2483888423748475960, 0.3760314408617060900, 0.2905378590509508085 ) ) ;
#9462 = DIRECTION ( 'NONE',  ( 3.518308117683322415E-16, -1.000000000000000000, 4.163336342344337027E-16 ) ) ;
#9463 = LINE ( 'NONE', #8374, #1357 ) ;
#9464 = DIRECTION ( 'NONE',  ( -3.518308117683322415E-16, 1.000000000000000000, -4.163336342344337027E-16 ) ) ;
#9465 = PRESENTATION_LAYER_ASSIGNMENT (  '', '', ( #3377 ) ) ;
#9466 = CARTESIAN_POINT ( 'NONE',  ( 0.2326408108788038387, 0.5295747479483139397, 0.3456559692871650769 ) ) ;
#9467 = PLANE ( 'NONE',  #13030 ) ;
#9468 = CARTESIAN_POINT ( 'NONE',  ( 0.1342156140284146149, 0.5295747479483139397, 0.3456559692871650769 ) ) ;
#9469 = EDGE_CURVE ( 'NONE', #4161, #6221, #2529, .T. ) ;
#9470 = EDGE_LOOP ( 'NONE', ( #806, #4583, #4813, #4743 ) ) ;
#9471 = EDGE_CURVE ( 'NONE', #4415, #2484, #6655, .T. ) ;
#9472 = DIRECTION ( 'NONE',  ( 1.937287448275561202E-17, 1.000000000000000000, 8.220413448604590506E-18 ) ) ;
#9473 = ORIENTED_EDGE ( 'NONE', *, *, #10485, .F. ) ;
#9474 = ORIENTED_EDGE ( 'NONE', *, *, #12148, .T. ) ;
#9475 = ORIENTED_EDGE ( 'NONE', *, *, #11508, .F. ) ;
#9476 = ORIENTED_EDGE ( 'NONE', *, *, #3211, .T. ) ;
#9477 = VECTOR ( 'NONE', #6053, 39.37007874015748143 ) ;
#9478 = ORIENTED_EDGE ( 'NONE', *, *, #7593, .T. ) ;
#9479 = DIRECTION ( 'NONE',  ( 1.608386623408232256E-17, 1.526556658859589750E-16, 1.000000000000000000 ) ) ;
#9480 = CARTESIAN_POINT ( 'NONE',  ( 0.1893337242646341567, 0.3760314408617060900, 0.3456559692871650769 ) ) ;
#9481 = CARTESIAN_POINT ( 'NONE',  ( 0.3310660077292020276, 0.5295747479483139397, 0.3456559692871650769 ) ) ;
#9482 = LINE ( 'NONE', #175, #11247 ) ;
#9483 = AXIS2_PLACEMENT_3D ( 'NONE', #8947, #10998, #587 ) ;
#9484 = AXIS2_PLACEMENT_3D ( 'NONE', #1810, #7806, #13193 ) ;
#9485 = CARTESIAN_POINT ( 'NONE',  ( 0.3468140392252720416, 0.1555589999168270066, 0.2062858905469922566 ) ) ;
#9486 = EDGE_CURVE ( 'NONE', #6068, #1474, #8772, .T. ) ;
#9487 = ORIENTED_EDGE ( 'NONE', *, *, #4497, .T. ) ;
#9488 = ORIENTED_EDGE ( 'NONE', *, *, #1450, .F. ) ;
#9489 = LINE ( 'NONE', #11485, #3078 ) ;
#9490 = ORIENTED_EDGE ( 'NONE', *, *, #6999, .T. ) ;
#9491 = LINE ( 'NONE', #5261, #60 ) ;
#9492 = VECTOR ( 'NONE', #49, 39.37007874015748143 ) ;
#9493 = DIRECTION ( 'NONE',  ( 0.0000000000000000000, -1.000000000000000000, 0.0000000000000000000 ) ) ;
#9494 = VECTOR ( 'NONE', #12175, 39.37007874015748143 ) ;
#9495 = VERTEX_POINT ( 'NONE', #11596 ) ;
#9496 = PLANE ( 'NONE',  #9304 ) ;
#9497 = EDGE_CURVE ( 'NONE', #3210, #1388, #12657, .T. ) ;
#9498 = ADVANCED_FACE ( 'NONE', ( #13133 ), #11083, .T. ) ;
#9499 = DIRECTION ( 'NONE',  ( 0.0000000000000000000, -8.220413448604736877E-18, 1.000000000000000000 ) ) ;
#9500 = ADVANCED_FACE ( 'NONE', ( #6787 ), #8968, .F. ) ;
#9501 = ORIENTED_EDGE ( 'NONE', *, *, #12244, .T. ) ;
#9502 = PLANE ( 'NONE',  #5421 ) ;
#9503 = DIRECTION ( 'NONE',  ( -1.356991020290373981E-16, 1.000000000000000000, -3.469446951953614189E-16 ) ) ;
#9504 = CARTESIAN_POINT ( 'NONE',  ( 0.3330345116662203342, 0.1555589999168271176, 0.4397504574761375573 ) ) ;
#9505 = FACE_OUTER_BOUND ( 'NONE', #9202, .T. ) ;
#9506 = VERTEX_POINT ( 'NONE', #2731 ) ;
#9507 = ORIENTED_EDGE ( 'NONE', *, *, #6638, .F. ) ;
#9508 = CARTESIAN_POINT ( 'NONE',  ( 0.2326408108788161344, 0.1476849841687954135, 0.2554984889721936270 ) ) ;
#9509 = ORIENTED_EDGE ( 'NONE', *, *, #835, .T. ) ;
#9510 =( NAMED_UNIT ( * ) SI_UNIT ( $, .STERADIAN. ) SOLID_ANGLE_UNIT ( ) );
#9511 = AXIS2_PLACEMENT_3D ( 'NONE', #2836, #4859, #2639 ) ;
#9512 = EDGE_CURVE ( 'NONE', #4168, #9604, #7948, .T. ) ;
#9513 = CARTESIAN_POINT ( 'NONE',  ( 0.07319199198116600746, 0.05713380306642412698, 0.5011677803107907891 ) ) ;
#9514 =( CONVERSION_BASED_UNIT ( 'INCH', #4336 ) LENGTH_UNIT ( ) NAMED_UNIT ( #6688 ) );
#9515 = DIRECTION ( 'NONE',  ( 0.0000000000000000000, 0.0000000000000000000, -1.000000000000000000 ) ) ;
#9516 = CARTESIAN_POINT ( 'NONE',  ( 0.3625620707213385030, 0.08862986605856656985, 0.4397504574761376683 ) ) ;
#9517 = PRESENTATION_STYLE_ASSIGNMENT (( #6308 ) ) ;
#9518 = DIRECTION ( 'NONE',  ( 1.937287448275561202E-17, 1.000000000000000000, 8.220413448604590506E-18 ) ) ;
#9519 = CARTESIAN_POINT ( 'NONE',  ( 0.2405148266268503643, 0.3760314408617053128, 0.2456559692871496947 ) ) ;
#9520 = EDGE_CURVE ( 'NONE', #11300, #5653, #4940, .T. ) ;
#9521 = PLANE ( 'NONE',  #3150 ) ;
#9522 = CARTESIAN_POINT ( 'NONE',  ( 0.3208297872567558162, -0.05703942528003578399, 0.4515614810981849470 ) ) ;
#9523 = DIRECTION ( 'NONE',  ( 0.0000000000000000000, 0.0000000000000000000, 1.000000000000000000 ) ) ;
#9524 = VECTOR ( 'NONE', #1845, 39.37007874015748143 ) ;
#9525 = LINE ( 'NONE', #10419, #7696 ) ;
#9526 = ORIENTED_EDGE ( 'NONE', *, *, #3011, .F. ) ;
#9527 = ORIENTED_EDGE ( 'NONE', *, *, #3698, .T. ) ;
#9528 = PRESENTATION_STYLE_ASSIGNMENT (( #4346 ) ) ;
#9529 = ADVANCED_FACE ( 'NONE', ( #6862 ), #10071, .F. ) ;
#9530 = DIRECTION ( 'NONE',  ( 1.000000000000000000, 1.316334802367150653E-16, -1.608386623408235030E-17 ) ) ;
#9531 = CARTESIAN_POINT ( 'NONE',  ( 0.2405148266268504198, 0.1555589999168270066, 0.2732150244052707344 ) ) ;
#9532 =( CONVERSION_BASED_UNIT ( 'INCH', #6468 ) LENGTH_UNIT ( ) NAMED_UNIT ( #5357 ) );
#9533 = VECTOR ( 'NONE', #11551, 39.37007874015748143 ) ;
#9534 = CARTESIAN_POINT ( 'NONE',  ( 0.2385463226898389133, -0.07278745677610248821, 0.2515614810981877669 ) ) ;
#9535 = CARTESIAN_POINT ( 'NONE',  ( 0.3468140392252720416, 0.1555589999168270066, 0.2397504574761404605 ) ) ;
#9536 = DIRECTION ( 'NONE',  ( -0.5547001962252282592, 0.0000000000000000000, 0.8320502943378441651 ) ) ;
#9537 = EDGE_LOOP ( 'NONE', ( #8433, #6265, #3645, #3720 ) ) ;
#9538 = LINE ( 'NONE', #11331, #8022 ) ;
#9539 = VERTEX_POINT ( 'NONE', #6994 ) ;
#9540 = AXIS2_PLACEMENT_3D ( 'NONE', #8830, #1822, #9928 ) ;
#9541 = ORIENTED_EDGE ( 'NONE', *, *, #6977, .F. ) ;
#9542 = LINE ( 'NONE', #5440, #1308 ) ;
#9543 = ORIENTED_EDGE ( 'NONE', *, *, #10878, .T. ) ;
#9544 = PRESENTATION_LAYER_ASSIGNMENT (  '', '', ( #7807 ) ) ;
#9545 = EDGE_LOOP ( 'NONE', ( #5692, #13454, #5189, #9806, #13356, #6808, #13452 ) ) ;
#9546 = SURFACE_STYLE_USAGE ( .BOTH. , #10580 ) ;
#9547 = EDGE_CURVE ( 'NONE', #2454, #13339, #755, .T. ) ;
#9548 = EDGE_CURVE ( 'NONE', #11696, #5219, #10643, .T. ) ;
#9549 = DIRECTION ( 'NONE',  ( 1.000000000000000000, 0.0000000000000000000, 0.0000000000000000000 ) ) ;
#9550 = FACE_OUTER_BOUND ( 'NONE', #4567, .T. ) ;
#9551 = LINE ( 'NONE', #6548, #12358 ) ;
#9552 = SURFACE_SIDE_STYLE ('',( #5519 ) ) ;
#9553 = VECTOR ( 'NONE', #104, 39.37007874015748143 ) ;
#9554 = SURFACE_STYLE_USAGE ( .BOTH. , #7447 ) ;
#9555 = LINE ( 'NONE', #2281, #7580 ) ;
#9556 = DIMENSIONAL_EXPONENTS ( 1.000000000000000000, 0.0000000000000000000, 0.0000000000000000000, 0.0000000000000000000, 0.0000000000000000000, 0.0000000000000000000, 0.0000000000000000000 ) ;
#9557 = FILL_AREA_STYLE ('',( #5645 ) ) ;
#9558 = VECTOR ( 'NONE', #10030, 39.37007874015748143 ) ;
#9559 = CARTESIAN_POINT ( 'NONE',  ( 0.1558691573354859805, 0.7897218048774069521, 0.3456559692871650769 ) ) ;
#9560 = CARTESIAN_POINT ( 'NONE',  ( 0.2326408108788161344, 0.1476849841687954967, 0.5011677803107856821 ) ) ;
#9561 = CARTESIAN_POINT ( 'NONE',  ( 0.2483888423748524532, 0.4272125432239180509, 0.2905378590509231085 ) ) ;
#9562 = ORIENTED_EDGE ( 'NONE', *, *, #5164, .T. ) ;
#9563 = DIRECTION ( 'NONE',  ( 0.0000000000000000000, 0.7999999999998903544, -0.6000000000001461942 ) ) ;
#9564 = EDGE_LOOP ( 'NONE', ( #13408, #13019, #5931, #2549 ) ) ;
#9565 = VECTOR ( 'NONE', #1500, 39.37007874015748143 ) ;
#9566 = FACE_OUTER_BOUND ( 'NONE', #5880, .T. ) ;
#9567 = LINE ( 'NONE', #2359, #12206 ) ;
#9568 = EDGE_CURVE ( 'NONE', #12946, #8351, #11020, .T. ) ;
#9569 = EDGE_LOOP ( 'NONE', ( #11649, #86, #9143, #2293, #13204, #6278 ) ) ;
#9570 = EDGE_CURVE ( 'NONE', #3784, #12846, #816, .T. ) ;
#9571 = LINE ( 'NONE', #5534, #1916 ) ;
#9572 = CARTESIAN_POINT ( 'NONE',  ( 0.3444518345008468208, 0.05713380306641541867, 0.2515614810981877114 ) ) ;
#9573 = FILL_AREA_STYLE ('',( #4387 ) ) ;
#9574 = DIRECTION ( 'NONE',  ( -0.5773502691896256200, -0.5773502691896259531, -0.5773502691896256200 ) ) ;
#9575 = ORIENTED_EDGE ( 'NONE', *, *, #12299, .T. ) ;
#9576 = DIRECTION ( 'NONE',  ( 1.000000000000000000, -1.937287448275630844E-17, 8.833616147085625230E-14 ) ) ;
#9577 = DIRECTION ( 'NONE',  ( 0.0000000000000000000, 1.000000000000000000, 0.0000000000000000000 ) ) ;
#9578 = EDGE_CURVE ( 'NONE', #2042, #10728, #13205, .T. ) ;
#9579 = ORIENTED_EDGE ( 'NONE', *, *, #3083, .F. ) ;
#9580 = LINE ( 'NONE', #327, #3142 ) ;
#9581 = VERTEX_POINT ( 'NONE', #8012 ) ;
#9582 = VECTOR ( 'NONE', #5102, 39.37007874015748143 ) ;
#9583 = VERTEX_POINT ( 'NONE', #12182 ) ;
#9584 = VECTOR ( 'NONE', #6768, 39.37007874015748143 ) ;
#9585 = CARTESIAN_POINT ( 'NONE',  ( 0.1893337242646520313, 0.2165826219640790973, 0.2236087251926805186 ) ) ;
#9586 = VERTEX_POINT ( 'NONE', #6720 ) ;
#9587 = ADVANCED_FACE ( 'NONE', ( #2852 ), #3590, .T. ) ;
#9588 = DIRECTION ( 'NONE',  ( -1.000000000000000000, -1.316334802367150653E-16, 1.608386623408235030E-17 ) ) ;
#9589 = DIRECTION ( 'NONE',  ( -1.000000000000000000, -1.408738150179760326E-16, 6.014894242100891138E-18 ) ) ;
#9590 = LENGTH_MEASURE_WITH_UNIT ( LENGTH_MEASURE( 0.02539999999999999897 ), #4337 );
#9591 = CARTESIAN_POINT ( 'NONE',  ( 0.2916959289890400653, 0.1279999447987147931, 0.5011677803107907891 ) ) ;
#9592 = DIRECTION ( 'NONE',  ( -5.273376169246168153E-17, 0.7071067811865479058, 0.7071067811865471286 ) ) ;
#9593 = PRESENTATION_LAYER_ASSIGNMENT (  '', '', ( #11346 ) ) ;
#9594 =( GEOMETRIC_REPRESENTATION_CONTEXT ( 3 ) GLOBAL_UNCERTAINTY_ASSIGNED_CONTEXT ( ( #6201 ) ) GLOBAL_UNIT_ASSIGNED_CONTEXT ( ( #670, #8958, #13197 ) ) REPRESENTATION_CONTEXT ( 'NONE', 'WORKASPACE' ) );
#9595 = CARTESIAN_POINT ( 'NONE',  ( 0.3468140392252720416, 0.1555589999168270066, 0.2062858905469922566 ) ) ;
#9596 = AXIS2_PLACEMENT_3D ( 'NONE', #1428, #5543, #4600 ) ;
#9597 = PLANE ( 'NONE',  #9205 ) ;
#9598 = CARTESIAN_POINT ( 'NONE',  ( 0.3468140392252718751, 0.3130393148774570644, 0.4397504574761375018 ) ) ;
#9599 = EDGE_CURVE ( 'NONE', #13156, #6599, #11917, .T. ) ;
#9600 = ORIENTED_EDGE ( 'NONE', *, *, #3914, .F. ) ;
#9601 = EDGE_CURVE ( 'NONE', #9801, #4075, #3785, .T. ) ;
#9602 = CARTESIAN_POINT ( 'NONE',  ( 0.1027195510362938075, 0.1476849841687954412, 0.4554984889722087371 ) ) ;
#9603 = ORIENTED_EDGE ( 'NONE', *, *, #1311, .F. ) ;
#9604 = VERTEX_POINT ( 'NONE', #2658 ) ;
#9605 = ORIENTED_EDGE ( 'NONE', *, *, #5830, .F. ) ;
#9606 = VECTOR ( 'NONE', #9462, 39.37007874015748143 ) ;
#9607 =( GEOMETRIC_REPRESENTATION_CONTEXT ( 3 ) GLOBAL_UNCERTAINTY_ASSIGNED_CONTEXT ( ( #8121 ) ) GLOBAL_UNIT_ASSIGNED_CONTEXT ( ( #2541, #9809, #1511 ) ) REPRESENTATION_CONTEXT ( 'NONE', 'WORKASPACE' ) );
#9608 = CARTESIAN_POINT ( 'NONE',  ( 0.1558691573354938631, 0.2933542755073603736, 0.2397504574761404605 ) ) ;
#9609 = VECTOR ( 'NONE', #1267, 39.37007874015748143 ) ;
#9610 = CARTESIAN_POINT ( 'NONE',  ( 0.2483888423748475960, 0.2815432518853281940, 0.2905378590509508085 ) ) ;
#9611 = ORIENTED_EDGE ( 'NONE', *, *, #12026, .F. ) ;
#9612 = CARTESIAN_POINT ( 'NONE',  ( 0.2326408108788038387, 0.3957164802317839070, 0.2472307724367714676 ) ) ;
#9613 = DIRECTION ( 'NONE',  ( 4.283287147278277996E-17, 1.665334536937734318E-16, 1.000000000000000000 ) ) ;
#9614 = LINE ( 'NONE', #8787, #2887 ) ;
#9615 = CARTESIAN_POINT ( 'NONE',  ( 0.2326408108788038387, 0.5531967951924182669, 0.3456559692871650769 ) ) ;
#9616 = ORIENTED_EDGE ( 'NONE', *, *, #7073, .F. ) ;
#9617 = VECTOR ( 'NONE', #10963, 39.37007874015748143 ) ;
#9618 = AXIS2_PLACEMENT_3D ( 'NONE', #6712, #10882, #5888 ) ;
#9619 = CARTESIAN_POINT ( 'NONE',  ( 0.03972742505202855878, 0.2185511259010752549, 0.3771520322792893953 ) ) ;
#9620 = ORIENTED_EDGE ( 'NONE', *, *, #3687, .F. ) ;
#9621 = EDGE_CURVE ( 'NONE', #2858, #793, #4744, .T. ) ;
#9622 = ORIENTED_EDGE ( 'NONE', *, *, #8716, .F. ) ;
#9623 = DIRECTION ( 'NONE',  ( -0.5773502691896255090, -0.5773502691896256200, 0.5773502691896259531 ) ) ;
#9624 = VERTEX_POINT ( 'NONE', #12054 ) ;
#9625 = ORIENTED_EDGE ( 'NONE', *, *, #2289, .F. ) ;
#9626 = FILL_AREA_STYLE ('',( #10717 ) ) ;
#9627 = VECTOR ( 'NONE', #13378, 39.37007874015748854 ) ;
#9628 = LINE ( 'NONE', #1405, #8611 ) ;
#9629 = VECTOR ( 'NONE', #557, 39.37007874015748143 ) ;
#9630 = CARTESIAN_POINT ( 'NONE',  ( 0.3444518345008468208, -0.05703942528003589502, 0.2515614810981877669 ) ) ;
#9631 = FACE_OUTER_BOUND ( 'NONE', #4973, .T. ) ;
#9632 = PLANE ( 'NONE',  #799 ) ;
#9633 = LENGTH_MEASURE_WITH_UNIT ( LENGTH_MEASURE( 0.02539999999999999897 ), #13129 );
#9634 = LINE ( 'NONE', #306, #3939 ) ;
#9635 = FACE_OUTER_BOUND ( 'NONE', #7997, .T. ) ;
#9636 = ORIENTED_EDGE ( 'NONE', *, *, #7612, .F. ) ;
#9637 = EDGE_CURVE ( 'NONE', #8019, #1028, #12552, .T. ) ;
#9638 = STYLED_ITEM ( 'NONE', ( #419 ), #7191 ) ;
#9639 = VECTOR ( 'NONE', #9574, 39.37007874015748854 ) ;
#9640 = VERTEX_POINT ( 'NONE', #3219 ) ;
#9641 = ORIENTED_EDGE ( 'NONE', *, *, #12313, .F. ) ;
#9642 = DIRECTION ( 'NONE',  ( 1.000000000000000000, 1.174096724532128111E-16, -4.283287147278279229E-17 ) ) ;
#9643 = CARTESIAN_POINT ( 'NONE',  ( 0.2956329368630823962, 0.1279999447987060501, 0.5011677803107856821 ) ) ;
#9644 = ORIENTED_EDGE ( 'NONE', *, *, #2058, .T. ) ;
#9645 = DIRECTION ( 'NONE',  ( -3.518308117683322415E-16, 1.000000000000000000, -4.163336342344337027E-16 ) ) ;
#9646 = DIRECTION ( 'NONE',  ( 1.000000000000000000, 0.0000000000000000000, 0.0000000000000000000 ) ) ;
#9647 = CARTESIAN_POINT ( 'NONE',  ( 0.1164990785953285146, 0.7897218048774069521, 0.4243961267674800641 ) ) ;
#9648 = STYLED_ITEM ( 'NONE', ( #6027 ), #7950 ) ;
#9649 = DIRECTION ( 'NONE',  ( 0.0000000000000000000, 0.0000000000000000000, -1.000000000000000000 ) ) ;
#9650 = ORIENTED_EDGE ( 'NONE', *, *, #8621, .T. ) ;
#9651 = CARTESIAN_POINT ( 'NONE',  ( 0.2326408108788125817, -0.1446865674942330593, 0.2515614810981877669 ) ) ;
#9652 = ADVANCED_FACE ( 'NONE', ( #2921 ), #4373, .F. ) ;
#9653 = EDGE_CURVE ( 'NONE', #852, #3942, #11557, .T. ) ;
#9654 = DIMENSIONAL_EXPONENTS ( 1.000000000000000000, 0.0000000000000000000, 0.0000000000000000000, 0.0000000000000000000, 0.0000000000000000000, 0.0000000000000000000, 0.0000000000000000000 ) ;
#9655 = CARTESIAN_POINT ( 'NONE',  ( 0.1558691573354938631, 0.2933542755073603736, 0.2515614810981877114 ) ) ;
#9656 = CARTESIAN_POINT ( 'NONE',  ( 0.1444518345008675153, 0.05713380306640647444, 0.4397504574761375573 ) ) ;
#9657 = ORIENTED_EDGE ( 'NONE', *, *, #12577, .F. ) ;
#9658 = VECTOR ( 'NONE', #1672, 39.37007874015748143 ) ;
#9659 = DIRECTION ( 'NONE',  ( 0.0000000000000000000, 1.000000000000000000, 0.0000000000000000000 ) ) ;
#9660 = ORIENTED_EDGE ( 'NONE', *, *, #1454, .T. ) ;
#9661 = VERTEX_POINT ( 'NONE', #13272 ) ;
#9662 = DIRECTION ( 'NONE',  ( 1.000000000000000000, 0.0000000000000000000, 0.0000000000000000000 ) ) ;
#9663 = SHAPE_REPRESENTATION_RELATIONSHIP ( 'NONE' , 'NONE' ,  #11179, #10445 ) ;
#9664 = CARTESIAN_POINT ( 'NONE',  ( 0.1558691573354859805, 0.3583149054286423607, 0.3456559692871650769 ) ) ;
#9665 = LINE ( 'NONE', #9591, #12248 ) ;
#9666 = CARTESIAN_POINT ( 'NONE',  ( 0.2326408108788038387, 0.2185511259010752549, 0.3456559692871650769 ) ) ;
#9667 = LINE ( 'NONE', #3386, #1897 ) ;
#9668 = CARTESIAN_POINT ( 'NONE',  ( 0.2483888423748524532, 0.5098897085782487792, 0.4007740795234070452 ) ) ;
#9669 = CARTESIAN_POINT ( 'NONE',  ( 0.1558691573354937521, 0.2933542755073604291, 0.4515614810981848359 ) ) ;
#9670 = EDGE_CURVE ( 'NONE', #8893, #12513, #7058, .T. ) ;
#9671 = LINE ( 'NONE', #3081, #6323 ) ;
#9672 = VERTEX_POINT ( 'NONE', #11629 ) ;
#9673 = CARTESIAN_POINT ( 'NONE',  ( 0.3625620707213385585, 0.08862986605856644495, 0.2397504574761404605 ) ) ;
#9674 = EDGE_LOOP ( 'NONE', ( #6042, #3151, #5651, #12573 ) ) ;
#9675 = ORIENTED_EDGE ( 'NONE', *, *, #9497, .F. ) ;
#9676 = VECTOR ( 'NONE', #1741, 39.37007874015748143 ) ;
#9677 = ORIENTED_EDGE ( 'NONE', *, *, #9599, .T. ) ;
#9678 = FACE_OUTER_BOUND ( 'NONE', #11266, .T. ) ;
#9679 = EDGE_LOOP ( 'NONE', ( #10782, #710, #12235, #8171 ) ) ;
#9680 = CARTESIAN_POINT ( 'NONE',  ( 0.09090852741424043648, 0.05713380306642420331, 0.1901441582635394756 ) ) ;
#9681 = CARTESIAN_POINT ( 'NONE',  ( 0.3090187636347014322, 0.08075585031051536744, 0.4515614810981848914 ) ) ;
#9682 = ADVANCED_FACE ( 'NONE', ( #8333 ), #3157, .T. ) ;
#9683 = EDGE_CURVE ( 'NONE', #11860, #4015, #1199, .T. ) ;
#9684 = CARTESIAN_POINT ( 'NONE',  ( 0.1755541967055724573, 0.1555589999168270343, 0.4456559692871467915 ) ) ;
#9685 = CARTESIAN_POINT ( 'NONE',  ( 0.1558691573354938631, 0.2933542755073603736, 0.2515614810981877114 ) ) ;
#9686 = CARTESIAN_POINT ( 'NONE',  ( 0.1164990785953285146, 0.7897218048774069521, 0.2669158118068501451 ) ) ;
#9687 = CARTESIAN_POINT ( 'NONE',  ( 0.2090187636347251854, 0.1279999447987149319, 0.3456559692871707390 ) ) ;
#9688 = EDGE_CURVE ( 'NONE', #6973, #12796, #3917, .T. ) ;
#9689 = CARTESIAN_POINT ( 'NONE',  ( 0.3920896297764415728, 0.3760314408617050908, 0.3456559692871650769 ) ) ;
#9690 = ORIENTED_EDGE ( 'NONE', *, *, #2163, .F. ) ;
#9691 = ORIENTED_EDGE ( 'NONE', *, *, #156, .T. ) ;
#9692 = VERTEX_POINT ( 'NONE', #6417 ) ;
#9693 = DIRECTION ( 'NONE',  ( 4.283287147278277996E-17, 1.665334536937734318E-16, 1.000000000000000000 ) ) ;
#9694 = EDGE_LOOP ( 'NONE', ( #4683, #3772, #4480, #9052, #7302, #12849, #3559, #1317, #5134, #4711, #9863, #277, #11830, #3281 ) ) ;
#9695 = ORIENTED_EDGE ( 'NONE', *, *, #7697, .F. ) ;
#9696 = FACE_OUTER_BOUND ( 'NONE', #11937, .T. ) ;
#9697 = DIRECTION ( 'NONE',  ( 0.0000000000000000000, 0.0000000000000000000, 1.000000000000000000 ) ) ;
#9698 = DIRECTION ( 'NONE',  ( -1.000000000000000000, 1.937287448275485398E-17, 8.833616147085625230E-14 ) ) ;
#9699 = ADVANCED_FACE ( 'NONE', ( #1263 ), #5382, .T. ) ;
#9700 = CARTESIAN_POINT ( 'NONE',  ( 0.3444518345008468208, -0.05703942528003580481, 0.4397504574761376683 ) ) ;
#9701 =( CONVERSION_BASED_UNIT ( 'INCH', #8802 ) LENGTH_UNIT ( ) NAMED_UNIT ( #11666 ) );
#9702 = CARTESIAN_POINT ( 'NONE',  ( 0.1027195510362846897, 0.1555589999168270066, 0.4180969141690437652 ) ) ;
#9703 = ORIENTED_EDGE ( 'NONE', *, *, #5506, .F. ) ;
#9704 = ORIENTED_EDGE ( 'NONE', *, *, #566, .F. ) ;
#9705 = PRESENTATION_STYLE_ASSIGNMENT (( #4444 ) ) ;
#9706 = ORIENTED_EDGE ( 'NONE', *, *, #5460, .T. ) ;
#9707 = CARTESIAN_POINT ( 'NONE',  ( 0.07319199198116600746, 0.3760314408617050908, 0.5011677803107907891 ) ) ;
#9708 = DIRECTION ( 'NONE',  ( -1.937287448275560894E-17, -1.000000000000000000, -8.220413448604736877E-18 ) ) ;
#9709 = VERTEX_POINT ( 'NONE', #8079 ) ;
#9710 = SURFACE_SIDE_STYLE ('',( #3369 ) ) ;
#9711 = AXIS2_PLACEMENT_3D ( 'NONE', #8441, #4488, #3462 ) ;
#9712 = EDGE_CURVE ( 'NONE', #10840, #7837, #12022, .T. ) ;
#9713 = LINE ( 'NONE', #3370, #5319 ) ;
#9714 = LINE ( 'NONE', #527, #11339 ) ;
#9715 = LINE ( 'NONE', #12777, #2497 ) ;
#9716 = CARTESIAN_POINT ( 'NONE',  ( 0.2326408108788038387, 0.5729212046412326398, 0.3456559692871650769 ) ) ;
#9717 = VERTEX_POINT ( 'NONE', #10986 ) ;
#9718 = CIRCLE ( 'NONE', #4048, 0.08267716535433072833 ) ;
#9719 = AXIS2_PLACEMENT_3D ( 'NONE', #3517, #5549, #2456 ) ;
#9720 = CARTESIAN_POINT ( 'NONE',  ( 0.3507510470992762364, 0.5571338030664260144, 0.2472307724367714676 ) ) ;
#9721 = ORIENTED_EDGE ( 'NONE', *, *, #10837, .T. ) ;
#9722 = ORIENTED_EDGE ( 'NONE', *, *, #10355, .T. ) ;
#9723 = PRODUCT ( 'CUI_DEVICES_MPB04-2C54-S-CAP-R-D', 'CUI_DEVICES_MPB04-2C54-S-CAP-R-D', '', ( #8208 ) ) ;
#9724 = VERTEX_POINT ( 'NONE', #5455 ) ;
#9725 = ADVANCED_FACE ( 'NONE', ( #9635 ), #307, .F. ) ;
#9726 = EDGE_CURVE ( 'NONE', #1659, #1861, #13026, .T. ) ;
#9727 = CARTESIAN_POINT ( 'NONE',  ( 0.2405148266268501978, 0.3760314408617053683, 0.4456559692871467360 ) ) ;
#9728 = STYLED_ITEM ( 'NONE', ( #2351 ), #1941 ) ;
#9729 = CARTESIAN_POINT ( 'NONE',  ( 0.1027195510362847869, 0.1555589999168269788, 0.2732150244052707899 ) ) ;
#9730 = DIRECTION ( 'NONE',  ( 0.0000000000000000000, 0.0000000000000000000, 1.000000000000000000 ) ) ;
#9731 = DIRECTION ( 'NONE',  ( 3.376070039848299626E-16, -1.000000000000000000, 4.302114220422482087E-16 ) ) ;
#9732 = PRESENTATION_STYLE_ASSIGNMENT (( #6521 ) ) ;
#9733 = DIRECTION ( 'NONE',  ( 0.0000000000000000000, 0.0000000000000000000, 1.000000000000000000 ) ) ;
#9734 = VERTEX_POINT ( 'NONE', #12153 ) ;
#9735 = DIRECTION ( 'NONE',  ( -1.937287448275561202E-17, -1.000000000000000000, -8.220413448604590506E-18 ) ) ;
#9736 = ORIENTED_EDGE ( 'NONE', *, *, #949, .T. ) ;
#9737 = ORIENTED_EDGE ( 'NONE', *, *, #2786, .F. ) ;
#9738 = VECTOR ( 'NONE', #12070, 39.37007874015748143 ) ;
#9739 = ORIENTED_EDGE ( 'NONE', *, *, #6809, .T. ) ;
#9740 = CARTESIAN_POINT ( 'NONE',  ( 0.3645305746583385464, 0.2776062440113114538, 0.1901441582635394756 ) ) ;
#9741 = VERTEX_POINT ( 'NONE', #851 ) ;
#9742 = ADVANCED_FACE ( 'NONE', ( #10164 ), #9004, .F. ) ;
#9743 = FILL_AREA_STYLE ('',( #2479 ) ) ;
#9744 = DIRECTION ( 'NONE',  ( 0.0000000000000000000, 0.0000000000000000000, -1.000000000000000000 ) ) ;
#9745 = PLANE ( 'NONE',  #4833 ) ;
#9746 = VECTOR ( 'NONE', #12307, 39.37007874015748143 ) ;
#9747 = CARTESIAN_POINT ( 'NONE',  ( 0.2405148266268504198, 0.1555589999168270066, 0.2850260480273072439 ) ) ;
#9748 = ORIENTED_EDGE ( 'NONE', *, *, #4313, .F. ) ;
#9749 = EDGE_LOOP ( 'NONE', ( #10058, #8933, #9784, #166, #5019, #218, #511, #12730 ) ) ;
#9750 = ORIENTED_EDGE ( 'NONE', *, *, #6290, .F. ) ;
#9751 = ADVANCED_FACE ( 'NONE', ( #11124 ), #1655, .F. ) ;
#9752 = ORIENTED_EDGE ( 'NONE', *, *, #12342, .F. ) ;
#9753 = EDGE_CURVE ( 'NONE', #9110, #9214, #13169, .T. ) ;
#9754 = ORIENTED_EDGE ( 'NONE', *, *, #903, .F. ) ;
#9755 = AXIS2_PLACEMENT_3D ( 'NONE', #3136, #11188, #2947 ) ;
#9756 = DIRECTION ( 'NONE',  ( 0.0000000000000000000, 0.0000000000000000000, -1.000000000000000000 ) ) ;
#9757 = PLANE ( 'NONE',  #6657 ) ;
#9758 = LINE ( 'NONE', #1844, #13306 ) ;
#9759 = ADVANCED_FACE ( 'NONE', ( #5787 ), #4779, .F. ) ;
#9760 = FACE_OUTER_BOUND ( 'NONE', #8601, .T. ) ;
#9761 = LINE ( 'NONE', #435, #3518 ) ;
#9762 = FACE_OUTER_BOUND ( 'NONE', #6626, .T. ) ;
#9763 = CIRCLE ( 'NONE', #5605, 0.1003937007874015630 ) ;
#9764 = VERTEX_POINT ( 'NONE', #13243 ) ;
#9765 = ORIENTED_EDGE ( 'NONE', *, *, #2121, .T. ) ;
#9766 = CARTESIAN_POINT ( 'NONE',  ( 0.3468140392252719861, 0.1555589999168270621, 0.4062465204682492170 ) ) ;
#9767 = LINE ( 'NONE', #5458, #4812 ) ;
#9768 = ADVANCED_FACE ( 'NONE', ( #9961 ), #3887, .T. ) ;
#9769 = ORIENTED_EDGE ( 'NONE', *, *, #8480, .F. ) ;
#9770 = APPLICATION_CONTEXT ( 'automotive_design' ) ;
#9771 = EDGE_CURVE ( 'NONE', #481, #6028, #7091, .T. ) ;
#9772 = AXIS2_PLACEMENT_3D ( 'NONE', #2002, #3272, #9472 ) ;
#9773 = CARTESIAN_POINT ( 'NONE',  ( 0.3586250628473005575, 0.3760314408617060900, 0.3456559692871650769 ) ) ;
#9774 = VERTEX_POINT ( 'NONE', #7025 ) ;
#9775 = ADVANCED_FACE ( 'NONE', ( #6061 ), #12291, .F. ) ;
#9776 = DIRECTION ( 'NONE',  ( 0.0000000000000000000, 0.0000000000000000000, -1.000000000000000000 ) ) ;
#9777 = CIRCLE ( 'NONE', #8237, 0.02952755905511810289 ) ;
#9778 = FACE_OUTER_BOUND ( 'NONE', #12926, .T. ) ;
#9779 =( CONVERSION_BASED_UNIT ( 'INCH', #8679 ) LENGTH_UNIT ( ) NAMED_UNIT ( #10844 ) );
#9780 = DIRECTION ( 'NONE',  ( 1.000000000000000000, 0.0000000000000000000, 0.0000000000000000000 ) ) ;
#9781 = LINE ( 'NONE', #2579, #12612 ) ;
#9782 = DIRECTION ( 'NONE',  ( -1.000000000000000000, -3.518308117683323401E-16, -2.626713979715459264E-16 ) ) ;
#9783 =( CONVERSION_BASED_UNIT ( 'INCH', #6772 ) LENGTH_UNIT ( ) NAMED_UNIT ( #2442 ) );
#9784 = ORIENTED_EDGE ( 'NONE', *, *, #7113, .T. ) ;
#9785 = VERTEX_POINT ( 'NONE', #1721 ) ;
#9786 = EDGE_CURVE ( 'NONE', #12301, #5577, #927, .T. ) ;
#9787 = CARTESIAN_POINT ( 'NONE',  ( 0.3208297872567558162, 0.05713380306642446699, 0.4515614810981849470 ) ) ;
#9788 = ORIENTED_EDGE ( 'NONE', *, *, #4515, .F. ) ;
#9789 = ORIENTED_EDGE ( 'NONE', *, *, #7831, .F. ) ;
#9790 = CARTESIAN_POINT ( 'NONE',  ( 0.2326408108788038387, 0.5728818345624925312, 0.3456559692871650769 ) ) ;
#9791 = VERTEX_POINT ( 'NONE', #4850 ) ;
#9792 = CIRCLE ( 'NONE', #11093, 0.02952755905511810289 ) ;
#9793 = DIRECTION ( 'NONE',  ( -3.518308117683323894E-16, 1.000000000000000000, -4.163336342344337027E-16 ) ) ;
#9794 = PLANE ( 'NONE',  #4097 ) ;
#9795 = LINE ( 'NONE', #3586, #2904 ) ;
#9796 = FACE_OUTER_BOUND ( 'NONE', #11491, .T. ) ;
#9797 = PLANE ( 'NONE',  #6951 ) ;
#9798 =( NAMED_UNIT ( * ) PLANE_ANGLE_UNIT ( ) SI_UNIT ( $, .RADIAN. ) );
#9799 =( GEOMETRIC_REPRESENTATION_CONTEXT ( 3 ) GLOBAL_UNCERTAINTY_ASSIGNED_CONTEXT ( ( #10572 ) ) GLOBAL_UNIT_ASSIGNED_CONTEXT ( ( #10992, #4984, #7097 ) ) REPRESENTATION_CONTEXT ( 'NONE', 'WORKASPACE' ) );
#9800 = CARTESIAN_POINT ( 'NONE',  ( 0.07319199198118010730, 0.1476849841687954135, 0.3456559692871707390 ) ) ;
#9801 = VERTEX_POINT ( 'NONE', #4027 ) ;
#9802 =( GEOMETRIC_REPRESENTATION_CONTEXT ( 3 ) GLOBAL_UNCERTAINTY_ASSIGNED_CONTEXT ( ( #13171 ) ) GLOBAL_UNIT_ASSIGNED_CONTEXT ( ( #2466, #9798, #7614 ) ) REPRESENTATION_CONTEXT ( 'NONE', 'WORKASPACE' ) );
#9803 = EDGE_CURVE ( 'NONE', #2931, #6894, #4092, .T. ) ;
#9804 = DIRECTION ( 'NONE',  ( 0.4472135955000930418, 0.8944271909998482428, -2.549099026651717480E-16 ) ) ;
#9805 = ORIENTED_EDGE ( 'NONE', *, *, #9786, .F. ) ;
#9806 = ORIENTED_EDGE ( 'NONE', *, *, #13315, .F. ) ;
#9807 = VERTEX_POINT ( 'NONE', #7436 ) ;
#9808 = VERTEX_POINT ( 'NONE', #6262 ) ;
#9809 =( NAMED_UNIT ( * ) PLANE_ANGLE_UNIT ( ) SI_UNIT ( $, .RADIAN. ) );
#9810 = AXIS2_PLACEMENT_3D ( 'NONE', #181, #12560, #8473 ) ;
#9811 = COLOUR_RGB ( '',1.000000000000000000, 1.000000000000000000, 1.000000000000000000 ) ;
#9812 = CIRCLE ( 'NONE', #5429, 0.09251968503937006705 ) ;
#9813 = LINE ( 'NONE', #4689, #5339 ) ;
#9814 = LINE ( 'NONE', #2482, #10721 ) ;
#9815 = CARTESIAN_POINT ( 'NONE',  ( 0.3920896297764415728, 0.1949290786569807254, 0.3810890401533105210 ) ) ;
#9816 = DIRECTION ( 'NONE',  ( -1.000000000000000000, 1.937287448275630844E-17, -8.833616147085625230E-14 ) ) ;
#9817 = ORIENTED_EDGE ( 'NONE', *, *, #3311, .T. ) ;
#9818 = EDGE_CURVE ( 'NONE', #9506, #10373, #7232, .T. ) ;
#9819 = ORIENTED_EDGE ( 'NONE', *, *, #1471, .F. ) ;
#9820 = EDGE_CURVE ( 'NONE', #1563, #5239, #2068, .T. ) ;
#9821 = COLOUR_RGB ( '',0.7607843137254901578, 0.7607843137254901578, 0.0000000000000000000 ) ;
#9822 = ORIENTED_EDGE ( 'NONE', *, *, #1009, .T. ) ;
#9823 = COLOUR_RGB ( '',0.7607843137254901578, 0.7607843137254901578, 0.0000000000000000000 ) ;
#9824 = EDGE_LOOP ( 'NONE', ( #3263, #51, #10184, #3376 ) ) ;
#9825 = ORIENTED_EDGE ( 'NONE', *, *, #10485, .T. ) ;
#9826 = CARTESIAN_POINT ( 'NONE',  ( 0.1090187636347222100, 0.08075585031049740958, 0.4397504574761375573 ) ) ;
#9827 = DIRECTION ( 'NONE',  ( 0.0000000000000000000, 0.0000000000000000000, 1.000000000000000000 ) ) ;
#9828 = FILL_AREA_STYLE_COLOUR ( '', #9397 ) ;
#9829 = CARTESIAN_POINT ( 'NONE',  ( 0.2326408108788038387, 0.7854802597593475433, 0.2984118747989761844 ) ) ;
#9830 = VECTOR ( 'NONE', #1334, 39.37007874015748143 ) ;
#9831 = VECTOR ( 'NONE', #417, 39.37007874015748143 ) ;
#9832 = AXIS2_PLACEMENT_3D ( 'NONE', #2256, #4149, #2059 ) ;
#9833 = DIRECTION ( 'NONE',  ( 0.0000000000000000000, 1.000000000000000000, 0.0000000000000000000 ) ) ;
#9834 = VERTEX_POINT ( 'NONE', #5301 ) ;
#9835 = EDGE_CURVE ( 'NONE', #11546, #7863, #9538, .T. ) ;
#9836 = ORIENTED_EDGE ( 'NONE', *, *, #12043, .F. ) ;
#9837 = CARTESIAN_POINT ( 'NONE',  ( 0.4098061652095124630, 0.05713380306642412698, 0.4991992763737758132 ) ) ;
#9838 = VERTEX_POINT ( 'NONE', #5235 ) ;
#9839 = AXIS2_PLACEMENT_3D ( 'NONE', #8943, #13181, #3971 ) ;
#9840 = AXIS2_PLACEMENT_3D ( 'NONE', #9258, #9392, #7209 ) ;
#9841 = LINE ( 'NONE', #6497, #12196 ) ;
#9842 = VERTEX_POINT ( 'NONE', #8321 ) ;
#9843 = CARTESIAN_POINT ( 'NONE',  ( 0.3743730943433671299, 0.05713380306642412698, 0.5228213236178702594 ) ) ;
#9844 = DIRECTION ( 'NONE',  ( -6.014894242100855701E-18, -2.498001805406601723E-16, -1.000000000000000000 ) ) ;
#9845 = EDGE_CURVE ( 'NONE', #1982, #12142, #4288, .T. ) ;
#9846 = EDGE_CURVE ( 'NONE', #11967, #4460, #12478, .T. ) ;
#9847 = VECTOR ( 'NONE', #13058, 39.37007874015748143 ) ;
#9848 = LINE ( 'NONE', #5540, #9584 ) ;
#9849 = CARTESIAN_POINT ( 'NONE',  ( 0.3208297872567558162, 0.05713380306642436984, 0.2397504574761404883 ) ) ;
#9850 = DIRECTION ( 'NONE',  ( -1.000000000000000000, -1.408738150179760326E-16, 6.014894242100891138E-18 ) ) ;
#9851 = ORIENTED_EDGE ( 'NONE', *, *, #8735, .T. ) ;
#9852 = DIRECTION ( 'NONE',  ( -1.000000000000000000, 0.0000000000000000000, 0.0000000000000000000 ) ) ;
#9853 = ORIENTED_EDGE ( 'NONE', *, *, #11460, .F. ) ;
#9854 = CONICAL_SURFACE ( 'NONE', #4194, 0.02165354330709375746, 0.03906109573595079737 ) ;
#9855 = ORIENTED_EDGE ( 'NONE', *, *, #2999, .F. ) ;
#9856 = FACE_OUTER_BOUND ( 'NONE', #12493, .T. ) ;
#9857 = DIRECTION ( 'NONE',  ( 0.0000000000000000000, 0.0000000000000000000, 1.000000000000000000 ) ) ;
#9858 =( NAMED_UNIT ( * ) SI_UNIT ( $, .STERADIAN. ) SOLID_ANGLE_UNIT ( ) );
#9859 = FACE_OUTER_BOUND ( 'NONE', #1169, .T. ) ;
#9860 = ADVANCED_FACE ( 'NONE', ( #3206 ), #8445, .F. ) ;
#9861 = FACE_OUTER_BOUND ( 'NONE', #561, .T. ) ;
#9862 = FACE_OUTER_BOUND ( 'NONE', #3835, .T. ) ;
#9863 = ORIENTED_EDGE ( 'NONE', *, *, #13188, .T. ) ;
#9864 = PLANE ( 'NONE',  #27 ) ;
#9865 = VECTOR ( 'NONE', #3902, 39.37007874015748143 ) ;
#9866 = CARTESIAN_POINT ( 'NONE',  ( 0.1090187636347222794, 0.08075585031049736795, 0.2515614810981877114 ) ) ;
#9867 = SURFACE_SIDE_STYLE ('',( #5618 ) ) ;
#9868 = VERTEX_POINT ( 'NONE', #1182 ) ;
#9869 = UNCERTAINTY_MEASURE_WITH_UNIT (LENGTH_MEASURE( 1.000000000000000082E-05 ), #4299, 'distance_accuracy_value', 'NONE');
#9870 = LINE ( 'NONE', #9602, #12280 ) ;
#9871 = ORIENTED_EDGE ( 'NONE', *, *, #1843, .F. ) ;
#9872 = ORIENTED_EDGE ( 'NONE', *, *, #12562, .T. ) ;
#9873 = VERTEX_POINT ( 'NONE', #11406 ) ;
#9874 =( LENGTH_UNIT ( ) NAMED_UNIT ( * ) SI_UNIT ( $, .METRE. ) );
#9875 = DIRECTION ( 'NONE',  ( -3.007447121050438636E-18, -2.498001805406601723E-16, -1.000000000000000000 ) ) ;
#9876 = DIRECTION ( 'NONE',  ( -3.518308117683322415E-16, 1.000000000000000000, -4.163336342344337027E-16 ) ) ;
#9877 = DIRECTION ( 'NONE',  ( -0.9363291775693506347, 0.3511234415875755799, -3.854118954062720329E-17 ) ) ;
#9878 = ADVANCED_FACE ( 'NONE', ( #12604 ), #11469, .F. ) ;
#9879 = DIRECTION ( 'NONE',  ( 0.0000000000000000000, -1.000000000000000000, 0.0000000000000000000 ) ) ;
#9880 = CARTESIAN_POINT ( 'NONE',  ( 0.2562628581229026148, 0.08075585031050631912, 0.2397504574761404883 ) ) ;
#9881 = DIRECTION ( 'NONE',  ( 1.316334802367150653E-16, -1.000000000000000000, 1.526556658859589750E-16 ) ) ;
#9882 = EDGE_LOOP ( 'NONE', ( #3652, #7305, #466, #1456, #10401 ) ) ;
#9883 = VERTEX_POINT ( 'NONE', #6142 ) ;
#9884 = VECTOR ( 'NONE', #10544, 39.37007874015748143 ) ;
#9885 = VERTEX_POINT ( 'NONE', #6199 ) ;
#9886 = ORIENTED_EDGE ( 'NONE', *, *, #6189, .T. ) ;
#9887 = ORIENTED_EDGE ( 'NONE', *, *, #8082, .T. ) ;
#9888 = DIMENSIONAL_EXPONENTS ( 1.000000000000000000, 0.0000000000000000000, 0.0000000000000000000, 0.0000000000000000000, 0.0000000000000000000, 0.0000000000000000000, 0.0000000000000000000 ) ;
#9889 = FACE_OUTER_BOUND ( 'NONE', #2041, .T. ) ;
#9890 = CARTESIAN_POINT ( 'NONE',  ( 0.2956329368630823962, 0.08862986605855750766, 0.5011677803107856821 ) ) ;
#9891 = LINE ( 'NONE', #11304, #3621 ) ;
#9892 = CARTESIAN_POINT ( 'NONE',  ( 0.1558691573355117932, 0.1791810471609001365, 0.2515614810981877114 ) ) ;
#9893 = CARTESIAN_POINT ( 'NONE',  ( 0.1027195510362847869, 0.1555589999168269788, 0.2732150244052707899 ) ) ;
#9894 = ADVANCED_FACE ( 'NONE', ( #161 ), #5110, .T. ) ;
#9895 = STYLED_ITEM ( 'NONE', ( #7154 ), #9403 ) ;
#9896 = DIRECTION ( 'NONE',  ( 0.0000000000000000000, 0.0000000000000000000, -1.000000000000000000 ) ) ;
#9897 = EDGE_CURVE ( 'NONE', #6663, #2428, #6402, .T. ) ;
#9898 = DIRECTION ( 'NONE',  ( -0.9363291775692854646, 0.3511234415877493298, -3.921313925348016042E-16 ) ) ;
#9899 = VERTEX_POINT ( 'NONE', #33 ) ;
#9900 = CARTESIAN_POINT ( 'NONE',  ( 0.2326408108788038387, 0.05713380306642412698, 0.1901441582635394756 ) ) ;
#9901 = ORIENTED_EDGE ( 'NONE', *, *, #9952, .F. ) ;
#9902 = EDGE_LOOP ( 'NONE', ( #12476, #10798, #12336, #6647 ) ) ;
#9903 = LINE ( 'NONE', #4512, #5860 ) ;
#9904 = VERTEX_POINT ( 'NONE', #8517 ) ;
#9905 = FACE_OUTER_BOUND ( 'NONE', #5853, .T. ) ;
#9906 = ORIENTED_EDGE ( 'NONE', *, *, #12754, .F. ) ;
#9907 = DIRECTION ( 'NONE',  ( -4.283287147278277996E-17, -1.665334536937734318E-16, -1.000000000000000000 ) ) ;
#9908 = CARTESIAN_POINT ( 'NONE',  ( 0.3330345116662203897, 0.1555589999168270066, 0.2062465204682520925 ) ) ;
#9909 = EDGE_CURVE ( 'NONE', #3906, #874, #4159, .T. ) ;
#9910 = CARTESIAN_POINT ( 'NONE',  ( 0.1027195510362948483, 0.2165826219640790973, 0.4007740795234070452 ) ) ;
#9911 = VECTOR ( 'NONE', #11704, 39.37007874015748143 ) ;
#9912 = CARTESIAN_POINT ( 'NONE',  ( 0.2483888423748524532, 0.3583149054286423607, 0.2905378590509231085 ) ) ;
#9913 = SURFACE_SIDE_STYLE ('',( #6701 ) ) ;
#9914 = ORIENTED_EDGE ( 'NONE', *, *, #8255, .T. ) ;
#9915 = ORIENTED_EDGE ( 'NONE', *, *, #11605, .F. ) ;
#9916 = DIRECTION ( 'NONE',  ( 0.0000000000000000000, 0.9922778767136850586, -0.1240347345890697034 ) ) ;
#9917 = ORIENTED_EDGE ( 'NONE', *, *, #41, .T. ) ;
#9918 = EDGE_CURVE ( 'NONE', #10811, #9267, #6498, .T. ) ;
#9919 = AXIS2_PLACEMENT_3D ( 'NONE', #5360, #2480, #4282 ) ;
#9920 = EDGE_CURVE ( 'NONE', #7659, #12301, #7364, .T. ) ;
#9921 = CARTESIAN_POINT ( 'NONE',  ( 0.3562628581229010938, 0.08862986605856656985, 0.4515614810981740668 ) ) ;
#9922 = EDGE_CURVE ( 'NONE', #1926, #5920, #11540, .T. ) ;
#9923 = CARTESIAN_POINT ( 'NONE',  ( 0.0000000000000000000, 0.1220472440944881942, 0.0000000000000000000 ) ) ;
#9924 =( NAMED_UNIT ( * ) SI_UNIT ( $, .STERADIAN. ) SOLID_ANGLE_UNIT ( ) );
#9925 =( NAMED_UNIT ( * ) PLANE_ANGLE_UNIT ( ) SI_UNIT ( $, .RADIAN. ) );
#9926 = PRESENTATION_LAYER_ASSIGNMENT (  '', '', ( #2561 ) ) ;
#9927 = VERTEX_POINT ( 'NONE', #12538 ) ;
#9928 = DIRECTION ( 'NONE',  ( 0.0000000000000000000, 0.0000000000000000000, 1.000000000000000000 ) ) ;
#9929 = VECTOR ( 'NONE', #4638, 39.37007874015748143 ) ;
#9930 = LINE ( 'NONE', #3788, #11619 ) ;
#9931 = LENGTH_MEASURE_WITH_UNIT ( LENGTH_MEASURE( 0.02539999999999999897 ), #3655 );
#9932 = ORIENTED_EDGE ( 'NONE', *, *, #2528, .F. ) ;
#9933 = DIRECTION ( 'NONE',  ( -1.110646127912004695E-14, 0.0000000000000000000, -1.000000000000000000 ) ) ;
#9934 = EDGE_LOOP ( 'NONE', ( #4915, #9221, #12514, #1642 ) ) ;
#9935 = VERTEX_POINT ( 'NONE', #2610 ) ;
#9936 = SHAPE_REPRESENTATION ( 'MPB-CAP_MPB-CAP-RED', ( #5463 ), #4609 ) ;
#9937 = EDGE_CURVE ( 'NONE', #5902, #10934, #10641, .T. ) ;
#9938 = ORIENTED_EDGE ( 'NONE', *, *, #10970, .T. ) ;
#9939 = DIRECTION ( 'NONE',  ( -1.000000000000000000, -3.518308117683324880E-16, -2.626713979715458771E-16 ) ) ;
#9940 = VECTOR ( 'NONE', #5251, 39.37007874015748143 ) ;
#9941 = CARTESIAN_POINT ( 'NONE',  ( 0.2483888423748524532, 0.3760314408617060900, 0.3161284102320469636 ) ) ;
#9942 = CIRCLE ( 'NONE', #4238, 0.05610236220472444857 ) ;
#9943 = DIRECTION ( 'NONE',  ( 2.865203769218833733E-48, -8.220413448604590506E-18, 1.000000000000000000 ) ) ;
#9944 = CARTESIAN_POINT ( 'NONE',  ( 0.2326408108788161344, 0.1476849841687954967, 0.4554984889722087371 ) ) ;
#9945 = DIRECTION ( 'NONE',  ( 4.283287147278277996E-17, 1.665334536937734318E-16, 1.000000000000000000 ) ) ;
#9946 = CARTESIAN_POINT ( 'NONE',  ( 0.1401211258394373105, 0.3760314408617060900, 0.3456559692871650769 ) ) ;
#9947 =( LENGTH_UNIT ( ) NAMED_UNIT ( * ) SI_UNIT ( $, .METRE. ) );
#9948 = ORIENTED_EDGE ( 'NONE', *, *, #3698, .F. ) ;
#9949 = ORIENTED_EDGE ( 'NONE', *, *, #7008, .T. ) ;
#9950 = ORIENTED_EDGE ( 'NONE', *, *, #7394, .F. ) ;
#9951 = VERTEX_POINT ( 'NONE', #7563 ) ;
#9952 = EDGE_CURVE ( 'NONE', #4384, #12628, #6735, .T. ) ;
#9953 = ORIENTED_EDGE ( 'NONE', *, *, #9771, .T. ) ;
#9954 = CARTESIAN_POINT ( 'NONE',  ( 0.2517734973827847056, 0.5400072084639354619, 0.2669158118068456487 ) ) ;
#9955 = CARTESIAN_POINT ( 'NONE',  ( 0.3330345116662203897, 0.3130393148774569534, 0.2062465204682520648 ) ) ;
#9956 = CARTESIAN_POINT ( 'NONE',  ( 0.2483888423748524532, 0.2815432518853281940, 0.3062858905470076110 ) ) ;
#9957 = CARTESIAN_POINT ( 'NONE',  ( 0.2916959289890524443, 0.1437479762947815320, 0.3456559692871528644 ) ) ;
#9958 = LINE ( 'NONE', #643, #12296 ) ;
#9959 = ORIENTED_EDGE ( 'NONE', *, *, #4627, .T. ) ;
#9960 = DIRECTION ( 'NONE',  ( -1.000000000000000000, 0.0000000000000000000, 0.0000000000000000000 ) ) ;
#9961 = FACE_OUTER_BOUND ( 'NONE', #1857, .T. ) ;
#9962 = VERTEX_POINT ( 'NONE', #9619 ) ;
#9963 = DIRECTION ( 'NONE',  ( 1.937287448275561202E-17, 1.000000000000000000, 8.220413448604590506E-18 ) ) ;
#9964 = ORIENTED_EDGE ( 'NONE', *, *, #6344, .T. ) ;
#9965 = VERTEX_POINT ( 'NONE', #5435 ) ;
#9966 = EDGE_LOOP ( 'NONE', ( #11765, #11920, #10374, #1891, #10135, #5499 ) ) ;
#9967 = VECTOR ( 'NONE', #3123, 39.37007874015748143 ) ;
#9968 = ADVANCED_FACE ( 'NONE', ( #1318 ), #8717, .F. ) ;
#9969 = EDGE_CURVE ( 'NONE', #1929, #6407, #8847, .T. ) ;
#9970 = DIRECTION ( 'NONE',  ( -0.9363291775692852426, 0.3511234415877497184, -3.854118954065483191E-17 ) ) ;
#9971 = CARTESIAN_POINT ( 'NONE',  ( 0.2129557715087250780, 0.1083149054286360186, 0.4893567566887362941 ) ) ;
#9972 = ORIENTED_EDGE ( 'NONE', *, *, #4423, .F. ) ;
#9973 = PLANE ( 'NONE',  #2586 ) ;
#9974 = CARTESIAN_POINT ( 'NONE',  ( 0.2267352990677845015, -0.07278745677610241882, 0.4397504574761376683 ) ) ;
#9975 = FACE_OUTER_BOUND ( 'NONE', #13347, .T. ) ;
#9976 = DIMENSIONAL_EXPONENTS ( 1.000000000000000000, 0.0000000000000000000, 0.0000000000000000000, 0.0000000000000000000, 0.0000000000000000000, 0.0000000000000000000, 0.0000000000000000000 ) ;
#9977 = LINE ( 'NONE', #2837, #6880 ) ;
#9978 = CIRCLE ( 'NONE', #8015, 0.02952755905511810289 ) ;
#9979 = LINE ( 'NONE', #6909, #10465 ) ;
#9980 = DIRECTION ( 'NONE',  ( 1.000000000000000000, 1.174096724532128111E-16, -4.283287147278279845E-17 ) ) ;
#9981 = ORIENTED_EDGE ( 'NONE', *, *, #381, .T. ) ;
#9982 = VECTOR ( 'NONE', #1113, 39.37007874015748143 ) ;
#9983 = EDGE_CURVE ( 'NONE', #4164, #3132, #4631, .T. ) ;
#9984 = LINE ( 'NONE', #4931, #7715 ) ;
#9985 = EDGE_CURVE ( 'NONE', #1665, #10695, #13013, .T. ) ;
#9986 = ORIENTED_EDGE ( 'NONE', *, *, #12606, .F. ) ;
#9987 = COLOUR_RGB ( '',0.7607843137254901578, 0.7607843137254901578, 0.0000000000000000000 ) ;
#9988 = CARTESIAN_POINT ( 'NONE',  ( 0.1090187636347222100, 0.08075585031049740958, 0.4515614810981848914 ) ) ;
#9989 = DIRECTION ( 'NONE',  ( 0.0000000000000000000, 0.0000000000000000000, 1.000000000000000000 ) ) ;
#9990 = PLANE ( 'NONE',  #11347 ) ;
#9991 = CARTESIAN_POINT ( 'NONE',  ( 0.1342156140284146149, 0.5295747479483139397, 0.3456559692871650769 ) ) ;
#9992 =( CONVERSION_BASED_UNIT ( 'INCH', #2725 ) LENGTH_UNIT ( ) NAMED_UNIT ( #13045 ) );
#9993 = SURFACE_STYLE_USAGE ( .BOTH. , #4610 ) ;
#9994 = DIRECTION ( 'NONE',  ( 1.356991020290373981E-16, -1.000000000000000000, 3.469446951953614189E-16 ) ) ;
#9995 = VECTOR ( 'NONE', #11054, 39.37007874015748143 ) ;
#9996 = SURFACE_STYLE_USAGE ( .BOTH. , #7749 ) ;
#9997 = DIRECTION ( 'NONE',  ( 3.376070039848301106E-16, -1.000000000000000000, 4.302114220422481101E-16 ) ) ;
#9998 = ORIENTED_EDGE ( 'NONE', *, *, #566, .T. ) ;
#9999 = DIRECTION ( 'NONE',  ( 0.0000000000000000000, 0.0000000000000000000, -1.000000000000000000 ) ) ;
#10000 = SURFACE_SIDE_STYLE ('',( #1689 ) ) ;
#10001 = LINE ( 'NONE', #4816, #6368 ) ;
#10002 = EDGE_LOOP ( 'NONE', ( #7802, #7857, #9283, #11129, #12154, #483, #13003, #2567, #10079, #1410 ) ) ;
#10003 = CARTESIAN_POINT ( 'NONE',  ( 0.2483888423748524532, 0.1988660865309974379, 0.2669158118068501451 ) ) ;
#10004 = EDGE_CURVE ( 'NONE', #7557, #2472, #1582, .T. ) ;
#10005 = VERTEX_POINT ( 'NONE', #289 ) ;
#10006 = ORIENTED_EDGE ( 'NONE', *, *, #804, .T. ) ;
#10007 = AXIS2_PLACEMENT_3D ( 'NONE', #7390, #11146, #4121 ) ;
#10008 = ORIENTED_EDGE ( 'NONE', *, *, #8810, .T. ) ;
#10009 = CARTESIAN_POINT ( 'NONE',  ( 0.2208297872567573095, -0.05703942528004478374, 0.4515614810981849470 ) ) ;
#10010 = CARTESIAN_POINT ( 'NONE',  ( 0.3807328762937056688, 0.1988660865309964110, 0.4443840128970995007 ) ) ;
#10011 = DIRECTION ( 'NONE',  ( -1.000000000000000000, 1.937287448275558121E-17, 0.0000000000000000000 ) ) ;
#10012 = LINE ( 'NONE', #975, #12670 ) ;
#10013 = CARTESIAN_POINT ( 'NONE',  ( 0.2326408108788038387, 0.5610708109404453081, 0.3299079377910985045 ) ) ;
#10014 = LENGTH_MEASURE_WITH_UNIT ( LENGTH_MEASURE( 0.02539999999999999897 ), #5837 );
#10015 = VECTOR ( 'NONE', #3297, 39.37007874015748143 ) ;
#10016 = DIRECTION ( 'NONE',  ( -1.000000000000000000, -3.376070039848302092E-16, -2.359223927328455183E-16 ) ) ;
#10017 = ADVANCED_FACE ( 'NONE', ( #424 ), #494, .T. ) ;
#10018 = VECTOR ( 'NONE', #12123, 39.37007874015748143 ) ;
#10019 = EDGE_CURVE ( 'NONE', #10540, #3784, #2483, .T. ) ;
#10020 = LINE ( 'NONE', #701, #6187 ) ;
#10021 = ORIENTED_EDGE ( 'NONE', *, *, #7565, .T. ) ;
#10022 = DIRECTION ( 'NONE',  ( -0.0000000000000000000, -1.000000000000000000, -0.0000000000000000000 ) ) ;
#10023 = VERTEX_POINT ( 'NONE', #10710 ) ;
#10024 = ORIENTED_EDGE ( 'NONE', *, *, #11353, .T. ) ;
#10025 = VECTOR ( 'NONE', #5154, 39.37007874015748143 ) ;
#10026 = AXIS2_PLACEMENT_3D ( 'NONE', #13044, #1671, #7998 ) ;
#10027 = CARTESIAN_POINT ( 'NONE',  ( 0.4098061652095124630, 0.1988660865309964110, 0.3614040007832317047 ) ) ;
#10028 = DIRECTION ( 'NONE',  ( 0.5773502691896256200, 0.5773502691896259531, 0.5773502691896256200 ) ) ;
#10029 = DIRECTION ( 'NONE',  ( 1.000000000000000000, 0.0000000000000000000, 0.0000000000000000000 ) ) ;
#10030 = DIRECTION ( 'NONE',  ( 1.000000000000000000, -1.937287448275630844E-17, 8.833616147085625230E-14 ) ) ;
#10031 = CARTESIAN_POINT ( 'NONE',  ( 0.2916959289890400653, 0.1083149054286360186, 0.2019551818855939151 ) ) ;
#10032 = EDGE_CURVE ( 'NONE', #5578, #359, #3404, .T. ) ;
#10033 = ORIENTED_EDGE ( 'NONE', *, *, #5461, .F. ) ;
#10034 = CARTESIAN_POINT ( 'NONE',  ( 0.3389400234772336762, 0.3760314408617050908, 0.3102228984210197438 ) ) ;
#10035 = AXIS2_PLACEMENT_3D ( 'NONE', #12046, #2721, #11009 ) ;
#10036 = PRESENTATION_LAYER_ASSIGNMENT (  '', '', ( #6104 ) ) ;
#10037 = DIRECTION ( 'NONE',  ( 1.608386623408232256E-17, 1.526556658859589750E-16, 1.000000000000000000 ) ) ;
#10038 = VECTOR ( 'NONE', #12155, 39.37007874015748143 ) ;
#10039 = UNCERTAINTY_MEASURE_WITH_UNIT (LENGTH_MEASURE( 1.000000000000000082E-05 ), #3795, 'distance_accuracy_value', 'NONE');
#10040 = CARTESIAN_POINT ( 'NONE',  ( 0.3625620707213385585, 0.1476849841687954135, 0.2180969141690466684 ) ) ;
#10041 = SURFACE_STYLE_USAGE ( .BOTH. , #651 ) ;
#10042 = VERTEX_POINT ( 'NONE', #8789 ) ;
#10043 = AXIS2_PLACEMENT_3D ( 'NONE', #12165, #6276, #113 ) ;
#10044 = EDGE_LOOP ( 'NONE', ( #190, #8218, #563, #9012 ) ) ;
#10045 = PRESENTATION_LAYER_ASSIGNMENT (  '', '', ( #12641 ) ) ;
#10046 = AXIS2_PLACEMENT_3D ( 'NONE', #10082, #8096, #6038 ) ;
#10047 = CARTESIAN_POINT ( 'NONE',  ( 0.1090187636347222794, 0.08075585031049735407, 0.2397504574761404883 ) ) ;
#10048 = PRESENTATION_STYLE_ASSIGNMENT (( #583 ) ) ;
#10049 = AXIS2_PLACEMENT_3D ( 'NONE', #8342, #11634, #9365 ) ;
#10050 =( CONVERSION_BASED_UNIT ( 'INCH', #7869 ) LENGTH_UNIT ( ) NAMED_UNIT ( #6659 ) );
#10051 = EDGE_CURVE ( 'NONE', #4168, #4959, #12807, .T. ) ;
#10052 = DIRECTION ( 'NONE',  ( 2.626713979715461236E-16, -3.747002708109903324E-16, -1.000000000000000000 ) ) ;
#10053 =( GEOMETRIC_REPRESENTATION_CONTEXT ( 3 ) GLOBAL_UNCERTAINTY_ASSIGNED_CONTEXT ( ( #9345 ) ) GLOBAL_UNIT_ASSIGNED_CONTEXT ( ( #10584, #8531, #7510 ) ) REPRESENTATION_CONTEXT ( 'NONE', 'WORKASPACE' ) );
#10054 = AXIS2_PLACEMENT_3D ( 'NONE', #9172, #8148, #1957 ) ;
#10055 =( NAMED_UNIT ( * ) SI_UNIT ( $, .STERADIAN. ) SOLID_ANGLE_UNIT ( ) );
#10056 = CARTESIAN_POINT ( 'NONE',  ( 0.3625620707213385585, 0.1555589999168270066, 0.2732150244052707344 ) ) ;
#10057 = ORIENTED_EDGE ( 'NONE', *, *, #4886, .F. ) ;
#10058 = ORIENTED_EDGE ( 'NONE', *, *, #4829, .F. ) ;
#10059 = LINE ( 'NONE', #10388, #3782 ) ;
#10060 = FACE_OUTER_BOUND ( 'NONE', #4513, .T. ) ;
#10061 = LINE ( 'NONE', #6854, #1346 ) ;
#10062 = DIRECTION ( 'NONE',  ( 1.000000000000000000, -1.937287448275558121E-17, 0.0000000000000000000 ) ) ;
#10063 = CARTESIAN_POINT ( 'NONE',  ( 0.2326408108788038387, 0.2776062440113114538, 0.3614040007832317047 ) ) ;
#10064 = VECTOR ( 'NONE', #2727, 39.37007874015748143 ) ;
#10065 = CIRCLE ( 'NONE', #8093, 0.01771653543307086243 ) ;
#10066 = CARTESIAN_POINT ( 'NONE',  ( 0.3586250628473005575, 0.7897218048774069521, 0.3456559692871650769 ) ) ;
#10067 = DIRECTION ( 'NONE',  ( -0.0000000000000000000, -1.000000000000000000, -0.0000000000000000000 ) ) ;
#10068 = EDGE_CURVE ( 'NONE', #6795, #5258, #11741, .T. ) ;
#10069 = EDGE_CURVE ( 'NONE', #4933, #8170, #5572, .T. ) ;
#10070 = VERTEX_POINT ( 'NONE', #4692 ) ;
#10071 = PLANE ( 'NONE',  #2825 ) ;
#10072 = CARTESIAN_POINT ( 'NONE',  ( 0.2444518345008482862, -0.05703942528004485313, 0.2515614810981877669 ) ) ;
#10073 = DIMENSIONAL_EXPONENTS ( 1.000000000000000000, 0.0000000000000000000, 0.0000000000000000000, 0.0000000000000000000, 0.0000000000000000000, 0.0000000000000000000, 0.0000000000000000000 ) ;
#10074 = CARTESIAN_POINT ( 'NONE',  ( 0.1558691573355117932, 0.2264251416490908608, 0.2397504574761404605 ) ) ;
#10075 = ORIENTED_EDGE ( 'NONE', *, *, #2370, .F. ) ;
#10076 = AXIS2_PLACEMENT_3D ( 'NONE', #9800, #7546, #11725 ) ;
#10077 = DIRECTION ( 'NONE',  ( 0.0000000000000000000, 8.220413448604736877E-18, -1.000000000000000000 ) ) ;
#10078 = VERTEX_POINT ( 'NONE', #2407 ) ;
#10079 = ORIENTED_EDGE ( 'NONE', *, *, #10696, .T. ) ;
#10080 = ORIENTED_EDGE ( 'NONE', *, *, #5285, .T. ) ;
#10081 = CARTESIAN_POINT ( 'NONE',  ( 0.3310660077292020276, 0.3839054566097366838, 0.4243961267674756233 ) ) ;
#10082 = CARTESIAN_POINT ( 'NONE',  ( 0.2326408108788038387, 0.5098897085782487792, 0.3456559692871650769 ) ) ;
#10083 = FACE_OUTER_BOUND ( 'NONE', #3164, .T. ) ;
#10084 = VECTOR ( 'NONE', #9395, 39.37007874015748143 ) ;
#10085 = DIRECTION ( 'NONE',  ( 0.0000000000000000000, 0.0000000000000000000, -1.000000000000000000 ) ) ;
#10086 = ADVANCED_FACE ( 'NONE', ( #11674 ), #1396, .F. ) ;
#10087 = LINE ( 'NONE', #558, #4718 ) ;
#10088 = CARTESIAN_POINT ( 'NONE',  ( 0.1385463226898582811, -0.07278745677611145326, 0.2515614810981877669 ) ) ;
#10089 = PRESENTATION_STYLE_ASSIGNMENT (( #13079 ) ) ;
#10090 = ORIENTED_EDGE ( 'NONE', *, *, #3092, .F. ) ;
#10091 = LINE ( 'NONE', #5982, #102 ) ;
#10092 = EDGE_LOOP ( 'NONE', ( #331, #3472, #8587, #6109 ) ) ;
#10093 = VECTOR ( 'NONE', #1427, 39.37007874015748143 ) ;
#10094 = ORIENTED_EDGE ( 'NONE', *, *, #7738, .T. ) ;
#10095 = EDGE_CURVE ( 'NONE', #2720, #7196, #2334, .T. ) ;
#10096 = ADVANCED_FACE ( 'NONE', ( #3607 ), #356, .T. ) ;
#10097 = LINE ( 'NONE', #8994, #10487 ) ;
#10098 = FACE_OUTER_BOUND ( 'NONE', #10762, .T. ) ;
#10099 = CARTESIAN_POINT ( 'NONE',  ( 0.3330345116662203342, 0.1555589999168270621, 0.4062465204682492170 ) ) ;
#10100 = DIRECTION ( 'NONE',  ( 1.000000000000000000, 1.174096724532128111E-16, -4.283287147278279845E-17 ) ) ;
#10101 = ADVANCED_FACE ( 'NONE', ( #7075 ), #3937, .F. ) ;
#10102 = CARTESIAN_POINT ( 'NONE',  ( 0.3586250628473005575, 0.1988660865309974379, 0.3062858905470076110 ) ) ;
#10103 = VECTOR ( 'NONE', #1305, 39.37007874015748143 ) ;
#10104 = ORIENTED_EDGE ( 'NONE', *, *, #8470, .T. ) ;
#10105 = CARTESIAN_POINT ( 'NONE',  ( 0.07122348804415810919, 0.3957164802317839070, 0.5228213236178702594 ) ) ;
#10106 = FACE_OUTER_BOUND ( 'NONE', #2288, .T. ) ;
#10107 =( NAMED_UNIT ( * ) PLANE_ANGLE_UNIT ( ) SI_UNIT ( $, .RADIAN. ) );
#10108 = EDGE_CURVE ( 'NONE', #1552, #6663, #10214, .T. ) ;
#10109 = MECHANICAL_DESIGN_GEOMETRIC_PRESENTATION_REPRESENTATION (  '', ( #10323 ), #7929 ) ;
#10110 = EDGE_LOOP ( 'NONE', ( #7046, #7528, #1947, #6739, #6823, #9474, #1521, #8976 ) ) ;
#10111 = CARTESIAN_POINT ( 'NONE',  ( 0.2326408108788038387, 0.3957164802317839070, 0.5228213236178702594 ) ) ;
#10112 = CARTESIAN_POINT ( 'NONE',  ( 0.2405148266268503088, 0.1555589999168270066, 0.4810890401532994520 ) ) ;
#10113 = CARTESIAN_POINT ( 'NONE',  ( 0.3310660077292020276, 0.3839054566097366838, 0.2669158118068457042 ) ) ;
#10114 = ORIENTED_EDGE ( 'NONE', *, *, #1875, .T. ) ;
#10115 = LINE ( 'NONE', #9084, #1756 ) ;
#10116 = LINE ( 'NONE', #3838, #8344 ) ;
#10117 = ORIENTED_EDGE ( 'NONE', *, *, #156, .F. ) ;
#10118 = FACE_OUTER_BOUND ( 'NONE', #3961, .T. ) ;
#10119 = CARTESIAN_POINT ( 'NONE',  ( 0.3901211258394337023, 0.4297564560040105786, 0.2505015174397471900 ) ) ;
#10120 = EDGE_CURVE ( 'NONE', #10372, #874, #7964, .T. ) ;
#10121 = DIRECTION ( 'NONE',  ( -1.494463191202475477E-14, 0.7071067811865472397, -0.7071067811865479058 ) ) ;
#10122 = DIRECTION ( 'NONE',  ( -2.359223927328456662E-16, 3.885780586188047398E-16, 1.000000000000000000 ) ) ;
#10123 = CARTESIAN_POINT ( 'NONE',  ( 0.1164990785953284869, 0.3583149054286423607, 0.3456559692871650769 ) ) ;
#10124 =( NAMED_UNIT ( * ) PLANE_ANGLE_UNIT ( ) SI_UNIT ( $, .RADIAN. ) );
#10125 = FACE_OUTER_BOUND ( 'NONE', #979, .T. ) ;
#10126 = DIRECTION ( 'NONE',  ( -2.359223927328456662E-16, 3.885780586188047398E-16, 1.000000000000000000 ) ) ;
#10127 = DIRECTION ( 'NONE',  ( -1.937287448275560894E-17, -1.000000000000000000, -8.220413448604736877E-18 ) ) ;
#10128 = ORIENTED_EDGE ( 'NONE', *, *, #6843, .T. ) ;
#10129 = DIRECTION ( 'NONE',  ( 1.316334802367150653E-16, -1.000000000000000000, 1.526556658859589750E-16 ) ) ;
#10130 = DIRECTION ( 'NONE',  ( 0.0000000000000000000, -8.220413448604736877E-18, 1.000000000000000000 ) ) ;
#10131 = ORIENTED_EDGE ( 'NONE', *, *, #3638, .F. ) ;
#10132 = UNCERTAINTY_MEASURE_WITH_UNIT (LENGTH_MEASURE( 1.000000000000000082E-05 ), #505, 'distance_accuracy_value', 'NONE');
#10133 = MECHANICAL_DESIGN_GEOMETRIC_PRESENTATION_REPRESENTATION (  '', ( #8174 ), #9269 ) ;
#10134 = DIRECTION ( 'NONE',  ( -1.937287448275561202E-17, -1.000000000000000000, -8.220413448604590506E-18 ) ) ;
#10135 = ORIENTED_EDGE ( 'NONE', *, *, #1708, .F. ) ;
#10136 = EDGE_LOOP ( 'NONE', ( #3425, #3825, #5481, #1098 ) ) ;
#10137 = ADVANCED_FACE ( 'NONE', ( #12138 ), #2746, .F. ) ;
#10138 = ADVANCED_FACE ( 'NONE', ( #6807 ), #1662, .F. ) ;
#10139 = ORIENTED_EDGE ( 'NONE', *, *, #2793, .T. ) ;
#10140 = CARTESIAN_POINT ( 'NONE',  ( 0.3920896297764415728, 0.08862986605855729949, 0.4834512448777162907 ) ) ;
#10141 = DIRECTION ( 'NONE',  ( -1.937287448275561202E-17, -1.000000000000000000, -8.220413448604590506E-18 ) ) ;
#10142 = AXIS2_PLACEMENT_3D ( 'NONE', #6009, #3973, #2903 ) ;
#10143 = CARTESIAN_POINT ( 'NONE',  ( 0.1090187636347222794, 0.08862986605856641720, 0.2397504574761404883 ) ) ;
#10144 = AXIS2_PLACEMENT_3D ( 'NONE', #7372, #10581, #11549 ) ;
#10145 = DIRECTION ( 'NONE',  ( 0.0000000000000000000, 0.9922778767136848366, -0.1240347345890697173 ) ) ;
#10146 = ORIENTED_EDGE ( 'NONE', *, *, #3879, .T. ) ;
#10147 = CARTESIAN_POINT ( 'NONE',  ( 0.1562628581229039970, 0.08075585031049740958, 0.4515614810981848914 ) ) ;
#10148 = ORIENTED_EDGE ( 'NONE', *, *, #10956, .F. ) ;
#10149 = VECTOR ( 'NONE', #6671, 39.37007874015748143 ) ;
#10150 = VECTOR ( 'NONE', #4001, 39.37007874015748143 ) ;
#10151 = ADVANCED_FACE ( 'NONE', ( #4784 ), #13034, .F. ) ;
#10152 = VERTEX_POINT ( 'NONE', #9142 ) ;
#10153 = CARTESIAN_POINT ( 'NONE',  ( 0.1267352990678038693, -0.07278745677611146714, 0.2397504574761405161 ) ) ;
#10154 = DIRECTION ( 'NONE',  ( 1.000000000000000000, 0.0000000000000000000, 0.0000000000000000000 ) ) ;
#10155 = CARTESIAN_POINT ( 'NONE',  ( 0.2221780689370911888, 0.2815432518853281940, 0.4007740795233771247 ) ) ;
#10156 = DIRECTION ( 'NONE',  ( 3.518308117683322415E-16, -1.000000000000000000, 4.163336342344337027E-16 ) ) ;
#10157 = DIRECTION ( 'NONE',  ( 2.865203769218833733E-48, -8.220413448604590506E-18, 1.000000000000000000 ) ) ;
#10158 = LINE ( 'NONE', #12534, #7377 ) ;
#10159 = CARTESIAN_POINT ( 'NONE',  ( 0.2483888423748524532, 0.3760314408617060900, 0.4677032133816496628 ) ) ;
#10160 = FACE_OUTER_BOUND ( 'NONE', #1399, .T. ) ;
#10161 = VERTEX_POINT ( 'NONE', #2895 ) ;
#10162 = DIRECTION ( 'NONE',  ( 1.000000000000000000, 0.0000000000000000000, 0.0000000000000000000 ) ) ;
#10163 = EDGE_CURVE ( 'NONE', #9962, #7735, #3759, .T. ) ;
#10164 = FACE_OUTER_BOUND ( 'NONE', #10994, .T. ) ;
#10165 = UNCERTAINTY_MEASURE_WITH_UNIT (LENGTH_MEASURE( 1.000000000000000082E-05 ), #11719, 'distance_accuracy_value', 'NONE');
#10166 = DIRECTION ( 'NONE',  ( 0.8320502943379405325, 0.0000000000000000000, 0.5547001962250837082 ) ) ;
#10167 = ADVANCED_FACE ( 'NONE', ( #13105 ), #6069, .T. ) ;
#10168 = ORIENTED_EDGE ( 'NONE', *, *, #3515, .T. ) ;
#10169 =( NAMED_UNIT ( * ) PLANE_ANGLE_UNIT ( ) SI_UNIT ( $, .RADIAN. ) );
#10170 = EDGE_CURVE ( 'NONE', #703, #9791, #12294, .T. ) ;
#10171 = COLOUR_RGB ( '',0.7607843137254901578, 0.7607843137254901578, 0.0000000000000000000 ) ;
#10172 = CARTESIAN_POINT ( 'NONE',  ( 0.3090187636347192512, 0.08862986605856651434, 0.4397504574761375573 ) ) ;
#10173 = LINE ( 'NONE', #9974, #13322 ) ;
#10174 = CARTESIAN_POINT ( 'NONE',  ( 0.2090187636347028977, 0.08075585031051529805, 0.2397504574761404883 ) ) ;
#10175 = CARTESIAN_POINT ( 'NONE',  ( 0.1558691573354938631, 0.2933542755073603736, 0.2515614810981877114 ) ) ;
#10176 = ADVANCED_FACE ( 'NONE', ( #3890 ), #7031, .F. ) ;
#10177 = VECTOR ( 'NONE', #2770, 39.37007874015748143 ) ;
#10178 = ORIENTED_EDGE ( 'NONE', *, *, #12506, .T. ) ;
#10179 = CARTESIAN_POINT ( 'NONE',  ( 0.3625620707213385585, 0.1476849841687954135, 0.2732150244052707344 ) ) ;
#10180 = EDGE_CURVE ( 'NONE', #10591, #560, #11201, .T. ) ;
#10181 = CARTESIAN_POINT ( 'NONE',  ( 0.2326408108788038387, 0.5728818345624925312, 0.3456559692871650769 ) ) ;
#10182 = ORIENTED_EDGE ( 'NONE', *, *, #7774, .F. ) ;
#10183 = FACE_OUTER_BOUND ( 'NONE', #7790, .T. ) ;
#10184 = ORIENTED_EDGE ( 'NONE', *, *, #6166, .T. ) ;
#10185 = DIRECTION ( 'NONE',  ( -1.937287448275561202E-17, -1.000000000000000000, -8.220413448604590506E-18 ) ) ;
#10186 = CARTESIAN_POINT ( 'NONE',  ( 0.2385463226898388855, -0.07278745677610240494, 0.4515614810981849470 ) ) ;
#10187 = VECTOR ( 'NONE', #12268, 39.37007874015748143 ) ;
#10188 = DIRECTION ( 'NONE',  ( 3.518308117683322415E-16, -1.000000000000000000, 4.163336342344337027E-16 ) ) ;
#10189 = CARTESIAN_POINT ( 'NONE',  ( 0.2385463226898388855, -0.07278745677610240494, 0.4515614810981849470 ) ) ;
#10190 = LINE ( 'NONE', #4118, #5906 ) ;
#10191 = DIRECTION ( 'NONE',  ( 0.0000000000000000000, 0.0000000000000000000, 1.000000000000000000 ) ) ;
#10192 = VECTOR ( 'NONE', #2465, 39.37007874015748143 ) ;
#10193 = EDGE_LOOP ( 'NONE', ( #9543, #12832, #8840, #7524, #12181, #9704, #163, #11749 ) ) ;
#10194 = CARTESIAN_POINT ( 'NONE',  ( 0.2405148266268501978, 0.2756377400743056927, 0.5657347094446253388 ) ) ;
#10195 = EDGE_CURVE ( 'NONE', #9506, #7062, #1725, .T. ) ;
#10196 = SURFACE_SIDE_STYLE ('',( #8155 ) ) ;
#10197 = VECTOR ( 'NONE', #11015, 39.37007874015748143 ) ;
#10198 = ORIENTED_EDGE ( 'NONE', *, *, #12146, .T. ) ;
#10199 = ORIENTED_EDGE ( 'NONE', *, *, #10985, .F. ) ;
#10200 = DIRECTION ( 'NONE',  ( -1.000000000000000000, 0.0000000000000000000, 0.0000000000000000000 ) ) ;
#10201 = ORIENTED_EDGE ( 'NONE', *, *, #12857, .F. ) ;
#10202 = ORIENTED_EDGE ( 'NONE', *, *, #11490, .T. ) ;
#10203 = CARTESIAN_POINT ( 'NONE',  ( 0.3920896297764415728, 0.3760314408617050908, 0.4243961267674801197 ) ) ;
#10204 = ORIENTED_EDGE ( 'NONE', *, *, #12074, .F. ) ;
#10205 = COLOUR_RGB ( '',0.7607843137254901578, 0.7607843137254901578, 0.0000000000000000000 ) ;
#10206 = DIRECTION ( 'NONE',  ( 0.0000000000000000000, 0.0000000000000000000, 1.000000000000000000 ) ) ;
#10207 =( LENGTH_UNIT ( ) NAMED_UNIT ( * ) SI_UNIT ( $, .METRE. ) );
#10208 = CARTESIAN_POINT ( 'NONE',  ( 0.2326408108788038387, 0.5728818345624925312, 0.4283331346414958052 ) ) ;
#10209 = DIRECTION ( 'NONE',  ( 0.0000000000000000000, 8.220413448604736877E-18, -1.000000000000000000 ) ) ;
#10210 = AXIS2_PLACEMENT_3D ( 'NONE', #8923, #10981, #4706 ) ;
#10211 = CARTESIAN_POINT ( 'NONE',  ( 0.1893337242646341567, 0.3760314408617050908, 0.2236087251926805186 ) ) ;
#10212 = CARTESIAN_POINT ( 'NONE',  ( 0.2090187636347028977, 0.08075585031051529805, 0.2515614810981877114 ) ) ;
#10213 = EDGE_CURVE ( 'NONE', #5952, #5056, #5307, .T. ) ;
#10214 = LINE ( 'NONE', #9197, #1087 ) ;
#10215 = ORIENTED_EDGE ( 'NONE', *, *, #8671, .T. ) ;
#10216 = VECTOR ( 'NONE', #7479, 39.37007874015748143 ) ;
#10217 = DIRECTION ( 'NONE',  ( 1.000000000000000000, 0.0000000000000000000, 0.0000000000000000000 ) ) ;
#10218 = EDGE_LOOP ( 'NONE', ( #11583, #4677, #5828, #7079 ) ) ;
#10219 = ORIENTED_EDGE ( 'NONE', *, *, #3109, .F. ) ;
#10220 = DIRECTION ( 'NONE',  ( 2.626713979715461236E-16, -3.747002708109903324E-16, -1.000000000000000000 ) ) ;
#10221 = DIRECTION ( 'NONE',  ( 0.0000000000000000000, 1.000000000000000000, 0.0000000000000000000 ) ) ;
#10222 = CARTESIAN_POINT ( 'NONE',  ( 0.2916959289890400653, 0.1279999447987147931, 0.4893567566887362941 ) ) ;
#10223 = DIRECTION ( 'NONE',  ( 1.000000000000000000, 3.518308117683324880E-16, 2.626713979715458771E-16 ) ) ;
#10224 = VECTOR ( 'NONE', #756, 39.37007874015748143 ) ;
#10225 = CARTESIAN_POINT ( 'NONE',  ( 0.2877589211150314297, 0.2185511259010752549, 0.5228213236178713696 ) ) ;
#10226 = DIRECTION ( 'NONE',  ( 0.0000000000000000000, 0.0000000000000000000, 1.000000000000000000 ) ) ;
#10227 = PRESENTATION_STYLE_ASSIGNMENT (( #993 ) ) ;
#10228 = EDGE_CURVE ( 'NONE', #1287, #3599, #11411, .T. ) ;
#10229 = ORIENTED_EDGE ( 'NONE', *, *, #1820, .F. ) ;
#10230 = FACE_BOUND ( 'NONE', #5900, .T. ) ;
#10231 = ADVANCED_FACE ( 'NONE', ( #7237 ), #6341, .F. ) ;
#10232 = DIRECTION ( 'NONE',  ( -2.626713979715461236E-16, 4.163336342344336041E-16, 1.000000000000000000 ) ) ;
#10233 = VERTEX_POINT ( 'NONE', #10513 ) ;
#10234 = DIRECTION ( 'NONE',  ( 2.152236195923768601E-14, 2.498001805406631798E-16, 1.000000000000000000 ) ) ;
#10235 = EDGE_LOOP ( 'NONE', ( #12715, #4041, #3046, #2601 ) ) ;
#10236 = VECTOR ( 'NONE', #1987, 39.37007874015748143 ) ;
#10237 = DIRECTION ( 'NONE',  ( -0.8944271910000519688, 0.4472135954996857565, -4.211305021371787207E-16 ) ) ;
#10238 = ORIENTED_EDGE ( 'NONE', *, *, #2302, .F. ) ;
#10239 =( GEOMETRIC_REPRESENTATION_CONTEXT ( 3 ) GLOBAL_UNCERTAINTY_ASSIGNED_CONTEXT ( ( #786 ) ) GLOBAL_UNIT_ASSIGNED_CONTEXT ( ( #8197, #3032, #6215 ) ) REPRESENTATION_CONTEXT ( 'NONE', 'WORKASPACE' ) );
#10240 = LENGTH_MEASURE_WITH_UNIT ( LENGTH_MEASURE( 0.02539999999999999897 ), #6073 );
#10241 = ORIENTED_EDGE ( 'NONE', *, *, #7425, .F. ) ;
#10242 = PLANE ( 'NONE',  #8856 ) ;
#10243 = CARTESIAN_POINT ( 'NONE',  ( 0.2208297872567573095, -0.05703942528004485313, 0.2515614810981877669 ) ) ;
#10244 = VECTOR ( 'NONE', #7098, 39.37007874015748143 ) ;
#10245 = AXIS2_PLACEMENT_3D ( 'NONE', #3779, #13052, #8763 ) ;
#10246 = PRESENTATION_STYLE_ASSIGNMENT (( #1004 ) ) ;
#10247 = AXIS2_PLACEMENT_3D ( 'NONE', #3820, #6754, #9963 ) ;
#10248 = FACE_OUTER_BOUND ( 'NONE', #3827, .T. ) ;
#10249 = ADVANCED_FACE ( 'NONE', ( #2136 ), #8450, .T. ) ;
#10250 = ORIENTED_EDGE ( 'NONE', *, *, #4081, .F. ) ;
#10251 = CARTESIAN_POINT ( 'NONE',  ( 0.3468140392252720416, 0.1555589999168270066, 0.2062465204682520925 ) ) ;
#10252 = CARTESIAN_POINT ( 'NONE',  ( 0.2483888423748767116, 0.3760314408617060900, 0.1940811661375717867 ) ) ;
#10253 = PLANE ( 'NONE',  #13087 ) ;
#10254 = VECTOR ( 'NONE', #7327, 39.37007874015748143 ) ;
#10255 = DIRECTION ( 'NONE',  ( -1.000000000000000000, 0.0000000000000000000, 0.0000000000000000000 ) ) ;
#10256 = ORIENTED_EDGE ( 'NONE', *, *, #8354, .F. ) ;
#10257 = VECTOR ( 'NONE', #7440, 39.37007874015748143 ) ;
#10258 = VECTOR ( 'NONE', #8438, 39.37007874015748143 ) ;
#10259 = VECTOR ( 'NONE', #12435, 39.37007874015748143 ) ;
#10260 = DIRECTION ( 'NONE',  ( -1.937287448275561202E-17, -1.000000000000000000, -8.220413448604590506E-18 ) ) ;
#10261 = CARTESIAN_POINT ( 'NONE',  ( 0.07122348804415810919, 0.05713380306642412698, 0.5228213236178702594 ) ) ;
#10262 = EDGE_CURVE ( 'NONE', #874, #8936, #10576, .T. ) ;
#10263 = EDGE_CURVE ( 'NONE', #6753, #2516, #8252, .T. ) ;
#10264 = DIRECTION ( 'NONE',  ( -1.937287448275561202E-17, -1.000000000000000000, -8.220413448604590506E-18 ) ) ;
#10265 = SURFACE_SIDE_STYLE ('',( #5075 ) ) ;
#10266 = CARTESIAN_POINT ( 'NONE',  ( 0.2916959289890400653, 0.09256687393256948782, 0.1901441582635394756 ) ) ;
#10267 = VECTOR ( 'NONE', #12087, 39.37007874015748143 ) ;
#10268 = FACE_OUTER_BOUND ( 'NONE', #10839, .T. ) ;
#10269 = CARTESIAN_POINT ( 'NONE',  ( 0.2326408108788125817, -0.1446865674942329760, 0.4515614810981849470 ) ) ;
#10270 = EDGE_CURVE ( 'NONE', #2274, #1929, #9222, .T. ) ;
#10271 = VECTOR ( 'NONE', #640, 39.37007874015748143 ) ;
#10272 = EDGE_LOOP ( 'NONE', ( #11244, #2333, #1779, #9404 ) ) ;
#10273 = LINE ( 'NONE', #4059, #10668 ) ;
#10274 = ORIENTED_EDGE ( 'NONE', *, *, #5666, .T. ) ;
#10275 = CARTESIAN_POINT ( 'NONE',  ( 0.2326408108788038387, 0.5531967951924182669, 0.3456559692871650769 ) ) ;
#10276 = ORIENTED_EDGE ( 'NONE', *, *, #6873, .T. ) ;
#10277 = ORIENTED_EDGE ( 'NONE', *, *, #4927, .T. ) ;
#10278 = CARTESIAN_POINT ( 'NONE',  ( 0.3468140392252720416, 0.1555589999168270066, 0.2062465204682520925 ) ) ;
#10279 = PRESENTATION_LAYER_ASSIGNMENT (  '', '', ( #2676 ) ) ;
#10280 = VERTEX_POINT ( 'NONE', #360 ) ;
#10281 = VECTOR ( 'NONE', #3402, 39.37007874015748143 ) ;
#10282 = EDGE_CURVE ( 'NONE', #7776, #11614, #2411, .T. ) ;
#10283 = LINE ( 'NONE', #2557, #3187 ) ;
#10284 = CARTESIAN_POINT ( 'NONE',  ( 0.08106600772921163101, 0.1555589999168268955, 0.2554984889721936270 ) ) ;
#10285 = FILL_AREA_STYLE ('',( #9193 ) ) ;
#10286 = FILL_AREA_STYLE ('',( #6122 ) ) ;
#10287 = AXIS2_PLACEMENT_3D ( 'NONE', #12144, #6748, #3810 ) ;
#10288 = VECTOR ( 'NONE', #3716, 39.37007874015748143 ) ;
#10289 = CARTESIAN_POINT ( 'NONE',  ( 0.3645305746583385464, 0.2776062440113114538, 0.3456559692871650769 ) ) ;
#10290 = VERTEX_POINT ( 'NONE', #10713 ) ;
#10291 = LINE ( 'NONE', #85, #6822 ) ;
#10292 = VERTEX_POINT ( 'NONE', #11746 ) ;
#10293 = ORIENTED_EDGE ( 'NONE', *, *, #1790, .T. ) ;
#10294 = LINE ( 'NONE', #2187, #12621 ) ;
#10295 = CARTESIAN_POINT ( 'NONE',  ( 0.3310660077292020276, 0.1791810471609177335, 0.3102228984210197438 ) ) ;
#10296 = EDGE_CURVE ( 'NONE', #6238, #8934, #9542, .T. ) ;
#10297 = AXIS2_PLACEMENT_3D ( 'NONE', #10289, #978, #7482 ) ;
#10298 = CARTESIAN_POINT ( 'NONE',  ( 0.2326408108788038387, 0.2972912833813901590, 0.1527425834603898525 ) ) ;
#10299 = CARTESIAN_POINT ( 'NONE',  ( 0.1208297872567766079, 0.05713380306641546030, 0.4515614810981848914 ) ) ;
#10300 = DIRECTION ( 'NONE',  ( 1.316334802367150653E-16, -1.000000000000000000, 1.526556658859589750E-16 ) ) ;
#10301 = SURFACE_STYLE_FILL_AREA ( #4967 ) ;
#10302 = LINE ( 'NONE', #11535, #12030 ) ;
#10303 = FILL_AREA_STYLE ('',( #4022 ) ) ;
#10304 = ORIENTED_EDGE ( 'NONE', *, *, #8186, .T. ) ;
#10305 = CARTESIAN_POINT ( 'NONE',  ( 0.09484553528826229762, 0.1555589999168269233, 0.3456559692871707390 ) ) ;
#10306 = ORIENTED_EDGE ( 'NONE', *, *, #11447, .F. ) ;
#10307 = UNCERTAINTY_MEASURE_WITH_UNIT (LENGTH_MEASURE( 1.000000000000000082E-05 ), #1993, 'distance_accuracy_value', 'NONE');
#10308 = PLANE ( 'NONE',  #11793 ) ;
#10309 = VECTOR ( 'NONE', #8478, 39.37007874015748143 ) ;
#10310 = EDGE_LOOP ( 'NONE', ( #5797, #6, #8650, #10571, #9140 ) ) ;
#10311 = VERTEX_POINT ( 'NONE', #6481 ) ;
#10312 = EDGE_CURVE ( 'NONE', #5343, #9624, #1251, .T. ) ;
#10313 = VERTEX_POINT ( 'NONE', #10644 ) ;
#10314 = EDGE_CURVE ( 'NONE', #9899, #2396, #1401, .T. ) ;
#10315 =( CONVERSION_BASED_UNIT ( 'INCH', #2140 ) LENGTH_UNIT ( ) NAMED_UNIT ( #13114 ) );
#10316 = CIRCLE ( 'NONE', #8575, 0.02952755905511810289 ) ;
#10317 = CARTESIAN_POINT ( 'NONE',  ( 0.3743730943433671299, 0.05713380306642412698, 0.1921126622005508988 ) ) ;
#10318 = DIRECTION ( 'NONE',  ( -1.608386623408232256E-17, -1.526556658859589750E-16, -1.000000000000000000 ) ) ;
#10319 = ORIENTED_EDGE ( 'NONE', *, *, #10170, .F. ) ;
#10320 = CARTESIAN_POINT ( 'NONE',  ( 0.2326408108788038387, 0.3760314408617050908, 0.1901441582635394756 ) ) ;
#10321 = CARTESIAN_POINT ( 'NONE',  ( 0.1558691573354937521, 0.2933542755073604291, 0.4515614810981848359 ) ) ;
#10322 = ORIENTED_EDGE ( 'NONE', *, *, #11272, .F. ) ;
#10323 = STYLED_ITEM ( 'NONE', ( #3905 ), #9237 ) ;
#10324 = LINE ( 'NONE', #9297, #551 ) ;
#10325 = ORIENTED_EDGE ( 'NONE', *, *, #4924, .F. ) ;
#10326 = LINE ( 'NONE', #1013, #8482 ) ;
#10327 = EDGE_CURVE ( 'NONE', #2760, #2396, #4432, .T. ) ;
#10328 = CARTESIAN_POINT ( 'NONE',  ( 0.3920896297764415728, 0.1476849841687904175, 0.5011677803107907891 ) ) ;
#10329 =( NAMED_UNIT ( * ) SI_UNIT ( $, .STERADIAN. ) SOLID_ANGLE_UNIT ( ) );
#10330 = DIRECTION ( 'NONE',  ( -1.000000000000000000, -0.0000000000000000000, -0.0000000000000000000 ) ) ;
#10331 = PRESENTATION_LAYER_ASSIGNMENT (  '', '', ( #9895 ) ) ;
#10332 =( NAMED_UNIT ( * ) PLANE_ANGLE_UNIT ( ) SI_UNIT ( $, .RADIAN. ) );
#10333 = DIRECTION ( 'NONE',  ( 3.518308117683322415E-16, -1.000000000000000000, 4.163336342344337027E-16 ) ) ;
#10334 = ORIENTED_EDGE ( 'NONE', *, *, #2503, .T. ) ;
#10335 = CARTESIAN_POINT ( 'NONE',  ( 0.1164990785953284869, 0.3760314408617060900, 0.4677032133816496628 ) ) ;
#10336 = CARTESIAN_POINT ( 'NONE',  ( 0.2726091976981876441, 0.4547715983420210217, 0.3062858905470076110 ) ) ;
#10337 = EDGE_CURVE ( 'NONE', #3674, #1739, #5370, .T. ) ;
#10338 = ORIENTED_EDGE ( 'NONE', *, *, #183, .F. ) ;
#10339 = EDGE_CURVE ( 'NONE', #9842, #6156, #3349, .T. ) ;
#10340 = LINE ( 'NONE', #8357, #3567 ) ;
#10341 = EDGE_LOOP ( 'NONE', ( #12962, #8620 ) ) ;
#10342 = EDGE_LOOP ( 'NONE', ( #13101, #12950, #11876, #13140, #11263, #9501, #1459, #5731 ) ) ;
#10343 = CARTESIAN_POINT ( 'NONE',  ( 0.2726091976981875886, 0.1988660865309974379, 0.3850260480273225983 ) ) ;
#10344 = ORIENTED_EDGE ( 'NONE', *, *, #1669, .T. ) ;
#10345 = ADVANCED_FACE ( 'NONE', ( #7500 ), #7569, .F. ) ;
#10346 = DIRECTION ( 'NONE',  ( 0.0000000000000000000, 0.0000000000000000000, 1.000000000000000000 ) ) ;
#10347 = DIRECTION ( 'NONE',  ( 0.0000000000000000000, 0.0000000000000000000, -1.000000000000000000 ) ) ;
#10348 = FILL_AREA_STYLE_COLOUR ( '', #5034 ) ;
#10349 = DIRECTION ( 'NONE',  ( -1.608386623408232256E-17, -1.526556658859589750E-16, -1.000000000000000000 ) ) ;
#10350 = LINE ( 'NONE', #13353, #4697 ) ;
#10351 = DIRECTION ( 'NONE',  ( -1.937287448275561202E-17, -1.000000000000000000, -8.220413448604590506E-18 ) ) ;
#10352 = PRESENTATION_STYLE_ASSIGNMENT (( #1093 ) ) ;
#10353 = VECTOR ( 'NONE', #3913, 39.37007874015748143 ) ;
#10354 = CARTESIAN_POINT ( 'NONE',  ( 0.3625620707213385585, 0.1555589999168270066, 0.2180969141690466684 ) ) ;
#10355 = EDGE_CURVE ( 'NONE', #11801, #6156, #11656, .T. ) ;
#10356 = DIRECTION ( 'NONE',  ( 1.316334802367150653E-16, -1.000000000000000000, 1.526556658859589750E-16 ) ) ;
#10357 = ORIENTED_EDGE ( 'NONE', *, *, #5830, .T. ) ;
#10358 = CARTESIAN_POINT ( 'NONE',  ( 0.2641368738709190533, 0.2972912833813901590, 0.1527425834603898525 ) ) ;
#10359 = VECTOR ( 'NONE', #7559, 39.37007874015748143 ) ;
#10360 = FACE_OUTER_BOUND ( 'NONE', #254, .T. ) ;
#10361 = CARTESIAN_POINT ( 'NONE',  ( 0.3920896297764415728, 0.1791810471609177335, 0.3102228984210197438 ) ) ;
#10362 = CARTESIAN_POINT ( 'NONE',  ( 0.07122348804415810919, 0.05713380306642412698, 0.1842386464525194445 ) ) ;
#10363 = CARTESIAN_POINT ( 'NONE',  ( 0.3919583961806505368, 0.1770813096281075305, 0.3887005887097317869 ) ) ;
#10364 = DIRECTION ( 'NONE',  ( 1.608386623408232256E-17, 1.526556658859589750E-16, 1.000000000000000000 ) ) ;
#10365 = FACE_OUTER_BOUND ( 'NONE', #5171, .T. ) ;
#10366 = CARTESIAN_POINT ( 'NONE',  ( 0.1893337242646341567, 0.1988660865309974379, 0.1940811661375623776 ) ) ;
#10367 = EDGE_LOOP ( 'NONE', ( #7010, #3431, #2499, #4478 ) ) ;
#10368 = CARTESIAN_POINT ( 'NONE',  ( 0.3645305746583385464, 0.4575997454093465033, 0.5011677803107907891 ) ) ;
#10369 = AXIS2_PLACEMENT_3D ( 'NONE', #5212, #1034, #3866 ) ;
#10370 = VERTEX_POINT ( 'NONE', #11520 ) ;
#10371 = EDGE_CURVE ( 'NONE', #2205, #4168, #1227, .T. ) ;
#10372 = VERTEX_POINT ( 'NONE', #11452 ) ;
#10373 = VERTEX_POINT ( 'NONE', #143 ) ;
#10374 = ORIENTED_EDGE ( 'NONE', *, *, #2438, .F. ) ;
#10375 = PRESENTATION_STYLE_ASSIGNMENT (( #3968 ) ) ;
#10376 = ORIENTED_EDGE ( 'NONE', *, *, #4497, .F. ) ;
#10377 = CARTESIAN_POINT ( 'NONE',  ( 0.2956329368630823962, 0.08862986605855742439, 0.2058921897596044936 ) ) ;
#10378 = STYLED_ITEM ( 'NONE', ( #10227 ), #1995 ) ;
#10379 = FACE_OUTER_BOUND ( 'NONE', #9902, .T. ) ;
#10380 =( NAMED_UNIT ( * ) PLANE_ANGLE_UNIT ( ) SI_UNIT ( $, .RADIAN. ) );
#10381 = PLANE ( 'NONE',  #933 ) ;
#10382 = ORIENTED_EDGE ( 'NONE', *, *, #13010, .T. ) ;
#10383 = EDGE_CURVE ( 'NONE', #5276, #6111, #4137, .T. ) ;
#10384 = LINE ( 'NONE', #2021, #7255 ) ;
#10385 = CARTESIAN_POINT ( 'NONE',  ( 0.4098061652095124630, 0.05713380306642399514, 0.2039236858226017579 ) ) ;
#10386 = ORIENTED_EDGE ( 'NONE', *, *, #5317, .F. ) ;
#10387 = AXIS2_PLACEMENT_3D ( 'NONE', #8205, #12500, #13330 ) ;
#10388 = CARTESIAN_POINT ( 'NONE',  ( 0.2326408108788038387, 0.3957164802317839070, 0.5228213236178702594 ) ) ;
#10389 = ORIENTED_EDGE ( 'NONE', *, *, #5330, .F. ) ;
#10390 = CARTESIAN_POINT ( 'NONE',  ( 0.1347607381955349126, 0.4079514893171786172, 0.5011677803107907891 ) ) ;
#10391 = PLANE ( 'NONE',  #6452 ) ;
#10392 = FACE_OUTER_BOUND ( 'NONE', #11651, .T. ) ;
#10393 = AXIS2_PLACEMENT_3D ( 'NONE', #4520, #1207, #3432 ) ;
#10394 = DIRECTION ( 'NONE',  ( -4.283287147278277996E-17, -1.665334536937734318E-16, -1.000000000000000000 ) ) ;
#10395 = ORIENTED_EDGE ( 'NONE', *, *, #12940, .F. ) ;
#10396 =( NAMED_UNIT ( * ) SI_UNIT ( $, .STERADIAN. ) SOLID_ANGLE_UNIT ( ) );
#10397 = EDGE_CURVE ( 'NONE', #4272, #2484, #1091, .T. ) ;
#10398 = EDGE_CURVE ( 'NONE', #9139, #5565, #1164, .T. ) ;
#10399 = CARTESIAN_POINT ( 'NONE',  ( 0.07516049591817387798, 0.08862986605855729949, 0.2078606936966139462 ) ) ;
#10400 = LINE ( 'NONE', #3175, #1350 ) ;
#10401 = ORIENTED_EDGE ( 'NONE', *, *, #9547, .T. ) ;
#10402 = CARTESIAN_POINT ( 'NONE',  ( 0.1444518345008675153, 0.05713380306640647444, 0.4515614810981848914 ) ) ;
#10403 = ORIENTED_EDGE ( 'NONE', *, *, #8004, .T. ) ;
#10404 = EDGE_LOOP ( 'NONE', ( #117, #6541, #7200, #10114 ) ) ;
#10405 = VECTOR ( 'NONE', #7509, 39.37007874015748143 ) ;
#10406 = DIRECTION ( 'NONE',  ( 1.000000000000000000, 0.0000000000000000000, 0.0000000000000000000 ) ) ;
#10407 = ORIENTED_EDGE ( 'NONE', *, *, #4356, .T. ) ;
#10408 = SURFACE_STYLE_FILL_AREA ( #12579 ) ;
#10409 = CARTESIAN_POINT ( 'NONE',  ( 0.3305208835620726537, 0.4079514893171786172, 0.4991992763737758132 ) ) ;
#10410 = LINE ( 'NONE', #9664, #9967 ) ;
#10411 = CARTESIAN_POINT ( 'NONE',  ( 0.1558691573354859805, 0.2165826219640790973, 0.4243961267674800641 ) ) ;
#10412 = CARTESIAN_POINT ( 'NONE',  ( 0.1558691573354938631, 0.2933542755073603736, 0.2515614810981877114 ) ) ;
#10413 = DIRECTION ( 'NONE',  ( -0.4472135954996860341, -0.8944271910000519688, 1.437323020767007389E-16 ) ) ;
#10414 =( NAMED_UNIT ( * ) SI_UNIT ( $, .STERADIAN. ) SOLID_ANGLE_UNIT ( ) );
#10415 = AXIS2_PLACEMENT_3D ( 'NONE', #11221, #13268, #6021 ) ;
#10416 = DIRECTION ( 'NONE',  ( -1.000000000000000000, -1.174096724532128111E-16, 4.283287147278279229E-17 ) ) ;
#10417 = ADVANCED_FACE ( 'NONE', ( #11593 ), #5283, .T. ) ;
#10418 = ORIENTED_EDGE ( 'NONE', *, *, #1681, .T. ) ;
#10419 = CARTESIAN_POINT ( 'NONE',  ( 0.4098061652095124630, 0.2972912833813901590, 0.3456559692871650769 ) ) ;
#10420 = VERTEX_POINT ( 'NONE', #9456 ) ;
#10421 = CARTESIAN_POINT ( 'NONE',  ( 0.3208297872567558162, 0.05713380306642436984, 0.2515614810981877114 ) ) ;
#10422 = VECTOR ( 'NONE', #8288, 39.37007874015748143 ) ;
#10423 = DIRECTION ( 'NONE',  ( 1.937287448275560894E-17, 1.000000000000000000, 8.220413448604736877E-18 ) ) ;
#10424 = DIRECTION ( 'NONE',  ( -1.937287448275561202E-17, -1.000000000000000000, -8.220413448604590506E-18 ) ) ;
#10425 = DIRECTION ( 'NONE',  ( 0.0000000000000000000, 0.0000000000000000000, 1.000000000000000000 ) ) ;
#10426 = EDGE_CURVE ( 'NONE', #7100, #5619, #6185, .T. ) ;
#10427 = EDGE_CURVE ( 'NONE', #8989, #4851, #2249, .T. ) ;
#10428 = CARTESIAN_POINT ( 'NONE',  ( 0.3310660077292020276, 0.3839054566097366838, 0.3102228984210197438 ) ) ;
#10429 = CARTESIAN_POINT ( 'NONE',  ( 0.1444518345008675708, 0.05713380306640643974, 0.2515614810981877114 ) ) ;
#10430 = CARTESIAN_POINT ( 'NONE',  ( 0.3763415982803857696, 0.2579212046412327486, 0.4243961267674801197 ) ) ;
#10431 = AXIS2_PLACEMENT_3D ( 'NONE', #9689, #11870, #2548 ) ;
#10432 = ORIENTED_EDGE ( 'NONE', *, *, #10822, .T. ) ;
#10433 = EDGE_CURVE ( 'NONE', #7839, #12062, #12656, .T. ) ;
#10434 = DIRECTION ( 'NONE',  ( 2.359223927328456662E-16, -3.885780586188047398E-16, -1.000000000000000000 ) ) ;
#10435 = UNCERTAINTY_MEASURE_WITH_UNIT (LENGTH_MEASURE( 1.000000000000000082E-05 ), #5359, 'distance_accuracy_value', 'NONE');
#10436 = VERTEX_POINT ( 'NONE', #5147 ) ;
#10437 = CARTESIAN_POINT ( 'NONE',  ( 0.2405148266268503365, 0.1555589999168270343, 0.4062858905469893811 ) ) ;
#10438 = ORIENTED_EDGE ( 'NONE', *, *, #723, .F. ) ;
#10439 = VERTEX_POINT ( 'NONE', #4270 ) ;
#10440 = AXIS2_PLACEMENT_3D ( 'NONE', #8278, #12443, #4055 ) ;
#10441 = DIRECTION ( 'NONE',  ( 0.0000000000000000000, -1.000000000000000000, 0.0000000000000000000 ) ) ;
#10442 = CARTESIAN_POINT ( 'NONE',  ( 0.2483888423748703833, 0.2185511259010752549, 0.3456559692871650769 ) ) ;
#10443 =( LENGTH_UNIT ( ) NAMED_UNIT ( * ) SI_UNIT ( $, .METRE. ) );
#10444 = FACE_OUTER_BOUND ( 'NONE', #4060, .T. ) ;
#10445 = ADVANCED_BREP_SHAPE_REPRESENTATION ( '', ( #12692, #8124, #5463 ), #1789 ) ;
#10446 = EDGE_CURVE ( 'NONE', #6404, #7776, #16, .T. ) ;
#10447 = DIRECTION ( 'NONE',  ( -1.316334802367150653E-16, 1.000000000000000000, -1.526556658859589750E-16 ) ) ;
#10448 = LINE ( 'NONE', #5454, #4156 ) ;
#10449 =( GEOMETRIC_REPRESENTATION_CONTEXT ( 3 ) GLOBAL_UNCERTAINTY_ASSIGNED_CONTEXT ( ( #2266 ) ) GLOBAL_UNIT_ASSIGNED_CONTEXT ( ( #7585, #7519, #4382 ) ) REPRESENTATION_CONTEXT ( 'NONE', 'WORKASPACE' ) );
#10450 = CARTESIAN_POINT ( 'NONE',  ( 0.2326408108788161344, 0.1555589999168270066, 0.4810890401532994520 ) ) ;
#10451 = VECTOR ( 'NONE', #9576, 39.37007874015748143 ) ;
#10452 = ORIENTED_EDGE ( 'NONE', *, *, #12640, .F. ) ;
#10453 = DIRECTION ( 'NONE',  ( -3.376070039848299626E-16, 1.000000000000000000, -4.302114220422482087E-16 ) ) ;
#10454 = ORIENTED_EDGE ( 'NONE', *, *, #8153, .F. ) ;
#10455 = CARTESIAN_POINT ( 'NONE',  ( 0.3305208835620726537, 0.4079514893171786172, 0.1921126622005508988 ) ) ;
#10456 = LINE ( 'NONE', #6424, #2003 ) ;
#10457 = ORIENTED_EDGE ( 'NONE', *, *, #10312, .T. ) ;
#10458 = CARTESIAN_POINT ( 'NONE',  ( 0.2326408108788038387, 0.7854802597593475433, 0.3929000637753539693 ) ) ;
#10459 = ORIENTED_EDGE ( 'NONE', *, *, #11664, .F. ) ;
#10460 = CARTESIAN_POINT ( 'NONE',  ( 0.2326408108788125817, -0.1446865674942329760, 0.4397504574761376683 ) ) ;
#10461 = CARTESIAN_POINT ( 'NONE',  ( 0.2326408108788161344, 0.1476849841687954967, 0.4554984889722087371 ) ) ;
#10462 = AXIS2_PLACEMENT_3D ( 'NONE', #10461, #12498, #3165 ) ;
#10463 = PRESENTATION_LAYER_ASSIGNMENT (  '', '', ( #2855 ) ) ;
#10464 = DIRECTION ( 'NONE',  ( 1.000000000000000000, -1.937287448275561202E-17, -2.565854121688507820E-49 ) ) ;
#10465 = VECTOR ( 'NONE', #11067, 39.37007874015748143 ) ;
#10466 = ADVANCED_FACE ( 'NONE', ( #5614 ), #4541, .T. ) ;
#10467 = DIRECTION ( 'NONE',  ( 1.000000000000000000, 3.518308117683323401E-16, 2.626713979715459264E-16 ) ) ;
#10468 = CARTESIAN_POINT ( 'NONE',  ( 0.3330345116662203897, 0.3130393148774569534, 0.2062858905469922566 ) ) ;
#10469 = LINE ( 'NONE', #2158, #10908 ) ;
#10470 = DIRECTION ( 'NONE',  ( -1.000000000000000000, -0.0000000000000000000, -0.0000000000000000000 ) ) ;
#10471 = VERTEX_POINT ( 'NONE', #7686 ) ;
#10472 = CARTESIAN_POINT ( 'NONE',  ( 0.09090852741424043648, 0.05713380306642412698, 0.1921126622005508988 ) ) ;
#10473 = VECTOR ( 'NONE', #3808, 39.37007874015748143 ) ;
#10474 = SURFACE_STYLE_FILL_AREA ( #11504 ) ;
#10475 = AXIS2_PLACEMENT_3D ( 'NONE', #8860, #2830, #1793 ) ;
#10476 = DIRECTION ( 'NONE',  ( 1.000000000000000000, 3.376070039848302092E-16, 2.359223927328455183E-16 ) ) ;
#10477 = ORIENTED_EDGE ( 'NONE', *, *, #5001, .T. ) ;
#10478 = VERTEX_POINT ( 'NONE', #4408 ) ;
#10479 = LINE ( 'NONE', #7, #430 ) ;
#10480 = ORIENTED_EDGE ( 'NONE', *, *, #867, .T. ) ;
#10481 = EDGE_CURVE ( 'NONE', #4665, #9253, #6652, .T. ) ;
#10482 = CARTESIAN_POINT ( 'NONE',  ( 0.3389400234772386167, 0.2008345904680078342, 0.4480181740115732336 ) ) ;
#10483 = VECTOR ( 'NONE', #12705, 39.37007874015748854 ) ;
#10484 = LINE ( 'NONE', #12327, #7435 ) ;
#10485 = EDGE_CURVE ( 'NONE', #8282, #9038, #10824, .T. ) ;
#10486 = VECTOR ( 'NONE', #13126, 39.37007874015748143 ) ;
#10488 = CARTESIAN_POINT ( 'NONE',  ( 0.2326408108788038387, 0.5295747479483139397, 0.3456559692871650769 ) ) ;
#10487 = VECTOR ( 'NONE', #13160, 39.37007874015748143 ) ;
#10489 = CARTESIAN_POINT ( 'NONE',  ( 0.2405148266268503088, 0.1555589999168270621, 0.4456559692871469025 ) ) ;
#10490 = DIRECTION ( 'NONE',  ( 0.0000000000000000000, 0.0000000000000000000, 1.000000000000000000 ) ) ;
#10491 = CARTESIAN_POINT ( 'NONE',  ( 0.3586250628473005575, 0.3760314408617060900, 0.3062858905470076110 ) ) ;
#10492 =( NAMED_UNIT ( * ) PLANE_ANGLE_UNIT ( ) SI_UNIT ( $, .RADIAN. ) );
#10493 = CARTESIAN_POINT ( 'NONE',  ( 0.1027195510362938075, 0.1476849841687953857, 0.2180969141690466684 ) ) ;
#10494 = VECTOR ( 'NONE', #10145, 39.37007874015748854 ) ;
#10495 = VECTOR ( 'NONE', #12518, 39.37007874015748143 ) ;
#10496 = ORIENTED_EDGE ( 'NONE', *, *, #2336, .F. ) ;
#10497 = CARTESIAN_POINT ( 'NONE',  ( 0.08106600772921163101, 0.1555589999168269788, 0.5011677803107856821 ) ) ;
#10498 = LINE ( 'NONE', #10631, #2000 ) ;
#10499 = EDGE_CURVE ( 'NONE', #4415, #4009, #5683, .T. ) ;
#10500 = SURFACE_SIDE_STYLE ('',( #6604 ) ) ;
#10501 = CARTESIAN_POINT ( 'NONE',  ( 0.3133494722961461809, 0.1437479762947815320, 0.3456559692871528644 ) ) ;
#10502 = B_SPLINE_CURVE_WITH_KNOTS ( 'NONE', 3,
 ( #4928, #3771, #7939, #12107, #9087, #13256, #8061, #12240 ),
 .UNSPECIFIED., .F., .F.,
 ( 4, 2, 2, 4 ),
 ( 6.074629096579745465E-17, 0.0002285047424016700126, 0.0004570094848032793099, 0.0009140189696064955193 ),
 .UNSPECIFIED. ) ;
#10503 = AXIS2_PLACEMENT_3D ( 'NONE', #6327, #7357, #9407 ) ;
#10504 = PLANE ( 'NONE',  #6718 ) ;
#10505 = CARTESIAN_POINT ( 'NONE',  ( 0.07319199198118010730, 0.1476849841687954135, 0.3456559692871707390 ) ) ;
#10506 = AXIS2_PLACEMENT_3D ( 'NONE', #6717, #10884, #540 ) ;
#10507 = SURFACE_STYLE_FILL_AREA ( #10303 ) ;
#10508 = PLANE ( 'NONE',  #6525 ) ;
#10509 = ORIENTED_EDGE ( 'NONE', *, *, #3714, .F. ) ;
#10510 = CARTESIAN_POINT ( 'NONE',  ( 0.1558691573354937521, 0.2421731731451574332, 0.4397504574761375018 ) ) ;
#10511 = EDGE_LOOP ( 'NONE', ( #11335, #341, #10596, #7095 ) ) ;
#10512 = EDGE_LOOP ( 'NONE', ( #9871, #11844, #276, #10860 ) ) ;
#10513 = CARTESIAN_POINT ( 'NONE',  ( 0.1562628581229039970, 0.08075585031049740958, 0.4515614810981848914 ) ) ;
#10514 = EDGE_CURVE ( 'NONE', #9198, #2749, #12994, .T. ) ;
#10515 = ORIENTED_EDGE ( 'NONE', *, *, #7413, .F. ) ;
#10516 = EDGE_CURVE ( 'NONE', #3363, #2238, #12723, .T. ) ;
#10517 = AXIS2_PLACEMENT_3D ( 'NONE', #477, #12725, #1441 ) ;
#10518 = EDGE_LOOP ( 'NONE', ( #7370, #5916, #4580, #3412 ) ) ;
#10519 = LINE ( 'NONE', #5445, #363 ) ;
#10520 = CARTESIAN_POINT ( 'NONE',  ( 0.2326408108788038387, 0.5531967951924315896, 0.4243961267674778992 ) ) ;
#10521 = ADVANCED_FACE ( 'NONE', ( #405 ), #9797, .T. ) ;
#10522 = DIRECTION ( 'NONE',  ( 1.000000000000000000, -1.937287448275485398E-17, -8.833616147085625230E-14 ) ) ;
#10523 = CARTESIAN_POINT ( 'NONE',  ( 6.750021727583836442E-18, 0.1220472440944881942, 0.05511811023622047168 ) ) ;
#10524 =( GEOMETRIC_REPRESENTATION_CONTEXT ( 3 ) GLOBAL_UNCERTAINTY_ASSIGNED_CONTEXT ( ( #8384 ) ) GLOBAL_UNIT_ASSIGNED_CONTEXT ( ( #11503, #11296, #7599 ) ) REPRESENTATION_CONTEXT ( 'NONE', 'WORKASPACE' ) );
#10525 = DIRECTION ( 'NONE',  ( 1.937287448275561202E-17, 1.000000000000000000, 8.220413448604590506E-18 ) ) ;
#10526 = CARTESIAN_POINT ( 'NONE',  ( 0.3468140392252719861, 0.1555589999168271176, 0.4732150244052678589 ) ) ;
#10527 = ORIENTED_EDGE ( 'NONE', *, *, #8683, .F. ) ;
#10528 = CARTESIAN_POINT ( 'NONE',  ( 0.2090187636347028144, 0.08075585031051536744, 0.4397504574761375573 ) ) ;
#10529 = EDGE_LOOP ( 'NONE', ( #1730, #2842, #898, #12661 ) ) ;
#10530 = EDGE_CURVE ( 'NONE', #12432, #7823, #10539, .T. ) ;
#10531 = CARTESIAN_POINT ( 'NONE',  ( 0.3468140392252719861, 0.1555589999168270621, 0.4062465204682492170 ) ) ;
#10532 = CARTESIAN_POINT ( 'NONE',  ( 0.2090187636347128619, 0.1988660865309974379, 0.2905378590509231085 ) ) ;
#10533 = VECTOR ( 'NONE', #8836, 39.37007874015748143 ) ;
#10534 = VERTEX_POINT ( 'NONE', #9372 ) ;
#10535 = EDGE_CURVE ( 'NONE', #12465, #966, #9307, .T. ) ;
#10536 = FACE_OUTER_BOUND ( 'NONE', #982, .T. ) ;
#10537 = DIRECTION ( 'NONE',  ( -3.518308117683322415E-16, 1.000000000000000000, -4.163336342344337027E-16 ) ) ;
#10538 = LINE ( 'NONE', #1353, #10254 ) ;
#10539 = LINE ( 'NONE', #11573, #8256 ) ;
#10540 = VERTEX_POINT ( 'NONE', #13396 ) ;
#10541 = VECTOR ( 'NONE', #9933, 39.37007874015748143 ) ;
#10542 = DIRECTION ( 'NONE',  ( 1.000000000000000000, 0.0000000000000000000, 0.0000000000000000000 ) ) ;
#10543 = EDGE_CURVE ( 'NONE', #5590, #838, #448, .T. ) ;
#10544 = DIRECTION ( 'NONE',  ( -1.608386623408232256E-17, -1.526556658859589750E-16, -1.000000000000000000 ) ) ;
#10545 = EDGE_LOOP ( 'NONE', ( #2017, #9721, #13260, #8667 ) ) ;
#10546 = ORIENTED_EDGE ( 'NONE', *, *, #1450, .T. ) ;
#10547 = CARTESIAN_POINT ( 'NONE',  ( 0.3625620707213383920, 0.2756377400743057482, 0.5657347094446253388 ) ) ;
#10548 = EDGE_LOOP ( 'NONE', ( #290, #12490, #4287, #1363, #8399, #3740 ) ) ;
#10549 = CARTESIAN_POINT ( 'NONE',  ( 0.1893337242646341567, 0.7897218048774069521, 0.3456559692871650769 ) ) ;
#10550 = VECTOR ( 'NONE', #2149, 39.37007874015748143 ) ;
#10551 =( LENGTH_UNIT ( ) NAMED_UNIT ( * ) SI_UNIT ( $, .METRE. ) );
#10552 = CARTESIAN_POINT ( 'NONE',  ( 0.07712899985517100709, 0.1988660865309974379, 0.3161284102320469636 ) ) ;
#10553 = LINE ( 'NONE', #1224, #2897 ) ;
#10554 = FACE_OUTER_BOUND ( 'NONE', #633, .T. ) ;
#10555 = DIRECTION ( 'NONE',  ( -1.937287448275561202E-17, -1.000000000000000000, -8.220413448604590506E-18 ) ) ;
#10556 = DIRECTION ( 'NONE',  ( 0.0000000000000000000, 0.0000000000000000000, 1.000000000000000000 ) ) ;
#10557 = DIRECTION ( 'NONE',  ( -0.4472135955002294883, 0.8944271909997801862, -1.293464547804905477E-16 ) ) ;
#10558 = DIRECTION ( 'NONE',  ( -1.937287448275561202E-17, -1.000000000000000000, -8.220413448604590506E-18 ) ) ;
#10559 = DIRECTION ( 'NONE',  ( 3.007447121050438636E-18, 2.498001805406601723E-16, 1.000000000000000000 ) ) ;
#10560 = ORIENTED_EDGE ( 'NONE', *, *, #12668, .T. ) ;
#10561 = EDGE_CURVE ( 'NONE', #1071, #9267, #7389, .T. ) ;
#10562 = EDGE_CURVE ( 'NONE', #10840, #7042, #7463, .T. ) ;
#10563 = CARTESIAN_POINT ( 'NONE',  ( 0.2405148266268504198, 0.1555589999168269788, 0.2062858905469922566 ) ) ;
#10564 = ORIENTED_EDGE ( 'NONE', *, *, #7274, .T. ) ;
#10565 = AXIS2_PLACEMENT_3D ( 'NONE', #12972, #2295, #10804 ) ;
#10566 = PLANE ( 'NONE',  #11462 ) ;
#10567 = DIRECTION ( 'NONE',  ( 0.0000000000000000000, -1.000000000000000000, 0.0000000000000000000 ) ) ;
#10568 = DIRECTION ( 'NONE',  ( 0.4472135955002290997, 0.8944271909997802972, -1.437323020766679519E-16 ) ) ;
#10569 = LINE ( 'NONE', #286, #4937 ) ;
#10570 = ORIENTED_EDGE ( 'NONE', *, *, #12059, .T. ) ;
#10571 = ORIENTED_EDGE ( 'NONE', *, *, #1299, .F. ) ;
#10572 = UNCERTAINTY_MEASURE_WITH_UNIT (LENGTH_MEASURE( 1.000000000000000082E-05 ), #10992, 'distance_accuracy_value', 'NONE');
#10573 = ADVANCED_FACE ( 'NONE', ( #8213 ), #12380, .T. ) ;
#10574 = VERTEX_POINT ( 'NONE', #11501 ) ;
#10575 = EDGE_CURVE ( 'NONE', #13442, #12938, #2159, .T. ) ;
#10576 = LINE ( 'NONE', #10437, #1948 ) ;
#10577 = ORIENTED_EDGE ( 'NONE', *, *, #11872, .T. ) ;
#10578 = VECTOR ( 'NONE', #7359, 39.37007874015748143 ) ;
#10579 = ORIENTED_EDGE ( 'NONE', *, *, #5349, .T. ) ;
#10580 = SURFACE_SIDE_STYLE ('',( #11548 ) ) ;
#10581 = DIRECTION ( 'NONE',  ( -1.000000000000000000, 1.937287448275561202E-17, 2.565854121688507820E-49 ) ) ;
#10582 = LINE ( 'NONE', #2915, #4370 ) ;
#10583 = CARTESIAN_POINT ( 'NONE',  ( 0.07516049591817387798, 0.08862986605855729949, 0.4834512448777162907 ) ) ;
#10584 =( CONVERSION_BASED_UNIT ( 'INCH', #6412 ) LENGTH_UNIT ( ) NAMED_UNIT ( #8235 ) );
#10585 = DIRECTION ( 'NONE',  ( -1.000000000000000000, -1.316334802367150653E-16, 1.608386623408235030E-17 ) ) ;
#10586 = EDGE_CURVE ( 'NONE', #2205, #499, #720, .T. ) ;
#10587 = DIRECTION ( 'NONE',  ( 0.7071067811865479058, 0.7071067811865472397, 0.0000000000000000000 ) ) ;
#10588 = VECTOR ( 'NONE', #11064, 39.37007874015748854 ) ;
#10589 = EDGE_CURVE ( 'NONE', #9073, #9233, #1279, .T. ) ;
#10590 = VECTOR ( 'NONE', #8007, 39.37007874015748143 ) ;
#10591 = VERTEX_POINT ( 'NONE', #1922 ) ;
#10592 = LINE ( 'NONE', #9702, #6313 ) ;
#10593 = EDGE_CURVE ( 'NONE', #6204, #1082, #13238, .T. ) ;
#10594 = ORIENTED_EDGE ( 'NONE', *, *, #1040, .F. ) ;
#10595 = DIRECTION ( 'NONE',  ( 1.316334802367150653E-16, -1.000000000000000000, 1.526556658859589750E-16 ) ) ;
#10596 = ORIENTED_EDGE ( 'NONE', *, *, #3126, .F. ) ;
#10597 = DIRECTION ( 'NONE',  ( 1.356991020290373981E-16, -1.000000000000000000, 3.469446951953614189E-16 ) ) ;
#10598 = COLOUR_RGB ( '',0.7607843137254901578, 0.7607843137254901578, 0.0000000000000000000 ) ;
#10599 = CARTESIAN_POINT ( 'NONE',  ( 0.1090187636347222794, 0.08075585031049735407, 0.2397504574761404883 ) ) ;
#10600 = PRESENTATION_LAYER_ASSIGNMENT (  '', '', ( #5774 ) ) ;
#10601 = ORIENTED_EDGE ( 'NONE', *, *, #7348, .T. ) ;
#10602 = FACE_OUTER_BOUND ( 'NONE', #162, .T. ) ;
#10603 = FILL_AREA_STYLE ('',( #1349 ) ) ;
#10604 = EDGE_CURVE ( 'NONE', #7416, #11799, #9067, .T. ) ;
#10605 = ADVANCED_FACE ( 'NONE', ( #12408 ), #8246, .T. ) ;
#10606 = CARTESIAN_POINT ( 'NONE',  ( 0.05547545654809750426, 0.2185511259010752549, 0.4007740795233927233 ) ) ;
#10607 = DIRECTION ( 'NONE',  ( -1.937287448275561202E-17, -1.000000000000000000, -8.220413448604590506E-18 ) ) ;
#10608 = VECTOR ( 'NONE', #13009, 39.37007874015748143 ) ;
#10609 = VERTEX_POINT ( 'NONE', #5045 ) ;
#10610 = LINE ( 'NONE', #5400, #10451 ) ;
#10611 = EDGE_CURVE ( 'NONE', #2678, #9108, #5993, .T. ) ;
#10612 = CARTESIAN_POINT ( 'NONE',  ( 0.2726091976981876441, -0.07318115756351306622, 0.3062858905470076665 ) ) ;
#10613 = CARTESIAN_POINT ( 'NONE',  ( 0.3310660077292020276, 0.5295747479483139397, 0.4243961267674756233 ) ) ;
#10614 = ORIENTED_EDGE ( 'NONE', *, *, #13141, .F. ) ;
#10615 = EDGE_LOOP ( 'NONE', ( #3660, #7654, #6826, #13215 ) ) ;
#10616 = CARTESIAN_POINT ( 'NONE',  ( 0.2326408108788038387, 0.2185511259010752549, 0.5385693551139404400 ) ) ;
#10617 = ORIENTED_EDGE ( 'NONE', *, *, #1048, .T. ) ;
#10618 =( NAMED_UNIT ( * ) SI_UNIT ( $, .STERADIAN. ) SOLID_ANGLE_UNIT ( ) );
#10619 = VECTOR ( 'NONE', #125, 39.37007874015748143 ) ;
#10620 = CARTESIAN_POINT ( 'NONE',  ( 0.1027195510362846897, 0.1555589999168270066, 0.4180969141690437652 ) ) ;
#10621 = ADVANCED_FACE ( 'NONE', ( #10160 ), #3017, .T. ) ;
#10622 = DIRECTION ( 'NONE',  ( -1.000000000000000000, -1.408738150179760326E-16, 6.014894242100891138E-18 ) ) ;
#10623 = FILL_AREA_STYLE ('',( #7346 ) ) ;
#10624 = DIRECTION ( 'NONE',  ( 0.0000000000000000000, 0.0000000000000000000, -1.000000000000000000 ) ) ;
#10625 = LINE ( 'NONE', #3452, #3540 ) ;
#10626 = LINE ( 'NONE', #5354, #11578 ) ;
#10627 = VECTOR ( 'NONE', #3285, 39.37007874015748143 ) ;
#10628 = ORIENTED_EDGE ( 'NONE', *, *, #8583, .T. ) ;
#10629 = LINE ( 'NONE', #3530, #2507 ) ;
#10630 = VERTEX_POINT ( 'NONE', #10366 ) ;
#10631 = CARTESIAN_POINT ( 'NONE',  ( 0.2483888423748524532, 0.3760314408617060900, 0.3751835283422832457 ) ) ;
#10632 = VERTEX_POINT ( 'NONE', #10102 ) ;
#10633 = PRESENTATION_STYLE_ASSIGNMENT (( #6532 ) ) ;
#10634 = VECTOR ( 'NONE', #11157, 39.37007874015748143 ) ;
#10635 = CARTESIAN_POINT ( 'NONE',  ( 0.3389400234772336762, 0.3760314408617050908, 0.2669158118068457042 ) ) ;
#10636 = EDGE_CURVE ( 'NONE', #9435, #2532, #848, .T. ) ;
#10637 = CARTESIAN_POINT ( 'NONE',  ( 0.1263415982803830495, 0.3760314408617060900, 0.3751835283422832457 ) ) ;
#10638 = DIRECTION ( 'NONE',  ( 4.283287147278277380E-17, 1.665334536937734071E-16, 1.000000000000000000 ) ) ;
#10639 = DIRECTION ( 'NONE',  ( -1.000000000000000000, -3.518308117683324880E-16, -2.626713979715458771E-16 ) ) ;
#10640 = ORIENTED_EDGE ( 'NONE', *, *, #10586, .T. ) ;
#10641 = LINE ( 'NONE', #11934, #5832 ) ;
#10642 = ORIENTED_EDGE ( 'NONE', *, *, #12893, .T. ) ;
#10643 = CIRCLE ( 'NONE', #9540, 0.007874015748031499423 ) ;
#10644 = CARTESIAN_POINT ( 'NONE',  ( 0.1558691573354938631, 0.2421731731451573777, 0.2515614810981877114 ) ) ;
#10645 = VERTEX_POINT ( 'NONE', #1049 ) ;
#10646 = AXIS2_PLACEMENT_3D ( 'NONE', #3685, #7849, #5783 ) ;
#10647 = EDGE_LOOP ( 'NONE', ( #11528, #3316, #11983, #11831, #13342, #13343, #9382, #3564, #5152, #8622, #5355, #3380, #7450, #773, #6179, #981, #6217, #12141, #7520, #3789, #2942, #4331, #4765, #8588, #12968, #11935, #5121, #4063, #12057, #6812, #10670, #1923, #10274, #1588, #2769, #9575, #3375, #4196, #1312, #3050, #8991, #3691, #4091, #562, #11908, #9853, #5967, #3408, #7633, #11271, #2104, #12537 ) ) ;
#10648 =( NAMED_UNIT ( * ) PLANE_ANGLE_UNIT ( ) SI_UNIT ( $, .RADIAN. ) );
#10649 = CYLINDRICAL_SURFACE ( 'NONE', #5340, 0.05610236220472444857 ) ;
#10650 = LINE ( 'NONE', #12616, #1065 ) ;
#10651 = DIRECTION ( 'NONE',  ( -1.316334802367150653E-16, 1.000000000000000000, -1.526556658859589750E-16 ) ) ;
#10652 = VECTOR ( 'NONE', #5513, 39.37007874015748143 ) ;
#10653 = EDGE_CURVE ( 'NONE', #10439, #12676, #9792, .T. ) ;
#10654 = LINE ( 'NONE', #4440, #11065 ) ;
#10655 = EDGE_CURVE ( 'NONE', #4384, #6032, #5930, .T. ) ;
#10656 = CARTESIAN_POINT ( 'NONE',  ( 0.3389400234772336762, 0.3760314408617050908, 0.3810890401533105210 ) ) ;
#10657 = DIRECTION ( 'NONE',  ( 1.000000000000000000, 1.408738150179760326E-16, -6.014894242100891138E-18 ) ) ;
#10658 = VERTEX_POINT ( 'NONE', #6139 ) ;
#10659 = PLANE ( 'NONE',  #9391 ) ;
#10660 = ORIENTED_EDGE ( 'NONE', *, *, #7424, .F. ) ;
#10661 = VECTOR ( 'NONE', #12461, 39.37007874015748143 ) ;
#10662 = LINE ( 'NONE', #1342, #9375 ) ;
#10663 = ORIENTED_EDGE ( 'NONE', *, *, #5762, .F. ) ;
#10664 = PLANE ( 'NONE',  #7441 ) ;
#10665 =( NAMED_UNIT ( * ) SI_UNIT ( $, .STERADIAN. ) SOLID_ANGLE_UNIT ( ) );
#10666 = EDGE_CURVE ( 'NONE', #11471, #13401, #12351, .T. ) ;
#10667 = VECTOR ( 'NONE', #377, 39.37007874015748143 ) ;
#10668 = VECTOR ( 'NONE', #12317, 39.37007874015748143 ) ;
#10669 = LINE ( 'NONE', #6291, #4369 ) ;
#10670 = ORIENTED_EDGE ( 'NONE', *, *, #5636, .T. ) ;
#10671 = DIRECTION ( 'NONE',  ( 0.0000000000000000000, 8.220413448604736877E-18, -1.000000000000000000 ) ) ;
#10672 = DIRECTION ( 'NONE',  ( 0.0000000000000000000, 1.000000000000000000, 0.0000000000000000000 ) ) ;
#10673 = CARTESIAN_POINT ( 'NONE',  ( 0.3444518345008468208, -0.05703942528003580481, 0.4515614810981849470 ) ) ;
#10674 = ORIENTED_EDGE ( 'NONE', *, *, #6595, .F. ) ;
#10675 = CARTESIAN_POINT ( 'NONE',  ( 0.1208297872567766634, -0.05703942528004486701, 0.2515614810981877669 ) ) ;
#10676 = VERTEX_POINT ( 'NONE', #12675 ) ;
#10677 = AXIS2_PLACEMENT_3D ( 'NONE', #2684, #4899, #6816 ) ;
#10678 = ORIENTED_EDGE ( 'NONE', *, *, #9753, .F. ) ;
#10679 = EDGE_CURVE ( 'NONE', #7837, #189, #6260, .T. ) ;
#10680 = VECTOR ( 'NONE', #6420, 39.37007874015748143 ) ;
#10681 = LINE ( 'NONE', #5344, #8493 ) ;
#10682 = ADVANCED_FACE ( 'NONE', ( #3204 ), #10508, .F. ) ;
#10683 = CARTESIAN_POINT ( 'NONE',  ( 0.1401211258394373105, 0.7897218048774069521, 0.3161284102320470191 ) ) ;
#10684 = EDGE_CURVE ( 'NONE', #12844, #5181, #8049, .T. ) ;
#10685 = FACE_OUTER_BOUND ( 'NONE', #10647, .T. ) ;
#10686 = AXIS2_PLACEMENT_3D ( 'NONE', #3366, #9708, #6363 ) ;
#10687 = CARTESIAN_POINT ( 'NONE',  ( 0.3920896297764415728, 0.2579212046412327486, 0.5011677803107907891 ) ) ;
#10688 = VECTOR ( 'NONE', #10234, 39.37007874015748143 ) ;
#10689 = LINE ( 'NONE', #9669, #4570 ) ;
#10690 = DIRECTION ( 'NONE',  ( 3.007447121050438636E-18, 2.498001805406601723E-16, 1.000000000000000000 ) ) ;
#10691 = LINE ( 'NONE', #8570, #10913 ) ;
#10692 = ORIENTED_EDGE ( 'NONE', *, *, #11739, .F. ) ;
#10693 = CARTESIAN_POINT ( 'NONE',  ( 0.2956329368630823962, 0.08862986605855742439, 0.2058921897596044936 ) ) ;
#10694 = ORIENTED_EDGE ( 'NONE', *, *, #10314, .F. ) ;
#10695 = VERTEX_POINT ( 'NONE', #2744 ) ;
#10696 = EDGE_CURVE ( 'NONE', #2645, #4415, #6123, .T. ) ;
#10697 = VECTOR ( 'NONE', #12180, 39.37007874015748143 ) ;
#10698 = ORIENTED_EDGE ( 'NONE', *, *, #7083, .T. ) ;
#10699 = CIRCLE ( 'NONE', #12433, 0.1003937007874015630 ) ;
#10700 = AXIS2_PLACEMENT_3D ( 'NONE', #3863, #9943, #10141 ) ;
#10701 = VECTOR ( 'NONE', #12963, 39.37007874015748143 ) ;
#10702 = CARTESIAN_POINT ( 'NONE',  ( 0.1090187636347222100, 0.08075585031049740958, 0.4515614810981848914 ) ) ;
#10703 = ORIENTED_EDGE ( 'NONE', *, *, #9186, .F. ) ;
#10704 =( LENGTH_UNIT ( ) NAMED_UNIT ( * ) SI_UNIT ( $, .METRE. ) );
#10705 = DIRECTION ( 'NONE',  ( 0.0000000000000000000, 0.0000000000000000000, 1.000000000000000000 ) ) ;
#10706 = LINE ( 'NONE', #1314, #9331 ) ;
#10707 = CARTESIAN_POINT ( 'NONE',  ( 0.1027195510362847869, 0.1555589999168269788, 0.2180969141690466684 ) ) ;
#10708 = VECTOR ( 'NONE', #11965, 39.37007874015748143 ) ;
#10709 = VECTOR ( 'NONE', #10062, 39.37007874015748143 ) ;
#10710 = CARTESIAN_POINT ( 'NONE',  ( 0.2405148266268504198, 0.1555589999168269788, 0.2062858905469922566 ) ) ;
#10711 = ORIENTED_EDGE ( 'NONE', *, *, #10398, .T. ) ;
#10712 = VERTEX_POINT ( 'NONE', #11180 ) ;
#10713 = CARTESIAN_POINT ( 'NONE',  ( 0.2074316603377436841, 0.5295747479483142728, 0.2669158118068457042 ) ) ;
#10714 = VERTEX_POINT ( 'NONE', #12462 ) ;
#10715 = ADVANCED_FACE ( 'NONE', ( #1165 ), #146, .T. ) ;
#10716 = ORIENTED_EDGE ( 'NONE', *, *, #4807, .F. ) ;
#10717 = FILL_AREA_STYLE_COLOUR ( '', #8940 ) ;
#10718 = VECTOR ( 'NONE', #12905, 39.37007874015748143 ) ;
#10719 = DIRECTION ( 'NONE',  ( 3.518308117683323894E-16, -1.000000000000000000, 4.163336342344337027E-16 ) ) ;
#10720 = LINE ( 'NONE', #2345, #2212 ) ;
#10721 = VECTOR ( 'NONE', #10773, 39.37007874015748143 ) ;
#10722 = CARTESIAN_POINT ( 'NONE',  ( 0.1164990785953285146, 0.7897218048774069521, 0.3456559692871650769 ) ) ;
#10723 = CARTESIAN_POINT ( 'NONE',  ( 0.1027195510362948483, 0.1988660865309974379, 0.4007740795234070452 ) ) ;
#10724 = DIRECTION ( 'NONE',  ( 1.000000000000000000, 0.0000000000000000000, 0.0000000000000000000 ) ) ;
#10725 = LENGTH_MEASURE_WITH_UNIT ( LENGTH_MEASURE( 0.02539999999999999897 ), #303 );
#10726 = VERTEX_POINT ( 'NONE', #4207 ) ;
#10727 = DIRECTION ( 'NONE',  ( -1.000000000000000000, -3.376070039848302092E-16, -2.359223927328455183E-16 ) ) ;
#10728 = VERTEX_POINT ( 'NONE', #1094 ) ;
#10729 = VECTOR ( 'NONE', #3253, 39.37007874015748143 ) ;
#10730 = VERTEX_POINT ( 'NONE', #9394 ) ;
#10731 = CARTESIAN_POINT ( 'NONE',  ( 0.1893337242646341567, 0.3583149054286423607, 0.1940811661375554664 ) ) ;
#10732 = ORIENTED_EDGE ( 'NONE', *, *, #11089, .F. ) ;
#10733 = EDGE_CURVE ( 'NONE', #12388, #5304, #8368, .T. ) ;
#10734 = EDGE_CURVE ( 'NONE', #12061, #11956, #10689, .T. ) ;
#10735 = CARTESIAN_POINT ( 'NONE',  ( 0.2916959289890523888, 0.2448335284032795156, 0.3279529478077343740 ) ) ;
#10736 = DIRECTION ( 'NONE',  ( 0.8320502943379406435, 0.0000000000000000000, -0.5547001962250837082 ) ) ;
#10737 = EDGE_LOOP ( 'NONE', ( #1694, #1825, #1691, #8522 ) ) ;
#10738 = LENGTH_MEASURE_WITH_UNIT ( LENGTH_MEASURE( 0.02539999999999999897 ), #5393 );
#10739 = LINE ( 'NONE', #3434, #5547 ) ;
#10740 = MECHANICAL_DESIGN_GEOMETRIC_PRESENTATION_REPRESENTATION (  '', ( #9648 ), #10524 ) ;
#10741 = LINE ( 'NONE', #8613, #4808 ) ;
#10742 = LINE ( 'NONE', #389, #12837 ) ;
#10743 = LINE ( 'NONE', #458, #10093 ) ;
#10744 = CARTESIAN_POINT ( 'NONE',  ( 0.3113809683591187705, 0.5728818345624925312, 0.3299079377910985045 ) ) ;
#10745 = VECTOR ( 'NONE', #2513, 39.37007874015748143 ) ;
#10746 = DIRECTION ( 'NONE',  ( 1.000000000000000000, 3.376070039848302092E-16, 2.359223927328455183E-16 ) ) ;
#10747 = EDGE_CURVE ( 'NONE', #4065, #13278, #2530, .T. ) ;
#10748 = ORIENTED_EDGE ( 'NONE', *, *, #6746, .T. ) ;
#10749 = ORIENTED_EDGE ( 'NONE', *, *, #5007, .T. ) ;
#10750 = ORIENTED_EDGE ( 'NONE', *, *, #5876, .F. ) ;
#10751 = DIRECTION ( 'NONE',  ( 1.316334802367150653E-16, -1.000000000000000000, 1.526556658859589750E-16 ) ) ;
#10752 =( CONVERSION_BASED_UNIT ( 'INCH', #6780 ) LENGTH_UNIT ( ) NAMED_UNIT ( #5687 ) );
#10753 = DIRECTION ( 'NONE',  ( -9.535965738412071904E-17, 0.7071067811865477948, 0.7071067811865473507 ) ) ;
#10754 = DIRECTION ( 'NONE',  ( 0.0000000000000000000, 1.000000000000000000, 0.0000000000000000000 ) ) ;
#10755 = VECTOR ( 'NONE', #13155, 39.37007874015748143 ) ;
#10756 = DIRECTION ( 'NONE',  ( -0.0000000000000000000, -0.0000000000000000000, -1.000000000000000000 ) ) ;
#10757 = DIRECTION ( 'NONE',  ( 1.000000000000000000, 1.408738150179760326E-16, -6.014894242100891138E-18 ) ) ;
#10758 = PRODUCT_RELATED_PRODUCT_CATEGORY ( 'part', '', ( #9723 ) ) ;
#10759 = EDGE_CURVE ( 'NONE', #3493, #4632, #6721, .T. ) ;
#10760 = DIRECTION ( 'NONE',  ( 0.0000000000000000000, 0.0000000000000000000, 1.000000000000000000 ) ) ;
#10761 = PLANE ( 'NONE',  #10517 ) ;
#10762 = EDGE_LOOP ( 'NONE', ( #6948, #2851, #6741, #320 ) ) ;
#10763 = DIRECTION ( 'NONE',  ( 0.0000000000000000000, 0.0000000000000000000, -1.000000000000000000 ) ) ;
#10764 = EDGE_CURVE ( 'NONE', #12751, #1907, #7687, .T. ) ;
#10765 = ORIENTED_EDGE ( 'NONE', *, *, #4627, .F. ) ;
#10766 = VERTEX_POINT ( 'NONE', #11980 ) ;
#10767 = AXIS2_PLACEMENT_3D ( 'NONE', #7602, #4602, #11907 ) ;
#10768 = ORIENTED_EDGE ( 'NONE', *, *, #4886, .T. ) ;
#10769 = LINE ( 'NONE', #11804, #11110 ) ;
#10770 = CARTESIAN_POINT ( 'NONE',  ( 0.2405148266268504198, 0.1555589999168270066, 0.2456559692871497225 ) ) ;
#10771 = ORIENTED_EDGE ( 'NONE', *, *, #1842, .F. ) ;
#10772 = CARTESIAN_POINT ( 'NONE',  ( 0.07122348804415810919, 0.05713380306642412698, 0.1684906149564564526 ) ) ;
#10773 = DIRECTION ( 'NONE',  ( -1.000000000000000000, -1.408738150179760326E-16, 6.014894242100891138E-18 ) ) ;
#10774 = SURFACE_STYLE_USAGE ( .BOTH. , #8646 ) ;
#10775 = ADVANCED_FACE ( 'NONE', ( #1626 ), #13062, .T. ) ;
#10776 = DIRECTION ( 'NONE',  ( 4.283287147278277996E-17, 1.665334536937734318E-16, 1.000000000000000000 ) ) ;
#10777 = ORIENTED_EDGE ( 'NONE', *, *, #12966, .F. ) ;
#10778 = VERTEX_POINT ( 'NONE', #5558 ) ;
#10779 = ADVANCED_FACE ( 'NONE', ( #1375 ), #9864, .F. ) ;
#10780 = ORIENTED_EDGE ( 'NONE', *, *, #12934, .T. ) ;
#10781 = ORIENTED_EDGE ( 'NONE', *, *, #6582, .F. ) ;
#10782 = ORIENTED_EDGE ( 'NONE', *, *, #5286, .T. ) ;
#10783 = LINE ( 'NONE', #7778, #12848 ) ;
#10784 = CARTESIAN_POINT ( 'NONE',  ( 0.3625620707213385585, 0.3130393148774569534, 0.2397504574761404328 ) ) ;
#10785 = CARTESIAN_POINT ( 'NONE',  ( 0.2326408108788038387, 0.5728818345624925312, 0.2895536070824406560 ) ) ;
#10786 = DIRECTION ( 'NONE',  ( 0.0000000000000000000, 0.0000000000000000000, -1.000000000000000000 ) ) ;
#10787 = CARTESIAN_POINT ( 'NONE',  ( 0.2090187636347028144, 0.08862986605856648659, 0.4397504574761375573 ) ) ;
#10788 = FACE_BOUND ( 'NONE', #11759, .T. ) ;
#10789 = FACE_OUTER_BOUND ( 'NONE', #219, .T. ) ;
#10790 = EDGE_CURVE ( 'NONE', #12846, #4836, #607, .T. ) ;
#10791 = DIRECTION ( 'NONE',  ( 0.0000000000000000000, -8.220413448604736877E-18, 1.000000000000000000 ) ) ;
#10792 = VECTOR ( 'NONE', #11569, 39.37007874015748143 ) ;
#10793 = ORIENTED_EDGE ( 'NONE', *, *, #2759, .T. ) ;
#10794 = ORIENTED_EDGE ( 'NONE', *, *, #5673, .T. ) ;
#10795 = VERTEX_POINT ( 'NONE', #8773 ) ;
#10796 = CARTESIAN_POINT ( 'NONE',  ( 0.1090187636347221822, 0.08862986605856641720, 0.2397504574761404605 ) ) ;
#10797 = DIRECTION ( 'NONE',  ( -1.608386623408232256E-17, -1.526556658859589750E-16, -1.000000000000000000 ) ) ;
#10798 = ORIENTED_EDGE ( 'NONE', *, *, #8137, .F. ) ;
#10799 = DIRECTION ( 'NONE',  ( 0.5547001962252282592, 0.0000000000000000000, 0.8320502943378441651 ) ) ;
#10800 = DIRECTION ( 'NONE',  ( 1.316334802367150653E-16, -1.000000000000000000, 1.526556658859589750E-16 ) ) ;
#10801 = ORIENTED_EDGE ( 'NONE', *, *, #867, .F. ) ;
#10802 = DIRECTION ( 'NONE',  ( 3.518308117683322415E-16, -1.000000000000000000, 4.163336342344337027E-16 ) ) ;
#10803 = VECTOR ( 'NONE', #5644, 39.37007874015748143 ) ;
#10804 = DIRECTION ( 'NONE',  ( -3.007447121050438636E-18, -2.498001805406601723E-16, -1.000000000000000000 ) ) ;
#10805 = CLOSED_SHELL ( 'NONE', ( #110, #9013, #3257, #8751, #5842, #9498, #5303, #2144, #1684, #70, #3243, #8850, #5898, #11611, #4466, #10807, #1000 ) ) ;
#10806 = CARTESIAN_POINT ( 'NONE',  ( 0.2326408108788038387, 0.5728818345624925312, 0.4440811661375588248 ) ) ;
#10807 = ADVANCED_FACE ( 'NONE', ( #12928, #6589 ), #4745, .T. ) ;
#10808 = CARTESIAN_POINT ( 'NONE',  ( 0.2483888423748703833, 0.8723989702317377359, 0.3850260480273225983 ) ) ;
#10809 = FACE_BOUND ( 'NONE', #6074, .T. ) ;
#10810 = FACE_BOUND ( 'NONE', #7365, .T. ) ;
#10811 = VERTEX_POINT ( 'NONE', #3591 ) ;
#10812 = DIRECTION ( 'NONE',  ( 3.518308117683322415E-16, -1.000000000000000000, 4.163336342344337027E-16 ) ) ;
#10813 = ORIENTED_EDGE ( 'NONE', *, *, #5000, .T. ) ;
#10814 = VERTEX_POINT ( 'NONE', #5079 ) ;
#10815 = DIRECTION ( 'NONE',  ( 0.0000000000000000000, 1.000000000000000000, 0.0000000000000000000 ) ) ;
#10816 = ORIENTED_EDGE ( 'NONE', *, *, #661, .T. ) ;
#10817 = FACE_OUTER_BOUND ( 'NONE', #564, .T. ) ;
#10818 = DIRECTION ( 'NONE',  ( -1.000000000000000000, -3.518308117683324880E-16, -2.626713979715458771E-16 ) ) ;
#10819 =( CONVERSION_BASED_UNIT ( 'INCH', #8625 ) LENGTH_UNIT ( ) NAMED_UNIT ( #10936 ) );
#10820 = FACE_OUTER_BOUND ( 'NONE', #3819, .T. ) ;
#10821 = AXIS2_PLACEMENT_3D ( 'NONE', #8330, #2141, #10447 ) ;
#10822 = EDGE_CURVE ( 'NONE', #4093, #9624, #8476, .T. ) ;
#10823 = CARTESIAN_POINT ( 'NONE',  ( 0.2405148266268503643, 0.3760314408617053128, 0.2456559692871496947 ) ) ;
#10824 = LINE ( 'NONE', #266, #7607 ) ;
#10825 = EDGE_CURVE ( 'NONE', #10313, #9873, #6026, .T. ) ;
#10826 = DIRECTION ( 'NONE',  ( 0.0000000000000000000, 0.0000000000000000000, -1.000000000000000000 ) ) ;
#10827 =( LENGTH_UNIT ( ) NAMED_UNIT ( * ) SI_UNIT ( $, .METRE. ) );
#10828 = LINE ( 'NONE', #8775, #3115 ) ;
#10829 = ORIENTED_EDGE ( 'NONE', *, *, #5090, .F. ) ;
#10830 = DIRECTION ( 'NONE',  ( -1.000000000000000000, -1.174096724532128111E-16, 4.283287147278279845E-17 ) ) ;
#10831 = ORIENTED_EDGE ( 'NONE', *, *, #1386, .T. ) ;
#10832 = ORIENTED_EDGE ( 'NONE', *, *, #12570, .F. ) ;
#10833 = VECTOR ( 'NONE', #2261, 39.37007874015748143 ) ;
#10834 = ORIENTED_EDGE ( 'NONE', *, *, #9983, .F. ) ;
#10835 = LINE ( 'NONE', #2543, #10149 ) ;
#10836 = CARTESIAN_POINT ( 'NONE',  ( 0.3625620707213385585, 0.08862986605856644495, 0.2397504574761404605 ) ) ;
#10837 = EDGE_CURVE ( 'NONE', #5824, #11638, #5964, .T. ) ;
#10838 = AXIS2_PLACEMENT_3D ( 'NONE', #8192, #12419, #3090 ) ;
#10839 = EDGE_LOOP ( 'NONE', ( #7582, #11988, #2167, #12624 ) ) ;
#10840 = VERTEX_POINT ( 'NONE', #9036 ) ;
#10841 = EDGE_LOOP ( 'NONE', ( #5050, #4230, #2252, #12265 ) ) ;
#10842 = VERTEX_POINT ( 'NONE', #9102 ) ;
#10843 = ORIENTED_EDGE ( 'NONE', *, *, #662, .F. ) ;
#10844 = DIMENSIONAL_EXPONENTS ( 1.000000000000000000, 0.0000000000000000000, 0.0000000000000000000, 0.0000000000000000000, 0.0000000000000000000, 0.0000000000000000000, 0.0000000000000000000 ) ;
#10845 = EDGE_CURVE ( 'NONE', #4854, #2087, #1823, .T. ) ;
#10846 = VECTOR ( 'NONE', #3809, 39.37007874015748143 ) ;
#10847 = CARTESIAN_POINT ( 'NONE',  ( 0.3507510470992762364, 0.3957164802317839070, 0.4440811661375588248 ) ) ;
#10848 = EDGE_CURVE ( 'NONE', #12774, #12647, #6101, .T. ) ;
#10849 = DIRECTION ( 'NONE',  ( 1.000000000000000000, 0.0000000000000000000, 0.0000000000000000000 ) ) ;
#10850 = DIRECTION ( 'NONE',  ( 1.000000000000000000, 1.316334802367150653E-16, -1.608386623408235030E-17 ) ) ;
#10851 = CARTESIAN_POINT ( 'NONE',  ( 0.3920896297764415728, 0.05713380306642412698, 0.1901441582635394756 ) ) ;
#10852 = FACE_OUTER_BOUND ( 'NONE', #12086, .T. ) ;
#10853 = CARTESIAN_POINT ( 'NONE',  ( 0.2483888423748524532, 0.7897218048774069521, 0.3751835283422832457 ) ) ;
#10854 = EDGE_CURVE ( 'NONE', #9868, #941, #961, .T. ) ;
#10855 = PLANE ( 'NONE',  #12979 ) ;
#10856 = LINE ( 'NONE', #13029, #4821 ) ;
#10857 = AXIS2_PLACEMENT_3D ( 'NONE', #1880, #3043, #12250 ) ;
#10858 = EDGE_LOOP ( 'NONE', ( #8134, #6140, #9488, #2693, #11733, #7123, #2702 ) ) ;
#10859 = ORIENTED_EDGE ( 'NONE', *, *, #10032, .F. ) ;
#10860 = ORIENTED_EDGE ( 'NONE', *, *, #6346, .F. ) ;
#10861 = DIRECTION ( 'NONE',  ( 1.000000000000000000, 0.0000000000000000000, 0.0000000000000000000 ) ) ;
#10862 = VERTEX_POINT ( 'NONE', #11084 ) ;
#10863 = VECTOR ( 'NONE', #12482, 39.37007874015748143 ) ;
#10864 = PLANE ( 'NONE',  #5011 ) ;
#10865 = EDGE_CURVE ( 'NONE', #9539, #9178, #10273, .T. ) ;
#10866 = ORIENTED_EDGE ( 'NONE', *, *, #10894, .T. ) ;
#10867 = DIRECTION ( 'NONE',  ( 0.0000000000000000000, 0.0000000000000000000, 1.000000000000000000 ) ) ;
#10868 = VECTOR ( 'NONE', #8360, 39.37007874015748143 ) ;
#10869 = PLANE ( 'NONE',  #151 ) ;
#10870 = STYLED_ITEM ( 'NONE', ( #8117 ), #10605 ) ;
#10871 = CARTESIAN_POINT ( 'NONE',  ( 0.2405148266268504198, 0.1555589999168270066, 0.2850260480273072439 ) ) ;
#10872 =( CONVERSION_BASED_UNIT ( 'INCH', #7938 ) LENGTH_UNIT ( ) NAMED_UNIT ( #2944 ) );
#10873 = DIRECTION ( 'NONE',  ( -1.000000000000000000, 1.937287448275485398E-17, 8.833616147085623967E-14 ) ) ;
#10874 = ORIENTED_EDGE ( 'NONE', *, *, #13312, .F. ) ;
#10875 = DIRECTION ( 'NONE',  ( -1.937287448275561202E-17, -1.000000000000000000, -8.220413448604590506E-18 ) ) ;
#10876 = ORIENTED_EDGE ( 'NONE', *, *, #12793, .F. ) ;
#10877 = LINE ( 'NONE', #5953, #7635 ) ;
#10878 = EDGE_CURVE ( 'NONE', #13035, #5863, #6995, .T. ) ;
#10879 = ORIENTED_EDGE ( 'NONE', *, *, #3963, .T. ) ;
#10880 = VECTOR ( 'NONE', #3073, 39.37007874015748143 ) ;
#10881 = DIRECTION ( 'NONE',  ( -2.359223927328456662E-16, 3.885780586188047398E-16, 1.000000000000000000 ) ) ;
#10882 = DIRECTION ( 'NONE',  ( 0.0000000000000000000, 0.0000000000000000000, 1.000000000000000000 ) ) ;
#10883 = DIRECTION ( 'NONE',  ( 4.283287147278277996E-17, 1.665334536937734318E-16, 1.000000000000000000 ) ) ;
#10884 = DIRECTION ( 'NONE',  ( 0.0000000000000000000, -1.000000000000000000, 0.0000000000000000000 ) ) ;
#10885 = ORIENTED_EDGE ( 'NONE', *, *, #116, .F. ) ;
#10886 = DIRECTION ( 'NONE',  ( 1.316334802367150653E-16, -1.000000000000000000, 1.526556658859589750E-16 ) ) ;
#10887 = CARTESIAN_POINT ( 'NONE',  ( 0.3920896297764415728, 0.3760314408617050908, 0.5011677803107907891 ) ) ;
#10888 = CARTESIAN_POINT ( 'NONE',  ( 0.3468140392252719861, 0.1555589999168270621, 0.4062465204682492170 ) ) ;
#10889 = EDGE_LOOP ( 'NONE', ( #7161, #12644, #12128, #5658, #4712, #10256 ) ) ;
#10890 = VECTOR ( 'NONE', #4675, 39.37007874015748143 ) ;
#10891 = DIRECTION ( 'NONE',  ( 0.0000000000000000000, 8.220413448604736877E-18, -1.000000000000000000 ) ) ;
#10892 = ORIENTED_EDGE ( 'NONE', *, *, #4098, .F. ) ;
#10893 = EDGE_LOOP ( 'NONE', ( #1014, #4768, #3969, #9413, #3334, #5502 ) ) ;
#10894 = EDGE_CURVE ( 'NONE', #9026, #5706, #2853, .T. ) ;
#10895 = EDGE_CURVE ( 'NONE', #7863, #4272, #6926, .T. ) ;
#10896 = ORIENTED_EDGE ( 'NONE', *, *, #2950, .T. ) ;
#10897 = SURFACE_STYLE_USAGE ( .BOTH. , #6728 ) ;
#10898 = ORIENTED_EDGE ( 'NONE', *, *, #1669, .F. ) ;
#10899 = MECHANICAL_DESIGN_GEOMETRIC_PRESENTATION_REPRESENTATION (  '', ( #462 ), #3919 ) ;
#10900 = VECTOR ( 'NONE', #2309, 39.37007874015748143 ) ;
#10901 = VECTOR ( 'NONE', #11839, 39.37007874015748143 ) ;
#10902 = CARTESIAN_POINT ( 'NONE',  ( 0.2483888423748524532, 0.4547715983420210217, 0.3850260480273225983 ) ) ;
#10903 = DIRECTION ( 'NONE',  ( 4.283287147278277996E-17, 1.665334536937734318E-16, 1.000000000000000000 ) ) ;
#10904 = CARTESIAN_POINT ( 'NONE',  ( 0.3586250628473005575, 0.7897218048774069521, 0.4007740795233891151 ) ) ;
#10905 = CARTESIAN_POINT ( 'NONE',  ( 0.3468140392252720416, 0.1555589999168270066, 0.2062465204682520925 ) ) ;
#10906 = ORIENTED_EDGE ( 'NONE', *, *, #4132, .T. ) ;
#10907 = ORIENTED_EDGE ( 'NONE', *, *, #11219, .T. ) ;
#10908 = VECTOR ( 'NONE', #12636, 39.37007874015748143 ) ;
#10909 = VECTOR ( 'NONE', #13159, 39.37007874015748143 ) ;
#10910 = EDGE_LOOP ( 'NONE', ( #12385, #9822, #7013, #1234, #6046, #5151 ) ) ;
#10911 = VECTOR ( 'NONE', #7912, 39.37007874015748143 ) ;
#10912 = ORIENTED_EDGE ( 'NONE', *, *, #9079, .F. ) ;
#10913 = VECTOR ( 'NONE', #6143, 39.37007874015748143 ) ;
#10914 = EDGE_CURVE ( 'NONE', #9139, #1028, #817, .T. ) ;
#10915 = VERTEX_POINT ( 'NONE', #7059 ) ;
#10916 = DIRECTION ( 'NONE',  ( -0.0000000000000000000, -0.0000000000000000000, -1.000000000000000000 ) ) ;
#10917 = DIRECTION ( 'NONE',  ( -0.0000000000000000000, -1.000000000000000000, -0.0000000000000000000 ) ) ;
#10918 = CARTESIAN_POINT ( 'NONE',  ( 0.2326408108788038387, 0.7776062440113159502, 0.3456559692871650769 ) ) ;
#10919 = CARTESIAN_POINT ( 'NONE',  ( 0.4098061652095124630, 0.2972912833813901590, 0.3614040007832317047 ) ) ;
#10920 = DIRECTION ( 'NONE',  ( -1.356991020290373981E-16, 1.000000000000000000, -3.469446951953614189E-16 ) ) ;
#10921 = CIRCLE ( 'NONE', #1139, 0.1003937007874015630 ) ;
#10922 = FACE_OUTER_BOUND ( 'NONE', #4430, .T. ) ;
#10923 = ADVANCED_FACE ( 'NONE', ( #12055 ), #2732, .F. ) ;
#10924 = ORIENTED_EDGE ( 'NONE', *, *, #2762, .T. ) ;
#10925 = FACE_OUTER_BOUND ( 'NONE', #11714, .T. ) ;
#10926 = ADVANCED_FACE ( 'NONE', ( #5821 ), #6863, .T. ) ;
#10927 = PRODUCT_DEFINITION_SHAPE ( 'NONE', 'NONE',  #13462 ) ;
#10928 = VERTEX_POINT ( 'NONE', #8080 ) ;
#10929 = ORIENTED_EDGE ( 'NONE', *, *, #9918, .F. ) ;
#10930 = VECTOR ( 'NONE', #1936, 39.37007874015748143 ) ;
#10931 = EDGE_CURVE ( 'NONE', #5434, #7272, #7949, .T. ) ;
#10932 = MECHANICAL_DESIGN_GEOMETRIC_PRESENTATION_REPRESENTATION (  '', ( #13108 ), #7862 ) ;
#10933 = DIRECTION ( 'NONE',  ( 1.000000000000000000, 0.0000000000000000000, 0.0000000000000000000 ) ) ;
#10934 = VERTEX_POINT ( 'NONE', #3786 ) ;
#10935 = CARTESIAN_POINT ( 'NONE',  ( 0.2405148266268503365, 0.1555589999168270343, 0.4062858905469893811 ) ) ;
#10936 = DIMENSIONAL_EXPONENTS ( 1.000000000000000000, 0.0000000000000000000, 0.0000000000000000000, 0.0000000000000000000, 0.0000000000000000000, 0.0000000000000000000, 0.0000000000000000000 ) ;
#10937 = COLOUR_RGB ( '',0.7607843137254901578, 0.7607843137254901578, 0.0000000000000000000 ) ;
#10938 = CARTESIAN_POINT ( 'NONE',  ( 0.2431035528205069407, -0.07318115756351306622, 0.2905378590509512526 ) ) ;
#10939 = ADVANCED_FACE ( 'NONE', ( #4879 ), #2922, .F. ) ;
#10940 = FILL_AREA_STYLE_COLOUR ( '', #6374 ) ;
#10941 = FACE_OUTER_BOUND ( 'NONE', #1341, .T. ) ;
#10942 = ORIENTED_EDGE ( 'NONE', *, *, #7812, .T. ) ;
#10943 = ORIENTED_EDGE ( 'NONE', *, *, #5084, .T. ) ;
#10944 = FILL_AREA_STYLE ('',( #12171 ) ) ;
#10945 = EDGE_CURVE ( 'NONE', #3245, #12020, #12508, .T. ) ;
#10946 = ORIENTED_EDGE ( 'NONE', *, *, #8255, .F. ) ;
#10947 = DIRECTION ( 'NONE',  ( -1.937287448275561202E-17, -1.000000000000000000, -8.220413448604590506E-18 ) ) ;
#10948 = VECTOR ( 'NONE', #9180, 39.37007874015748143 ) ;
#10949 =( LENGTH_UNIT ( ) NAMED_UNIT ( * ) SI_UNIT ( $, .METRE. ) );
#10950 =( NAMED_UNIT ( * ) PLANE_ANGLE_UNIT ( ) SI_UNIT ( $, .RADIAN. ) );
#10951 = DIRECTION ( 'NONE',  ( 0.0000000000000000000, 0.0000000000000000000, 1.000000000000000000 ) ) ;
#10952 = PLANE ( 'NONE',  #1997 ) ;
#10953 = ORIENTED_EDGE ( 'NONE', *, *, #10180, .T. ) ;
#10954 = CARTESIAN_POINT ( 'NONE',  ( 0.2483888423748524532, 0.3760314408617060900, 0.2688843157438651765 ) ) ;
#10955 = CARTESIAN_POINT ( 'NONE',  ( 0.2208297872567573095, -0.05703942528004485313, 0.2397504574761405161 ) ) ;
#10956 = EDGE_CURVE ( 'NONE', #8849, #10161, #4991, .T. ) ;
#10957 = EDGE_LOOP ( 'NONE', ( #3130, #3345, #3148, #2644 ) ) ;
#10958 = UNCERTAINTY_MEASURE_WITH_UNIT (LENGTH_MEASURE( 1.000000000000000082E-05 ), #9779, 'distance_accuracy_value', 'NONE');
#10959 = LINE ( 'NONE', #2735, #10541 ) ;
#10960 = ORIENTED_EDGE ( 'NONE', *, *, #3497, .T. ) ;
#10961 = VERTEX_POINT ( 'NONE', #10335 ) ;
#10962 = ORIENTED_EDGE ( 'NONE', *, *, #3666, .T. ) ;
#10963 = DIRECTION ( 'NONE',  ( -1.000000000000000000, 1.937287448275558121E-17, 0.0000000000000000000 ) ) ;
#10964 = VECTOR ( 'NONE', #686, 39.37007874015748143 ) ;
#10965 = FACE_OUTER_BOUND ( 'NONE', #7337, .T. ) ;
#10966 = DIRECTION ( 'NONE',  ( -0.5773502691896135186, 0.5773502691896256200, 0.5773502691896379435 ) ) ;
#10967 = FILL_AREA_STYLE ('',( #4759 ) ) ;
#10968 = DIRECTION ( 'NONE',  ( 0.0000000000000000000, 0.0000000000000000000, 1.000000000000000000 ) ) ;
#10969 = PLANE ( 'NONE',  #8585 ) ;
#10970 = EDGE_CURVE ( 'NONE', #12187, #6836, #8280, .T. ) ;
#10971 = EDGE_CURVE ( 'NONE', #6376, #5410, #4254, .T. ) ;
#10972 = FILL_AREA_STYLE_COLOUR ( '', #2612 ) ;
#10973 = ORIENTED_EDGE ( 'NONE', *, *, #1386, .F. ) ;
#10974 = VERTEX_POINT ( 'NONE', #7330 ) ;
#10975 = ORIENTED_EDGE ( 'NONE', *, *, #6234, .F. ) ;
#10976 = ORIENTED_EDGE ( 'NONE', *, *, #6437, .F. ) ;
#10977 = LINE ( 'NONE', #8035, #1774 ) ;
#10978 = CARTESIAN_POINT ( 'NONE',  ( 0.2549658488673982037, 0.5348511316777836422, 0.2669158118068457597 ) ) ;
#10979 = DIRECTION ( 'NONE',  ( 1.000000000000000000, 1.174096724532128111E-16, -4.283287147278279229E-17 ) ) ;
#10980 = VECTOR ( 'NONE', #7176, 39.37007874015748143 ) ;
#10981 = DIRECTION ( 'NONE',  ( 1.000000000000000000, -1.937287448275561202E-17, -2.565854121688507820E-49 ) ) ;
#10982 = CARTESIAN_POINT ( 'NONE',  ( 0.1361841179654072198, 0.3760314408617060900, 0.2688843157438651765 ) ) ;
#10983 = ADVANCED_FACE ( 'NONE', ( #130 ), #9502, .T. ) ;
#10984 = VERTEX_POINT ( 'NONE', #12447 ) ;
#10985 = EDGE_CURVE ( 'NONE', #2911, #10974, #4321, .T. ) ;
#10986 = CARTESIAN_POINT ( 'NONE',  ( 0.2641368738709190533, 0.2776062440113114538, 0.5385693551139404400 ) ) ;
#10987 = ORIENTED_EDGE ( 'NONE', *, *, #6938, .T. ) ;
#10988 = CARTESIAN_POINT ( 'NONE',  ( 0.1164990785953284869, 0.1988660865309974379, 0.2669158118068501451 ) ) ;
#10989 = VERTEX_POINT ( 'NONE', #11575 ) ;
#10990 = VERTEX_POINT ( 'NONE', #6372 ) ;
#10991 = ORIENTED_EDGE ( 'NONE', *, *, #6067, .F. ) ;
#10992 =( CONVERSION_BASED_UNIT ( 'INCH', #1664 ) LENGTH_UNIT ( ) NAMED_UNIT ( #4597 ) );
#10993 = DIRECTION ( 'NONE',  ( 1.316334802367150653E-16, -1.000000000000000000, 1.526556658859589750E-16 ) ) ;
#10994 = EDGE_LOOP ( 'NONE', ( #3726, #4459, #7180, #572 ) ) ;
#10995 = DIRECTION ( 'NONE',  ( 1.000000000000000000, 0.0000000000000000000, 0.0000000000000000000 ) ) ;
#10996 = DIRECTION ( 'NONE',  ( 1.000000000000000000, 3.518308117683325373E-16, 2.626713979715459264E-16 ) ) ;
#10997 = CARTESIAN_POINT ( 'NONE',  ( 0.2916959289890400653, 0.1279999447987147931, 0.2019551818855939151 ) ) ;
#10998 = DIRECTION ( 'NONE',  ( -0.8944271909998483538, 0.4472135955000930418, -4.211305021372949297E-16 ) ) ;
#10999 = MECHANICAL_DESIGN_GEOMETRIC_PRESENTATION_REPRESENTATION (  '', ( #1643 ), #2091 ) ;
#11000 = EDGE_CURVE ( 'NONE', #12683, #5601, #186, .T. ) ;
#11001 = DIRECTION ( 'NONE',  ( -1.000000000000000000, 0.0000000000000000000, 0.0000000000000000000 ) ) ;
#11002 = CARTESIAN_POINT ( 'NONE',  ( 0.3562628581229011493, 0.08075585031051529805, 0.2515614810981877114 ) ) ;
#11003 =( LENGTH_UNIT ( ) NAMED_UNIT ( * ) SI_UNIT ( $, .METRE. ) );
#11004 = VERTEX_POINT ( 'NONE', #1079 ) ;
#11005 = ORIENTED_EDGE ( 'NONE', *, *, #2277, .T. ) ;
#11006 = CARTESIAN_POINT ( 'NONE',  ( 0.3444518345008468208, 0.05713380306641541867, 0.2397504574761404883 ) ) ;
#11007 = CARTESIAN_POINT ( 'NONE',  ( 0.2129557715087250780, 0.1279999447987147931, 0.2019551818855939151 ) ) ;
#11008 = VECTOR ( 'NONE', #4557, 39.37007874015748143 ) ;
#11009 = DIRECTION ( 'NONE',  ( 1.000000000000000000, 0.0000000000000000000, 0.0000000000000000000 ) ) ;
#11010 = ORIENTED_EDGE ( 'NONE', *, *, #510, .T. ) ;
#11011 = CARTESIAN_POINT ( 'NONE',  ( 0.0000000000000000000, 0.1496062992125984370, 0.0000000000000000000 ) ) ;
#11012 = EDGE_CURVE ( 'NONE', #5775, #8926, #10610, .T. ) ;
#11013 = ADVANCED_FACE ( 'NONE', ( #5195 ), #9374, .T. ) ;
#11014 = DIRECTION ( 'NONE',  ( -1.000000000000000000, 0.0000000000000000000, 0.0000000000000000000 ) ) ;
#11015 = DIRECTION ( 'NONE',  ( 1.133085894446546862E-16, -0.7071067811865472397, 0.7071067811865479058 ) ) ;
#11016 = LINE ( 'NONE', #6715, #3529 ) ;
#11017 = FILL_AREA_STYLE_COLOUR ( '', #9196 ) ;
#11018 = VECTOR ( 'NONE', #1700, 39.37007874015748143 ) ;
#11019 = VERTEX_POINT ( 'NONE', #5473 ) ;
#11020 = LINE ( 'NONE', #5963, #6705 ) ;
#11021 = FILL_AREA_STYLE_COLOUR ( '', #7833 ) ;
#11022 = VECTOR ( 'NONE', #8886, 39.37007874015748143 ) ;
#11023 = CARTESIAN_POINT ( 'NONE',  ( 0.3208297872567558162, 0.05713380306642436984, 0.2397504574761404883 ) ) ;
#11024 = VERTEX_POINT ( 'NONE', #2369 ) ;
#11025 = DIRECTION ( 'NONE',  ( 1.000000000000000000, 0.0000000000000000000, 0.0000000000000000000 ) ) ;
#11026 = ORIENTED_EDGE ( 'NONE', *, *, #6593, .F. ) ;
#11027 = EDGE_LOOP ( 'NONE', ( #1029, #8416, #10703, #12947 ) ) ;
#11028 = VERTEX_POINT ( 'NONE', #3438 ) ;
#11029 = PRESENTATION_STYLE_ASSIGNMENT (( #10897 ) ) ;
#11030 = PRESENTATION_LAYER_ASSIGNMENT (  '', '', ( #1883 ) ) ;
#11031 = CARTESIAN_POINT ( 'NONE',  ( 0.3625620707213385585, 0.1476849841687954412, 0.3456559692871707390 ) ) ;
#11032 = EDGE_CURVE ( 'NONE', #7571, #1082, #11966, .T. ) ;
#11033 = FACE_OUTER_BOUND ( 'NONE', #7891, .T. ) ;
#11034 = CARTESIAN_POINT ( 'NONE',  ( 0.2267352990677845015, -0.07278745677610241882, 0.4515614810981849470 ) ) ;
#11035 = CARTESIAN_POINT ( 'NONE',  ( 0.2641368738709190533, 0.1988660865309964110, 0.1527425834603898525 ) ) ;
#11036 = CARTESIAN_POINT ( 'NONE',  ( 0.1090187636347222794, 0.08075585031049736795, 0.2515614810981877114 ) ) ;
#11037 =( CONVERSION_BASED_UNIT ( 'INCH', #6876 ) LENGTH_UNIT ( ) NAMED_UNIT ( #6318 ) );
#11038 = VECTOR ( 'NONE', #3852, 39.37007874015748143 ) ;
#11039 = ORIENTED_EDGE ( 'NONE', *, *, #449, .T. ) ;
#11040 = DIRECTION ( 'NONE',  ( 1.000000000000000000, -1.937287448275558121E-17, 0.0000000000000000000 ) ) ;
#11041 = ORIENTED_EDGE ( 'NONE', *, *, #7459, .T. ) ;
#11042 = ORIENTED_EDGE ( 'NONE', *, *, #12667, .F. ) ;
#11043 = DIRECTION ( 'NONE',  ( 1.356991020290373981E-16, -1.000000000000000000, 3.469446951953614189E-16 ) ) ;
#11044 = EDGE_CURVE ( 'NONE', #7557, #852, #2642, .T. ) ;
#11045 = CARTESIAN_POINT ( 'NONE',  ( 0.2208297872567572817, 0.05713380306641549500, 0.4397504574761375573 ) ) ;
#11046 = CARTESIAN_POINT ( 'NONE',  ( 0.3625620707213385585, 0.3130393148774569534, 0.2515614810981768867 ) ) ;
#11047 = VECTOR ( 'NONE', #2493, 39.37007874015748143 ) ;
#11048 = CARTESIAN_POINT ( 'NONE',  ( 0.1893337242646341567, 0.7897218048774069521, 0.1940811661375623776 ) ) ;
#11049 = DIMENSIONAL_EXPONENTS ( 1.000000000000000000, 0.0000000000000000000, 0.0000000000000000000, 0.0000000000000000000, 0.0000000000000000000, 0.0000000000000000000, 0.0000000000000000000 ) ;
#11050 = CARTESIAN_POINT ( 'NONE',  ( 0.2405148266268502810, 0.2933542755073782482, 0.4397504574761375018 ) ) ;
#11051 = VERTEX_POINT ( 'NONE', #11901 ) ;
#11052 = CARTESIAN_POINT ( 'NONE',  ( 0.3940581337134494433, 0.05713380306642412698, 0.5070732921218072953 ) ) ;
#11053 = LINE ( 'NONE', #726, #5884 ) ;
#11054 = DIRECTION ( 'NONE',  ( 1.000000000000000000, 3.376070039848302092E-16, 2.359223927328455183E-16 ) ) ;
#11055 = AXIS2_PLACEMENT_3D ( 'NONE', #10208, #3055, #901 ) ;
#11056 = ORIENTED_EDGE ( 'NONE', *, *, #5987, .F. ) ;
#11057 = DIRECTION ( 'NONE',  ( 0.0000000000000000000, 0.0000000000000000000, 1.000000000000000000 ) ) ;
#11058 = EDGE_CURVE ( 'NONE', #7835, #4292, #10742, .T. ) ;
#11059 = VERTEX_POINT ( 'NONE', #7732 ) ;
#11060 = ADVANCED_FACE ( 'NONE', ( #12840 ), #8817, .T. ) ;
#11061 = DIRECTION ( 'NONE',  ( -1.937287448275561202E-17, -1.000000000000000000, -8.220413448604590506E-18 ) ) ;
#11062 = CARTESIAN_POINT ( 'NONE',  ( 0.2326408108788125817, -0.1446865674942329760, 0.4515614810981849470 ) ) ;
#11063 = LINE ( 'NONE', #7038, #11877 ) ;
#11064 = DIRECTION ( 'NONE',  ( -0.7071067811865473507, -0.7071067811865475727, 2.495801191760492629E-16 ) ) ;
#11065 = VECTOR ( 'NONE', #8594, 39.37007874015748143 ) ;
#11066 = EDGE_LOOP ( 'NONE', ( #7988, #3625, #11362, #6527 ) ) ;
#11067 = DIRECTION ( 'NONE',  ( -1.000000000000000000, 0.0000000000000000000, 0.0000000000000000000 ) ) ;
#11068 = CARTESIAN_POINT ( 'NONE',  ( 0.1385463226898582811, -0.07278745677611141163, 0.4397504574761376683 ) ) ;
#11069 = DIRECTION ( 'NONE',  ( 0.0000000000000000000, 1.000000000000000000, 0.0000000000000000000 ) ) ;
#11070 = ORIENTED_EDGE ( 'NONE', *, *, #11142, .T. ) ;
#11071 = AXIS2_PLACEMENT_3D ( 'NONE', #1854, #9137, #3754 ) ;
#11072 = CARTESIAN_POINT ( 'NONE',  ( 0.1558691573354937521, 0.2933542755073604291, 0.4397504574761375018 ) ) ;
#11073 = ORIENTED_EDGE ( 'NONE', *, *, #9260, .F. ) ;
#11074 = VECTOR ( 'NONE', #8221, 39.37007874015748143 ) ;
#11075 = ADVANCED_FACE ( 'NONE', ( #321 ), #12707, .T. ) ;
#11076 = LINE ( 'NONE', #4554, #10486 ) ;
#11077 = SURFACE_STYLE_USAGE ( .BOTH. , #3711 ) ;
#11078 = DIRECTION ( 'NONE',  ( 0.0000000000000000000, 0.0000000000000000000, -1.000000000000000000 ) ) ;
#11079 =( NAMED_UNIT ( * ) SI_UNIT ( $, .STERADIAN. ) SOLID_ANGLE_UNIT ( ) );
#11080 = LINE ( 'NONE', #5889, #8872 ) ;
#11081 = FACE_OUTER_BOUND ( 'NONE', #2988, .T. ) ;
#11082 = ORIENTED_EDGE ( 'NONE', *, *, #6293, .F. ) ;
#11083 = CYLINDRICAL_SURFACE ( 'NONE', #3229, 0.05610236220472444857 ) ;
#11084 = CARTESIAN_POINT ( 'NONE',  ( 0.2090187636347128897, 0.4272125432239180509, 0.2688843157438651765 ) ) ;
#11085 = CARTESIAN_POINT ( 'NONE',  ( 0.07319199198116600746, 0.08862986605855743827, 0.5011677803107907891 ) ) ;
#11086 = EDGE_CURVE ( 'NONE', #9734, #6508, #9781, .T. ) ;
#11087 = ORIENTED_EDGE ( 'NONE', *, *, #10120, .F. ) ;
#11088 = UNCERTAINTY_MEASURE_WITH_UNIT (LENGTH_MEASURE( 1.000000000000000082E-05 ), #10752, 'distance_accuracy_value', 'NONE');
#11089 = EDGE_CURVE ( 'NONE', #6391, #1828, #1423, .T. ) ;
#11090 = CARTESIAN_POINT ( 'NONE',  ( 0.1558691573354859805, 0.3583149054286423607, 0.3456559692871650769 ) ) ;
#11091 = EDGE_LOOP ( 'NONE', ( #2487, #8783, #10382, #1432, #124, #10241, #2373, #2072 ) ) ;
#11092 = EDGE_LOOP ( 'NONE', ( #5253, #7817 ) ) ;
#11093 = AXIS2_PLACEMENT_3D ( 'NONE', #782, #9341, #2826 ) ;
#11094 = EDGE_LOOP ( 'NONE', ( #10454, #7012, #2301, #2814 ) ) ;
#11095 = EDGE_CURVE ( 'NONE', #8988, #10233, #3504, .T. ) ;
#11096 = CARTESIAN_POINT ( 'NONE',  ( 0.1444518345008675708, -0.05703942528005378348, 0.4515614810981849470 ) ) ;
#11097 = DIRECTION ( 'NONE',  ( 1.000000000000000000, 1.316334802367150653E-16, -1.608386623408235030E-17 ) ) ;
#11098 = STYLED_ITEM ( 'NONE', ( #9705 ), #12173 ) ;
#11099 = CARTESIAN_POINT ( 'NONE',  ( 0.2483888423748524532, 0.5098897085782487792, 0.2905378590509231085 ) ) ;
#11100 = MECHANICAL_DESIGN_GEOMETRIC_PRESENTATION_REPRESENTATION (  '', ( #12623 ), #9802 ) ;
#11101 = DIRECTION ( 'NONE',  ( 0.0000000000000000000, 8.220413448604736877E-18, -1.000000000000000000 ) ) ;
#11102 = ORIENTED_EDGE ( 'NONE', *, *, #7257, .F. ) ;
#11103 = EDGE_CURVE ( 'NONE', #4099, #5219, #9812, .T. ) ;
#11104 = CARTESIAN_POINT ( 'NONE',  ( 0.2326408108788038387, 0.5571338030664295671, 0.4440811661375588248 ) ) ;
#11105 = ORIENTED_EDGE ( 'NONE', *, *, #4191, .F. ) ;
#11106 = ORIENTED_EDGE ( 'NONE', *, *, #13091, .F. ) ;
#11107 = ORIENTED_EDGE ( 'NONE', *, *, #5744, .T. ) ;
#11108 = DIMENSIONAL_EXPONENTS ( 1.000000000000000000, 0.0000000000000000000, 0.0000000000000000000, 0.0000000000000000000, 0.0000000000000000000, 0.0000000000000000000, 0.0000000000000000000 ) ;
#11109 = VECTOR ( 'NONE', #1811, 39.37007874015748143 ) ;
#11110 = VECTOR ( 'NONE', #12798, 39.37007874015748143 ) ;
#11111 = VECTOR ( 'NONE', #13119, 39.37007874015748143 ) ;
#11112 = PRESENTATION_STYLE_ASSIGNMENT (( #5103 ) ) ;
#11113 = CARTESIAN_POINT ( 'NONE',  ( 0.2483888423748524532, 0.5295747479483238207, 0.2688843157438651765 ) ) ;
#11114 = DIRECTION ( 'NONE',  ( -1.937287448275560894E-17, -1.000000000000000000, -8.220413448604736877E-18 ) ) ;
#11115 = CARTESIAN_POINT ( 'NONE',  ( 0.2326408108788125817, -0.1446865674942329760, 0.4515614810981849470 ) ) ;
#11116 = CARTESIAN_POINT ( 'NONE',  ( 0.2326408108788125817, -0.1446865674942330593, 0.2515614810981877669 ) ) ;
#11117 = LENGTH_MEASURE_WITH_UNIT ( LENGTH_MEASURE( 0.02539999999999999897 ), #5537 );
#11118 = PLANE ( 'NONE',  #2781 ) ;
#11119 = DIRECTION ( 'NONE',  ( 1.316334802367150653E-16, -1.000000000000000000, 1.526556658859589750E-16 ) ) ;
#11120 = ORIENTED_EDGE ( 'NONE', *, *, #3026, .F. ) ;
#11121 = LINE ( 'NONE', #1853, #260 ) ;
#11122 = VECTOR ( 'NONE', #3397, 39.37007874015748854 ) ;
#11123 = COLOUR_RGB ( '',0.7607843137254901578, 0.7607843137254901578, 0.0000000000000000000 ) ;
#11124 = FACE_OUTER_BOUND ( 'NONE', #7340, .T. ) ;
#11125 = VECTOR ( 'NONE', #2974, 39.37007874015748143 ) ;
#11126 = UNCERTAINTY_MEASURE_WITH_UNIT (LENGTH_MEASURE( 1.000000000000000082E-05 ), #5609, 'distance_accuracy_value', 'NONE');
#11127 = LINE ( 'NONE', #5790, #7183 ) ;
#11128 = EDGE_CURVE ( 'NONE', #960, #5952, #9848, .T. ) ;
#11129 = ORIENTED_EDGE ( 'NONE', *, *, #13429, .T. ) ;
#11130 = LENGTH_MEASURE_WITH_UNIT ( LENGTH_MEASURE( 0.02539999999999999897 ), #13175 );
#11131 = ORIENTED_EDGE ( 'NONE', *, *, #2182, .F. ) ;
#11132 = VECTOR ( 'NONE', #10162, 39.37007874015748143 ) ;
#11133 = EDGE_LOOP ( 'NONE', ( #4752, #8322, #10477, #6025 ) ) ;
#11134 = AXIS2_PLACEMENT_3D ( 'NONE', #12543, #3282, #2416 ) ;
#11135 = VECTOR ( 'NONE', #12469, 39.37007874015748143 ) ;
#11136 = CARTESIAN_POINT ( 'NONE',  ( 0.1208297872567766496, -0.05703942528004481843, 0.4515614810981849470 ) ) ;
#11137 = VECTOR ( 'NONE', #11360, 39.37007874015748854 ) ;
#11138 = CARTESIAN_POINT ( 'NONE',  ( 0.3113809683591187705, 0.5610708109404453081, 0.4440811661375588248 ) ) ;
#11139 = CARTESIAN_POINT ( 'NONE',  ( 0.3330345116662203897, 0.1555589999168270066, 0.2062465204682520925 ) ) ;
#11140 = ORIENTED_EDGE ( 'NONE', *, *, #12177, .T. ) ;
#11141 = CARTESIAN_POINT ( 'NONE',  ( 0.2483888423748524532, 0.5374487636963517501, 0.3850260480273225983 ) ) ;
#11142 = EDGE_CURVE ( 'NONE', #5577, #8805, #9714, .T. ) ;
#11143 = VECTOR ( 'NONE', #3553, 39.37007874015748143 ) ;
#11144 = EDGE_CURVE ( 'NONE', #9640, #9184, #12975, .T. ) ;
#11145 = VECTOR ( 'NONE', #10330, 39.37007874015748143 ) ;
#11146 = DIRECTION ( 'NONE',  ( 0.0000000000000000000, 1.000000000000000000, 0.0000000000000000000 ) ) ;
#11147 =( LENGTH_UNIT ( ) NAMED_UNIT ( * ) SI_UNIT ( $, .METRE. ) );
#11148 = PRESENTATION_STYLE_ASSIGNMENT (( #8199 ) ) ;
#11149 = ORIENTED_EDGE ( 'NONE', *, *, #5396, .F. ) ;
#11150 = CARTESIAN_POINT ( 'NONE',  ( 0.4098061652095124630, 0.1988660865309964110, 0.3614040007832317047 ) ) ;
#11151 = DIRECTION ( 'NONE',  ( 0.0000000000000000000, 0.1240347345890697311, -0.9922778767136849476 ) ) ;
#11152 = LINE ( 'NONE', #7050, #5668 ) ;
#11153 = DIRECTION ( 'NONE',  ( -1.356991020290373981E-16, 1.000000000000000000, -3.469446951953614189E-16 ) ) ;
#11154 = PRESENTATION_LAYER_ASSIGNMENT (  '', '', ( #7892 ) ) ;
#11155 = CARTESIAN_POINT ( 'NONE',  ( 0.0000000000000000000, 0.0000000000000000000, 0.0000000000000000000 ) ) ;
#11156 = VECTOR ( 'NONE', #9879, 39.37007874015748143 ) ;
#11157 = DIRECTION ( 'NONE',  ( 3.376070039848299626E-16, -1.000000000000000000, 4.302114220422482087E-16 ) ) ;
#11158 = CARTESIAN_POINT ( 'NONE',  ( 0.2326408108788038387, 0.5531967951924049443, 0.2669158118068479246 ) ) ;
#11159 = CARTESIAN_POINT ( 'NONE',  ( 0.3763415982803857696, 0.2579212046412327486, 0.2669158118068502006 ) ) ;
#11160 = EDGE_LOOP ( 'NONE', ( #10509, #2375, #4863, #11816 ) ) ;
#11161 = DIRECTION ( 'NONE',  ( -3.518308117683322415E-16, 1.000000000000000000, -4.163336342344337027E-16 ) ) ;
#11162 = EDGE_CURVE ( 'NONE', #2042, #4564, #6637, .T. ) ;
#11163 = LINE ( 'NONE', #1754, #3974 ) ;
#11164 = ORIENTED_EDGE ( 'NONE', *, *, #6775, .T. ) ;
#11165 = VECTOR ( 'NONE', #13274, 39.37007874015748143 ) ;
#11166 = CARTESIAN_POINT ( 'NONE',  ( 0.3290975037921824442, 0.4547715983420210217, 0.3850260480273225983 ) ) ;
#11167 = EDGE_LOOP ( 'NONE', ( #1265, #11762, #10973, #5153 ) ) ;
#11168 = ORIENTED_EDGE ( 'NONE', *, *, #9578, .F. ) ;
#11169 = ORIENTED_EDGE ( 'NONE', *, *, #2787, .T. ) ;
#11170 = CARTESIAN_POINT ( 'NONE',  ( 0.3704360864693550526, 0.08862986605855729949, 0.1901441582635394756 ) ) ;
#11171 = CARTESIAN_POINT ( 'NONE',  ( 0.2405148266268501978, 0.3563464014916266076, 0.4850260480273042574 ) ) ;
#11172 = DIRECTION ( 'NONE',  ( 1.000000000000000000, 1.316334802367150653E-16, -1.608386623408235030E-17 ) ) ;
#11173 = EDGE_CURVE ( 'NONE', #4015, #11198, #7800, .T. ) ;
#11174 = EDGE_CURVE ( 'NONE', #6676, #13290, #2777, .T. ) ;
#11175 = FACE_OUTER_BOUND ( 'NONE', #7381, .T. ) ;
#11176 = AXIS2_PLACEMENT_3D ( 'NONE', #10320, #1007, #9361 ) ;
#11177 = SURFACE_SIDE_STYLE ('',( #12195 ) ) ;
#11178 = SURFACE_SIDE_STYLE ('',( #3869 ) ) ;
#11179 = SHAPE_REPRESENTATION ( 'MPB04 HOUSING_5.4 ACTUATOR', ( #5463 ), #1789 ) ;
#11180 = CARTESIAN_POINT ( 'NONE',  ( 0.3330345116662203342, 0.1555589999168270066, 0.4810890401532994520 ) ) ;
#11181 = EDGE_CURVE ( 'NONE', #1489, #8988, #13187, .T. ) ;
#11182 = VERTEX_POINT ( 'NONE', #660 ) ;
#11183 = ORIENTED_EDGE ( 'NONE', *, *, #3270, .T. ) ;
#11184 = VECTOR ( 'NONE', #9804, 39.37007874015748854 ) ;
#11185 = VERTEX_POINT ( 'NONE', #7870 ) ;
#11186 = CARTESIAN_POINT ( 'NONE',  ( 0.3562628581229011493, 0.08075585031051527030, 0.2397504574761404883 ) ) ;
#11187 = CARTESIAN_POINT ( 'NONE',  ( 0.1558691573354859805, 0.2165826219640790973, 0.3456559692871650769 ) ) ;
#11188 = DIRECTION ( 'NONE',  ( 0.0000000000000000000, 1.000000000000000000, 0.0000000000000000000 ) ) ;
#11189 = EDGE_CURVE ( 'NONE', #4632, #2340, #9979, .T. ) ;
#11190 = EDGE_CURVE ( 'NONE', #478, #9885, #1943, .T. ) ;
#11191 =( LENGTH_UNIT ( ) NAMED_UNIT ( * ) SI_UNIT ( $, .METRE. ) );
#11192 = DIRECTION ( 'NONE',  ( -1.937287448275561202E-17, -1.000000000000000000, -8.220413448604590506E-18 ) ) ;
#11193 = CARTESIAN_POINT ( 'NONE',  ( 0.3389400234772336762, 0.3760314408617050908, 0.3062858905470076665 ) ) ;
#11194 = DIRECTION ( 'NONE',  ( 0.0000000000000000000, 0.1240347345890697311, 0.9922778767136849476 ) ) ;
#11195 = VECTOR ( 'NONE', #10875, 39.37007874015748143 ) ;
#11196 = ORIENTED_EDGE ( 'NONE', *, *, #13253, .F. ) ;
#11197 = CARTESIAN_POINT ( 'NONE',  ( 0.2326408108788038387, 0.3760314408617050908, 0.3456559692871650769 ) ) ;
#11198 = VERTEX_POINT ( 'NONE', #6011 ) ;
#11199 = DIRECTION ( 'NONE',  ( -2.359223927328456662E-16, 3.885780586188047398E-16, 1.000000000000000000 ) ) ;
#11200 = ORIENTED_EDGE ( 'NONE', *, *, #1110, .F. ) ;
#11201 = LINE ( 'NONE', #6897, #9995 ) ;
#11202 = ORIENTED_EDGE ( 'NONE', *, *, #7366, .F. ) ;
#11203 = DIRECTION ( 'NONE',  ( 0.0000000000000000000, 1.000000000000000000, 0.0000000000000000000 ) ) ;
#11204 = FILL_AREA_STYLE ('',( #3085 ) ) ;
#11205 = ORIENTED_EDGE ( 'NONE', *, *, #9164, .F. ) ;
#11206 = FACE_OUTER_BOUND ( 'NONE', #8449, .T. ) ;
#11207 = EDGE_CURVE ( 'NONE', #1926, #11638, #2711, .T. ) ;
#11208 = DIRECTION ( 'NONE',  ( -1.000000000000000000, 1.937287448275558121E-17, 0.0000000000000000000 ) ) ;
#11209 = DIMENSIONAL_EXPONENTS ( 1.000000000000000000, 0.0000000000000000000, 0.0000000000000000000, 0.0000000000000000000, 0.0000000000000000000, 0.0000000000000000000, 0.0000000000000000000 ) ;
#11210 = VERTEX_POINT ( 'NONE', #10179 ) ;
#11211 = CARTESIAN_POINT ( 'NONE',  ( 0.3330345116662203342, 0.1555589999168271176, 0.4732150244052678589 ) ) ;
#11212 = SURFACE_SIDE_STYLE ('',( #12239 ) ) ;
#11213 = LINE ( 'NONE', #13121, #6983 ) ;
#11214 = ORIENTED_EDGE ( 'NONE', *, *, #9909, .F. ) ;
#11215 =( LENGTH_UNIT ( ) NAMED_UNIT ( * ) SI_UNIT ( $, .METRE. ) );
#11216 = FILL_AREA_STYLE_COLOUR ( '', #7754 ) ;
#11217 = DIRECTION ( 'NONE',  ( 1.316334802367150653E-16, -1.000000000000000000, 1.526556658859589750E-16 ) ) ;
#11218 = DIRECTION ( 'NONE',  ( -1.000000000000000000, -1.174096724532128111E-16, 4.283287147278279229E-17 ) ) ;
#11219 = EDGE_CURVE ( 'NONE', #344, #10078, #8059, .T. ) ;
#11220 = PLANE ( 'NONE',  #4921 ) ;
#11221 = CARTESIAN_POINT ( 'NONE',  ( 0.3625620707213383920, 0.3130393148774570644, 0.4062465204682491615 ) ) ;
#11222 = LINE ( 'NONE', #2985, #6770 ) ;
#11223 = SURFACE_STYLE_USAGE ( .BOTH. , #2919 ) ;
#11224 = ORIENTED_EDGE ( 'NONE', *, *, #6492, .T. ) ;
#11225 = DIRECTION ( 'NONE',  ( -0.0000000000000000000, -0.0000000000000000000, -1.000000000000000000 ) ) ;
#11226 = PLANE ( 'NONE',  #7903 ) ;
#11227 = VERTEX_POINT ( 'NONE', #9155 ) ;
#11228 = VERTEX_POINT ( 'NONE', #7043 ) ;
#11229 = VECTOR ( 'NONE', #6605, 39.37007874015748143 ) ;
#11230 = LINE ( 'NONE', #9041, #8565 ) ;
#11231 = ORIENTED_EDGE ( 'NONE', *, *, #9149, .T. ) ;
#11232 = ORIENTED_EDGE ( 'NONE', *, *, #2835, .F. ) ;
#11233 = DIRECTION ( 'NONE',  ( -1.000000000000000000, -1.408738150179760326E-16, 6.014894242100891138E-18 ) ) ;
#11234 = ORIENTED_EDGE ( 'NONE', *, *, #4734, .T. ) ;
#11235 = CARTESIAN_POINT ( 'NONE',  ( 0.07319199198116600746, 0.3760314408617050908, 0.5011677803107907891 ) ) ;
#11236 = ADVANCED_FACE ( 'NONE', ( #4727 ), #6845, .T. ) ;
#11237 = DIRECTION ( 'NONE',  ( 0.0000000000000000000, -1.000000000000000000, 0.0000000000000000000 ) ) ;
#11238 = DIRECTION ( 'NONE',  ( -3.376070039848299626E-16, 1.000000000000000000, -4.302114220422482087E-16 ) ) ;
#11239 = EDGE_CURVE ( 'NONE', #7196, #2906, #8874, .T. ) ;
#11240 = CARTESIAN_POINT ( 'NONE',  ( 0.2208297872567573095, -0.05703942528004485313, 0.2515614810981877669 ) ) ;
#11241 = AXIS2_PLACEMENT_3D ( 'NONE', #525, #11518, #1548 ) ;
#11242 = VECTOR ( 'NONE', #3215, 39.37007874015748854 ) ;
#11243 = DIRECTION ( 'NONE',  ( -1.000000000000000000, -0.0000000000000000000, -0.0000000000000000000 ) ) ;
#11244 = ORIENTED_EDGE ( 'NONE', *, *, #10589, .T. ) ;
#11245 = CARTESIAN_POINT ( 'NONE',  ( 0.2483888423748524532, 0.1988660865309974379, 0.3751835283422832457 ) ) ;
#11246 = VERTEX_POINT ( 'NONE', #11211 ) ;
#11247 = VECTOR ( 'NONE', #2014, 39.37007874015748854 ) ;
#11248 = VECTOR ( 'NONE', #3121, 39.37007874015748143 ) ;
#11249 = ORIENTED_EDGE ( 'NONE', *, *, #4502, .T. ) ;
#11250 = ADVANCED_FACE ( 'NONE', ( #6974 ), #12039, .F. ) ;
#11251 = LINE ( 'NONE', #2124, #8655 ) ;
#11252 = PLANE ( 'NONE',  #8316 ) ;
#11253 = FACE_OUTER_BOUND ( 'NONE', #4568, .T. ) ;
#11254 = LINE ( 'NONE', #7294, #4977 ) ;
#11255 = DIRECTION ( 'NONE',  ( -1.608386623408232256E-17, -1.526556658859589750E-16, -1.000000000000000000 ) ) ;
#11256 = CARTESIAN_POINT ( 'NONE',  ( 0.2266953993139451395, 0.5520926333236355621, 0.2669158118068457042 ) ) ;
#11257 = AXIS2_PLACEMENT_3D ( 'NONE', #3986, #9166, #7325 ) ;
#11258 =( LENGTH_UNIT ( ) NAMED_UNIT ( * ) SI_UNIT ( $, .METRE. ) );
#11259 = ORIENTED_EDGE ( 'NONE', *, *, #8671, .F. ) ;
#11260 = CARTESIAN_POINT ( 'NONE',  ( 0.2405148266268501978, 0.3681574251136631171, 0.4456559692871467360 ) ) ;
#11261 = PLANE ( 'NONE',  #12645 ) ;
#11262 = ORIENTED_EDGE ( 'NONE', *, *, #6246, .F. ) ;
#11263 = ORIENTED_EDGE ( 'NONE', *, *, #5497, .F. ) ;
#11264 = FILL_AREA_STYLE ('',( #13311 ) ) ;
#11265 = EDGE_CURVE ( 'NONE', #6836, #1489, #8948, .T. ) ;
#11266 = EDGE_LOOP ( 'NONE', ( #9562, #1570, #11439, #12800 ) ) ;
#11267 = EDGE_CURVE ( 'NONE', #856, #11182, #10115, .T. ) ;
#11268 = ORIENTED_EDGE ( 'NONE', *, *, #365, .T. ) ;
#11269 = SURFACE_SIDE_STYLE ('',( #2704 ) ) ;
#11270 = VECTOR ( 'NONE', #2900, 39.37007874015748854 ) ;
#11271 = ORIENTED_EDGE ( 'NONE', *, *, #2860, .F. ) ;
#11272 = EDGE_CURVE ( 'NONE', #11277, #6795, #1736, .T. ) ;
#11273 = DIRECTION ( 'NONE',  ( 0.0000000000000000000, 0.0000000000000000000, -1.000000000000000000 ) ) ;
#11274 = FILL_AREA_STYLE ('',( #4725 ) ) ;
#11275 = DIRECTION ( 'NONE',  ( 0.0000000000000000000, 0.0000000000000000000, -1.000000000000000000 ) ) ;
#11276 = VECTOR ( 'NONE', #10028, 39.37007874015748854 ) ;
#11277 = VERTEX_POINT ( 'NONE', #800 ) ;
#11278 = DIRECTION ( 'NONE',  ( 1.000000000000000000, 3.518308117683325373E-16, 2.626713979715459264E-16 ) ) ;
#11279 =( NAMED_UNIT ( * ) SI_UNIT ( $, .STERADIAN. ) SOLID_ANGLE_UNIT ( ) );
#11280 = ORIENTED_EDGE ( 'NONE', *, *, #10604, .T. ) ;
#11281 = EDGE_CURVE ( 'NONE', #11343, #7131, #3976, .T. ) ;
#11282 = FACE_OUTER_BOUND ( 'NONE', #2736, .T. ) ;
#11283 = ORIENTED_EDGE ( 'NONE', *, *, #5090, .T. ) ;
#11284 = CARTESIAN_POINT ( 'NONE',  ( 0.2326408108788161344, 0.1555589999168269788, 0.4358134496021299764 ) ) ;
#11285 = EDGE_LOOP ( 'NONE', ( #9886, #7910, #6901, #8412, #7896, #4881, #3331, #1587 ) ) ;
#11286 = LINE ( 'NONE', #8407, #3861 ) ;
#11287 = DIRECTION ( 'NONE',  ( 0.0000000000000000000, -1.000000000000000000, 0.0000000000000000000 ) ) ;
#11288 = VECTOR ( 'NONE', #7053, 39.37007874015748854 ) ;
#11289 = LINE ( 'NONE', #1955, #593 ) ;
#11290 = LINE ( 'NONE', #9096, #5823 ) ;
#11291 = CARTESIAN_POINT ( 'NONE',  ( 0.07516049591817387798, 0.05713380306642399514, 0.2039236858226017579 ) ) ;
#11292 = PLANE ( 'NONE',  #5054 ) ;
#11293 = VECTOR ( 'NONE', #2891, 39.37007874015748143 ) ;
#11294 = ORIENTED_EDGE ( 'NONE', *, *, #6151, .T. ) ;
#11295 = CARTESIAN_POINT ( 'NONE',  ( 0.3920896297764415728, 0.3760314408617050908, 0.3456559692871650769 ) ) ;
#11296 =( NAMED_UNIT ( * ) PLANE_ANGLE_UNIT ( ) SI_UNIT ( $, .RADIAN. ) );
#11297 = ORIENTED_EDGE ( 'NONE', *, *, #11623, .F. ) ;
#11298 = EDGE_CURVE ( 'NONE', #8444, #12812, #12104, .T. ) ;
#11299 = CARTESIAN_POINT ( 'NONE',  ( 0.3586250628473005575, 0.3760314408617050908, 0.3850260480273225983 ) ) ;
#11300 = VERTEX_POINT ( 'NONE', #743 ) ;
#11301 = ORIENTED_EDGE ( 'NONE', *, *, #8497, .F. ) ;
#11302 = CARTESIAN_POINT ( 'NONE',  ( 0.2562628581229024483, 0.08862986605856651434, 0.4515614810981740668 ) ) ;
#11303 = VECTOR ( 'NONE', #9623, 39.37007874015748854 ) ;
#11304 = CARTESIAN_POINT ( 'NONE',  ( 0.2129557715087250780, 0.1279999447987147931, 0.4893567566887362941 ) ) ;
#11305 = DIRECTION ( 'NONE',  ( 1.224646799147353207E-16, 0.0000000000000000000, -1.000000000000000000 ) ) ;
#11306 = DIRECTION ( 'NONE',  ( 1.000000000000000000, 1.174096724532127865E-16, -4.283287147278279229E-17 ) ) ;
#11307 = VECTOR ( 'NONE', #3139, 39.37007874015748143 ) ;
#11308 = DIRECTION ( 'NONE',  ( -1.000000000000000000, -3.376070039848300612E-16, -2.359223927328455183E-16 ) ) ;
#11309 = CARTESIAN_POINT ( 'NONE',  ( 0.2549654452460240472, 0.5348518666415074119, 0.4243961267674756788 ) ) ;
#11310 = CARTESIAN_POINT ( 'NONE',  ( 0.2090187636347128619, 0.1988660865309974379, 0.2688843157438651765 ) ) ;
#11311 = VECTOR ( 'NONE', #541, 39.37007874015748143 ) ;
#11312 = EDGE_CURVE ( 'NONE', #9351, #2042, #12302, .T. ) ;
#11313 = EDGE_CURVE ( 'NONE', #6894, #13156, #2972, .T. ) ;
#11314 = LINE ( 'NONE', #11104, #6171 ) ;
#11315 = ORIENTED_EDGE ( 'NONE', *, *, #12876, .T. ) ;
#11316 = ORIENTED_EDGE ( 'NONE', *, *, #2421, .F. ) ;
#11317 = ORIENTED_EDGE ( 'NONE', *, *, #5798, .F. ) ;
#11318 = DIRECTION ( 'NONE',  ( 2.626713979715461236E-16, -3.747002708109903324E-16, -1.000000000000000000 ) ) ;
#11319 = LINE ( 'NONE', #8313, #11135 ) ;
#11320 = LINE ( 'NONE', #5105, #2596 ) ;
#11321 =( CONVERSION_BASED_UNIT ( 'INCH', #2883 ) LENGTH_UNIT ( ) NAMED_UNIT ( #87 ) );
#11322 = AXIS2_PLACEMENT_3D ( 'NONE', #8352, #11643, #8215 ) ;
#11323 = CARTESIAN_POINT ( 'NONE',  ( 0.3645305746583385464, 0.4575997454093465033, 0.1901441582635394756 ) ) ;
#11324 = FACE_OUTER_BOUND ( 'NONE', #4693, .T. ) ;
#11325 = DIRECTION ( 'NONE',  ( 3.007447121050438636E-18, 2.498001805406601723E-16, 1.000000000000000000 ) ) ;
#11326 = FILL_AREA_STYLE_COLOUR ( '', #7328 ) ;
#11327 = LENGTH_MEASURE_WITH_UNIT ( LENGTH_MEASURE( 0.02539999999999999897 ), #7362 );
#11328 = DIRECTION ( 'NONE',  ( 2.359223927328456662E-16, -3.885780586188047398E-16, -1.000000000000000000 ) ) ;
#11329 = ORIENTED_EDGE ( 'NONE', *, *, #6740, .F. ) ;
#11330 = CARTESIAN_POINT ( 'NONE',  ( 0.3468140392252720416, 0.1555589999168270066, 0.2515614810981877114 ) ) ;
#11331 = CARTESIAN_POINT ( 'NONE',  ( 0.2444518345008482307, -0.05703942528004478374, 0.4515614810981849470 ) ) ;
#11332 = ORIENTED_EDGE ( 'NONE', *, *, #13329, .F. ) ;
#11333 = DIRECTION ( 'NONE',  ( 1.356991020290373981E-16, -1.000000000000000000, 3.469446951953614189E-16 ) ) ;
#11334 = ADVANCED_FACE ( 'NONE', ( #4926 ), #13254, .F. ) ;
#11335 = ORIENTED_EDGE ( 'NONE', *, *, #10543, .F. ) ;
#11336 = VECTOR ( 'NONE', #450, 39.37007874015748143 ) ;
#11337 =( NAMED_UNIT ( * ) PLANE_ANGLE_UNIT ( ) SI_UNIT ( $, .RADIAN. ) );
#11338 = ORIENTED_EDGE ( 'NONE', *, *, #12487, .F. ) ;
#11339 = VECTOR ( 'NONE', #4525, 39.37007874015748143 ) ;
#11340 = ORIENTED_EDGE ( 'NONE', *, *, #12033, .T. ) ;
#11341 = SHAPE_REPRESENTATION ( 'CUI_DEVICES_MPB04-2C54-S-CAP-R-D', ( #7873, #3089, #9618 ), #12445 ) ;
#11342 =( NAMED_UNIT ( * ) SI_UNIT ( $, .STERADIAN. ) SOLID_ANGLE_UNIT ( ) );
#11343 = VERTEX_POINT ( 'NONE', #10526 ) ;
#11344 = CARTESIAN_POINT ( 'NONE',  ( 0.2483888423748524532, 0.1988660865309974379, 0.3161284102320469636 ) ) ;
#11345 = LINE ( 'NONE', #9227, #5979 ) ;
#11346 = STYLED_ITEM ( 'NONE', ( #10375 ), #4593 ) ;
#11347 = AXIS2_PLACEMENT_3D ( 'NONE', #809, #3355, #880 ) ;
#11348 = EDGE_CURVE ( 'NONE', #6678, #9785, #12425, .T. ) ;
#11349 = CARTESIAN_POINT ( 'NONE',  ( 0.1090187636347222100, 0.08075585031049740958, 0.4515614810981848914 ) ) ;
#11350 = COLOUR_RGB ( '',0.7607843137254901578, 0.7607843137254901578, 0.0000000000000000000 ) ;
#11351 = EDGE_CURVE ( 'NONE', #2023, #8339, #5182, .T. ) ;
#11352 = EDGE_LOOP ( 'NONE', ( #8652, #948, #12446, #5309 ) ) ;
#11353 = EDGE_CURVE ( 'NONE', #4295, #241, #12634, .T. ) ;
#11354 = DIRECTION ( 'NONE',  ( -1.937287448275561202E-17, -1.000000000000000000, -8.220413448604590506E-18 ) ) ;
#11355 = ORIENTED_EDGE ( 'NONE', *, *, #12640, .T. ) ;
#11356 = CIRCLE ( 'NONE', #10506, 0.01574803149606296415 ) ;
#11357 = ORIENTED_EDGE ( 'NONE', *, *, #6325, .F. ) ;
#11358 = AXIS2_PLACEMENT_3D ( 'NONE', #11878, #8796, #12080 ) ;
#11359 = VECTOR ( 'NONE', #1762, 39.37007874015748143 ) ;
#11360 = DIRECTION ( 'NONE',  ( 0.1240347345890697173, 0.9922778767136848366, 0.0000000000000000000 ) ) ;
#11361 = VECTOR ( 'NONE', #1340, 39.37007874015748143 ) ;
#11362 = ORIENTED_EDGE ( 'NONE', *, *, #1944, .T. ) ;
#11363 = CARTESIAN_POINT ( 'NONE',  ( 0.2621683699339343310, 0.1437479762947815320, 0.3456559692871528644 ) ) ;
#11364 = FACE_OUTER_BOUND ( 'NONE', #13214, .T. ) ;
#11365 = LINE ( 'NONE', #9241, #12802 ) ;
#11366 = PLANE ( 'NONE',  #8076 ) ;
#11367 = ADVANCED_FACE ( 'NONE', ( #5122 ), #11422, .T. ) ;
#11368 = AXIS2_PLACEMENT_3D ( 'NONE', #5381, #230, #2352 ) ;
#11369 =( GEOMETRIC_REPRESENTATION_CONTEXT ( 3 ) GLOBAL_UNCERTAINTY_ASSIGNED_CONTEXT ( ( #4029 ) ) GLOBAL_UNIT_ASSIGNED_CONTEXT ( ( #5929, #6821, #4968 ) ) REPRESENTATION_CONTEXT ( 'NONE', 'WORKASPACE' ) );
#11370 = VERTEX_POINT ( 'NONE', #9429 ) ;
#11371 = ADVANCED_FACE ( 'NONE', ( #115 ), #11482, .F. ) ;
#11372 = FILL_AREA_STYLE ('',( #13340 ) ) ;
#11373 = ORIENTED_EDGE ( 'NONE', *, *, #8377, .F. ) ;
#11374 = DIRECTION ( 'NONE',  ( -1.000000000000000000, 0.0000000000000000000, 0.0000000000000000000 ) ) ;
#11375 = ORIENTED_EDGE ( 'NONE', *, *, #9009, .F. ) ;
#11376 = EDGE_LOOP ( 'NONE', ( #6810, #1697, #6297, #13279, #3546, #2550, #11938, #7990 ) ) ;
#11377 = LINE ( 'NONE', #6177, #10422 ) ;
#11378 = VECTOR ( 'NONE', #13145, 39.37007874015748143 ) ;
#11379 = VERTEX_POINT ( 'NONE', #1006 ) ;
#11380 =( GEOMETRIC_REPRESENTATION_CONTEXT ( 3 ) GLOBAL_UNCERTAINTY_ASSIGNED_CONTEXT ( ( #3889 ) ) GLOBAL_UNIT_ASSIGNED_CONTEXT ( ( #4828, #1834, #5977 ) ) REPRESENTATION_CONTEXT ( 'NONE', 'WORKASPACE' ) );
#11381 = DIRECTION ( 'NONE',  ( 0.3511234415877492743, 0.9363291775692853536, -2.975952440747242502E-16 ) ) ;
#11382 = CARTESIAN_POINT ( 'NONE',  ( 0.2326408108788038387, 0.5295747479483139397, 0.3456559692871650769 ) ) ;
#11383 =( CONVERSION_BASED_UNIT ( 'INCH', #5279 ) LENGTH_UNIT ( ) NAMED_UNIT ( #2538 ) );
#11384 = DIRECTION ( 'NONE',  ( -1.937287448275561202E-17, -1.000000000000000000, -8.220413448604590506E-18 ) ) ;
#11385 = DIRECTION ( 'NONE',  ( 1.000000000000000000, 1.316334802367150653E-16, -1.608386623408235030E-17 ) ) ;
#11386 = EDGE_CURVE ( 'NONE', #9661, #12061, #4108, .T. ) ;
#11387 = LINE ( 'NONE', #5028, #1581 ) ;
#11388 = DIRECTION ( 'NONE',  ( 0.4472135955002289887, 0.8944271909997802972, -2.549099026651078503E-16 ) ) ;
#11389 =( LENGTH_UNIT ( ) NAMED_UNIT ( * ) SI_UNIT ( $, .METRE. ) );
#11390 = VECTOR ( 'NONE', #7611, 39.37007874015748143 ) ;
#11391 = DIRECTION ( 'NONE',  ( -1.000000000000000000, -1.408738150179760326E-16, 6.014894242100891138E-18 ) ) ;
#11392 =( NAMED_UNIT ( * ) PLANE_ANGLE_UNIT ( ) SI_UNIT ( $, .RADIAN. ) );
#11393 = ORIENTED_EDGE ( 'NONE', *, *, #1962, .F. ) ;
#11394 = DIMENSIONAL_EXPONENTS ( 1.000000000000000000, 0.0000000000000000000, 0.0000000000000000000, 0.0000000000000000000, 0.0000000000000000000, 0.0000000000000000000, 0.0000000000000000000 ) ;
#11395 = LINE ( 'NONE', #4146, #9582 ) ;
#11396 = AXIS2_PLACEMENT_3D ( 'NONE', #12588, #8302, #10558 ) ;
#11397 = CARTESIAN_POINT ( 'NONE',  ( 0.2090187636347251854, 0.1279999447987148764, 0.1901441582635379490 ) ) ;
#11398 = CARTESIAN_POINT ( 'NONE',  ( 0.3305208835620726537, 0.4079514893171786172, 0.5011677803107907891 ) ) ;
#11399 = FACE_OUTER_BOUND ( 'NONE', #5, .T. ) ;
#11400 = CARTESIAN_POINT ( 'NONE',  ( 0.2483888423748524532, 0.1988660865309974379, 0.4972307724367678317 ) ) ;
#11401 = EDGE_CURVE ( 'NONE', #8358, #12829, #1131, .T. ) ;
#11402 = CARTESIAN_POINT ( 'NONE',  ( 0.1208297872567766634, -0.05703942528004486701, 0.2515614810981877669 ) ) ;
#11403 = DIRECTION ( 'NONE',  ( 0.0000000000000000000, 1.000000000000000000, 0.0000000000000000000 ) ) ;
#11404 = CARTESIAN_POINT ( 'NONE',  ( 0.2326408108788125817, -0.1446865674942330593, 0.2515614810981877669 ) ) ;
#11405 = VERTEX_POINT ( 'NONE', #374 ) ;
#11406 = CARTESIAN_POINT ( 'NONE',  ( 0.1558691573354938631, 0.2421731731451573777, 0.2397504574761404605 ) ) ;
#11407 = ORIENTED_EDGE ( 'NONE', *, *, #10481, .F. ) ;
#11408 = UNCERTAINTY_MEASURE_WITH_UNIT (LENGTH_MEASURE( 1.000000000000000082E-05 ), #2458, 'distance_accuracy_value', 'NONE');
#11409 = CARTESIAN_POINT ( 'NONE',  ( 0.3920896297764522309, 0.1476849841687955245, 0.5011677803107856821 ) ) ;
#11410 = ORIENTED_EDGE ( 'NONE', *, *, #1931, .T. ) ;
#11411 = LINE ( 'NONE', #7162, #4970 ) ;
#11412 = ORIENTED_EDGE ( 'NONE', *, *, #8418, .F. ) ;
#11413 = VERTEX_POINT ( 'NONE', #234 ) ;
#11414 = EDGE_LOOP ( 'NONE', ( #2569, #3743, #9002, #3945 ) ) ;
#11415 = LINE ( 'NONE', #11344, #4949 ) ;
#11416 = CARTESIAN_POINT ( 'NONE',  ( 0.2326408108788038387, 0.3760314408617050908, 0.3102228984210197438 ) ) ;
#11417 = EDGE_CURVE ( 'NONE', #398, #11019, #12761, .T. ) ;
#11418 = VECTOR ( 'NONE', #6315, 39.37007874015748143 ) ;
#11419 = ADVANCED_FACE ( 'NONE', ( #512 ), #8737, .T. ) ;
#11420 = DIRECTION ( 'NONE',  ( 1.000000000000000000, 0.0000000000000000000, 0.0000000000000000000 ) ) ;
#11421 = CARTESIAN_POINT ( 'NONE',  ( 0.1090187636347220990, 0.08862986605856644495, 0.4397504574761375573 ) ) ;
#11422 = CYLINDRICAL_SURFACE ( 'NONE', #12416, 0.1003937007874015630 ) ;
#11423 = PLANE ( 'NONE',  #12693 ) ;
#11424 = FACE_OUTER_BOUND ( 'NONE', #6664, .T. ) ;
#11425 = ORIENTED_EDGE ( 'NONE', *, *, #5579, .T. ) ;
#11426 = VECTOR ( 'NONE', #1137, 39.37007874015748143 ) ;
#11427 = CARTESIAN_POINT ( 'NONE',  ( 0.1208297872567766634, -0.05703942528004486701, 0.2397504574761405161 ) ) ;
#11428 = ORIENTED_EDGE ( 'NONE', *, *, #4438, .T. ) ;
#11429 = CARTESIAN_POINT ( 'NONE',  ( 0.1090187636347222100, 0.08075585031049740958, 0.4397504574761375573 ) ) ;
#11430 = ORIENTED_EDGE ( 'NONE', *, *, #13312, .T. ) ;
#11431 = CARTESIAN_POINT ( 'NONE',  ( 0.2444518345008482307, 0.05713380306641541867, 0.2515614810981877114 ) ) ;
#11432 = ADVANCED_FACE ( 'NONE', ( #3423 ), #1978, .F. ) ;
#11433 = LINE ( 'NONE', #4117, #13457 ) ;
#11434 = DIRECTION ( 'NONE',  ( 0.5547001962252282592, 0.0000000000000000000, 0.8320502943378441651 ) ) ;
#11435 = AXIS2_PLACEMENT_3D ( 'NONE', #6219, #5066, #4182 ) ;
#11436 = ORIENTED_EDGE ( 'NONE', *, *, #12431, .T. ) ;
#11437 = DIRECTION ( 'NONE',  ( 0.0000000000000000000, -0.9922778767136848366, 0.1240347345890697173 ) ) ;
#11438 = FACE_OUTER_BOUND ( 'NONE', #9537, .T. ) ;
#11439 = ORIENTED_EDGE ( 'NONE', *, *, #1454, .F. ) ;
#11440 = DIRECTION ( 'NONE',  ( 0.0000000000000000000, 8.220413448604736877E-18, -1.000000000000000000 ) ) ;
#11441 = ORIENTED_EDGE ( 'NONE', *, *, #6206, .T. ) ;
#11442 = ORIENTED_EDGE ( 'NONE', *, *, #9726, .T. ) ;
#11443 = EDGE_CURVE ( 'NONE', #11747, #9801, #10592, .T. ) ;
#11444 = EDGE_CURVE ( 'NONE', #12388, #6790, #8665, .T. ) ;
#11445 = VERTEX_POINT ( 'NONE', #11888 ) ;
#11446 =( LENGTH_UNIT ( ) NAMED_UNIT ( * ) SI_UNIT ( $, .METRE. ) );
#11447 = EDGE_CURVE ( 'NONE', #6500, #9495, #4375, .T. ) ;
#11448 = SURFACE_STYLE_FILL_AREA ( #5280 ) ;
#11449 = LINE ( 'NONE', #12269, #11821 ) ;
#11450 = CARTESIAN_POINT ( 'NONE',  ( 0.3625620707213385030, 0.1555589999168271176, 0.4456559692871469025 ) ) ;
#11451 = FACE_OUTER_BOUND ( 'NONE', #1290, .T. ) ;
#11452 = CARTESIAN_POINT ( 'NONE',  ( 0.2405148266268502810, 0.3563464014916266076, 0.4062858905469893256 ) ) ;
#11453 =( NAMED_UNIT ( * ) SI_UNIT ( $, .STERADIAN. ) SOLID_ANGLE_UNIT ( ) );
#11454 = VECTOR ( 'NONE', #8610, 39.37007874015748143 ) ;
#11455 = CARTESIAN_POINT ( 'NONE',  ( 0.3625620707213385585, 0.3130393148774569534, 0.2062465204682520648 ) ) ;
#11456 = LINE ( 'NONE', #10493, #7679 ) ;
#11457 = ORIENTED_EDGE ( 'NONE', *, *, #1040, .T. ) ;
#11458 = LINE ( 'NONE', #5150, #2056 ) ;
#11459 = ORIENTED_EDGE ( 'NONE', *, *, #5148, .T. ) ;
#11460 = EDGE_CURVE ( 'NONE', #6404, #9764, #11694, .T. ) ;
#11461 = LINE ( 'NONE', #2122, #3484 ) ;
#11462 = AXIS2_PLACEMENT_3D ( 'NONE', #9612, #3267, #6398 ) ;
#11463 = CARTESIAN_POINT ( 'NONE',  ( 0.1164990785953284869, 0.2165826219640790973, 0.3456559692871650769 ) ) ;
#11464 = CARTESIAN_POINT ( 'NONE',  ( 0.07712899985517100709, 0.1988660865309974379, 0.1940811661375444752 ) ) ;
#11465 = DIRECTION ( 'NONE',  ( -0.0000000000000000000, -1.000000000000000000, -0.0000000000000000000 ) ) ;
#11466 = LINE ( 'NONE', #7295, #2232 ) ;
#11467 = SURFACE_SIDE_STYLE ('',( #10507 ) ) ;
#11468 = ORIENTED_EDGE ( 'NONE', *, *, #12717, .T. ) ;
#11469 = PLANE ( 'NONE',  #9772 ) ;
#11470 = VECTOR ( 'NONE', #3934, 39.37007874015748143 ) ;
#11471 = VERTEX_POINT ( 'NONE', #3487 ) ;
#11472 = ORIENTED_EDGE ( 'NONE', *, *, #8434, .T. ) ;
#11473 = CIRCLE ( 'NONE', #11691, 0.08267716535433072833 ) ;
#11474 = DIRECTION ( 'NONE',  ( 0.9363291775686509721, 0.3511234415894411431, 9.976239553167167134E-17 ) ) ;
#11475 = ORIENTED_EDGE ( 'NONE', *, *, #4143, .T. ) ;
#11476 = EDGE_CURVE ( 'NONE', #5056, #8339, #11828, .T. ) ;
#11477 = LINE ( 'NONE', #2137, #925 ) ;
#11478 = ORIENTED_EDGE ( 'NONE', *, *, #9024, .F. ) ;
#11479 = CARTESIAN_POINT ( 'NONE',  ( 0.3330345116662203897, 0.1555589999168270066, 0.2850260480273072439 ) ) ;
#11480 = CIRCLE ( 'NONE', #7103, 0.05610236220472444857 ) ;
#11481 = SURFACE_SIDE_STYLE ('',( #12551 ) ) ;
#11482 = PLANE ( 'NONE',  #8919 ) ;
#11483 = ORIENTED_EDGE ( 'NONE', *, *, #10636, .T. ) ;
#11484 =( NAMED_UNIT ( * ) SI_UNIT ( $, .STERADIAN. ) SOLID_ANGLE_UNIT ( ) );
#11485 = CARTESIAN_POINT ( 'NONE',  ( 0.1558691573354938631, 0.2933542755073603736, 0.2397504574761404605 ) ) ;
#11486 = ORIENTED_EDGE ( 'NONE', *, *, #1037, .T. ) ;
#11487 = VECTOR ( 'NONE', #5364, 39.37007874015748143 ) ;
#11488 = EDGE_CURVE ( 'NONE', #580, #11198, #6623, .T. ) ;
#11489 = CARTESIAN_POINT ( 'NONE',  ( 0.2326408108788038387, 0.5098897085782487792, 0.3456559692871650769 ) ) ;
#11490 = EDGE_CURVE ( 'NONE', #12450, #1288, #7517, .T. ) ;
#11491 = EDGE_LOOP ( 'NONE', ( #8974, #7875, #11857, #6692 ) ) ;
#11492 = LINE ( 'NONE', #3228, #709 ) ;
#11493 = FACE_OUTER_BOUND ( 'NONE', #7967, .T. ) ;
#11494 = EDGE_LOOP ( 'NONE', ( #7498, #9034, #11087, #3407, #8043, #3956, #4308, #5509 ) ) ;
#11495 = CARTESIAN_POINT ( 'NONE',  ( 0.3330345116662203897, 0.1555589999168270066, 0.2515614810981769423 ) ) ;
#11496 = LINE ( 'NONE', #2155, #8090 ) ;
#11497 =( LENGTH_UNIT ( ) NAMED_UNIT ( * ) SI_UNIT ( $, .METRE. ) );
#11498 = FACE_OUTER_BOUND ( 'NONE', #10342, .T. ) ;
#11499 = COLOUR_RGB ( '',0.7607843137254901578, 0.7607843137254901578, 0.0000000000000000000 ) ;
#11500 = LINE ( 'NONE', #11705, #10483 ) ;
#11501 = CARTESIAN_POINT ( 'NONE',  ( 0.09484553528825259705, 0.08862986605855729949, 0.1901441582635394756 ) ) ;
#11502 = ORIENTED_EDGE ( 'NONE', *, *, #5207, .T. ) ;
#11503 =( CONVERSION_BASED_UNIT ( 'INCH', #9377 ) LENGTH_UNIT ( ) NAMED_UNIT ( #1126 ) );
#11504 = FILL_AREA_STYLE ('',( #12567 ) ) ;
#11505 = ORIENTED_EDGE ( 'NONE', *, *, #7629, .T. ) ;
#11506 = ORIENTED_EDGE ( 'NONE', *, *, #4548, .T. ) ;
#11507 = PLANE ( 'NONE',  #2934 ) ;
#11508 = EDGE_CURVE ( 'NONE', #12528, #803, #5857, .T. ) ;
#11509 = ORIENTED_EDGE ( 'NONE', *, *, #8637, .T. ) ;
#11510 = EDGE_LOOP ( 'NONE', ( #6343, #9473, #11890, #3729 ) ) ;
#11511 = VECTOR ( 'NONE', #5225, 39.37007874015748143 ) ;
#11512 = LINE ( 'NONE', #10278, #11531 ) ;
#11513 = ORIENTED_EDGE ( 'NONE', *, *, #12073, .F. ) ;
#11514 = CARTESIAN_POINT ( 'NONE',  ( 0.3330345116662203897, 0.1555589999168270066, 0.2062465204682520925 ) ) ;
#11515 =( NAMED_UNIT ( * ) PLANE_ANGLE_UNIT ( ) SI_UNIT ( $, .RADIAN. ) );
#11516 = CARTESIAN_POINT ( 'NONE',  ( 0.2221780689372489515, 0.5098897085782487792, 0.2905378590509231085 ) ) ;
#11517 = CARTESIAN_POINT ( 'NONE',  ( 0.2326408108788038387, 0.05713380306642412698, 0.5011677803107907891 ) ) ;
#11518 = DIRECTION ( 'NONE',  ( 1.000000000000000000, 3.518308117683323401E-16, 2.626713979715459264E-16 ) ) ;
#11519 = LINE ( 'NONE', #12460, #493 ) ;
#11520 = CARTESIAN_POINT ( 'NONE',  ( 0.2877589211150314297, 0.2776062440113114538, 0.5228213236178713696 ) ) ;
#11521 = ADVANCED_FACE ( 'NONE', ( #10106 ), #2698, .F. ) ;
#11522 = VECTOR ( 'NONE', #2349, 39.37007874015748854 ) ;
#11523 = ADVANCED_FACE ( 'NONE', ( #8046 ), #13103, .T. ) ;
#11524 = CARTESIAN_POINT ( 'NONE',  ( 0.2483888423748524532, 0.1988660865309974379, 0.2236087251926805186 ) ) ;
#11525 = ORIENTED_EDGE ( 'NONE', *, *, #9458, .F. ) ;
#11526 = LENGTH_MEASURE_WITH_UNIT ( LENGTH_MEASURE( 0.02539999999999999897 ), #204 );
#11527 = EDGE_CURVE ( 'NONE', #1982, #5844, #11127, .T. ) ;
#11528 = ORIENTED_EDGE ( 'NONE', *, *, #7693, .T. ) ;
#11529 = VECTOR ( 'NONE', #3721, 39.37007874015748143 ) ;
#11530 = ORIENTED_EDGE ( 'NONE', *, *, #9818, .F. ) ;
#11531 = VECTOR ( 'NONE', #3182, 39.37007874015748143 ) ;
#11532 = CARTESIAN_POINT ( 'NONE',  ( 0.2090187636347028144, 0.08075585031051536744, 0.4515614810981848914 ) ) ;
#11533 = DIRECTION ( 'NONE',  ( -1.000000000000000000, -3.376070039848302092E-16, -2.359223927328455183E-16 ) ) ;
#11534 = CARTESIAN_POINT ( 'NONE',  ( 0.1558691573354859805, 0.1988660865309974379, 0.2905378590509589687 ) ) ;
#11535 = CARTESIAN_POINT ( 'NONE',  ( 0.1562628581229039693, 0.08862986605856648659, 0.4397504574761375573 ) ) ;
#11536 = DIRECTION ( 'NONE',  ( -0.4472135955002294883, 0.8944271909997799641, -4.898503433089610807E-16 ) ) ;
#11537 = VECTOR ( 'NONE', #4855, 39.37007874015748143 ) ;
#11538 = EDGE_CURVE ( 'NONE', #6894, #11343, #2893, .T. ) ;
#11539 = ORIENTED_EDGE ( 'NONE', *, *, #8959, .F. ) ;
#11540 = LINE ( 'NONE', #2199, #11743 ) ;
#11541 = ORIENTED_EDGE ( 'NONE', *, *, #253, .T. ) ;
#11542 = UNCERTAINTY_MEASURE_WITH_UNIT (LENGTH_MEASURE( 1.000000000000000082E-05 ), #1795, 'distance_accuracy_value', 'NONE');
#11543 = VERTEX_POINT ( 'NONE', #9071 ) ;
#11544 = ORIENTED_EDGE ( 'NONE', *, *, #10764, .T. ) ;
#11545 = ORIENTED_EDGE ( 'NONE', *, *, #4762, .F. ) ;
#11546 = VERTEX_POINT ( 'NONE', #3757 ) ;
#11547 = VECTOR ( 'NONE', #2332, 39.37007874015748143 ) ;
#11548 = SURFACE_STYLE_FILL_AREA ( #9626 ) ;
#11549 = DIRECTION ( 'NONE',  ( 1.937287448275561202E-17, 1.000000000000000000, 8.220413448604590506E-18 ) ) ;
#11550 = CARTESIAN_POINT ( 'NONE',  ( 0.1347607381955349126, 0.4079514893171786172, 0.1921126622005508988 ) ) ;
#11551 = DIRECTION ( 'NONE',  ( -0.0000000000000000000, -0.0000000000000000000, -1.000000000000000000 ) ) ;
#11552 = DIRECTION ( 'NONE',  ( 0.5773502691896278405, -0.5773502691896216232, 0.5773502691896278405 ) ) ;
#11553 = DIRECTION ( 'NONE',  ( 1.000000000000000000, 1.408738150179760326E-16, -6.014894242100891138E-18 ) ) ;
#11554 = EDGE_CURVE ( 'NONE', #3245, #7270, #4980, .T. ) ;
#11555 = LINE ( 'NONE', #5252, #1368 ) ;
#11556 = AXIS2_PLACEMENT_3D ( 'NONE', #6071, #9970, #8937 ) ;
#11557 = LINE ( 'NONE', #10450, #12170 ) ;
#11558 = VECTOR ( 'NONE', #12862, 39.37007874015748854 ) ;
#11559 = VERTEX_POINT ( 'NONE', #1856 ) ;
#11560 = CARTESIAN_POINT ( 'NONE',  ( 0.2326408108788038387, 0.5531967951924182669, 0.3456559692871650769 ) ) ;
#11561 = VERTEX_POINT ( 'NONE', #7923 ) ;
#11562 = CARTESIAN_POINT ( 'NONE',  ( 0.2916959289890400653, 0.1279999447987147931, 0.4893567566887362941 ) ) ;
#11563 = EDGE_LOOP ( 'NONE', ( #1841, #7338, #1181, #6513 ) ) ;
#11564 = DIRECTION ( 'NONE',  ( 1.000000000000000000, 0.0000000000000000000, 0.0000000000000000000 ) ) ;
#11565 = PLANE ( 'NONE',  #10686 ) ;
#11566 = CIRCLE ( 'NONE', #10035, 0.05610236220472444857 ) ;
#11567 = CIRCLE ( 'NONE', #13296, 0.05610236220472444857 ) ;
#11568 = AXIS2_PLACEMENT_3D ( 'NONE', #4795, #11001, #3770 ) ;
#11569 = DIRECTION ( 'NONE',  ( -1.937287448275561202E-17, -1.000000000000000000, -8.220413448604590506E-18 ) ) ;
#11570 = CARTESIAN_POINT ( 'NONE',  ( 0.2483888423748475960, 0.8723989702317377359, 0.2905378590509508085 ) ) ;
#11571 = EDGE_CURVE ( 'NONE', #11370, #11024, #6896, .T. ) ;
#11572 = DIRECTION ( 'NONE',  ( -2.626713979715461236E-16, 4.163336342344336041E-16, 1.000000000000000000 ) ) ;
#11573 = CARTESIAN_POINT ( 'NONE',  ( 0.07712899985517100709, 0.1988660865309974379, 0.3456559692871650769 ) ) ;
#11574 = EDGE_CURVE ( 'NONE', #6508, #2873, #12089, .T. ) ;
#11575 = CARTESIAN_POINT ( 'NONE',  ( 0.07712899985517100709, 0.3760314408617060900, 0.1940811661375444752 ) ) ;
#11576 = VECTOR ( 'NONE', #10441, 39.37007874015748143 ) ;
#11577 = FACE_BOUND ( 'NONE', #8619, .T. ) ;
#11578 = VECTOR ( 'NONE', #11333, 39.37007874015748143 ) ;
#11579 = CARTESIAN_POINT ( 'NONE',  ( 0.1444518345008675708, -0.05703942528005383206, 0.2515614810981877669 ) ) ;
#11580 = ORIENTED_EDGE ( 'NONE', *, *, #7774, .T. ) ;
#11581 = EDGE_LOOP ( 'NONE', ( #9381, #3924, #9344, #12151 ) ) ;
#11582 = DIRECTION ( 'NONE',  ( -2.359223927328456662E-16, 3.885780586188047891E-16, 1.000000000000000000 ) ) ;
#11583 = ORIENTED_EDGE ( 'NONE', *, *, #7083, .F. ) ;
#11584 = FACE_OUTER_BOUND ( 'NONE', #2751, .T. ) ;
#11585 = CARTESIAN_POINT ( 'NONE',  ( 0.2090187636347251854, 0.08862986605855742439, 0.2058921897596044936 ) ) ;
#11586 = VECTOR ( 'NONE', #509, 39.37007874015748143 ) ;
#11587 = AXIS2_PLACEMENT_3D ( 'NONE', #1075, #64, #2296 ) ;
#11588 = CARTESIAN_POINT ( 'NONE',  ( 0.1558691573355117099, 0.1791810471609002198, 0.4515614810981848359 ) ) ;
#11589 = DIRECTION ( 'NONE',  ( 0.0000000000000000000, 0.0000000000000000000, 1.000000000000000000 ) ) ;
#11590 =( NAMED_UNIT ( * ) PLANE_ANGLE_UNIT ( ) SI_UNIT ( $, .RADIAN. ) );
#11591 = EDGE_CURVE ( 'NONE', #2996, #1837, #2204, .T. ) ;
#11592 = DIRECTION ( 'NONE',  ( -1.408738150179760326E-16, 1.000000000000000000, -3.469446951953614189E-16 ) ) ;
#11593 = FACE_OUTER_BOUND ( 'NONE', #7899, .T. ) ;
#11594 = EDGE_CURVE ( 'NONE', #2537, #12078, #13309, .T. ) ;
#11595 = CARTESIAN_POINT ( 'NONE',  ( 0.3625620707213385030, 0.1555589999168271176, 0.4062858905469893811 ) ) ;
#11596 = CARTESIAN_POINT ( 'NONE',  ( 0.07319199198116600746, 0.1476849841687813414, 0.4358134496021299764 ) ) ;
#11597 = FACE_OUTER_BOUND ( 'NONE', #12409, .T. ) ;
#11598 = PRESENTATION_LAYER_ASSIGNMENT (  '', '', ( #5469 ) ) ;
#11599 = PLANE ( 'NONE',  #314 ) ;
#11600 = COLOUR_RGB ( '',0.7607843137254901578, 0.7607843137254901578, 0.0000000000000000000 ) ;
#11601 = PRODUCT_DEFINITION_FORMATION_WITH_SPECIFIED_SOURCE ( 'ANY', '', #7656, .NOT_KNOWN. ) ;
#11602 = ORIENTED_EDGE ( 'NONE', *, *, #7333, .F. ) ;
#11603 = ADVANCED_FACE ( 'NONE', ( #3959 ), #1658, .F. ) ;
#11604 = DIRECTION ( 'NONE',  ( -1.937287448275561202E-17, -1.000000000000000000, -8.220413448604590506E-18 ) ) ;
#11605 = EDGE_CURVE ( 'NONE', #6280, #9539, #11053, .T. ) ;
#11606 = LINE ( 'NONE', #5293, #13085 ) ;
#11607 = DIRECTION ( 'NONE',  ( -1.608386623408232256E-17, -1.526556658859589750E-16, -1.000000000000000000 ) ) ;
#11608 = MECHANICAL_DESIGN_GEOMETRIC_PRESENTATION_REPRESENTATION (  '', ( #9638 ), #6147 ) ;
#11609 = PLANE ( 'NONE',  #1301 ) ;
#11610 = LINE ( 'NONE', #12739, #5915 ) ;
#11611 = ADVANCED_FACE ( 'NONE', ( #10925 ), #4710, .T. ) ;
#11612 = MECHANICAL_DESIGN_GEOMETRIC_PRESENTATION_REPRESENTATION (  '', ( #3320 ), #8938 ) ;
#11613 = PLANE ( 'NONE',  #7342 ) ;
#11614 = VERTEX_POINT ( 'NONE', #10040 ) ;
#11615 = CARTESIAN_POINT ( 'NONE',  ( 0.1558691573354859805, 0.7897218048774069521, 0.4007740795233712405 ) ) ;
#11616 = ORIENTED_EDGE ( 'NONE', *, *, #2029, .T. ) ;
#11617 = ORIENTED_EDGE ( 'NONE', *, *, #12626, .T. ) ;
#11618 = EDGE_LOOP ( 'NONE', ( #2170, #7155, #6879, #3545, #8216, #1873 ) ) ;
#11619 = VECTOR ( 'NONE', #7890, 39.37007874015748143 ) ;
#11620 = VERTEX_POINT ( 'NONE', #10988 ) ;
#11621 = EDGE_CURVE ( 'NONE', #12999, #1012, #7985, .T. ) ;
#11622 = PRESENTATION_STYLE_ASSIGNMENT (( #9546 ) ) ;
#11623 = EDGE_CURVE ( 'NONE', #11894, #8849, #1129, .T. ) ;
#11624 = DIRECTION ( 'NONE',  ( -1.000000000000000000, 0.0000000000000000000, 0.0000000000000000000 ) ) ;
#11625 = LINE ( 'NONE', #3477, #3213 ) ;
#11626 = EDGE_CURVE ( 'NONE', #6200, #1364, #12422, .T. ) ;
#11627 = CARTESIAN_POINT ( 'NONE',  ( 0.3385463226898374756, -0.07278745677610246045, 0.2515614810981877669 ) ) ;
#11628 = VECTOR ( 'NONE', #2815, 39.37007874015748143 ) ;
#11629 = CARTESIAN_POINT ( 'NONE',  ( 0.2916959289890400653, 0.1083149054286360186, 0.4893567566887362941 ) ) ;
#11630 = CARTESIAN_POINT ( 'NONE',  ( 0.0000000000000000000, 0.1574803149606299191, 0.0000000000000000000 ) ) ;
#11631 = ORIENTED_EDGE ( 'NONE', *, *, #12242, .F. ) ;
#11632 = LINE ( 'NONE', #5322, #7652 ) ;
#11633 = ORIENTED_EDGE ( 'NONE', *, *, #5762, .T. ) ;
#11634 = DIRECTION ( 'NONE',  ( 0.9363291775689350782, 0.3511234415886834714, 9.976239553206156584E-17 ) ) ;
#11635 = CARTESIAN_POINT ( 'NONE',  ( 0.1342156140284146149, 0.5295747479483139397, 0.4243961267674756233 ) ) ;
#11636 = EDGE_CURVE ( 'NONE', #6774, #311, #1927, .T. ) ;
#11637 = VECTOR ( 'NONE', #6031, 39.37007874015748143 ) ;
#11638 = VERTEX_POINT ( 'NONE', #9598 ) ;
#11639 = CARTESIAN_POINT ( 'NONE',  ( 0.1558691573354859805, 0.3760314408617060900, 0.4007740795233712405 ) ) ;
#11640 = SURFACE_STYLE_USAGE ( .BOTH. , #8678 ) ;
#11641 = CARTESIAN_POINT ( 'NONE',  ( 0.3444518345008468208, -0.05703942528003589502, 0.2515614810981877669 ) ) ;
#11642 = ORIENTED_EDGE ( 'NONE', *, *, #6582, .T. ) ;
#11643 = DIRECTION ( 'NONE',  ( -0.8944271909997804082, 0.4472135955002290442, -4.211305021373335839E-16 ) ) ;
#11644 = VECTOR ( 'NONE', #10812, 39.37007874015748143 ) ;
#11645 = FACE_BOUND ( 'NONE', #2839, .T. ) ;
#11646 = DIRECTION ( 'NONE',  ( 3.518308117683322415E-16, -1.000000000000000000, 4.163336342344337027E-16 ) ) ;
#11647 = CARTESIAN_POINT ( 'NONE',  ( 0.09484553528826229762, 0.1555589999168268955, 0.2102228984210151586 ) ) ;
#11648 = ORIENTED_EDGE ( 'NONE', *, *, #5001, .F. ) ;
#11649 = ORIENTED_EDGE ( 'NONE', *, *, #13207, .F. ) ;
#11650 = ADVANCED_FACE ( 'NONE', ( #12356 ), #11261, .T. ) ;
#11651 = EDGE_LOOP ( 'NONE', ( #221, #5694, #1344, #9326 ) ) ;
#11652 = CARTESIAN_POINT ( 'NONE',  ( 0.1558691573354938353, 0.3091023070034268905, 0.2515614810981877114 ) ) ;
#11653 = DIRECTION ( 'NONE',  ( -1.316334802367150653E-16, 1.000000000000000000, -1.526556658859589750E-16 ) ) ;
#11654 = CARTESIAN_POINT ( 'NONE',  ( 0.2562628581229026148, 0.08075585031050631912, 0.2515614810981877114 ) ) ;
#11655 = LINE ( 'NONE', #9729, #6794 ) ;
#11656 = LINE ( 'NONE', #7210, #8902 ) ;
#11657 = CARTESIAN_POINT ( 'NONE',  ( 0.3090187636347014322, 0.08075585031051536744, 0.4397504574761375573 ) ) ;
#11658 = CARTESIAN_POINT ( 'NONE',  ( 0.1208297872567766079, 0.05713380306641546030, 0.4515614810981848914 ) ) ;
#11659 = LINE ( 'NONE', #10888, #4189 ) ;
#11660 = LINE ( 'NONE', #9219, #3709 ) ;
#11661 = ORIENTED_EDGE ( 'NONE', *, *, #2277, .F. ) ;
#11662 = LINE ( 'NONE', #4074, #109 ) ;
#11663 = ORIENTED_EDGE ( 'NONE', *, *, #10837, .F. ) ;
#11664 = EDGE_CURVE ( 'NONE', #3319, #8851, #270, .T. ) ;
#11665 = EDGE_CURVE ( 'NONE', #359, #8351, #9671, .T. ) ;
#11666 = DIMENSIONAL_EXPONENTS ( 1.000000000000000000, 0.0000000000000000000, 0.0000000000000000000, 0.0000000000000000000, 0.0000000000000000000, 0.0000000000000000000, 0.0000000000000000000 ) ;
#11667 = LINE ( 'NONE', #8312, #5893 ) ;
#11668 = AXIS2_PLACEMENT_3D ( 'NONE', #2982, #11153, #599 ) ;
#11669 = PLANE ( 'NONE',  #9919 ) ;
#11670 = FACE_OUTER_BOUND ( 'NONE', #3102, .T. ) ;
#11671 = DIRECTION ( 'NONE',  ( -1.000000000000000000, 1.937287448275558121E-17, 0.0000000000000000000 ) ) ;
#11672 = CARTESIAN_POINT ( 'NONE',  ( 0.1562628581229040525, 0.08075585031049736795, 0.2515614810981877114 ) ) ;
#11673 = ORIENTED_EDGE ( 'NONE', *, *, #5414, .T. ) ;
#11674 = FACE_OUTER_BOUND ( 'NONE', #9694, .T. ) ;
#11675 = ORIENTED_EDGE ( 'NONE', *, *, #84, .F. ) ;
#11676 = UNCERTAINTY_MEASURE_WITH_UNIT (LENGTH_MEASURE( 1.000000000000000082E-05 ), #9992, 'distance_accuracy_value', 'NONE');
#11677 = VERTEX_POINT ( 'NONE', #4412 ) ;
#11678 = CARTESIAN_POINT ( 'NONE',  ( 0.2405148266268503643, 0.3760314408617053128, 0.2259709299170710173 ) ) ;
#11679 = ORIENTED_EDGE ( 'NONE', *, *, #6713, .F. ) ;
#11680 = PRESENTATION_LAYER_ASSIGNMENT (  '', '', ( #5327 ) ) ;
#11681 = VECTOR ( 'NONE', #12045, 39.37007874015748143 ) ;
#11682 = ADVANCED_FACE ( 'NONE', ( #8251 ), #6459, .T. ) ;
#11683 = EDGE_LOOP ( 'NONE', ( #8903, #6263, #6371, #10276, #8219, #8721 ) ) ;
#11684 = CARTESIAN_POINT ( 'NONE',  ( 0.1267352990678038693, -0.07278745677611141163, 0.4515614810981849470 ) ) ;
#11685 = CARTESIAN_POINT ( 'NONE',  ( 0.2405148266268504198, 0.1555589999168270066, 0.2456559692871497225 ) ) ;
#11686 = PLANE ( 'NONE',  #1930 ) ;
#11687 = FACE_OUTER_BOUND ( 'NONE', #7391, .T. ) ;
#11688 = DIRECTION ( 'NONE',  ( 0.0000000000000000000, 8.220413448604736877E-18, -1.000000000000000000 ) ) ;
#11689 = CARTESIAN_POINT ( 'NONE',  ( 0.2326408108788038387, 0.5295747479483238207, 0.3456559692871650769 ) ) ;
#11690 = AXIS2_PLACEMENT_3D ( 'NONE', #10806, #1605, #2576 ) ;
#11691 = AXIS2_PLACEMENT_3D ( 'NONE', #6241, #2046, #10347 ) ;
#11692 = EDGE_CURVE ( 'NONE', #6836, #8088, #7160, .T. ) ;
#11693 = DIRECTION ( 'NONE',  ( 0.3511234415877496629, 0.9363291775692852426, -1.485833765564395504E-16 ) ) ;
#11694 = LINE ( 'NONE', #12961, #2641 ) ;
#11695 = EDGE_CURVE ( 'NONE', #631, #11967, #11660, .T. ) ;
#11696 = VERTEX_POINT ( 'NONE', #3330 ) ;
#11697 = VERTEX_POINT ( 'NONE', #7483 ) ;
#11698 = ADVANCED_FACE ( 'NONE', ( #12293 ), #10308, .F. ) ;
#11699 = PLANE ( 'NONE',  #5215 ) ;
#11700 = AXIS2_PLACEMENT_3D ( 'NONE', #4575, #11757, #7716 ) ;
#11701 = LINE ( 'NONE', #1271, #2432 ) ;
#11702 = EDGE_LOOP ( 'NONE', ( #12499, #1232, #725, #2203, #1249, #12413, #7496 ) ) ;
#11703 = DIRECTION ( 'NONE',  ( -0.0000000000000000000, -1.000000000000000000, -0.0000000000000000000 ) ) ;
#11704 = DIRECTION ( 'NONE',  ( 1.000000000000000000, -1.937287448275558121E-17, 0.0000000000000000000 ) ) ;
#11705 = CARTESIAN_POINT ( 'NONE',  ( 0.1347607381955349126, 0.4079514893171786172, 0.5228213236178702594 ) ) ;
#11706 = VECTOR ( 'NONE', #2809, 39.37007874015748143 ) ;
#11707 = ORIENTED_EDGE ( 'NONE', *, *, #1726, .F. ) ;
#11708 = DIRECTION ( 'NONE',  ( 1.608386623408232256E-17, 1.526556658859589750E-16, 1.000000000000000000 ) ) ;
#11709 = EDGE_CURVE ( 'NONE', #962, #463, #10626, .T. ) ;
#11710 = DIRECTION ( 'NONE',  ( 4.283287147278277996E-17, 1.665334536937734318E-16, 1.000000000000000000 ) ) ;
#11711 = PRESENTATION_STYLE_ASSIGNMENT (( #2164 ) ) ;
#11712 = CARTESIAN_POINT ( 'NONE',  ( 0.1164990785953284869, 0.1988660865309974379, 0.3456559692871650769 ) ) ;
#11713 = ORIENTED_EDGE ( 'NONE', *, *, #5331, .T. ) ;
#11714 = EDGE_LOOP ( 'NONE', ( #13048, #6144, #5260, #7504 ) ) ;
#11715 = EDGE_LOOP ( 'NONE', ( #12611, #2265, #7773, #4518 ) ) ;
#11716 = LINE ( 'NONE', #258, #1127 ) ;
#11717 = CIRCLE ( 'NONE', #1904, 0.05610236220472444857 ) ;
#11718 = DIRECTION ( 'NONE',  ( -1.937287448275561202E-17, -1.000000000000000000, -8.220413448604590506E-18 ) ) ;
#11719 =( CONVERSION_BASED_UNIT ( 'INCH', #9590 ) LENGTH_UNIT ( ) NAMED_UNIT ( #5965 ) );
#11720 = LINE ( 'NONE', #7885, #10064 ) ;
#11721 = LINE ( 'NONE', #4339, #7894 ) ;
#11722 = CARTESIAN_POINT ( 'NONE',  ( 0.3090187636347014322, 0.08075585031051536744, 0.4397504574761375573 ) ) ;
#11723 = CARTESIAN_POINT ( 'NONE',  ( 0.2483888423748524532, 0.3760314408617060900, 0.2688843157438651765 ) ) ;
#11724 = EDGE_CURVE ( 'NONE', #9724, #1567, #696, .T. ) ;
#11725 = DIRECTION ( 'NONE',  ( 3.007447121050438636E-18, 2.498001805406601723E-16, 1.000000000000000000 ) ) ;
#11726 = CARTESIAN_POINT ( 'NONE',  ( 0.3468140392252719861, 0.1555589999168271176, 0.4180969141690437652 ) ) ;
#11727 = EDGE_LOOP ( 'NONE', ( #4276, #5457 ) ) ;
#11728 = LINE ( 'NONE', #1381, #5511 ) ;
#11729 = ORIENTED_EDGE ( 'NONE', *, *, #12277, .T. ) ;
#11730 = ORIENTED_EDGE ( 'NONE', *, *, #1345, .T. ) ;
#11731 = ORIENTED_EDGE ( 'NONE', *, *, #12172, .T. ) ;
#11732 = DIRECTION ( 'NONE',  ( -1.000000000000000000, 1.937287448275558121E-17, 0.0000000000000000000 ) ) ;
#11733 = ORIENTED_EDGE ( 'NONE', *, *, #11594, .T. ) ;
#11734 = DIRECTION ( 'NONE',  ( 1.000000000000000000, 3.518308117683323401E-16, 2.626713979715459264E-16 ) ) ;
#11735 = MECHANICAL_DESIGN_GEOMETRIC_PRESENTATION_REPRESENTATION (  '', ( #8663 ), #2818 ) ;
#11736 = PLANE ( 'NONE',  #1460 ) ;
#11737 = DIRECTION ( 'NONE',  ( 1.000000000000000000, 1.174096724532128111E-16, -4.283287147278279229E-17 ) ) ;
#11738 = DIRECTION ( 'NONE',  ( -1.608386623408232256E-17, -1.526556658859589750E-16, -1.000000000000000000 ) ) ;
#11739 = EDGE_CURVE ( 'NONE', #9774, #257, #10691, .T. ) ;
#11740 = EDGE_CURVE ( 'NONE', #481, #9965, #8500, .T. ) ;
#11741 = LINE ( 'NONE', #7632, #11754 ) ;
#11742 = ORIENTED_EDGE ( 'NONE', *, *, #5224, .F. ) ;
#11743 = VECTOR ( 'NONE', #4226, 39.37007874015748143 ) ;
#11744 = ORIENTED_EDGE ( 'NONE', *, *, #3569, .F. ) ;
#11745 = ORIENTED_EDGE ( 'NONE', *, *, #13458, .T. ) ;
#11746 = CARTESIAN_POINT ( 'NONE',  ( 0.1361841179654072198, 0.3760314408617060900, 0.3751835283422832457 ) ) ;
#11747 = VERTEX_POINT ( 'NONE', #11726 ) ;
#11748 = STYLED_ITEM ( 'NONE', ( #12472 ), #3837 ) ;
#11749 = ORIENTED_EDGE ( 'NONE', *, *, #6275, .T. ) ;
#11750 = CARTESIAN_POINT ( 'NONE',  ( 0.2326408108788125817, -0.1446865674942330593, 0.2397504574761405161 ) ) ;
#11751 = CARTESIAN_POINT ( 'NONE',  ( 0.0000000000000000000, 0.0000000000000000000, -0.05511811023622047168 ) ) ;
#11752 = CARTESIAN_POINT ( 'NONE',  ( 0.2405148266268503643, 0.3681574251136630616, 0.2456559692871496947 ) ) ;
#11753 = PLANE ( 'NONE',  #2885 ) ;
#11754 = VECTOR ( 'NONE', #1455, 39.37007874015748143 ) ;
#11755 = PLANE ( 'NONE',  #6654 ) ;
#11756 = DIMENSIONAL_EXPONENTS ( 1.000000000000000000, 0.0000000000000000000, 0.0000000000000000000, 0.0000000000000000000, 0.0000000000000000000, 0.0000000000000000000, 0.0000000000000000000 ) ;
#11757 = DIRECTION ( 'NONE',  ( 0.0000000000000000000, -1.000000000000000000, 0.0000000000000000000 ) ) ;
#11758 = ADVANCED_FACE ( 'NONE', ( #203 ), #2390, .F. ) ;
#11759 = EDGE_LOOP ( 'NONE', ( #9641, #2085, #8417, #11939 ) ) ;
#11760 = ORIENTED_EDGE ( 'NONE', *, *, #3637, .T. ) ;
#11761 = ORIENTED_EDGE ( 'NONE', *, *, #9670, .F. ) ;
#11762 = ORIENTED_EDGE ( 'NONE', *, *, #13027, .F. ) ;
#11763 = VECTOR ( 'NONE', #10607, 39.37007874015748143 ) ;
#11764 = CARTESIAN_POINT ( 'NONE',  ( 0.3313688544887175014, 0.2185511259010752549, 0.4937480347020916649 ) ) ;
#11765 = ORIENTED_EDGE ( 'NONE', *, *, #10383, .T. ) ;
#11766 = LINE ( 'NONE', #5326, #7349 ) ;
#11767 = FACE_OUTER_BOUND ( 'NONE', #6726, .T. ) ;
#11768 = EDGE_CURVE ( 'NONE', #8607, #2409, #6523, .T. ) ;
#11769 = EDGE_CURVE ( 'NONE', #2007, #1641, #6389, .T. ) ;
#11770 = CARTESIAN_POINT ( 'NONE',  ( 0.2326408108788038387, 0.5728818345624925312, 0.3456559692871650769 ) ) ;
#11771 = VECTOR ( 'NONE', #5529, 39.37007874015748143 ) ;
#11772 = VECTOR ( 'NONE', #1282, 39.37007874015748143 ) ;
#11773 = DIRECTION ( 'NONE',  ( 0.0000000000000000000, 1.000000000000000000, 0.0000000000000000000 ) ) ;
#11774 = ADVANCED_FACE ( 'NONE', ( #12660 ), #4030, .T. ) ;
#11775 = EDGE_LOOP ( 'NONE', ( #12241, #2535, #10960, #3641 ) ) ;
#11776 = DIRECTION ( 'NONE',  ( -1.000000000000000000, 0.0000000000000000000, 0.0000000000000000000 ) ) ;
#11777 = PLANE ( 'NONE',  #4421 ) ;
#11778 = CARTESIAN_POINT ( 'NONE',  ( 0.2326408108788161344, 0.1555589999168269233, 0.2358134496021148940 ) ) ;
#11779 = CARTESIAN_POINT ( 'NONE',  ( 0.3625620707213385030, 0.08862986605856656985, 0.4515614810981740668 ) ) ;
#11780 = VERTEX_POINT ( 'NONE', #4192 ) ;
#11781 = VECTOR ( 'NONE', #5776, 39.37007874015748143 ) ;
#11782 = ORIENTED_EDGE ( 'NONE', *, *, #11695, .T. ) ;
#11783 = AXIS2_PLACEMENT_3D ( 'NONE', #6827, #7028, #8122 ) ;
#11784 = ORIENTED_EDGE ( 'NONE', *, *, #2116, .T. ) ;
#11785 = ADVANCED_FACE ( 'NONE', ( #12710 ), #12449, .F. ) ;
#11786 = CARTESIAN_POINT ( 'NONE',  ( 0.3385463226898374756, -0.07278745677610246045, 0.2515614810981877669 ) ) ;
#11787 = FILL_AREA_STYLE ('',( #1685 ) ) ;
#11788 = DIRECTION ( 'NONE',  ( 0.0000000000000000000, 0.0000000000000000000, -1.000000000000000000 ) ) ;
#11789 = PLANE ( 'NONE',  #1592 ) ;
#11790 = EDGE_CURVE ( 'NONE', #5578, #12946, #10400, .T. ) ;
#11791 = VECTOR ( 'NONE', #1206, 39.37007874015748143 ) ;
#11792 = AXIS2_PLACEMENT_3D ( 'NONE', #8977, #13071, #3662 ) ;
#11793 = AXIS2_PLACEMENT_3D ( 'NONE', #5113, #9523, #2960 ) ;
#11794 = DIRECTION ( 'NONE',  ( -1.000000000000000000, -3.518308117683324880E-16, -2.626713979715458771E-16 ) ) ;
#11795 = LINE ( 'NONE', #6660, #7015 ) ;
#11796 = ORIENTED_EDGE ( 'NONE', *, *, #6600, .T. ) ;
#11797 = DIRECTION ( 'NONE',  ( 0.0000000000000000000, 0.0000000000000000000, -1.000000000000000000 ) ) ;
#11798 = VERTEX_POINT ( 'NONE', #9504 ) ;
#11799 = VERTEX_POINT ( 'NONE', #4323 ) ;
#11800 =( GEOMETRIC_REPRESENTATION_CONTEXT ( 3 ) GLOBAL_UNCERTAINTY_ASSIGNED_CONTEXT ( ( #8931 ) ) GLOBAL_UNIT_ASSIGNED_CONTEXT ( ( #9701, #2498, #12822 ) ) REPRESENTATION_CONTEXT ( 'NONE', 'WORKASPACE' ) );
#11801 = VERTEX_POINT ( 'NONE', #10744 ) ;
#11802 = CIRCLE ( 'NONE', #11358, 0.05511811023622047861 ) ;
#11803 = VECTOR ( 'NONE', #11238, 39.37007874015748143 ) ;
#11804 = CARTESIAN_POINT ( 'NONE',  ( 0.2483888423748524532, 0.5295747479483238207, 0.2688843157438651765 ) ) ;
#11805 = AXIS2_PLACEMENT_3D ( 'NONE', #118, #6158, #6279 ) ;
#11806 = LINE ( 'NONE', #4872, #12870 ) ;
#11807 = ADVANCED_FACE ( 'NONE', ( #8755 ), #6574, .F. ) ;
#11808 = ORIENTED_EDGE ( 'NONE', *, *, #1292, .F. ) ;
#11809 = FACE_OUTER_BOUND ( 'NONE', #10841, .T. ) ;
#11810 = CARTESIAN_POINT ( 'NONE',  ( 0.1558691573354859805, 0.7897218048774069521, 0.2905378590509589687 ) ) ;
#11811 = MECHANICAL_DESIGN_GEOMETRIC_PRESENTATION_REPRESENTATION (  '', ( #2676 ), #10053 ) ;
#11812 =( GEOMETRIC_REPRESENTATION_CONTEXT ( 3 ) GLOBAL_UNCERTAINTY_ASSIGNED_CONTEXT ( ( #10435 ) ) GLOBAL_UNIT_ASSIGNED_CONTEXT ( ( #5359, #6254, #12664 ) ) REPRESENTATION_CONTEXT ( 'NONE', 'WORKASPACE' ) );
#11813 = DIRECTION ( 'NONE',  ( 1.000000000000000000, 3.376070039848302585E-16, 2.359223927328455183E-16 ) ) ;
#11814 = ORIENTED_EDGE ( 'NONE', *, *, #4750, .T. ) ;
#11815 = VERTEX_POINT ( 'NONE', #10673 ) ;
#11816 = ORIENTED_EDGE ( 'NONE', *, *, #1170, .F. ) ;
#11817 = VERTEX_POINT ( 'NONE', #6702 ) ;
#11818 = VERTEX_POINT ( 'NONE', #8616 ) ;
#11819 = DIRECTION ( 'NONE',  ( 1.000000000000000000, 1.316334802367150653E-16, -1.608386623408235030E-17 ) ) ;
#11820 = ADVANCED_FACE ( 'NONE', ( #12041, #10810 ), #8818, .F. ) ;
#11821 = VECTOR ( 'NONE', #11172, 39.37007874015748143 ) ;
#11822 = DIRECTION ( 'NONE',  ( -1.174096724532128111E-16, 1.000000000000000000, -1.665334536937734318E-16 ) ) ;
#11823 = VECTOR ( 'NONE', #6606, 39.37007874015748143 ) ;
#11824 = PLANE ( 'NONE',  #3005 ) ;
#11825 = CARTESIAN_POINT ( 'NONE',  ( 0.1027195510362938075, 0.1476849841687954412, 0.4358134496021299764 ) ) ;
#11826 = CARTESIAN_POINT ( 'NONE',  ( 0.2405148266268503643, 0.3091023070034268905, 0.2456559692871496947 ) ) ;
#11827 = CARTESIAN_POINT ( 'NONE',  ( 0.1558691573354859805, 0.2165826219640790973, 0.2905378590509231085 ) ) ;
#11828 = LINE ( 'NONE', #3362, #8711 ) ;
#11829 = TOROIDAL_SURFACE ( 'NONE', #5492, 0.09251968503937006705, 0.007874015748031495954 ) ;
#11830 = ORIENTED_EDGE ( 'NONE', *, *, #1343, .T. ) ;
#11831 = ORIENTED_EDGE ( 'NONE', *, *, #9712, .T. ) ;
#11832 = DIRECTION ( 'NONE',  ( 0.0000000000000000000, 8.220413448604736877E-18, -1.000000000000000000 ) ) ;
#11833 = EDGE_CURVE ( 'NONE', #3723, #3576, #12909, .T. ) ;
#11834 = EDGE_LOOP ( 'NONE', ( #10128, #2862, #1135, #9750 ) ) ;
#11835 = EDGE_CURVE ( 'NONE', #10984, #6614, #391, .T. ) ;
#11836 = PLANE ( 'NONE',  #8526 ) ;
#11837 = VECTOR ( 'NONE', #4796, 39.37007874015748143 ) ;
#11838 = SURFACE_SIDE_STYLE ('',( #7730 ) ) ;
#11839 = DIRECTION ( 'NONE',  ( -1.316334802367150653E-16, 1.000000000000000000, -1.526556658859589750E-16 ) ) ;
#11840 = CARTESIAN_POINT ( 'NONE',  ( 0.1643993410625332330, 0.6070025694706279173, 0.3942123997333605856 ) ) ;
#11841 = ORIENTED_EDGE ( 'NONE', *, *, #2935, .F. ) ;
#11842 = AXIS2_PLACEMENT_3D ( 'NONE', #1550, #9086, #1737 ) ;
#11843 = LINE ( 'NONE', #11779, #5093 ) ;
#11844 = ORIENTED_EDGE ( 'NONE', *, *, #197, .F. ) ;
#11845 = ORIENTED_EDGE ( 'NONE', *, *, #10878, .F. ) ;
#11846 = ADVANCED_FACE ( 'NONE', ( #2446 ), #4527, .F. ) ;
#11847 = DIRECTION ( 'NONE',  ( 1.316334802367150653E-16, -1.000000000000000000, 1.526556658859589750E-16 ) ) ;
#11848 = CARTESIAN_POINT ( 'NONE',  ( 0.1558691573354937243, 0.3681574251136631171, 0.4397504574761374463 ) ) ;
#11849 =( LENGTH_UNIT ( ) NAMED_UNIT ( * ) SI_UNIT ( $, .METRE. ) );
#11850 = PLANE ( 'NONE',  #11950 ) ;
#11851 = CARTESIAN_POINT ( 'NONE',  ( 0.2578500329941761371, 0.5295747479483139397, 0.2669158347218780203 ) ) ;
#11852 = VECTOR ( 'NONE', #4620, 39.37007874015748143 ) ;
#11853 = DIRECTION ( 'NONE',  ( 0.0000000000000000000, 8.220413448604736877E-18, -1.000000000000000000 ) ) ;
#11854 = DIRECTION ( 'NONE',  ( 0.0000000000000000000, -0.1240347345890697311, -0.9922778767136849476 ) ) ;
#11855 = CARTESIAN_POINT ( 'NONE',  ( 0.1267352990678038693, -0.07278745677611142550, 0.4397504574761376683 ) ) ;
#11856 = ADVANCED_FACE ( 'NONE', ( #10941 ), #8684, .F. ) ;
#11857 = ORIENTED_EDGE ( 'NONE', *, *, #10593, .F. ) ;
#11858 = ADVANCED_FACE ( 'NONE', ( #7672 ), #4729, .F. ) ;
#11859 = DIRECTION ( 'NONE',  ( 4.283287147278277996E-17, 1.665334536937734318E-16, 1.000000000000000000 ) ) ;
#11860 = VERTEX_POINT ( 'NONE', #3705 ) ;
#11861 = ORIENTED_EDGE ( 'NONE', *, *, #510, .F. ) ;
#11862 = CIRCLE ( 'NONE', #5730, 0.01770302147941842791 ) ;
#11863 = ORIENTED_EDGE ( 'NONE', *, *, #11044, .F. ) ;
#11864 = EDGE_CURVE ( 'NONE', #5304, #6625, #7874, .T. ) ;
#11865 = FACE_OUTER_BOUND ( 'NONE', #12323, .T. ) ;
#11866 = LINE ( 'NONE', #3538, #12871 ) ;
#11867 =( NAMED_UNIT ( * ) SI_UNIT ( $, .STERADIAN. ) SOLID_ANGLE_UNIT ( ) );
#11868 = CARTESIAN_POINT ( 'NONE',  ( 6.750021727583836442E-18, 0.0000000000000000000, 0.05511811023622047168 ) ) ;
#11869 = DIRECTION ( 'NONE',  ( 1.000000000000000000, 3.376070039848302585E-16, 2.359223927328455183E-16 ) ) ;
#11870 = DIRECTION ( 'NONE',  ( 1.000000000000000000, 0.0000000000000000000, 0.0000000000000000000 ) ) ;
#11871 = ORIENTED_EDGE ( 'NONE', *, *, #2421, .T. ) ;
#11872 = EDGE_CURVE ( 'NONE', #5036, #11697, #5475, .T. ) ;
#11873 = ORIENTED_EDGE ( 'NONE', *, *, #11443, .F. ) ;
#11874 = ORIENTED_EDGE ( 'NONE', *, *, #3832, .T. ) ;
#11875 = VERTEX_POINT ( 'NONE', #8000 ) ;
#11876 = ORIENTED_EDGE ( 'NONE', *, *, #365, .F. ) ;
#11877 = VECTOR ( 'NONE', #11208, 39.37007874015748143 ) ;
#11878 = CARTESIAN_POINT ( 'NONE',  ( 0.2326408108788038387, 0.5728818345624925312, 0.3456559692871650769 ) ) ;
#11879 = CARTESIAN_POINT ( 'NONE',  ( 0.3704360864693551081, 0.08862986605855716071, 0.5228213236178702594 ) ) ;
#11880 = CARTESIAN_POINT ( 'NONE',  ( 0.2326408108788038387, 0.5571338030664295671, 0.2472307724367714676 ) ) ;
#11881 = CARTESIAN_POINT ( 'NONE',  ( 0.3330345116662203342, 0.1555589999168271176, 0.4397504574761375573 ) ) ;
#11882 = CARTESIAN_POINT ( 'NONE',  ( 0.3586250628473005575, 0.1988660865309974379, 0.3456559692871650769 ) ) ;
#11883 =( CONVERSION_BASED_UNIT ( 'INCH', #9633 ) LENGTH_UNIT ( ) NAMED_UNIT ( #11209 ) );
#11884 = DIRECTION ( 'NONE',  ( -0.0000000000000000000, -1.000000000000000000, -0.0000000000000000000 ) ) ;
#11885 = CARTESIAN_POINT ( 'NONE',  ( 0.07712899985517100709, 0.3760314408617060900, 0.3456559692871650769 ) ) ;
#11886 = AXIS2_PLACEMENT_3D ( 'NONE', #11116, #7783, #10300 ) ;
#11887 = ORIENTED_EDGE ( 'NONE', *, *, #11181, .T. ) ;
#11888 = CARTESIAN_POINT ( 'NONE',  ( 0.2405148266268503088, 0.1555589999168270343, 0.4180969141690437652 ) ) ;
#11889 = ADVANCED_FACE ( 'NONE', ( #2779 ), #12368, .T. ) ;
#11890 = ORIENTED_EDGE ( 'NONE', *, *, #12835, .F. ) ;
#11891 = LINE ( 'NONE', #8740, #2414 ) ;
#11892 = ORIENTED_EDGE ( 'NONE', *, *, #7963, .T. ) ;
#11893 = FILL_AREA_STYLE ('',( #1729 ) ) ;
#11894 = VERTEX_POINT ( 'NONE', #6911 ) ;
#11895 = DIRECTION ( 'NONE',  ( 0.3511234415885084448, -0.9363291775690008034, 4.820554145996745130E-16 ) ) ;
#11896 = CARTESIAN_POINT ( 'NONE',  ( 0.1145305746583313578, 0.3957164802317839070, 0.4440811661375588248 ) ) ;
#11897 = PLANE ( 'NONE',  #10565 ) ;
#11898 = CLOSED_SHELL ( 'NONE', ( #7157, #12262, #608, #3503, #8408, #11807, #12399, #2699, #7476, #5908, #1280, #3367, #1608, #11698, #885, #1451, #1894, #2925, #4393, #3275, #9338, #2620, #1366, #6811, #9116, #6421, #628, #2649, #9402, #6406, #9308, #5914, #7861, #12983, #11820, #8206, #6120, #969, #11, #5409, #10466, #10923, #8748, #13446, #2666, #8259, #7081, #7170, #4006, #5071, #12448, #6624, #9682, #8239, #6004, #697, #10521, #6889, #11785, #7142, #6947, #5378, #4669, #7172, #11774, #12779, #12677, #7087, #10605, #4519, #4593, #2076, #1092, #12838, #1995, #11371, #4942, #938, #1925, #1621, #2668, #5975, #12949, #6904, #5123, #304, #4595, #9894, #3980, #2090, #9725, #4468, #2321, #444, #8922, #6758, #7683, #3170, #4422, #1979, #12811, #2030, #7020, #7758, #11856, #4104, #7474, #8835, #5240, #10939, #7950, #3837, #6133, #12173, #9237, #1635, #10138, #834, #6563, #431, #5875, #1604, #4847, #1679, #10151, #12841, #2745, #10231, #13282, #1999, #476, #8495, #12400, #1941, #83, #3424, #11858, #10345, #3609, #9403, #967, #2210, #1835, #11933, #3467, #12749, #7191, #5796, #10779, #1038, #2226, #11236, #6136, #2733, #10249, #4682, #7750, #11758, #6670, #11060, #8453, #54, #789, #7676, #536, #769, #791, #1011, #4225, #7769, #2488, #1585, #1541, #2192, #11523, #6501, #9419, #13357, #4326, #7736, #9699, #1606, #5039, #5489, #8912, #9860, #3429, #13362, #6921, #3036, #4410, #11944, #9968, #12895, #12162, #12333, #3774, #10715, #2339, #5973, #237, #5320, #9500, #10017, #12273, #3944, #5114, #4053, #6002, #2546, #2820, #6891, #8068, #6176, #9768, #4871, #12426, #11889, #10417, #6829, #11992, #7841, #9192, #13341, #9878, #7598, #11846, #1864, #2949, #3550, #6477, #9587, #8833, #1245, #11603, #702, #983, #3670, #1076, #8666, #13173, #3394, #397, #8715, #5581, #9759, #3732, #141, #918, #7534, #11075, #2403, #5098, #13344, #6686, #9529, #6030, #5649, #7879, #1596, #8420, #11432, #2504, #3850, #1895, #9742, #3760, #11013, #2804, #5909, #12907, #10621, #955, #7324, #6964, #11419, #9223, #526, #3155, #4499, #522, #9775, #131, #6220, #2320, #10926, #10101, #12765, #7130, #11334, #6311, #7141, #3593, #12225, #2354, #11682, #8154, #1378, #11650, #4612, #3482, #10086, #1122, #5656, #5057, #2350, #8534, #5210, #354, #6001, #9290, #5270, #12359, #10137, #4427, #10983, #1496, #4565, #1466, #6915, #581, #1380, #10167, #4332, #3439, #2894, #9442, #2453, #9652, #1328, #2857, #12463, #10176, #12012, #10775, #7567, #7521, #11521, #3327, #11250, #7212, #5176, #10682, #13399, #9751, #5702, #206, #7055, #13059, #6416, #4345, #7667, #2844, #523, #3790, #7995, #6669 ) ) ;
#11899 = DIMENSIONAL_EXPONENTS ( 1.000000000000000000, 0.0000000000000000000, 0.0000000000000000000, 0.0000000000000000000, 0.0000000000000000000, 0.0000000000000000000, 0.0000000000000000000 ) ;
#11900 = CARTESIAN_POINT ( 'NONE',  ( 0.3920896297764487337, 0.1476849841687954412, 0.3456559692871672973 ) ) ;
#11901 = CARTESIAN_POINT ( 'NONE',  ( 0.4098061652095124630, 0.05713380306642412698, 0.1842386464525194167 ) ) ;
#11902 = EDGE_CURVE ( 'NONE', #5436, #9661, #11213, .T. ) ;
#11903 = EDGE_CURVE ( 'NONE', #10990, #11210, #12168, .T. ) ;
#11904 = SURFACE_STYLE_USAGE ( .BOTH. , #9913 ) ;
#11905 = ORIENTED_EDGE ( 'NONE', *, *, #1818, .T. ) ;
#11906 = VECTOR ( 'NONE', #11942, 39.37007874015748143 ) ;
#11907 = DIRECTION ( 'NONE',  ( 1.000000000000000000, 0.0000000000000000000, 0.0000000000000000000 ) ) ;
#11908 = ORIENTED_EDGE ( 'NONE', *, *, #8377, .T. ) ;
#11909 = ORIENTED_EDGE ( 'NONE', *, *, #9845, .T. ) ;
#11910 = CARTESIAN_POINT ( 'NONE',  ( 0.2326408108788038387, 0.5531967951924182669, 0.4017583314918895532 ) ) ;
#11911 = VERTEX_POINT ( 'NONE', #5878 ) ;
#11912 = CARTESIAN_POINT ( 'NONE',  ( 0.1558691573354937243, 0.3681574251136631171, 0.4397504574761374463 ) ) ;
#11913 = PRESENTATION_STYLE_ASSIGNMENT (( #7746 ) ) ;
#11914 = DIRECTION ( 'NONE',  ( -0.0000000000000000000, -0.0000000000000000000, -1.000000000000000000 ) ) ;
#11915 = SURFACE_STYLE_FILL_AREA ( #6860 ) ;
#11916 = ORIENTED_EDGE ( 'NONE', *, *, #8366, .T. ) ;
#11917 = LINE ( 'NONE', #2594, #6936 ) ;
#11918 = EDGE_CURVE ( 'NONE', #543, #8607, #4044, .T. ) ;
#11919 = DIRECTION ( 'NONE',  ( -1.000000000000000000, -1.408738150179760326E-16, 6.014894242100891138E-18 ) ) ;
#11920 = ORIENTED_EDGE ( 'NONE', *, *, #12568, .F. ) ;
#11921 = LINE ( 'NONE', #6526, #8784 ) ;
#11922 = ORIENTED_EDGE ( 'NONE', *, *, #8023, .F. ) ;
#11923 = ORIENTED_EDGE ( 'NONE', *, *, #8136, .T. ) ;
#11924 = ORIENTED_EDGE ( 'NONE', *, *, #1849, .F. ) ;
#11925 = LINE ( 'NONE', #2603, #7871 ) ;
#11926 = ORIENTED_EDGE ( 'NONE', *, *, #5259, .T. ) ;
#11927 = CARTESIAN_POINT ( 'NONE',  ( 0.2405148266268502810, 0.2264251416490909441, 0.4397504574761375018 ) ) ;
#11928 = EDGE_CURVE ( 'NONE', #8803, #9122, #12008, .T. ) ;
#11929 = EDGE_CURVE ( 'NONE', #7080, #6925, #6118, .T. ) ;
#11930 = LINE ( 'NONE', #9944, #12539 ) ;
#11931 = DIRECTION ( 'NONE',  ( 0.0000000000000000000, 0.0000000000000000000, 1.000000000000000000 ) ) ;
#11932 = AXIS2_PLACEMENT_3D ( 'NONE', #4918, #12095, #10867 ) ;
#11933 = ADVANCED_FACE ( 'NONE', ( #9157 ), #10253, .F. ) ;
#11934 = CARTESIAN_POINT ( 'NONE',  ( 0.2483888423748524532, 0.5295747479483238207, 0.4224276228305008374 ) ) ;
#11935 = ORIENTED_EDGE ( 'NONE', *, *, #1529, .T. ) ;
#11936 = ORIENTED_EDGE ( 'NONE', *, *, #4742, .F. ) ;
#11937 = EDGE_LOOP ( 'NONE', ( #12607, #11987, #6545, #8971, #4291, #1213, #7439 ) ) ;
#11938 = ORIENTED_EDGE ( 'NONE', *, *, #12424, .T. ) ;
#11939 = ORIENTED_EDGE ( 'NONE', *, *, #7798, .F. ) ;
#11940 = VECTOR ( 'NONE', #5924, 39.37007874015748143 ) ;
#11941 = CARTESIAN_POINT ( 'NONE',  ( 0.2090187636347206057, 0.08862986605856648659, 0.4397504574761375573 ) ) ;
#11942 = DIRECTION ( 'NONE',  ( 0.4472135955003647134, -0.8944271909997124625, 4.898503433089684763E-16 ) ) ;
#11943 = LINE ( 'NONE', #8855, #6041 ) ;
#11944 = ADVANCED_FACE ( 'NONE', ( #13189 ), #3839, .T. ) ;
#11945 = LINE ( 'NONE', #6749, #12595 ) ;
#11946 = CARTESIAN_POINT ( 'NONE',  ( 0.09484553528826229762, 0.1555589999168269233, 0.3456559692871707390 ) ) ;
#11947 = AXIS2_PLACEMENT_3D ( 'NONE', #9560, #12255, #232 ) ;
#11948 = CARTESIAN_POINT ( 'NONE',  ( 0.2405148266268504198, 0.2264251416491176172, 0.2515614810981769423 ) ) ;
#11949 = EDGE_CURVE ( 'NONE', #12844, #6032, #10502, .T. ) ;
#11950 = AXIS2_PLACEMENT_3D ( 'NONE', #8888, #10753, #1497 ) ;
#11951 = ORIENTED_EDGE ( 'NONE', *, *, #1584, .F. ) ;
#11952 = DIRECTION ( 'NONE',  ( 0.3511234415886834159, -0.9363291775689350782, 4.820554145996929526E-16 ) ) ;
#11953 = ORIENTED_EDGE ( 'NONE', *, *, #10971, .T. ) ;
#11954 = ORIENTED_EDGE ( 'NONE', *, *, #8905, .F. ) ;
#11955 = FACE_OUTER_BOUND ( 'NONE', #8574, .T. ) ;
#11956 = VERTEX_POINT ( 'NONE', #10321 ) ;
#11957 = COLOUR_RGB ( '',0.7607843137254901578, 0.7607843137254901578, 0.0000000000000000000 ) ;
#11958 =( NAMED_UNIT ( * ) PLANE_ANGLE_UNIT ( ) SI_UNIT ( $, .RADIAN. ) );
#11959 = ORIENTED_EDGE ( 'NONE', *, *, #8896, .T. ) ;
#11960 = LINE ( 'NONE', #12160, #13004 ) ;
#11961 = CARTESIAN_POINT ( 'NONE',  ( 0.3920896297764415728, 0.3760314408617050908, 0.1901441582635394756 ) ) ;
#11962 = AXIS2_PLACEMENT_3D ( 'NONE', #3015, #8242, #3070 ) ;
#11963 = EDGE_CURVE ( 'NONE', #8989, #11300, #2218, .T. ) ;
#11964 = CARTESIAN_POINT ( 'NONE',  ( 0.3625620707213385030, 0.1555589999168271176, 0.4732150244052678589 ) ) ;
#11965 = DIRECTION ( 'NONE',  ( 4.283287147278277996E-17, 1.665334536937734318E-16, 1.000000000000000000 ) ) ;
#11966 = LINE ( 'NONE', #8753, #5203 ) ;
#11967 = VERTEX_POINT ( 'NONE', #7382 ) ;
#11968 = VERTEX_POINT ( 'NONE', #11562 ) ;
#11969 = FACE_OUTER_BOUND ( 'NONE', #2343, .T. ) ;
#11970 = ORIENTED_EDGE ( 'NONE', *, *, #5636, .F. ) ;
#11971 = CARTESIAN_POINT ( 'NONE',  ( 0.2267352990677845015, -0.07278745677610241882, 0.4397504574761376683 ) ) ;
#11972 = VECTOR ( 'NONE', #12183, 39.37007874015748143 ) ;
#11973 = EDGE_CURVE ( 'NONE', #5905, #11277, #6360, .T. ) ;
#11974 = EDGE_CURVE ( 'NONE', #10023, #11543, #3099, .T. ) ;
#11975 =( LENGTH_UNIT ( ) NAMED_UNIT ( * ) SI_UNIT ( $, .METRE. ) );
#11976 = DIRECTION ( 'NONE',  ( 1.174096724532128111E-16, -1.000000000000000000, 1.665334536937734071E-16 ) ) ;
#11977 = FACE_OUTER_BOUND ( 'NONE', #409, .T. ) ;
#11978 = ORIENTED_EDGE ( 'NONE', *, *, #1123, .F. ) ;
#11979 = CARTESIAN_POINT ( 'NONE',  ( 0.2483888423748613905, 0.5374487636963517501, 0.3456559692871650769 ) ) ;
#11980 = CARTESIAN_POINT ( 'NONE',  ( 0.05547545654809511728, 0.2776062440113114538, 0.4007740795233927233 ) ) ;
#11981 =( GEOMETRIC_REPRESENTATION_CONTEXT ( 3 ) GLOBAL_UNCERTAINTY_ASSIGNED_CONTEXT ( ( #217 ) ) GLOBAL_UNIT_ASSIGNED_CONTEXT ( ( #416, #12732, #8707 ) ) REPRESENTATION_CONTEXT ( 'NONE', 'WORKASPACE' ) );
#11982 = CARTESIAN_POINT ( 'NONE',  ( 0.2444518345008482307, -0.05703942528004478374, 0.4397504574761376683 ) ) ;
#11983 = ORIENTED_EDGE ( 'NONE', *, *, #10562, .F. ) ;
#11984 = AXIS2_PLACEMENT_3D ( 'NONE', #1411, #4648, #5526 ) ;
#11985 = CARTESIAN_POINT ( 'NONE',  ( 0.2326408108788038387, 0.3760314408617050908, 0.5011677803107907891 ) ) ;
#11986 = ORIENTED_EDGE ( 'NONE', *, *, #1538, .F. ) ;
#11987 = ORIENTED_EDGE ( 'NONE', *, *, #1820, .T. ) ;
#11988 = ORIENTED_EDGE ( 'NONE', *, *, #12204, .F. ) ;
#11989 = PLANE ( 'NONE',  #7214 ) ;
#11990 = EDGE_CURVE ( 'NONE', #485, #9873, #9489, .T. ) ;
#11991 = CARTESIAN_POINT ( 'NONE',  ( 0.2405148266268504198, 0.1555589999168269788, 0.2062858905469922566 ) ) ;
#11992 = ADVANCED_FACE ( 'NONE', ( #11424 ), #2084, .T. ) ;
#11993 = AXIS2_PLACEMENT_3D ( 'NONE', #2224, #8543, #12768 ) ;
#11994 = STYLED_ITEM ( 'NONE', ( #2723 ), #12841 ) ;
#11995 = VECTOR ( 'NONE', #13375, 39.37007874015748143 ) ;
#11996 = CARTESIAN_POINT ( 'NONE',  ( 0.2090187636347128619, 0.1988660865309974379, 0.4007740795234070452 ) ) ;
#11997 = FACE_OUTER_BOUND ( 'NONE', #11285, .T. ) ;
#11998 = DIRECTION ( 'NONE',  ( -0.9363291775692853536, 0.3511234415877495518, -3.854118954065483807E-17 ) ) ;
#11999 = DIRECTION ( 'NONE',  ( 1.937287448275561202E-17, 1.000000000000000000, 8.220413448604590506E-18 ) ) ;
#12000 = EDGE_LOOP ( 'NONE', ( #5465, #5621, #10515, #1661 ) ) ;
#12001 = ORIENTED_EDGE ( 'NONE', *, *, #2562, .F. ) ;
#12002 = VECTOR ( 'NONE', #6570, 39.37007874015748143 ) ;
#12003 = VECTOR ( 'NONE', #3679, 39.37007874015748143 ) ;
#12004 = VERTEX_POINT ( 'NONE', #10385 ) ;
#12005 = VECTOR ( 'NONE', #5779, 39.37007874015748143 ) ;
#12006 = EDGE_CURVE ( 'NONE', #8118, #6644, #11632, .T. ) ;
#12007 = ORIENTED_EDGE ( 'NONE', *, *, #4175, .T. ) ;
#12008 = CIRCLE ( 'NONE', #1324, 0.01574803149606296415 ) ;
#12009 = ORIENTED_EDGE ( 'NONE', *, *, #5798, .T. ) ;
#12010 = LINE ( 'NONE', #7780, #7310 ) ;
#12011 = CARTESIAN_POINT ( 'NONE',  ( 0.2326408108788038387, 0.1791810471609177335, 0.3456559692871650769 ) ) ;
#12012 = ADVANCED_FACE ( 'NONE', ( #3033 ), #2287, .F. ) ;
#12013 = DIRECTION ( 'NONE',  ( 0.0000000000000000000, 1.000000000000000000, 0.0000000000000000000 ) ) ;
#12014 = DIRECTION ( 'NONE',  ( -3.376070039848299626E-16, 1.000000000000000000, -4.302114220422482087E-16 ) ) ;
#12015 = AXIS2_PLACEMENT_3D ( 'NONE', #11197, #3886, #722 ) ;
#12016 = PLANE ( 'NONE',  #5462 ) ;
#12017 = STYLED_ITEM ( 'NONE', ( #6954 ), #5378 ) ;
#12018 = VECTOR ( 'NONE', #2741, 39.37007874015748143 ) ;
#12019 = CARTESIAN_POINT ( 'NONE',  ( 0.2267352990677845015, -0.07278745677610248821, 0.2515614810981877669 ) ) ;
#12020 = VERTEX_POINT ( 'NONE', #2147 ) ;
#12021 = DIRECTION ( 'NONE',  ( 0.0000000000000000000, -1.000000000000000000, 0.0000000000000000000 ) ) ;
#12022 = LINE ( 'NONE', #2696, #642 ) ;
#12023 = ORIENTED_EDGE ( 'NONE', *, *, #337, .F. ) ;
#12024 = DIRECTION ( 'NONE',  ( 0.0000000000000000000, 0.0000000000000000000, -1.000000000000000000 ) ) ;
#12025 = ORIENTED_EDGE ( 'NONE', *, *, #13223, .F. ) ;
#12026 = EDGE_CURVE ( 'NONE', #4093, #4763, #10456, .T. ) ;
#12027 = ORIENTED_EDGE ( 'NONE', *, *, #1157, .F. ) ;
#12028 = EDGE_CURVE ( 'NONE', #7096, #7836, #7174, .T. ) ;
#12029 = AXIS2_PLACEMENT_3D ( 'NONE', #2708, #737, #12096 ) ;
#12030 = VECTOR ( 'NONE', #6135, 39.37007874015748143 ) ;
#12031 =( NAMED_UNIT ( * ) SI_UNIT ( $, .STERADIAN. ) SOLID_ANGLE_UNIT ( ) );
#12032 = ORIENTED_EDGE ( 'NONE', *, *, #13142, .F. ) ;
#12033 = EDGE_CURVE ( 'NONE', #8047, #4511, #2022, .T. ) ;
#12034 = DIRECTION ( 'NONE',  ( 1.000000000000000000, 0.0000000000000000000, 0.0000000000000000000 ) ) ;
#12035 = FACE_OUTER_BOUND ( 'NONE', #2490, .T. ) ;
#12036 = DIRECTION ( 'NONE',  ( 3.376070039848299626E-16, -1.000000000000000000, 4.302114220422482087E-16 ) ) ;
#12037 = LINE ( 'NONE', #2710, #10588 ) ;
#12038 = COLOUR_RGB ( '',0.7607843137254901578, 0.7607843137254901578, 0.0000000000000000000 ) ;
#12039 = PLANE ( 'NONE',  #10026 ) ;
#12040 = CARTESIAN_POINT ( 'NONE',  ( 0.3625620707213385585, 0.1555589999168270066, 0.2850260480273072439 ) ) ;
#12041 = FACE_OUTER_BOUND ( 'NONE', #5772, .T. ) ;
#12042 = ORIENTED_EDGE ( 'NONE', *, *, #2591, .T. ) ;
#12043 = EDGE_CURVE ( 'NONE', #4229, #1071, #8297, .T. ) ;
#12044 = CARTESIAN_POINT ( 'NONE',  ( 0.2208297872567572262, 0.05713380306641549500, 0.4515614810981848914 ) ) ;
#12045 = DIRECTION ( 'NONE',  ( -1.937287448275561202E-17, -1.000000000000000000, -8.220413448604590506E-18 ) ) ;
#12046 = CARTESIAN_POINT ( 'NONE',  ( 0.2326408108788038387, 0.1988660865309974379, 0.3456559692871650769 ) ) ;
#12047 = VECTOR ( 'NONE', #4880, 39.37007874015748143 ) ;
#12048 = CARTESIAN_POINT ( 'NONE',  ( 0.2405148266268504198, 0.1555589999168270066, 0.2456559692871497225 ) ) ;
#12049 = SURFACE_STYLE_USAGE ( .BOTH. , #5676 ) ;
#12050 = DIRECTION ( 'NONE',  ( 0.0000000000000000000, 8.220413448604736877E-18, -1.000000000000000000 ) ) ;
#12051 = CARTESIAN_POINT ( 'NONE',  ( 0.2483888423748524532, 0.3760314408617060900, 0.2688843157438651765 ) ) ;
#12052 = PLANE ( 'NONE',  #12773 ) ;
#12053 = ORIENTED_EDGE ( 'NONE', *, *, #3097, .T. ) ;
#12054 = CARTESIAN_POINT ( 'NONE',  ( 0.2431035528205067187, 0.1988660865309974379, 0.4007740795233790121 ) ) ;
#12055 = FACE_OUTER_BOUND ( 'NONE', #7777, .T. ) ;
#12056 = LINE ( 'NONE', #5899, #11165 ) ;
#12057 = ORIENTED_EDGE ( 'NONE', *, *, #9653, .T. ) ;
#12058 = UNCERTAINTY_MEASURE_WITH_UNIT (LENGTH_MEASURE( 1.000000000000000082E-05 ), #10050, 'distance_accuracy_value', 'NONE');
#12059 = EDGE_CURVE ( 'NONE', #3343, #3166, #4241, .T. ) ;
#12060 = CARTESIAN_POINT ( 'NONE',  ( 0.2916959289890400653, 0.1083149054286360186, 0.4893567566887362941 ) ) ;
#12061 = VERTEX_POINT ( 'NONE', #3224 ) ;
#12062 = VERTEX_POINT ( 'NONE', #10731 ) ;
#12063 = ORIENTED_EDGE ( 'NONE', *, *, #4975, .T. ) ;
#12064 = LINE ( 'NONE', #10009, #8273 ) ;
#12065 = DIRECTION ( 'NONE',  ( 0.0000000000000000000, 0.0000000000000000000, 1.000000000000000000 ) ) ;
#12066 = VECTOR ( 'NONE', #13291, 39.37007874015748143 ) ;
#12067 = LINE ( 'NONE', #1899, #12018 ) ;
#12068 = CARTESIAN_POINT ( 'NONE',  ( 0.2090187636347028977, 0.08862986605856641720, 0.2397504574761404883 ) ) ;
#12069 = LINE ( 'NONE', #11035, #4390 ) ;
#12070 = DIRECTION ( 'NONE',  ( 3.007447121050438636E-18, 2.498001805406601723E-16, 1.000000000000000000 ) ) ;
#12071 = DIRECTION ( 'NONE',  ( 0.0000000000000000000, 0.0000000000000000000, -1.000000000000000000 ) ) ;
#12072 = ORIENTED_EDGE ( 'NONE', *, *, #11591, .F. ) ;
#12073 = EDGE_CURVE ( 'NONE', #8967, #10695, #11891, .T. ) ;
#12074 = EDGE_CURVE ( 'NONE', #10842, #12999, #3563, .T. ) ;
#12075 = CYLINDRICAL_SURFACE ( 'NONE', #2268, 0.05610236220472441387 ) ;
#12076 = ORIENTED_EDGE ( 'NONE', *, *, #5825, .F. ) ;
#12077 = VERTEX_POINT ( 'NONE', #6495 ) ;
#12078 = VERTEX_POINT ( 'NONE', #7658 ) ;
#12079 = CARTESIAN_POINT ( 'NONE',  ( 0.2483888423748475960, 0.7897218048774069521, 0.4007740795233794562 ) ) ;
#12080 = DIRECTION ( 'NONE',  ( 0.0000000000000000000, 0.0000000000000000000, 1.000000000000000000 ) ) ;
#12081 = DIRECTION ( 'NONE',  ( -1.000000000000000000, -1.174096724532128111E-16, 4.283287147278279845E-17 ) ) ;
#12082 = PLANE ( 'NONE',  #7741 ) ;
#12083 = VECTOR ( 'NONE', #13078, 39.37007874015748143 ) ;
#12084 = CARTESIAN_POINT ( 'NONE',  ( 0.2326408108788128593, 0.08862986605855739664, 0.1901441582635345906 ) ) ;
#12085 = LINE ( 'NONE', #8999, #10271 ) ;
#12086 = EDGE_LOOP ( 'NONE', ( #10219, #13038, #654, #10395 ) ) ;
#12087 = DIRECTION ( 'NONE',  ( 2.626713979715461236E-16, -3.747002708109903324E-16, -1.000000000000000000 ) ) ;
#12088 = UNCERTAINTY_MEASURE_WITH_UNIT (LENGTH_MEASURE( 1.000000000000000082E-05 ), #2660, 'distance_accuracy_value', 'NONE');
#12089 = LINE ( 'NONE', #13172, #6972 ) ;
#12090 = EDGE_CURVE ( 'NONE', #10534, #4361, #12698, .T. ) ;
#12091 = ORIENTED_EDGE ( 'NONE', *, *, #7304, .F. ) ;
#12092 = DIRECTION ( 'NONE',  ( 0.0000000000000000000, 0.7071067811865513475, 0.7071067811865436870 ) ) ;
#12093 = EDGE_LOOP ( 'NONE', ( #9420, #9703, #395, #9949 ) ) ;
#12094 = VERTEX_POINT ( 'NONE', #576 ) ;
#12095 = DIRECTION ( 'NONE',  ( 0.0000000000000000000, 1.000000000000000000, 0.0000000000000000000 ) ) ;
#12096 = DIRECTION ( 'NONE',  ( 0.0000000000000000000, 0.0000000000000000000, 1.000000000000000000 ) ) ;
#12097 = DIRECTION ( 'NONE',  ( 0.0000000000000000000, 1.000000000000000000, 0.0000000000000000000 ) ) ;
#12098 = EDGE_CURVE ( 'NONE', #4622, #6678, #1477, .T. ) ;
#12099 = DIRECTION ( 'NONE',  ( -8.833616147085623967E-14, -8.220413448603023570E-18, 1.000000000000000000 ) ) ;
#12100 = VECTOR ( 'NONE', #3896, 39.37007874015748143 ) ;
#12101 = EDGE_CURVE ( 'NONE', #13137, #5671, #12763, .T. ) ;
#12102 = CARTESIAN_POINT ( 'NONE',  ( 0.3468140392252720416, 0.1555589999168270066, 0.2062465204682520925 ) ) ;
#12103 = EDGE_LOOP ( 'NONE', ( #1771, #1216, #10879, #6419, #6577 ) ) ;
#12104 = LINE ( 'NONE', #8135, #3060 ) ;
#12105 = EDGE_CURVE ( 'NONE', #8444, #9073, #9903, .T. ) ;
#12106 = CARTESIAN_POINT ( 'NONE',  ( 0.1027195510362847869, 0.1555589999168269788, 0.2732150244052707899 ) ) ;
#12107 = CARTESIAN_POINT ( 'NONE',  ( 0.2216368973819992649, 0.5488435097386681338, 0.4243961267674756233 ) ) ;
#12108 = ORIENTED_EDGE ( 'NONE', *, *, #8331, .F. ) ;
#12109 = LINE ( 'NONE', #7877, #153 ) ;
#12110 = LINE ( 'NONE', #8343, #7193 ) ;
#12111 = AXIS2_PLACEMENT_3D ( 'NONE', #5517, #7642, #4365 ) ;
#12112 = DIRECTION ( 'NONE',  ( 0.0000000000000000000, 1.000000000000000000, 0.0000000000000000000 ) ) ;
#12113 = LENGTH_MEASURE_WITH_UNIT ( LENGTH_MEASURE( 0.02539999999999999897 ), #12987 );
#12114 = DIRECTION ( 'NONE',  ( -1.000000000000000000, -1.408738150179760326E-16, 6.014894242100891138E-18 ) ) ;
#12115 = SURFACE_STYLE_USAGE ( .BOTH. , #10265 ) ;
#12116 = FACE_OUTER_BOUND ( 'NONE', #12882, .T. ) ;
#12117 = EDGE_CURVE ( 'NONE', #11817, #1659, #1537, .T. ) ;
#12118 = DIRECTION ( 'NONE',  ( 3.518308117683322415E-16, -1.000000000000000000, 4.163336342344337027E-16 ) ) ;
#12119 = CARTESIAN_POINT ( 'NONE',  ( 0.2405148266268503088, 0.1555589999168270621, 0.4456559692871469025 ) ) ;
#12120 = COLOUR_RGB ( '',0.7607843137254901578, 0.7607843137254901578, 0.0000000000000000000 ) ;
#12121 = ORIENTED_EDGE ( 'NONE', *, *, #4486, .T. ) ;
#12122 = DIRECTION ( 'NONE',  ( 1.000000000000000000, 1.316334802367150653E-16, -1.608386623408235030E-17 ) ) ;
#12123 = DIRECTION ( 'NONE',  ( -0.0000000000000000000, -0.0000000000000000000, -1.000000000000000000 ) ) ;
#12124 = VECTOR ( 'NONE', #8291, 39.37007874015748143 ) ;
#12125 = DIRECTION ( 'NONE',  ( -1.000000000000000000, 0.0000000000000000000, 0.0000000000000000000 ) ) ;
#12126 = ORIENTED_EDGE ( 'NONE', *, *, #1424, .F. ) ;
#12127 = LINE ( 'NONE', #11090, #5950 ) ;
#12128 = ORIENTED_EDGE ( 'NONE', *, *, #11348, .T. ) ;
#12129 = ORIENTED_EDGE ( 'NONE', *, *, #12719, .F. ) ;
#12130 = ORIENTED_EDGE ( 'NONE', *, *, #7306, .T. ) ;
#12131 = LINE ( 'NONE', #12873, #9617 ) ;
#12132 = CARTESIAN_POINT ( 'NONE',  ( 0.3444518345008468208, 0.05713380306641541867, 0.2515614810981877114 ) ) ;
#12133 = DIRECTION ( 'NONE',  ( 1.000000000000000000, 3.518308117683323401E-16, 2.626713979715459264E-16 ) ) ;
#12134 = CARTESIAN_POINT ( 'NONE',  ( 0.2483888423748524532, 0.7897218048774069521, 0.2669158118068501451 ) ) ;
#12135 = EDGE_CURVE ( 'NONE', #11747, #5078, #9767, .T. ) ;
#12136 = LINE ( 'NONE', #5766, #7669 ) ;
#12137 = LINE ( 'NONE', #3799, #3849 ) ;
#12138 = FACE_OUTER_BOUND ( 'NONE', #11581, .T. ) ;
#12139 = AXIS2_PLACEMENT_3D ( 'NONE', #8788, #1836, #11931 ) ;
#12140 = VERTEX_POINT ( 'NONE', #446 ) ;
#12141 = ORIENTED_EDGE ( 'NONE', *, *, #7501, .F. ) ;
#12142 = VERTEX_POINT ( 'NONE', #7721 ) ;
#12143 = DIRECTION ( 'NONE',  ( 0.0000000000000000000, 0.0000000000000000000, 1.000000000000000000 ) ) ;
#12144 = CARTESIAN_POINT ( 'NONE',  ( 0.1558691573354937243, 0.3091023070034269460, 0.4515614810981847249 ) ) ;
#12145 = AXIS2_PLACEMENT_3D ( 'NONE', #582, #8813, #7866 ) ;
#12146 = EDGE_CURVE ( 'NONE', #10862, #9834, #4584, .T. ) ;
#12147 = SURFACE_SIDE_STYLE ('',( #847 ) ) ;
#12148 = EDGE_CURVE ( 'NONE', #7537, #5635, #2356, .T. ) ;
#12149 = DIRECTION ( 'NONE',  ( -1.000000000000000000, -3.518308117683325373E-16, -2.626713979715459264E-16 ) ) ;
#12150 = CARTESIAN_POINT ( 'NONE',  ( 0.2326408108788161344, 0.1476849841687954412, 0.3456559692871707390 ) ) ;
#12151 = ORIENTED_EDGE ( 'NONE', *, *, #2589, .T. ) ;
#12152 = CARTESIAN_POINT ( 'NONE',  ( 0.1558691573355116822, 0.2264251416490909163, 0.4515614810981848359 ) ) ;
#12153 = CARTESIAN_POINT ( 'NONE',  ( 0.3920896297764415728, 0.1949290786569807254, 0.3102228984210197438 ) ) ;
#12154 = ORIENTED_EDGE ( 'NONE', *, *, #12658, .T. ) ;
#12155 = DIRECTION ( 'NONE',  ( 0.3511234415875753023, 0.9363291775693507457, -2.975952440747971705E-16 ) ) ;
#12156 = AXIS2_PLACEMENT_3D ( 'NONE', #503, #11114, #7913 ) ;
#12157 = ORIENTED_EDGE ( 'NONE', *, *, #10655, .T. ) ;
#12158 = CARTESIAN_POINT ( 'NONE',  ( 0.2326408108788038387, 0.3760314408617050908, 0.3810890401533105210 ) ) ;
#12159 = ORIENTED_EDGE ( 'NONE', *, *, #9637, .F. ) ;
#12160 = CARTESIAN_POINT ( 'NONE',  ( 0.1027195510362938075, 0.1476849841687954412, 0.3456559692871707390 ) ) ;
#12161 = CARTESIAN_POINT ( 'NONE',  ( 0.2326408108788038387, 0.05713380306642412698, 0.4991992763737758132 ) ) ;
#12162 = ADVANCED_FACE ( 'NONE', ( #11955 ), #10659, .T. ) ;
#12163 = FACE_OUTER_BOUND ( 'NONE', #7256, .T. ) ;
#12164 = STYLED_ITEM ( 'NONE', ( #13393 ), #3609 ) ;
#12165 = CARTESIAN_POINT ( 'NONE',  ( 0.1347607381955349126, 0.4079514893171786172, 0.4991992763737758132 ) ) ;
#12166 = DIRECTION ( 'NONE',  ( 0.3511234415877492743, 0.9363291775692853536, -2.975952440747242502E-16 ) ) ;
#12167 = LINE ( 'NONE', #589, #2051 ) ;
#12168 = LINE ( 'NONE', #10056, #8724 ) ;
#12169 = EDGE_LOOP ( 'NONE', ( #2286, #13191, #1840, #12760 ) ) ;
#12170 = VECTOR ( 'NONE', #2216, 39.37007874015748143 ) ;
#12171 = FILL_AREA_STYLE_COLOUR ( '', #9235 ) ;
#12172 = EDGE_CURVE ( 'NONE', #3406, #7761, #516, .T. ) ;
#12173 = ADVANCED_FACE ( 'NONE', ( #4650 ), #4114, .F. ) ;
#12174 = CARTESIAN_POINT ( 'NONE',  ( 0.2326408108788038387, 0.3839054566097366838, 0.4243961267674756233 ) ) ;
#12175 = DIRECTION ( 'NONE',  ( -0.0000000000000000000, -1.000000000000000000, -0.0000000000000000000 ) ) ;
#12176 =( CONVERSION_BASED_UNIT ( 'INCH', #2587 ) LENGTH_UNIT ( ) NAMED_UNIT ( #5541 ) );
#12177 = EDGE_CURVE ( 'NONE', #294, #1066, #12497, .T. ) ;
#12178 = PLANE ( 'NONE',  #10415 ) ;
#12179 = PLANE ( 'NONE',  #12880 ) ;
#12180 = DIRECTION ( 'NONE',  ( 0.7071067811865513475, -0.7071067811865436870, 0.0000000000000000000 ) ) ;
#12181 = ORIENTED_EDGE ( 'NONE', *, *, #13176, .T. ) ;
#12182 = CARTESIAN_POINT ( 'NONE',  ( 0.3940581337134494433, 0.05713380306642412698, 0.1684906149564564526 ) ) ;
#12183 = DIRECTION ( 'NONE',  ( 2.626713979715461236E-16, -3.747002708109903324E-16, -1.000000000000000000 ) ) ;
#12184 = DIRECTION ( 'NONE',  ( -0.7071067811865475727, 0.7071067811865473507, -2.410737741626303627E-16 ) ) ;
#12185 = ORIENTED_EDGE ( 'NONE', *, *, #7231, .F. ) ;
#12186 = CARTESIAN_POINT ( 'NONE',  ( 0.2326408108788038387, 0.4272125432239180509, 0.4017583314918895532 ) ) ;
#12187 = VERTEX_POINT ( 'NONE', #8272 ) ;
#12188 = ORIENTED_EDGE ( 'NONE', *, *, #8186, .F. ) ;
#12189 = EDGE_CURVE ( 'NONE', #4242, #689, #1072, .T. ) ;
#12190 =( GEOMETRIC_REPRESENTATION_CONTEXT ( 3 ) GLOBAL_UNCERTAINTY_ASSIGNED_CONTEXT ( ( #13308 ) ) GLOBAL_UNIT_ASSIGNED_CONTEXT ( ( #1298, #10492, #7281 ) ) REPRESENTATION_CONTEXT ( 'NONE', 'WORKASPACE' ) );
#12191 = EDGE_CURVE ( 'NONE', #6602, #1154, #1205, .T. ) ;
#12192 = ORIENTED_EDGE ( 'NONE', *, *, #9323, .F. ) ;
#12193 = CARTESIAN_POINT ( 'NONE',  ( 0.2483888423748524532, 0.3760314408617060900, 0.2688843157438651765 ) ) ;
#12194 = DIRECTION ( 'NONE',  ( -1.000000000000000000, 1.937287448275558121E-17, 0.0000000000000000000 ) ) ;
#12195 = SURFACE_STYLE_FILL_AREA ( #10967 ) ;
#12196 = VECTOR ( 'NONE', #4586, 39.37007874015748143 ) ;
#12197 = CARTESIAN_POINT ( 'NONE',  ( 0.3625620707213383920, 0.3130393148774570644, 0.4850260480273042574 ) ) ;
#12198 = VECTOR ( 'NONE', #9179, 39.37007874015748143 ) ;
#12199 = DIRECTION ( 'NONE',  ( 3.376070039848299626E-16, -1.000000000000000000, 4.302114220422482087E-16 ) ) ;
#12200 = ORIENTED_EDGE ( 'NONE', *, *, #1243, .F. ) ;
#12201 = PRODUCT_DEFINITION_CONTEXT ( 'detailed design', #1242, 'design' ) ;
#12202 = DIRECTION ( 'NONE',  ( 0.0000000000000000000, -8.220413448604736877E-18, 1.000000000000000000 ) ) ;
#12203 = VERTEX_POINT ( 'NONE', #11429 ) ;
#12204 = EDGE_CURVE ( 'NONE', #12936, #1509, #9491, .T. ) ;
#12205 = ORIENTED_EDGE ( 'NONE', *, *, #3687, .T. ) ;
#12206 = VECTOR ( 'NONE', #9493, 39.37007874015748143 ) ;
#12207 = MECHANICAL_DESIGN_GEOMETRIC_PRESENTATION_REPRESENTATION (  '', ( #2855 ), #12217 ) ;
#12208 = DIRECTION ( 'NONE',  ( -1.000000000000000000, 1.937287448275630844E-17, -8.833616147085623967E-14 ) ) ;
#12209 = PRESENTATION_LAYER_ASSIGNMENT (  '', '', ( #13066 ) ) ;
#12210 = CARTESIAN_POINT ( 'NONE',  ( 0.2483888423748524532, 0.5295747479483238207, 0.4224276228305008374 ) ) ;
#12211 = DIRECTION ( 'NONE',  ( 1.356991020290373981E-16, -1.000000000000000000, 3.469446951953614189E-16 ) ) ;
#12212 = DIRECTION ( 'NONE',  ( -2.865203769218833733E-48, 8.220413448604590506E-18, -1.000000000000000000 ) ) ;
#12213 = CARTESIAN_POINT ( 'NONE',  ( 0.3625620707213385030, 0.1555589999168271176, 0.4456559692871469025 ) ) ;
#12214 = VERTEX_POINT ( 'NONE', #4243 ) ;
#12215 = DIRECTION ( 'NONE',  ( -3.518308117683322415E-16, 1.000000000000000000, -4.163336342344337027E-16 ) ) ;
#12216 = VECTOR ( 'NONE', #7421, 39.37007874015748143 ) ;
#12217 =( GEOMETRIC_REPRESENTATION_CONTEXT ( 3 ) GLOBAL_UNCERTAINTY_ASSIGNED_CONTEXT ( ( #5368 ) ) GLOBAL_UNIT_ASSIGNED_CONTEXT ( ( #4824, #4889, #9045 ) ) REPRESENTATION_CONTEXT ( 'NONE', 'WORKASPACE' ) );
#12218 = CARTESIAN_POINT ( 'NONE',  ( 0.2483888423748524532, 0.1988660865309974379, 0.3456559692871650769 ) ) ;
#12219 = PRESENTATION_LAYER_ASSIGNMENT (  '', '', ( #4147 ) ) ;
#12220 = ORIENTED_EDGE ( 'NONE', *, *, #3256, .F. ) ;
#12221 = UNCERTAINTY_MEASURE_WITH_UNIT (LENGTH_MEASURE( 1.000000000000000082E-05 ), #1152, 'distance_accuracy_value', 'NONE');
#12222 = DIRECTION ( 'NONE',  ( 2.359223927328456662E-16, -3.885780586188047398E-16, -1.000000000000000000 ) ) ;
#12223 = EDGE_LOOP ( 'NONE', ( #10614, #8359, #11231, #1951 ) ) ;
#12224 = DIRECTION ( 'NONE',  ( -1.000000000000000000, 0.0000000000000000000, 0.0000000000000000000 ) ) ;
#12225 = ADVANCED_FACE ( 'NONE', ( #3302 ), #3103, .F. ) ;
#12226 = VECTOR ( 'NONE', #7799, 39.37007874015748854 ) ;
#12227 = ORIENTED_EDGE ( 'NONE', *, *, #457, .T. ) ;
#12228 = VECTOR ( 'NONE', #12112, 39.37007874015748143 ) ;
#12229 = MECHANICAL_DESIGN_GEOMETRIC_PRESENTATION_REPRESENTATION (  '', ( #3932 ), #9607 ) ;
#12230 =( NAMED_UNIT ( * ) PLANE_ANGLE_UNIT ( ) SI_UNIT ( $, .RADIAN. ) );
#12231 = DIRECTION ( 'NONE',  ( 0.0000000000000000000, 0.0000000000000000000, -1.000000000000000000 ) ) ;
#12232 = DIRECTION ( 'NONE',  ( -1.000000000000000000, 0.0000000000000000000, 0.0000000000000000000 ) ) ;
#12233 = CARTESIAN_POINT ( 'NONE',  ( 0.4098061652095124630, 0.05713380306642412698, 0.5070732921218072953 ) ) ;
#12234 = LINE ( 'NONE', #2015, #1772 ) ;
#12235 = ORIENTED_EDGE ( 'NONE', *, *, #5259, .F. ) ;
#12236 = DIRECTION ( 'NONE',  ( 0.0000000000000000000, 1.000000000000000000, 0.0000000000000000000 ) ) ;
#12237 = VECTOR ( 'NONE', #3571, 39.37007874015748143 ) ;
#12238 = AXIS2_PLACEMENT_3D ( 'NONE', #10707, #10638, #11737 ) ;
#12239 = SURFACE_STYLE_FILL_AREA ( #8138 ) ;
#12240 = CARTESIAN_POINT ( 'NONE',  ( 0.2074316406699106274, 0.5295747119667457703, 0.4243961267674756233 ) ) ;
#12241 = ORIENTED_EDGE ( 'NONE', *, *, #11538, .F. ) ;
#12242 = EDGE_CURVE ( 'NONE', #8821, #5169, #8403, .T. ) ;
#12243 =( NAMED_UNIT ( * ) SI_UNIT ( $, .STERADIAN. ) SOLID_ANGLE_UNIT ( ) );
#12244 = EDGE_CURVE ( 'NONE', #7301, #10290, #7456, .T. ) ;
#12245 = PLANE ( 'NONE',  #1660 ) ;
#12246 = DIRECTION ( 'NONE',  ( -1.608386623408232256E-17, -1.526556658859589750E-16, -1.000000000000000000 ) ) ;
#12247 = CARTESIAN_POINT ( 'NONE',  ( 0.1027195510362846897, 0.1555589999168270066, 0.4456559692871467915 ) ) ;
#12248 = VECTOR ( 'NONE', #2463, 39.37007874015748143 ) ;
#12249 = VECTOR ( 'NONE', #10756, 39.37007874015748143 ) ;
#12250 = DIRECTION ( 'NONE',  ( 0.0000000000000000000, 0.0000000000000000000, 1.000000000000000000 ) ) ;
#12251 = DIRECTION ( 'NONE',  ( 0.0000000000000000000, 0.0000000000000000000, -1.000000000000000000 ) ) ;
#12252 = FACE_OUTER_BOUND ( 'NONE', #3793, .T. ) ;
#12253 = PRESENTATION_STYLE_ASSIGNMENT (( #1372 ) ) ;
#12254 = EDGE_LOOP ( 'NONE', ( #3900, #8791, #8191, #1628, #3678, #3578, #4907, #1888 ) ) ;
#12255 = DIRECTION ( 'NONE',  ( -9.535965738412071904E-17, 0.7071067811865477948, 0.7071067811865473507 ) ) ;
#12256 = CARTESIAN_POINT ( 'NONE',  ( 0.4098061652095124630, 0.08862986605855729949, 0.5228213236178702594 ) ) ;
#12257 = LINE ( 'NONE', #3856, #4628 ) ;
#12258 = ORIENTED_EDGE ( 'NONE', *, *, #6713, .T. ) ;
#12259 = VERTEX_POINT ( 'NONE', #2291 ) ;
#12260 = AXIS2_PLACEMENT_3D ( 'NONE', #6650, #13418, #7414 ) ;
#12261 = CARTESIAN_POINT ( 'NONE',  ( 0.1145305746583313578, 0.3957164802317839070, 0.4440811661375588248 ) ) ;
#12262 = ADVANCED_FACE ( 'NONE', ( #9436 ), #1104, .T. ) ;
#12263 = ORIENTED_EDGE ( 'NONE', *, *, #1681, .F. ) ;
#12264 = VERTEX_POINT ( 'NONE', #3365 ) ;
#12265 = ORIENTED_EDGE ( 'NONE', *, *, #1950, .T. ) ;
#12266 = DIRECTION ( 'NONE',  ( -2.359223927328456662E-16, 3.885780586188047398E-16, 1.000000000000000000 ) ) ;
#12267 = CARTESIAN_POINT ( 'NONE',  ( 0.3920896297764415728, 0.08862986605855746602, 0.1901441582635394756 ) ) ;
#12268 = DIRECTION ( 'NONE',  ( -1.000000000000000000, -0.0000000000000000000, -0.0000000000000000000 ) ) ;
#12269 = CARTESIAN_POINT ( 'NONE',  ( 0.1558691573354938631, 0.2421731731451573777, 0.2515614810981877114 ) ) ;
#12270 = CARTESIAN_POINT ( 'NONE',  ( 0.3940581337134494433, 0.3957164802317839070, 0.1842386464525194167 ) ) ;
#12271 = AXIS2_PLACEMENT_3D ( 'NONE', #5542, #5401, #10542 ) ;
#12272 =( CONVERSION_BASED_UNIT ( 'INCH', #4136 ) LENGTH_UNIT ( ) NAMED_UNIT ( #13209 ) );
#12273 = ADVANCED_FACE ( 'NONE', ( #9566 ), #239, .F. ) ;
#12274 = EDGE_CURVE ( 'NONE', #6678, #2858, #12629, .T. ) ;
#12275 = VERTEX_POINT ( 'NONE', #12559 ) ;
#12276 = LINE ( 'NONE', #5843, #10755 ) ;
#12277 = EDGE_CURVE ( 'NONE', #7691, #9314, #5388, .T. ) ;
#12278 = EDGE_LOOP ( 'NONE', ( #3184, #8257, #9788, #2797, #3427 ) ) ;
#12279 = ORIENTED_EDGE ( 'NONE', *, *, #6530, .T. ) ;
#12280 = VECTOR ( 'NONE', #4549, 39.37007874015748854 ) ;
#12281 = ORIENTED_EDGE ( 'NONE', *, *, #8945, .F. ) ;
#12282 = LINE ( 'NONE', #12470, #1703 ) ;
#12283 = DIRECTION ( 'NONE',  ( -1.000000000000000000, -1.356991020290373981E-16, 0.0000000000000000000 ) ) ;
#12284 = DIRECTION ( 'NONE',  ( 0.0000000000000000000, 0.9922778767136850586, 0.1240347345890697034 ) ) ;
#12285 = LINE ( 'NONE', #11048, #8516 ) ;
#12286 = CARTESIAN_POINT ( 'NONE',  ( 0.2135097654776352272, 0.5400093426232764893, 0.2669158118068458152 ) ) ;
#12287 = EDGE_CURVE ( 'NONE', #3794, #2520, #2088, .T. ) ;
#12288 = VECTOR ( 'NONE', #2303, 39.37007874015748143 ) ;
#12289 = ORIENTED_EDGE ( 'NONE', *, *, #6762, .T. ) ;
#12290 = LINE ( 'NONE', #11260, #5891 ) ;
#12291 = PLANE ( 'NONE',  #12582 ) ;
#12292 = ORIENTED_EDGE ( 'NONE', *, *, #13239, .T. ) ;
#12293 = FACE_OUTER_BOUND ( 'NONE', #764, .T. ) ;
#12294 = LINE ( 'NONE', #2961, #1519 ) ;
#12295 = ORIENTED_EDGE ( 'NONE', *, *, #12101, .T. ) ;
#12296 = VECTOR ( 'NONE', #13028, 39.37007874015748143 ) ;
#12297 = ORIENTED_EDGE ( 'NONE', *, *, #12117, .T. ) ;
#12298 = CARTESIAN_POINT ( 'NONE',  ( 0.4098061652095124630, 0.1988660865309964110, 0.4007740795233891706 ) ) ;
#12299 = EDGE_CURVE ( 'NONE', #11227, #3576, #11492, .T. ) ;
#12300 = DIRECTION ( 'NONE',  ( -1.000000000000000000, -0.0000000000000000000, -0.0000000000000000000 ) ) ;
#12301 = VERTEX_POINT ( 'NONE', #4185 ) ;
#12302 = LINE ( 'NONE', #11141, #1558 ) ;
#12303 = CARTESIAN_POINT ( 'NONE',  ( 0.2562628581229025593, 0.08075585031050638851, 0.4515614810981848914 ) ) ;
#12304 = ORIENTED_EDGE ( 'NONE', *, *, #11929, .F. ) ;
#12305 = CARTESIAN_POINT ( 'NONE',  ( 0.2326408108788038387, 0.5610708109404453081, 0.3456559692871650769 ) ) ;
#12306 = ORIENTED_EDGE ( 'NONE', *, *, #8637, .F. ) ;
#12307 = DIRECTION ( 'NONE',  ( 0.0000000000000000000, 0.0000000000000000000, 1.000000000000000000 ) ) ;
#12308 = FACE_OUTER_BOUND ( 'NONE', #4413, .T. ) ;
#12309 = VECTOR ( 'NONE', #2709, 39.37007874015748143 ) ;
#12310 = PLANE ( 'NONE',  #9059 ) ;
#12311 = FILL_AREA_STYLE_COLOUR ( '', #1514 ) ;
#12312 = LINE ( 'NONE', #6168, #6336 ) ;
#12313 = EDGE_CURVE ( 'NONE', #13290, #9233, #10326, .T. ) ;
#12314 = CARTESIAN_POINT ( 'NONE',  ( 0.2326408108788038387, 0.5728818345624925312, 0.3456559692871650769 ) ) ;
#12315 = EDGE_CURVE ( 'NONE', #7837, #3247, #6362, .T. ) ;
#12316 = EDGE_LOOP ( 'NONE', ( #3368, #1419, #7955, #4623 ) ) ;
#12317 = DIRECTION ( 'NONE',  ( -3.376070039848299626E-16, 1.000000000000000000, -4.302114220422482087E-16 ) ) ;
#12319 = ORIENTED_EDGE ( 'NONE', *, *, #8051, .F. ) ;
#12318 = UNCERTAINTY_MEASURE_WITH_UNIT (LENGTH_MEASURE( 1.000000000000000082E-05 ), #6488, 'distance_accuracy_value', 'NONE');
#12320 = VECTOR ( 'NONE', #4218, 39.37007874015748143 ) ;
#12321 = DIRECTION ( 'NONE',  ( 0.0000000000000000000, 1.000000000000000000, 0.0000000000000000000 ) ) ;
#12322 = VERTEX_POINT ( 'NONE', #10735 ) ;
#12323 = EDGE_LOOP ( 'NONE', ( #12352, #5205, #837, #10907 ) ) ;
#12324 = DIRECTION ( 'NONE',  ( 2.626713979715461236E-16, -3.747002708109903324E-16, -1.000000000000000000 ) ) ;
#12325 = ORIENTED_EDGE ( 'NONE', *, *, #6977, .T. ) ;
#12326 = CARTESIAN_POINT ( 'NONE',  ( 0.2458483515037334644, 0.5467381059859882653, 0.2669158118068456487 ) ) ;
#12327 = CARTESIAN_POINT ( 'NONE',  ( 0.07319199198118010730, 0.1476849841687954412, 0.4554984889722087371 ) ) ;
#12328 = CARTESIAN_POINT ( 'NONE',  ( 0.2405148266268503643, 0.3091023070034268905, 0.2397504574761404328 ) ) ;
#12329 = VECTOR ( 'NONE', #10966, 39.37007874015748854 ) ;
#12330 = FACE_OUTER_BOUND ( 'NONE', #12731, .T. ) ;
#12331 = VECTOR ( 'NONE', #9589, 39.37007874015748143 ) ;
#12332 = DIRECTION ( 'NONE',  ( -0.3511234415885083893, 0.9363291775690008034, -4.820554145996744144E-16 ) ) ;
#12333 = ADVANCED_FACE ( 'NONE', ( #12967 ), #2505, .T. ) ;
#12334 = FACE_OUTER_BOUND ( 'NONE', #13397, .T. ) ;
#12335 = LINE ( 'NONE', #4209, #295 ) ;
#12336 = ORIENTED_EDGE ( 'NONE', *, *, #7850, .F. ) ;
#12337 = ORIENTED_EDGE ( 'NONE', *, *, #253, .F. ) ;
#12338 = VECTOR ( 'NONE', #11884, 39.37007874015748143 ) ;
#12339 = MECHANICAL_DESIGN_GEOMETRIC_PRESENTATION_REPRESENTATION (  '', ( #5116 ), #13184 ) ;
#12340 = EDGE_LOOP ( 'NONE', ( #13359, #11742, #2978, #7604 ) ) ;
#12341 = DIRECTION ( 'NONE',  ( -3.007447121050438636E-18, -2.498001805406601723E-16, -1.000000000000000000 ) ) ;
#12342 = EDGE_CURVE ( 'NONE', #7735, #10766, #12766, .T. ) ;
#12343 = EDGE_CURVE ( 'NONE', #10574, #9435, #5592, .T. ) ;
#12344 = CARTESIAN_POINT ( 'NONE',  ( 0.2483888423748524532, 0.3760314408617060900, 0.2669158118068501451 ) ) ;
#12345 = FACE_OUTER_BOUND ( 'NONE', #8085, .T. ) ;
#12346 = DIRECTION ( 'NONE',  ( -1.000000000000000000, 0.0000000000000000000, 0.0000000000000000000 ) ) ;
#12347 = DIRECTION ( 'NONE',  ( -4.283287147278277996E-17, -1.665334536937734318E-16, -1.000000000000000000 ) ) ;
#12348 = FACE_OUTER_BOUND ( 'NONE', #12254, .T. ) ;
#12349 = EDGE_CURVE ( 'NONE', #9314, #9774, #5728, .T. ) ;
#12350 = MECHANICAL_DESIGN_GEOMETRIC_PRESENTATION_REPRESENTATION (  '', ( #7553 ), #7989 ) ;
#12351 = LINE ( 'NONE', #5507, #3899 ) ;
#12352 = ORIENTED_EDGE ( 'NONE', *, *, #5624, .T. ) ;
#12353 = CARTESIAN_POINT ( 'NONE',  ( 0.3330345116662203897, 0.1555589999168270066, 0.2062465204682520925 ) ) ;
#12354 = EDGE_LOOP ( 'NONE', ( #4353, #5771, #4171, #10457 ) ) ;
#12355 = UNCERTAINTY_MEASURE_WITH_UNIT (LENGTH_MEASURE( 1.000000000000000082E-05 ), #5228, 'distance_accuracy_value', 'NONE');
#12356 = FACE_OUTER_BOUND ( 'NONE', #9313, .T. ) ;
#12357 = DIRECTION ( 'NONE',  ( -1.000000000000000000, 0.0000000000000000000, 0.0000000000000000000 ) ) ;
#12358 = VECTOR ( 'NONE', #5312, 39.37007874015748143 ) ;
#12359 = ADVANCED_FACE ( 'NONE', ( #8866 ), #11699, .F. ) ;
#12360 = ORIENTED_EDGE ( 'NONE', *, *, #3879, .F. ) ;
#12361 = CARTESIAN_POINT ( 'NONE',  ( 0.2326408108788038387, 0.5098897085782487792, 0.4017583314918895532 ) ) ;
#12362 = DIRECTION ( 'NONE',  ( -1.000000000000000000, -3.376070039848300612E-16, -2.359223927328455183E-16 ) ) ;
#12363 = EDGE_CURVE ( 'NONE', #5533, #13005, #9841, .T. ) ;
#12364 = CARTESIAN_POINT ( 'NONE',  ( 0.05547545654809511728, 0.3957164802317839070, 0.5228213236178702594 ) ) ;
#12365 = VECTOR ( 'NONE', #7344, 39.37007874015748143 ) ;
#12366 = ORIENTED_EDGE ( 'NONE', *, *, #8323, .F. ) ;
#12367 = CARTESIAN_POINT ( 'NONE',  ( 0.1385463226898582811, -0.07278745677611146714, 0.2397504574761405161 ) ) ;
#12368 = PLANE ( 'NONE',  #12861 ) ;
#12369 = EDGE_LOOP ( 'NONE', ( #3804, #1023 ) ) ;
#12370 = DIRECTION ( 'NONE',  ( 1.000000000000000000, 0.0000000000000000000, 0.0000000000000000000 ) ) ;
#12371 = ORIENTED_EDGE ( 'NONE', *, *, #3801, .T. ) ;
#12372 = CARTESIAN_POINT ( 'NONE',  ( 0.2326408108788038387, 0.2579212046412327486, 0.3456559692871650769 ) ) ;
#12373 = EDGE_CURVE ( 'NONE', #9935, #326, #8743, .T. ) ;
#12374 = EDGE_LOOP ( 'NONE', ( #3034, #5725, #1322, #2508 ) ) ;
#12375 = CARTESIAN_POINT ( 'NONE',  ( 0.2090187636347128897, 0.4272125432239180509, 0.2905378590509231085 ) ) ;
#12376 = ITEM_DEFINED_TRANSFORMATION ( 'NONE', 'NONE', #3089,  #5463 ) ;
#12377 = DIRECTION ( 'NONE',  ( -1.000000000000000000, -1.174096724532128111E-16, 4.283287147278279845E-17 ) ) ;
#12378 = LINE ( 'NONE', #11291, #12653 ) ;
#12379 = DIRECTION ( 'NONE',  ( -0.0000000000000000000, -1.000000000000000000, -0.0000000000000000000 ) ) ;
#12380 = PLANE ( 'NONE',  #4119 ) ;
#12381 = VECTOR ( 'NONE', #1336, 39.37007874015748143 ) ;
#12382 = ORIENTED_EDGE ( 'NONE', *, *, #4972, .F. ) ;
#12383 = DIRECTION ( 'NONE',  ( 3.518308117683322415E-16, -1.000000000000000000, 4.163336342344337027E-16 ) ) ;
#12384 = VECTOR ( 'NONE', #352, 39.37007874015748143 ) ;
#12385 = ORIENTED_EDGE ( 'NONE', *, *, #10747, .F. ) ;
#12386 = CARTESIAN_POINT ( 'NONE',  ( 0.1027195510362938075, 0.1476849841687954412, 0.4358134496021299764 ) ) ;
#12387 = ORIENTED_EDGE ( 'NONE', *, *, #6565, .T. ) ;
#12388 = VERTEX_POINT ( 'NONE', #518 ) ;
#12389 = EDGE_CURVE ( 'NONE', #7835, #358, #2429, .T. ) ;
#12390 = EDGE_CURVE ( 'NONE', #5590, #10005, #8808, .T. ) ;
#12391 = ORIENTED_EDGE ( 'NONE', *, *, #3765, .F. ) ;
#12392 = PRESENTATION_LAYER_ASSIGNMENT (  '', '', ( #10 ) ) ;
#12393 = CARTESIAN_POINT ( 'NONE',  ( 0.1562628581229039970, 0.08862986605856648659, 0.4515614810981848914 ) ) ;
#12394 = DIRECTION ( 'NONE',  ( 3.518308117683322415E-16, -1.000000000000000000, 4.163336342344337027E-16 ) ) ;
#12395 = DIRECTION ( 'NONE',  ( 1.000000000000000000, 0.0000000000000000000, 0.0000000000000000000 ) ) ;
#12396 = LENGTH_MEASURE_WITH_UNIT ( LENGTH_MEASURE( 0.02539999999999999897 ), #6387 );
#12397 = CARTESIAN_POINT ( 'NONE',  ( 0.2444518345008482030, 0.05713380306641549500, 0.4515614810981848914 ) ) ;
#12398 = ORIENTED_EDGE ( 'NONE', *, *, #381, .F. ) ;
#12399 = ADVANCED_FACE ( 'NONE', ( #5938 ), #4787, .F. ) ;
#12400 = ADVANCED_FACE ( 'NONE', ( #733 ), #1932, .F. ) ;
#12401 = FILL_AREA_STYLE ('',( #6949 ) ) ;
#12403 = LINE ( 'NONE', #8111, #2142 ) ;
#12402 = VECTOR ( 'NONE', #873, 39.37007874015748143 ) ;
#12404 = AXIS2_PLACEMENT_3D ( 'NONE', #11295, #1961, #4941 ) ;
#12405 = DIRECTION ( 'NONE',  ( -1.000000000000000000, 0.0000000000000000000, 0.0000000000000000000 ) ) ;
#12406 = DIRECTION ( 'NONE',  ( 3.518308117683322415E-16, -1.000000000000000000, 4.163336342344337027E-16 ) ) ;
#12407 = PLANE ( 'NONE',  #8950 ) ;
#12408 = FACE_OUTER_BOUND ( 'NONE', #8553, .T. ) ;
#12409 = EDGE_LOOP ( 'NONE', ( #4255, #5441, #11922, #149 ) ) ;
#12410 = DIRECTION ( 'NONE',  ( 1.000000000000000000, 3.518308117683325373E-16, 2.626713979715459264E-16 ) ) ;
#12411 = ORIENTED_EDGE ( 'NONE', *, *, #8662, .F. ) ;
#12412 = DIRECTION ( 'NONE',  ( 2.626713979715461236E-16, -3.747002708109903324E-16, -1.000000000000000000 ) ) ;
#12413 = ORIENTED_EDGE ( 'NONE', *, *, #8136, .F. ) ;
#12414 = CARTESIAN_POINT ( 'NONE',  ( 0.1145305746583313578, 0.3957164802317839070, 0.4440811661375588248 ) ) ;
#12415 = ORIENTED_EDGE ( 'NONE', *, *, #3801, .F. ) ;
#12416 = AXIS2_PLACEMENT_3D ( 'NONE', #11630, #9360, #6157 ) ;
#12417 = EDGE_CURVE ( 'NONE', #12264, #12525, #10783, .T. ) ;
#12418 = VERTEX_POINT ( 'NONE', #8992 ) ;
#12419 = DIRECTION ( 'NONE',  ( -1.937287448275560894E-17, -1.000000000000000000, -8.220413448604736877E-18 ) ) ;
#12420 = LINE ( 'NONE', #7102, #8304 ) ;
#12421 = DIRECTION ( 'NONE',  ( -0.0000000000000000000, -0.0000000000000000000, -1.000000000000000000 ) ) ;
#12422 = CIRCLE ( 'NONE', #8496, 0.02165354330709375746 ) ;
#12423 = DIRECTION ( 'NONE',  ( 1.000000000000000000, 0.0000000000000000000, 0.0000000000000000000 ) ) ;
#12424 = EDGE_CURVE ( 'NONE', #9122, #4133, #565, .T. ) ;
#12425 = LINE ( 'NONE', #10251, #8484 ) ;
#12426 = ADVANCED_FACE ( 'NONE', ( #5710 ), #7911, .T. ) ;
#12427 = CARTESIAN_POINT ( 'NONE',  ( 0.1558691573355117932, 0.2264251416490908608, 0.2397504574761404605 ) ) ;
#12428 = EDGE_LOOP ( 'NONE', ( #3192, #5478, #7076, #9805, #6126, #10898, #2075, #4494 ) ) ;
#12429 = VECTOR ( 'NONE', #10318, 39.37007874015748143 ) ;
#12430 = DIRECTION ( 'NONE',  ( 0.0000000000000000000, -0.1240347345890697311, 0.9922778767136849476 ) ) ;
#12431 = EDGE_CURVE ( 'NONE', #4292, #12275, #9124, .T. ) ;
#12432 = VERTEX_POINT ( 'NONE', #13230 ) ;
#12433 = AXIS2_PLACEMENT_3D ( 'NONE', #3413, #12613, #8656 ) ;
#12434 = CIRCLE ( 'NONE', #6552, 0.07874015748031495954 ) ;
#12435 = DIRECTION ( 'NONE',  ( -2.359223927328456662E-16, 3.885780586188047398E-16, 1.000000000000000000 ) ) ;
#12436 = VECTOR ( 'NONE', #8542, 39.37007874015748143 ) ;
#12437 = ORIENTED_EDGE ( 'NONE', *, *, #4582, .F. ) ;
#12438 = FACE_OUTER_BOUND ( 'NONE', #2665, .T. ) ;
#12439 = CARTESIAN_POINT ( 'NONE',  ( 0.2483888423748524532, 0.8723989702317377359, 0.3062858905470076665 ) ) ;
#12440 = DIRECTION ( 'NONE',  ( 1.000000000000000000, 1.408738150179760326E-16, -6.014894242100891138E-18 ) ) ;
#12441 = PLANE ( 'NONE',  #717 ) ;
#12442 = PRESENTATION_STYLE_ASSIGNMENT (( #11223 ) ) ;
#12443 = DIRECTION ( 'NONE',  ( 1.937287448275561202E-17, 1.000000000000000000, 8.220413448604590506E-18 ) ) ;
#12444 = VECTOR ( 'NONE', #1813, 39.37007874015748143 ) ;
#12445 =( GEOMETRIC_REPRESENTATION_CONTEXT ( 3 ) GLOBAL_UNCERTAINTY_ASSIGNED_CONTEXT ( ( #11676 ) ) GLOBAL_UNIT_ASSIGNED_CONTEXT ( ( #9992, #10124, #11079 ) ) REPRESENTATION_CONTEXT ( 'NONE', 'WORKASPACE' ) );
#12446 = ORIENTED_EDGE ( 'NONE', *, *, #7909, .F. ) ;
#12447 = CARTESIAN_POINT ( 'NONE',  ( 0.2405148266268504198, 0.1555589999168270066, 0.2515614810981769423 ) ) ;
#12448 = ADVANCED_FACE ( 'NONE', ( #9889 ), #5921, .F. ) ;
#12449 = PLANE ( 'NONE',  #4802 ) ;
#12450 = VERTEX_POINT ( 'NONE', #8034 ) ;
#12451 = CARTESIAN_POINT ( 'NONE',  ( 0.3330345116662202787, 0.1555589999168269788, 0.4062858905469893811 ) ) ;
#12452 = ORIENTED_EDGE ( 'NONE', *, *, #10312, .F. ) ;
#12453 = VERTEX_POINT ( 'NONE', #7014 ) ;
#12454 = CARTESIAN_POINT ( 'NONE',  ( 0.3586250628473005575, 0.1988660865309974379, 0.3456559692871650769 ) ) ;
#12455 = CONICAL_SURFACE ( 'NONE', #2229, 0.07874015748031495954, 0.1651486774145597969 ) ;
#12456 = ORIENTED_EDGE ( 'NONE', *, *, #3292, .F. ) ;
#12457 = VECTOR ( 'NONE', #2127, 39.37007874015748143 ) ;
#12458 = DIRECTION ( 'NONE',  ( 0.0000000000000000000, 0.0000000000000000000, 1.000000000000000000 ) ) ;
#12459 = CARTESIAN_POINT ( 'NONE',  ( 0.2405148266268501978, 0.2756377400743056927, 0.5657347094446253388 ) ) ;
#12460 = CARTESIAN_POINT ( 'NONE',  ( 0.03972742505202855878, 0.2185511259010752549, 0.3614040007832317047 ) ) ;
#12461 = DIRECTION ( 'NONE',  ( 1.000000000000000000, -1.937287448275558121E-17, 0.0000000000000000000 ) ) ;
#12462 = CARTESIAN_POINT ( 'NONE',  ( 0.2405148266268503643, 0.3681574251136630616, 0.2397504574761404328 ) ) ;
#12463 = ADVANCED_FACE ( 'NONE', ( #6883 ), #5847, .T. ) ;
#12464 = VECTOR ( 'NONE', #12721, 39.37007874015748143 ) ;
#12465 = VERTEX_POINT ( 'NONE', #11186 ) ;
#12466 = VERTEX_POINT ( 'NONE', #22 ) ;
#12467 = LINE ( 'NONE', #10497, #3059 ) ;
#12468 = CIRCLE ( 'NONE', #12260, 0.05511811023622047168 ) ;
#12469 = DIRECTION ( 'NONE',  ( -0.5773502691896278405, -0.5773502691896216232, 0.5773502691896278405 ) ) ;
#12470 = CARTESIAN_POINT ( 'NONE',  ( 0.2090187636347251854, 0.08862986605855742439, 0.2058921897596044936 ) ) ;
#12471 = DIRECTION ( 'NONE',  ( 3.007447121050438636E-18, 2.498001805406601723E-16, 1.000000000000000000 ) ) ;
#12472 = PRESENTATION_STYLE_ASSIGNMENT (( #8114 ) ) ;
#12473 = DIRECTION ( 'NONE',  ( 0.0000000000000000000, 1.000000000000000000, 0.0000000000000000000 ) ) ;
#12474 = CARTESIAN_POINT ( 'NONE',  ( 0.2194338707725896620, 0.5467386531770594971, 0.2669158118068456487 ) ) ;
#12475 = EDGE_CURVE ( 'NONE', #11246, #10712, #12594, .T. ) ;
#12476 = ORIENTED_EDGE ( 'NONE', *, *, #12516, .T. ) ;
#12477 = EDGE_CURVE ( 'NONE', #11815, #1012, #10294, .T. ) ;
#12478 = LINE ( 'NONE', #10510, #3663 ) ;
#12479 = ORIENTED_EDGE ( 'NONE', *, *, #44, .F. ) ;
#12480 = UNCERTAINTY_MEASURE_WITH_UNIT (LENGTH_MEASURE( 1.000000000000000082E-05 ), #5631, 'distance_accuracy_value', 'NONE');
#12481 = PRESENTATION_LAYER_ASSIGNMENT (  '', '', ( #5944 ) ) ;
#12482 = DIRECTION ( 'NONE',  ( 1.000000000000000000, 0.0000000000000000000, 0.0000000000000000000 ) ) ;
#12483 = VERTEX_POINT ( 'NONE', #3067 ) ;
#12484 = ORIENTED_EDGE ( 'NONE', *, *, #12746, .F. ) ;
#12485 = LINE ( 'NONE', #6005, #11270 ) ;
#12486 = LINE ( 'NONE', #8597, #1572 ) ;
#12487 = EDGE_CURVE ( 'NONE', #12078, #8893, #9203, .T. ) ;
#12488 = VERTEX_POINT ( 'NONE', #7221 ) ;
#12489 = CARTESIAN_POINT ( 'NONE',  ( 0.3920896297764415728, 0.2677637243262694922, 0.4539236858225998428 ) ) ;
#12490 = ORIENTED_EDGE ( 'NONE', *, *, #10865, .T. ) ;
#12491 = CARTESIAN_POINT ( 'NONE',  ( 0.3208297872567558162, -0.05703942528003588114, 0.2515614810981877669 ) ) ;
#12492 = CARTESIAN_POINT ( 'NONE',  ( 0.2326408108788038387, 0.5295747479483139397, 0.2669158118068457042 ) ) ;
#12493 = EDGE_LOOP ( 'NONE', ( #729, #10698, #8704, #12121 ) ) ;
#12494 = AXIS2_PLACEMENT_3D ( 'NONE', #13138, #4882, #3725 ) ;
#12495 = CARTESIAN_POINT ( 'NONE',  ( 0.05547545654809511728, 0.08862986605855727174, 0.2078606936966140017 ) ) ;
#12496 = ORIENTED_EDGE ( 'NONE', *, *, #6847, .T. ) ;
#12497 = LINE ( 'NONE', #10531, #10259 ) ;
#12498 = DIRECTION ( 'NONE',  ( -6.014894242100855701E-18, -2.498001805406601723E-16, -1.000000000000000000 ) ) ;
#12499 = ORIENTED_EDGE ( 'NONE', *, *, #5956, .T. ) ;
#12500 = DIRECTION ( 'NONE',  ( 3.376070039848301106E-16, -1.000000000000000000, 4.302114220422481101E-16 ) ) ;
#12501 = EDGE_CURVE ( 'NONE', #4361, #7838, #4016, .T. ) ;
#12502 = EDGE_CURVE ( 'NONE', #7484, #3443, #11395, .T. ) ;
#12503 = PRESENTATION_STYLE_ASSIGNMENT (( #2092 ) ) ;
#12504 = CARTESIAN_POINT ( 'NONE',  ( 0.2326408108788038387, 0.5295747479483139397, 0.3456559692871650769 ) ) ;
#12505 =( NAMED_UNIT ( * ) SI_UNIT ( $, .STERADIAN. ) SOLID_ANGLE_UNIT ( ) );
#12506 = EDGE_CURVE ( 'NONE', #5391, #10840, #2057, .T. ) ;
#12507 = ORIENTED_EDGE ( 'NONE', *, *, #9427, .F. ) ;
#12508 = LINE ( 'NONE', #10472, #11772 ) ;
#12509 = DIMENSIONAL_EXPONENTS ( 1.000000000000000000, 0.0000000000000000000, 0.0000000000000000000, 0.0000000000000000000, 0.0000000000000000000, 0.0000000000000000000, 0.0000000000000000000 ) ;
#12510 = ORIENTED_EDGE ( 'NONE', *, *, #6251, .T. ) ;
#12511 = CARTESIAN_POINT ( 'NONE',  ( 0.1361841179654072198, 0.3760314408617060900, 0.2688843157438651765 ) ) ;
#12512 = ORIENTED_EDGE ( 'NONE', *, *, #4794, .F. ) ;
#12513 = VERTEX_POINT ( 'NONE', #9329 ) ;
#12514 = ORIENTED_EDGE ( 'NONE', *, *, #3982, .T. ) ;
#12515 = CARTESIAN_POINT ( 'NONE',  ( 0.1385463226898582811, -0.07278745677611141163, 0.4397504574761376683 ) ) ;
#12516 = EDGE_CURVE ( 'NONE', #4836, #2010, #913, .T. ) ;
#12517 = DIRECTION ( 'NONE',  ( 0.0000000000000000000, -1.000000000000000000, 0.0000000000000000000 ) ) ;
#12518 = DIRECTION ( 'NONE',  ( 3.518308117683322415E-16, -1.000000000000000000, 4.163336342344337027E-16 ) ) ;
#12519 = FACE_OUTER_BOUND ( 'NONE', #4000, .T. ) ;
#12520 = DIRECTION ( 'NONE',  ( 0.0000000000000000000, 0.0000000000000000000, 1.000000000000000000 ) ) ;
#12521 = CARTESIAN_POINT ( 'NONE',  ( 0.1027195510362948483, 0.3583149054286423607, 0.4972307724367678317 ) ) ;
#12522 = CARTESIAN_POINT ( 'NONE',  ( 0.1444518345008675708, 0.05713380306640643974, 0.2515614810981877114 ) ) ;
#12523 = CARTESIAN_POINT ( 'NONE',  ( 0.1164990785953285146, 0.7897218048774069521, 0.2669158118068501451 ) ) ;
#12524 = DIRECTION ( 'NONE',  ( 4.055465256288980451E-16, -0.7071067811865474617, -0.7071067811865474617 ) ) ;
#12525 = VERTEX_POINT ( 'NONE', #7419 ) ;
#12526 = DIRECTION ( 'NONE',  ( 1.000000000000000000, 1.174096724532128111E-16, -4.283287147278279845E-17 ) ) ;
#12527 = ORIENTED_EDGE ( 'NONE', *, *, #5443, .T. ) ;
#12528 = VERTEX_POINT ( 'NONE', #10358 ) ;
#12529 = DIRECTION ( 'NONE',  ( 2.626713979715461236E-16, -3.747002708109903324E-16, -1.000000000000000000 ) ) ;
#12530 = VECTOR ( 'NONE', #1332, 39.37007874015748143 ) ;
#12531 = EDGE_CURVE ( 'NONE', #2760, #7674, #1044, .T. ) ;
#12532 = VECTOR ( 'NONE', #3842, 39.37007874015748143 ) ;
#12533 = PLANE ( 'NONE',  #2099 ) ;
#12534 = CARTESIAN_POINT ( 'NONE',  ( 0.3920896297764415728, 0.05713380306642412698, 0.4991992763737758132 ) ) ;
#12535 = DIRECTION ( 'NONE',  ( -0.7071067811865476838, 0.7071067811865474617, -1.745088153485699165E-16 ) ) ;
#12536 = FILL_AREA_STYLE ('',( #11326 ) ) ;
#12537 = ORIENTED_EDGE ( 'NONE', *, *, #3996, .F. ) ;
#12538 = CARTESIAN_POINT ( 'NONE',  ( 0.3920896297764415728, 0.08862986605855723010, 0.2078606936966140017 ) ) ;
#12539 = VECTOR ( 'NONE', #7698, 39.37007874015748143 ) ;
#12540 = EDGE_LOOP ( 'NONE', ( #9416, #10906, #9022, #825, #13086, #1138 ) ) ;
#12541 = COLOUR_RGB ( '',0.7607843137254901578, 0.7607843137254901578, 0.0000000000000000000 ) ;
#12542 = ORIENTED_EDGE ( 'NONE', *, *, #12857, .T. ) ;
#12543 = CARTESIAN_POINT ( 'NONE',  ( 0.3625620707213385030, 0.1555589999168271176, 0.4062465204682492170 ) ) ;
#12544 = EDGE_CURVE ( 'NONE', #7720, #941, #8236, .T. ) ;
#12545 = EDGE_CURVE ( 'NONE', #9090, #12933, #12467, .T. ) ;
#12546 = DIRECTION ( 'NONE',  ( 0.3511234415894408656, -0.9363291775686509721, 1.372885316240195410E-16 ) ) ;
#12547 = PLANE ( 'NONE',  #4726 ) ;
#12548 = CARTESIAN_POINT ( 'NONE',  ( 0.3100686324011193706, 0.4049028319378190632, 0.4033987514393929663 ) ) ;
#12549 = PRESENTATION_LAYER_ASSIGNMENT (  '', '', ( #1479 ) ) ;
#12550 = PRESENTATION_STYLE_ASSIGNMENT (( #7308 ) ) ;
#12551 = SURFACE_STYLE_FILL_AREA ( #7448 ) ;
#12552 = LINE ( 'NONE', #7515, #862 ) ;
#12553 = ORIENTED_EDGE ( 'NONE', *, *, #7366, .T. ) ;
#12554 = ORIENTED_EDGE ( 'NONE', *, *, #3624, .T. ) ;
#12555 = LINE ( 'NONE', #5385, #3985 ) ;
#12556 = DIRECTION ( 'NONE',  ( 0.0000000000000000000, 8.220413448604736877E-18, -1.000000000000000000 ) ) ;
#12557 = EDGE_LOOP ( 'NONE', ( #4894, #12867, #2025, #10829, #9644 ) ) ;
#12558 = VECTOR ( 'NONE', #7494, 39.37007874015748143 ) ;
#12559 = CARTESIAN_POINT ( 'NONE',  ( 0.07319199198116600746, 0.05713380306642399514, 0.4873882527517284236 ) ) ;
#12560 = DIRECTION ( 'NONE',  ( 0.0000000000000000000, -1.000000000000000000, 0.0000000000000000000 ) ) ;
#12561 = ORIENTED_EDGE ( 'NONE', *, *, #12349, .T. ) ;
#12562 = EDGE_CURVE ( 'NONE', #10420, #9214, #11461, .T. ) ;
#12563 = DIRECTION ( 'NONE',  ( 4.283287147278277996E-17, 1.665334536937734318E-16, 1.000000000000000000 ) ) ;
#12564 = VECTOR ( 'NONE', #2154, 39.37007874015748143 ) ;
#12565 = DIRECTION ( 'NONE',  ( -1.000000000000000000, -3.376070039848302092E-16, -2.359223927328455183E-16 ) ) ;
#12566 = DIRECTION ( 'NONE',  ( -1.000000000000000000, 0.0000000000000000000, 0.0000000000000000000 ) ) ;
#12567 = FILL_AREA_STYLE_COLOUR ( '', #473 ) ;
#12568 = EDGE_CURVE ( 'NONE', #4666, #6111, #1172, .T. ) ;
#12569 = ORIENTED_EDGE ( 'NONE', *, *, #12658, .F. ) ;
#12570 = EDGE_CURVE ( 'NONE', #9495, #11677, #5291, .T. ) ;
#12571 = LINE ( 'NONE', #2102, #3358 ) ;
#12572 = ORIENTED_EDGE ( 'NONE', *, *, #3881, .F. ) ;
#12573 = ORIENTED_EDGE ( 'NONE', *, *, #8253, .F. ) ;
#12574 = VECTOR ( 'NONE', #4083, 39.37007874015748854 ) ;
#12575 = PLANE ( 'NONE',  #8884 ) ;
#12576 = VERTEX_POINT ( 'NONE', #8173 ) ;
#12577 = EDGE_CURVE ( 'NONE', #1489, #8372, #986, .T. ) ;
#12578 = LINE ( 'NONE', #3248, #472 ) ;
#12579 = FILL_AREA_STYLE ('',( #2310 ) ) ;
#12580 = PRESENTATION_STYLE_ASSIGNMENT (( #198 ) ) ;
#12581 = PLANE ( 'NONE',  #8537 ) ;
#12582 = AXIS2_PLACEMENT_3D ( 'NONE', #7922, #10232, #2957 ) ;
#12583 = FACE_OUTER_BOUND ( 'NONE', #11091, .T. ) ;
#12584 = CARTESIAN_POINT ( 'NONE',  ( 0.2326408108788038387, 0.7776062440113159502, 0.3456559692871650769 ) ) ;
#12585 = DIRECTION ( 'NONE',  ( 1.000000000000000000, 1.408738150179760326E-16, -6.014894242100891138E-18 ) ) ;
#12586 = DIRECTION ( 'NONE',  ( 0.0000000000000000000, -1.000000000000000000, 0.0000000000000000000 ) ) ;
#12587 = VECTOR ( 'NONE', #3847, 39.37007874015748143 ) ;
#12588 = CARTESIAN_POINT ( 'NONE',  ( 0.2483888423748524532, 0.7897218048774069521, 0.3850260480273225983 ) ) ;
#12589 = EDGE_CURVE ( 'NONE', #12142, #6736, #8436, .T. ) ;
#12590 = EDGE_CURVE ( 'NONE', #4396, #9842, #6130, .T. ) ;
#12591 = ORIENTED_EDGE ( 'NONE', *, *, #7459, .F. ) ;
#12592 = ORIENTED_EDGE ( 'NONE', *, *, #10339, .F. ) ;
#12593 = EDGE_CURVE ( 'NONE', #9741, #4363, #88, .T. ) ;
#12594 = LINE ( 'NONE', #6190, #10025 ) ;
#12595 = VECTOR ( 'NONE', #3752, 39.37007874015748854 ) ;
#12596 = DIRECTION ( 'NONE',  ( 0.5773502691896258421, -0.5773502691896255090, 0.5773502691896260641 ) ) ;
#12597 = MANIFOLD_SOLID_BREP ( 'Fillet1', #2554 ) ;
#12598 = DIRECTION ( 'NONE',  ( 1.000000000000000000, 0.0000000000000000000, 0.0000000000000000000 ) ) ;
#12599 = LINE ( 'NONE', #421, #10359 ) ;
#12600 = LINE ( 'NONE', #8581, #2 ) ;
#12601 = DIRECTION ( 'NONE',  ( 0.0000000000000000000, 0.0000000000000000000, -1.000000000000000000 ) ) ;
#12602 =( LENGTH_UNIT ( ) NAMED_UNIT ( * ) SI_UNIT ( $, .METRE. ) );
#12603 = ORIENTED_EDGE ( 'NONE', *, *, #5148, .F. ) ;
#12604 = FACE_OUTER_BOUND ( 'NONE', #8161, .T. ) ;
#12605 = ORIENTED_EDGE ( 'NONE', *, *, #13242, .F. ) ;
#12606 = EDGE_CURVE ( 'NONE', #8576, #176, #4277, .T. ) ;
#12607 = ORIENTED_EDGE ( 'NONE', *, *, #4641, .F. ) ;
#12608 = EDGE_LOOP ( 'NONE', ( #9636, #1490, #12874, #8435 ) ) ;
#12609 = DIRECTION ( 'NONE',  ( 1.000000000000000000, 0.0000000000000000000, 0.0000000000000000000 ) ) ;
#12610 = ORIENTED_EDGE ( 'NONE', *, *, #103, .F. ) ;
#12611 = ORIENTED_EDGE ( 'NONE', *, *, #10845, .T. ) ;
#12612 = VECTOR ( 'NONE', #11776, 39.37007874015748143 ) ;
#12613 = DIRECTION ( 'NONE',  ( 0.0000000000000000000, 1.000000000000000000, 0.0000000000000000000 ) ) ;
#12614 = DIRECTION ( 'NONE',  ( 1.000000000000000000, 3.518308117683324880E-16, 2.626713979715458771E-16 ) ) ;
#12615 = DIRECTION ( 'NONE',  ( 0.0000000000000000000, 8.220413448604736877E-18, -1.000000000000000000 ) ) ;
#12616 = CARTESIAN_POINT ( 'NONE',  ( 0.05547545654809511728, 0.05713380306642412698, 0.4991992763737758132 ) ) ;
#12617 =( LENGTH_UNIT ( ) NAMED_UNIT ( * ) SI_UNIT ( $, .METRE. ) );
#12618 = SURFACE_STYLE_FILL_AREA ( #3478 ) ;
#12619 = CARTESIAN_POINT ( 'NONE',  ( 0.0000000000000000000, 0.0000000000000000000, 0.0000000000000000000 ) ) ;
#12620 = CARTESIAN_POINT ( 'NONE',  ( 0.07319199198116600746, 0.1476849841687954412, 0.4554984889722087371 ) ) ;
#12621 = VECTOR ( 'NONE', #12529, 39.37007874015748143 ) ;
#12622 = DIRECTION ( 'NONE',  ( 0.0000000000000000000, 1.000000000000000000, 0.0000000000000000000 ) ) ;
#12623 = STYLED_ITEM ( 'NONE', ( #9732 ), #10779 ) ;
#12624 = ORIENTED_EDGE ( 'NONE', *, *, #1440, .T. ) ;
#12625 = SURFACE_SIDE_STYLE ('',( #5063 ) ) ;
#12626 = EDGE_CURVE ( 'NONE', #4665, #3857, #10769, .T. ) ;
#12627 = ORIENTED_EDGE ( 'NONE', *, *, #3226, .F. ) ;
#12628 = VERTEX_POINT ( 'NONE', #3534 ) ;
#12629 = LINE ( 'NONE', #6427, #3719 ) ;
#12630 = LINE ( 'NONE', #5532, #13295 ) ;
#12631 = ORIENTED_EDGE ( 'NONE', *, *, #4857, .T. ) ;
#12632 = VECTOR ( 'NONE', #10933, 39.37007874015748143 ) ;
#12633 = MECHANICAL_DESIGN_GEOMETRIC_PRESENTATION_REPRESENTATION (  '', ( #3278 ), #8494 ) ;
#12634 = CIRCLE ( 'NONE', #9153, 0.05610236220472441387 ) ;
#12635 = DIRECTION ( 'NONE',  ( 0.0000000000000000000, 0.0000000000000000000, 1.000000000000000000 ) ) ;
#12636 = DIRECTION ( 'NONE',  ( -1.000000000000000000, 0.0000000000000000000, 0.0000000000000000000 ) ) ;
#12637 = ORIENTED_EDGE ( 'NONE', *, *, #5000, .F. ) ;
#12638 = EDGE_CURVE ( 'NONE', #4329, #485, #5426, .T. ) ;
#12639 = PRESENTATION_LAYER_ASSIGNMENT (  '', '', ( #2898 ) ) ;
#12640 = EDGE_CURVE ( 'NONE', #2007, #1475, #2476, .T. ) ;
#12641 = STYLED_ITEM ( 'NONE', ( #11622 ), #4669 ) ;
#12642 = VECTOR ( 'NONE', #4280, 39.37007874015748143 ) ;
#12643 = CARTESIAN_POINT ( 'NONE',  ( 0.2385463226898389133, -0.07278745677610248821, 0.2397504574761405161 ) ) ;
#12644 = ORIENTED_EDGE ( 'NONE', *, *, #12274, .F. ) ;
#12645 = AXIS2_PLACEMENT_3D ( 'NONE', #931, #4094, #340 ) ;
#12646 = DIRECTION ( 'NONE',  ( -1.608386623408232256E-17, -1.526556658859589750E-16, -1.000000000000000000 ) ) ;
#12647 = VERTEX_POINT ( 'NONE', #12937 ) ;
#12648 = VERTEX_POINT ( 'NONE', #2740 ) ;
#12649 = DIRECTION ( 'NONE',  ( 1.000000000000000000, 3.376070039848302092E-16, 2.359223927328455183E-16 ) ) ;
#12650 = PRODUCT_DEFINITION_SHAPE ( 'NONE', 'NONE',  #13412 ) ;
#12651 = ORIENTED_EDGE ( 'NONE', *, *, #12966, .T. ) ;
#12652 = VECTOR ( 'NONE', #1595, 39.37007874015748143 ) ;
#12653 = VECTOR ( 'NONE', #4052, 39.37007874015748143 ) ;
#12654 = CARTESIAN_POINT ( 'NONE',  ( 0.2326408108788038387, 0.5295747479483139397, 0.3456559692871650769 ) ) ;
#12655 = CARTESIAN_POINT ( 'NONE',  ( 0.2208297872567573095, -0.05703942528004478374, 0.4515614810981849470 ) ) ;
#12656 = LINE ( 'NONE', #3326, #6072 ) ;
#12657 = LINE ( 'NONE', #11658, #1510 ) ;
#12658 = EDGE_CURVE ( 'NONE', #5895, #8687, #12064, .T. ) ;
#12659 = CARTESIAN_POINT ( 'NONE',  ( 0.2405148266268503088, 0.2264251416490908608, 0.2397504574761404605 ) ) ;
#12660 = FACE_OUTER_BOUND ( 'NONE', #2750, .T. ) ;
#12661 = ORIENTED_EDGE ( 'NONE', *, *, #1424, .T. ) ;
#12662 = DIRECTION ( 'NONE',  ( 0.0000000000000000000, 0.0000000000000000000, 1.000000000000000000 ) ) ;
#12663 = ORIENTED_EDGE ( 'NONE', *, *, #11665, .T. ) ;
#12664 =( NAMED_UNIT ( * ) SI_UNIT ( $, .STERADIAN. ) SOLID_ANGLE_UNIT ( ) );
#12665 = LINE ( 'NONE', #12132, #11359 ) ;
#12666 = CARTESIAN_POINT ( 'NONE',  ( 0.2326408108788161344, 0.1555589999168269233, 0.2554984889721936270 ) ) ;
#12667 = EDGE_CURVE ( 'NONE', #12525, #8793, #2866, .T. ) ;
#12668 = EDGE_CURVE ( 'NONE', #9935, #7175, #5695, .T. ) ;
#12669 = LINE ( 'NONE', #10635, #4038 ) ;
#12670 = VECTOR ( 'NONE', #10209, 39.37007874015748143 ) ;
#12671 = DIRECTION ( 'NONE',  ( 3.007447121050438636E-18, 2.498001805406601723E-16, 1.000000000000000000 ) ) ;
#12672 = CARTESIAN_POINT ( 'NONE',  ( 0.3389400234772336762, 0.3760314408617050908, 0.2590417960588140556 ) ) ;
#12673 = AXIS2_PLACEMENT_3D ( 'NONE', #6227, #2986, #4120 ) ;
#12674 = CARTESIAN_POINT ( 'NONE',  ( 0.2956329368630823962, 0.08862986605855749378, 0.4854197488147191653 ) ) ;
#12675 = CARTESIAN_POINT ( 'NONE',  ( 0.2562628581229026148, 0.08075585031050631912, 0.2515614810981877114 ) ) ;
#12676 = VERTEX_POINT ( 'NONE', #4754 ) ;
#12677 = ADVANCED_FACE ( 'NONE', ( #8021 ), #2803, .F. ) ;
#12678 = DIRECTION ( 'NONE',  ( 1.000000000000000000, 3.376070039848302092E-16, 2.359223927328455183E-16 ) ) ;
#12679 = ORIENTED_EDGE ( 'NONE', *, *, #9384, .T. ) ;
#12680 = DIRECTION ( 'NONE',  ( 0.0000000000000000000, 1.000000000000000000, 0.0000000000000000000 ) ) ;
#12681 = EDGE_LOOP ( 'NONE', ( #1202, #8670, #7138, #6759 ) ) ;
#12682 = VECTOR ( 'NONE', #12184, 39.37007874015748854 ) ;
#12683 = VERTEX_POINT ( 'NONE', #10140 ) ;
#12684 = CARTESIAN_POINT ( 'NONE',  ( 0.4098061652095124630, 0.3957164802317839070, 0.5070732921218072953 ) ) ;
#12685 = FACE_OUTER_BOUND ( 'NONE', #12608, .T. ) ;
#12686 = CARTESIAN_POINT ( 'NONE',  ( 0.3468140392252719861, 0.1555589999168270621, 0.4062465204682492170 ) ) ;
#12687 = PLANE ( 'NONE',  #4073 ) ;
#12688 = FILL_AREA_STYLE ('',( #9828 ) ) ;
#12689 = EDGE_CURVE ( 'NONE', #13278, #11182, #13144, .T. ) ;
#12690 = DIRECTION ( 'NONE',  ( -1.000000000000000000, 1.937287448275558121E-17, 0.0000000000000000000 ) ) ;
#12691 = FACE_OUTER_BOUND ( 'NONE', #1934, .T. ) ;
#12692 = MANIFOLD_SOLID_BREP ( 'Cut-Extrude3', #10805 ) ;
#12693 = AXIS2_PLACEMENT_3D ( 'NONE', #10455, #5124, #1133 ) ;
#12694 = DIRECTION ( 'NONE',  ( 0.0000000000000000000, -1.000000000000000000, 0.0000000000000000000 ) ) ;
#12695 = ORIENTED_EDGE ( 'NONE', *, *, #13016, .F. ) ;
#12696 = ORIENTED_EDGE ( 'NONE', *, *, #3156, .F. ) ;
#12697 = DIRECTION ( 'NONE',  ( 1.356991020290373981E-16, -1.000000000000000000, 3.469446951953614189E-16 ) ) ;
#12698 = LINE ( 'NONE', #5589, #2845 ) ;
#12699 = EDGE_LOOP ( 'NONE', ( #9475, #12032, #7264, #4479 ) ) ;
#12700 = LINE ( 'NONE', #10532, #11791 ) ;
#12701 = VERTEX_POINT ( 'NONE', #7067 ) ;
#12702 = CARTESIAN_POINT ( 'NONE',  ( 0.3290975037921824442, 0.3760314408617060900, 0.2688843157438651765 ) ) ;
#12703 = CARTESIAN_POINT ( 'NONE',  ( 0.2483888423748475960, 0.7897218048774069521, 0.2905378590509508085 ) ) ;
#12704 = EDGE_CURVE ( 'NONE', #9378, #12061, #9111, .T. ) ;
#12705 = DIRECTION ( 'NONE',  ( -0.1240347345890697173, -0.9922778767136848366, 0.0000000000000000000 ) ) ;
#12706 = ORIENTED_EDGE ( 'NONE', *, *, #5136, .F. ) ;
#12707 = PLANE ( 'NONE',  #9144 ) ;
#12708 = VECTOR ( 'NONE', #1153, 39.37007874015748143 ) ;
#12709 = DIRECTION ( 'NONE',  ( 0.0000000000000000000, 0.0000000000000000000, 1.000000000000000000 ) ) ;
#12710 = FACE_OUTER_BOUND ( 'NONE', #6761, .T. ) ;
#12711 = FACE_OUTER_BOUND ( 'NONE', #1055, .T. ) ;
#12712 = EDGE_LOOP ( 'NONE', ( #4199, #3893, #10628, #6174 ) ) ;
#12713 = ORIENTED_EDGE ( 'NONE', *, *, #1027, .F. ) ;
#12714 = LINE ( 'NONE', #10616, #6939 ) ;
#12715 = ORIENTED_EDGE ( 'NONE', *, *, #3183, .F. ) ;
#12716 = FILL_AREA_STYLE_COLOUR ( '', #243 ) ;
#12717 = EDGE_CURVE ( 'NONE', #8088, #8372, #5020, .T. ) ;
#12718 =( NAMED_UNIT ( * ) SI_UNIT ( $, .STERADIAN. ) SOLID_ANGLE_UNIT ( ) );
#12719 = EDGE_CURVE ( 'NONE', #11445, #5078, #3185, .T. ) ;
#12720 = DIRECTION ( 'NONE',  ( -1.000000000000000000, -1.356991020290373981E-16, 0.0000000000000000000 ) ) ;
#12721 = DIRECTION ( 'NONE',  ( -0.5773502691896266192, 0.5773502691896228445, -0.5773502691896278405 ) ) ;
#12722 = LINE ( 'NONE', #6588, #502 ) ;
#12723 = LINE ( 'NONE', #11722, #9565 ) ;
#12724 = LINE ( 'NONE', #338, #7771 ) ;
#12725 = DIRECTION ( 'NONE',  ( 0.0000000000000000000, 0.0000000000000000000, 1.000000000000000000 ) ) ;
#12726 = CARTESIAN_POINT ( 'NONE',  ( 0.2326408108788038387, 0.5295747479483238207, 0.3456559692871650769 ) ) ;
#12727 = ORIENTED_EDGE ( 'NONE', *, *, #11281, .T. ) ;
#12728 = LINE ( 'NONE', #9673, #767 ) ;
#12729 = ORIENTED_EDGE ( 'NONE', *, *, #6492, .F. ) ;
#12730 = ORIENTED_EDGE ( 'NONE', *, *, #1229, .T. ) ;
#12731 = EDGE_LOOP ( 'NONE', ( #10480, #2776, #2834, #1248, #3398, #3244, #7952, #5306, #2706, #10813, #7023, #910 ) ) ;
#12732 =( NAMED_UNIT ( * ) PLANE_ANGLE_UNIT ( ) SI_UNIT ( $, .RADIAN. ) );
#12733 = CARTESIAN_POINT ( 'NONE',  ( 0.2444518345008482307, 0.05713380306641541867, 0.2397504574761404883 ) ) ;
#12734 = ORIENTED_EDGE ( 'NONE', *, *, #1048, .F. ) ;
#12735 = LINE ( 'NONE', #3461, #7418 ) ;
#12736 = EDGE_CURVE ( 'NONE', #11379, #833, #9, .T. ) ;
#12737 = FACE_OUTER_BOUND ( 'NONE', #2638, .T. ) ;
#12738 = CARTESIAN_POINT ( 'NONE',  ( 0.09484553528826229762, 0.1555589999168269788, 0.4810890401532994520 ) ) ;
#12739 = CARTESIAN_POINT ( 'NONE',  ( 0.3807328762937056688, 0.2972912833813901590, 0.4443840128970995007 ) ) ;
#12740 = DIRECTION ( 'NONE',  ( -1.408738150179760326E-16, 1.000000000000000000, -3.469446951953614189E-16 ) ) ;
#12741 = DIRECTION ( 'NONE',  ( 1.316334802367150653E-16, -1.000000000000000000, 1.526556658859589750E-16 ) ) ;
#12742 = ORIENTED_EDGE ( 'NONE', *, *, #10593, .T. ) ;
#12743 = EDGE_LOOP ( 'NONE', ( #4838, #6581, #1235, #10338 ) ) ;
#12744 = ORIENTED_EDGE ( 'NONE', *, *, #6189, .F. ) ;
#12745 = DIRECTION ( 'NONE',  ( 0.0000000000000000000, 1.000000000000000000, 0.0000000000000000000 ) ) ;
#12746 = EDGE_CURVE ( 'NONE', #4095, #498, #11567, .T. ) ;
#12747 = ORIENTED_EDGE ( 'NONE', *, *, #11190, .F. ) ;
#12748 = AXIS2_PLACEMENT_3D ( 'NONE', #6413, #4505, #171 ) ;
#12749 = ADVANCED_FACE ( 'NONE', ( #6112 ), #6303, .F. ) ;
#12750 = PRESENTATION_LAYER_ASSIGNMENT (  '', '', ( #13403 ) ) ;
#12751 = VERTEX_POINT ( 'NONE', #7541 ) ;
#12752 = CARTESIAN_POINT ( 'NONE',  ( 0.1558691573355116822, 0.2264251416490909163, 0.4515614810981848359 ) ) ;
#12753 = CARTESIAN_POINT ( 'NONE',  ( 0.3385463226898374756, -0.07278745677610237719, 0.4397504574761376683 ) ) ;
#12754 = EDGE_CURVE ( 'NONE', #7659, #894, #8690, .T. ) ;
#12755 = DIRECTION ( 'NONE',  ( -1.174096724532128111E-16, 1.000000000000000000, -1.665334536937734318E-16 ) ) ;
#12756 = DIRECTION ( 'NONE',  ( 3.007447121050438636E-18, 2.498001805406601723E-16, 1.000000000000000000 ) ) ;
#12757 = DIRECTION ( 'NONE',  ( -1.316334802367150653E-16, 1.000000000000000000, -1.526556658859589750E-16 ) ) ;
#12758 = VECTOR ( 'NONE', #4953, 39.37007874015748143 ) ;
#12759 = VECTOR ( 'NONE', #7881, 39.37007874015748143 ) ;
#12760 = ORIENTED_EDGE ( 'NONE', *, *, #4246, .T. ) ;
#12761 = LINE ( 'NONE', #443, #10680 ) ;
#12762 = ORIENTED_EDGE ( 'NONE', *, *, #4208, .F. ) ;
#12763 = LINE ( 'NONE', #1415, #11771 ) ;
#12764 = EDGE_LOOP ( 'NONE', ( #4010, #1431, #7673, #4212 ) ) ;
#12765 = ADVANCED_FACE ( 'NONE', ( #10817 ), #1220, .F. ) ;
#12766 = LINE ( 'NONE', #4516, #8918 ) ;
#12767 = VECTOR ( 'NONE', #4969, 39.37007874015748143 ) ;
#12768 = DIRECTION ( 'NONE',  ( 0.7071067811865472397, 0.7071067811865479058, 0.0000000000000000000 ) ) ;
#12769 = ORIENTED_EDGE ( 'NONE', *, *, #6933, .F. ) ;
#12770 = CARTESIAN_POINT ( 'NONE',  ( 0.3625620707213385030, 0.1555589999168270066, 0.4102228984210123386 ) ) ;
#12771 = PLANE ( 'NONE',  #6867 ) ;
#12772 = DIRECTION ( 'NONE',  ( 1.000000000000000000, 3.518308117683324880E-16, 2.626713979715458771E-16 ) ) ;
#12773 = AXIS2_PLACEMENT_3D ( 'NONE', #12119, #9997, #2592 ) ;
#12774 = VERTEX_POINT ( 'NONE', #1291 ) ;
#12775 = DIRECTION ( 'NONE',  ( 1.316334802367150653E-16, -1.000000000000000000, 1.526556658859589750E-16 ) ) ;
#12776 = DIMENSIONAL_EXPONENTS ( 1.000000000000000000, 0.0000000000000000000, 0.0000000000000000000, 0.0000000000000000000, 0.0000000000000000000, 0.0000000000000000000, 0.0000000000000000000 ) ;
#12777 = CARTESIAN_POINT ( 'NONE',  ( 0.3920896297764415728, 0.4575997454093465033, 0.4243961267674801197 ) ) ;
#12778 = PRESENTATION_STYLE_ASSIGNMENT (( #7734 ) ) ;
#12779 = ADVANCED_FACE ( 'NONE', ( #2522 ), #12784, .F. ) ;
#12780 = DIRECTION ( 'NONE',  ( -1.000000000000000000, 1.937287448275558121E-17, 0.0000000000000000000 ) ) ;
#12781 = ORIENTED_EDGE ( 'NONE', *, *, #10296, .F. ) ;
#12782 = ORIENTED_EDGE ( 'NONE', *, *, #8335, .F. ) ;
#12783 = EDGE_LOOP ( 'NONE', ( #4998, #5256, #8760, #10929 ) ) ;
#12784 = PLANE ( 'NONE',  #3495 ) ;
#12785 = VECTOR ( 'NONE', #9698, 39.37007874015748143 ) ;
#12786 = FACE_OUTER_BOUND ( 'NONE', #11715, .T. ) ;
#12787 = PLANE ( 'NONE',  #5023 ) ;
#12788 = DIRECTION ( 'NONE',  ( 1.000000000000000000, 1.408738150179760326E-16, -6.014894242100891138E-18 ) ) ;
#12789 = CARTESIAN_POINT ( 'NONE',  ( 0.3208297872567558162, -0.05703942528003588114, 0.2515614810981877669 ) ) ;
#12790 = LINE ( 'NONE', #2595, #963 ) ;
#12791 = VECTOR ( 'NONE', #6243, 39.37007874015748143 ) ;
#12792 = EDGE_LOOP ( 'NONE', ( #12289, #4700, #2734, #9953, #8501, #735 ) ) ;
#12793 = EDGE_CURVE ( 'NONE', #4361, #11559, #11716, .T. ) ;
#12794 = LINE ( 'NONE', #3455, #4213 ) ;
#12795 = ORIENTED_EDGE ( 'NONE', *, *, #5721, .F. ) ;
#12796 = VERTEX_POINT ( 'NONE', #1492 ) ;
#12797 = ORIENTED_EDGE ( 'NONE', *, *, #8086, .T. ) ;
#12798 = DIRECTION ( 'NONE',  ( 1.000000000000000000, -1.937287448275558121E-17, 0.0000000000000000000 ) ) ;
#12799 = CARTESIAN_POINT ( 'NONE',  ( 0.3330345116662203342, 0.1555589999168270621, 0.4180969141690437652 ) ) ;
#12800 = ORIENTED_EDGE ( 'NONE', *, *, #11918, .F. ) ;
#12801 = PLANE ( 'NONE',  #8750 ) ;
#12802 = VECTOR ( 'NONE', #674, 39.37007874015748143 ) ;
#12803 = DIRECTION ( 'NONE',  ( 1.000000000000000000, 0.0000000000000000000, 0.0000000000000000000 ) ) ;
#12804 = DIRECTION ( 'NONE',  ( 1.000000000000000000, -1.937287448275558121E-17, 0.0000000000000000000 ) ) ;
#12805 = DIRECTION ( 'NONE',  ( -1.000000000000000000, -1.356991020290373981E-16, 1.224646799147353207E-16 ) ) ;
#12806 = CARTESIAN_POINT ( 'NONE',  ( 0.1164990785953285146, 0.7897218048774069521, 0.4243961267674800641 ) ) ;
#12807 = LINE ( 'NONE', #559, #8030 ) ;
#12808 = ORIENTED_EDGE ( 'NONE', *, *, #11591, .T. ) ;
#12809 = AXIS2_PLACEMENT_3D ( 'NONE', #11052, #8045, #2763 ) ;
#12810 = EDGE_CURVE ( 'NONE', #5920, #5824, #12578, .T. ) ;
#12811 = ADVANCED_FACE ( 'NONE', ( #11584 ), #2243, .T. ) ;
#12812 = VERTEX_POINT ( 'NONE', #11912 ) ;
#12813 = VERTEX_POINT ( 'NONE', #535 ) ;
#12814 = VECTOR ( 'NONE', #12851, 39.37007874015748143 ) ;
#12815 = ORIENTED_EDGE ( 'NONE', *, *, #8765, .T. ) ;
#12816 = CARTESIAN_POINT ( 'NONE',  ( 0.2326408108788038387, 0.05713380306642412698, 0.1901441582635394756 ) ) ;
#12817 = LINE ( 'NONE', #6409, #2101 ) ;
#12818 = LINE ( 'NONE', #3356, #6907 ) ;
#12819 = VECTOR ( 'NONE', #9816, 39.37007874015748143 ) ;
#12820 = DIRECTION ( 'NONE',  ( 0.0000000000000000000, 0.0000000000000000000, -1.000000000000000000 ) ) ;
#12821 = DIRECTION ( 'NONE',  ( -1.000000000000000000, -1.316334802367150653E-16, 1.608386623408235030E-17 ) ) ;
#12822 =( NAMED_UNIT ( * ) SI_UNIT ( $, .STERADIAN. ) SOLID_ANGLE_UNIT ( ) );
#12823 = ORIENTED_EDGE ( 'NONE', *, *, #3011, .T. ) ;
#12824 = CARTESIAN_POINT ( 'NONE',  ( 0.1164990785953284869, 0.3760314408617060900, 0.3456559692871650769 ) ) ;
#12825 = EDGE_CURVE ( 'NONE', #8687, #12936, #6985, .T. ) ;
#12826 = ORIENTED_EDGE ( 'NONE', *, *, #794, .T. ) ;
#12827 = CARTESIAN_POINT ( 'NONE',  ( 0.3267352990678009106, -0.07278745677610237719, 0.4515614810981849470 ) ) ;
#12828 = DIRECTION ( 'NONE',  ( -1.174096724532128111E-16, 1.000000000000000000, -1.665334536937734318E-16 ) ) ;
#12829 = VERTEX_POINT ( 'NONE', #11971 ) ;
#12830 = VECTOR ( 'NONE', #8183, 39.37007874015748143 ) ;
#12831 = DIRECTION ( 'NONE',  ( -1.937287448275560894E-17, -1.000000000000000000, -8.220413448604736877E-18 ) ) ;
#12832 = ORIENTED_EDGE ( 'NONE', *, *, #9264, .F. ) ;
#12833 = LINE ( 'NONE', #12770, #8647 ) ;
#12834 = PLANE ( 'NONE',  #4170 ) ;
#12835 = EDGE_CURVE ( 'NONE', #7720, #8282, #6710, .T. ) ;
#12836 =( NAMED_UNIT ( * ) SI_UNIT ( $, .STERADIAN. ) SOLID_ANGLE_UNIT ( ) );
#12837 = VECTOR ( 'NONE', #1607, 39.37007874015748143 ) ;
#12838 = ADVANCED_FACE ( 'NONE', ( #9856 ), #598, .F. ) ;
#12839 = LINE ( 'NONE', #5266, #5482 ) ;
#12840 = FACE_OUTER_BOUND ( 'NONE', #3533, .T. ) ;
#12841 = ADVANCED_FACE ( 'NONE', ( #6856 ), #9990, .F. ) ;
#12842 = CARTESIAN_POINT ( 'NONE',  ( 0.2483888423748524532, 0.3760314408617060900, 0.4224276228305008374 ) ) ;
#12843 = DIRECTION ( 'NONE',  ( 8.833616147085623967E-14, -8.220413448606447103E-18, 1.000000000000000000 ) ) ;
#12844 = VERTEX_POINT ( 'NONE', #10520 ) ;
#12845 = LINE ( 'NONE', #6643, #7047 ) ;
#12846 = VERTEX_POINT ( 'NONE', #1194 ) ;
#12847 = VECTOR ( 'NONE', #4330, 39.37007874015748143 ) ;
#12848 = VECTOR ( 'NONE', #2617, 39.37007874015748143 ) ;
#12849 = ORIENTED_EDGE ( 'NONE', *, *, #1102, .F. ) ;
#12850 = VECTOR ( 'NONE', #1264, 39.37007874015748143 ) ;
#12851 = DIRECTION ( 'NONE',  ( -0.5773502691896266192, 0.5773502691896228445, 0.5773502691896278405 ) ) ;
#12852 = ORIENTED_EDGE ( 'NONE', *, *, #6516, .T. ) ;
#12853 = SURFACE_STYLE_FILL_AREA ( #7473 ) ;
#12854 =( NAMED_UNIT ( * ) SI_UNIT ( $, .STERADIAN. ) SOLID_ANGLE_UNIT ( ) );
#12855 = CARTESIAN_POINT ( 'NONE',  ( 0.2326408108788038387, 0.3760314408617050908, 0.5011677803107907891 ) ) ;
#12856 = DIRECTION ( 'NONE',  ( 1.000000000000000000, -1.937287448275561202E-17, -2.565854121688507820E-49 ) ) ;
#12857 = EDGE_CURVE ( 'NONE', #3363, #2153, #8457, .T. ) ;
#12858 = FACE_BOUND ( 'NONE', #2765, .T. ) ;
#12859 = VECTOR ( 'NONE', #1711, 39.37007874015748143 ) ;
#12860 = AXIS2_PLACEMENT_3D ( 'NONE', #399, #6583, #10751 ) ;
#12861 = AXIS2_PLACEMENT_3D ( 'NONE', #5065, #7045, #1673 ) ;
#12862 = DIRECTION ( 'NONE',  ( 0.3511234415886831939, -0.9363291775689350782, 1.372885316240751311E-16 ) ) ;
#12863 = CARTESIAN_POINT ( 'NONE',  ( 0.2916959289890400653, 0.1083149054286360186, 0.2019551818855939151 ) ) ;
#12864 = ORIENTED_EDGE ( 'NONE', *, *, #4115, .T. ) ;
#12865 = DIRECTION ( 'NONE',  ( 0.0000000000000000000, -8.220413448604736877E-18, 1.000000000000000000 ) ) ;
#12866 = VERTEX_POINT ( 'NONE', #5311 ) ;
#12867 = ORIENTED_EDGE ( 'NONE', *, *, #2591, .F. ) ;
#12868 = VECTOR ( 'NONE', #12565, 39.37007874015748143 ) ;
#12869 = ORIENTED_EDGE ( 'NONE', *, *, #3581, .F. ) ;
#12870 = VECTOR ( 'NONE', #13196, 39.37007874015748143 ) ;
#12871 = VECTOR ( 'NONE', #7489, 39.37007874015748143 ) ;
#12872 = CARTESIAN_POINT ( 'NONE',  ( 0.2326408108788128593, 0.1476849841687953857, 0.1901441582635345628 ) ) ;
#12873 = CARTESIAN_POINT ( 'NONE',  ( 0.2483888423748524532, 0.1988660865309974379, 0.4243961267674800641 ) ) ;
#12874 = ORIENTED_EDGE ( 'NONE', *, *, #11267, .F. ) ;
#12875 = DIRECTION ( 'NONE',  ( 0.0000000000000000000, 0.0000000000000000000, -1.000000000000000000 ) ) ;
#12876 = EDGE_CURVE ( 'NONE', #1598, #7839, #169, .T. ) ;
#12877 = FACE_OUTER_BOUND ( 'NONE', #3079, .T. ) ;
#12878 = FACE_OUTER_BOUND ( 'NONE', #5138, .T. ) ;
#12879 =( GEOMETRIC_REPRESENTATION_CONTEXT ( 3 ) GLOBAL_UNCERTAINTY_ASSIGNED_CONTEXT ( ( #1723 ) ) GLOBAL_UNIT_ASSIGNED_CONTEXT ( ( #7992, #3767, #4723 ) ) REPRESENTATION_CONTEXT ( 'NONE', 'WORKASPACE' ) );
#12880 = AXIS2_PLACEMENT_3D ( 'NONE', #13269, #5960, #11434 ) ;
#12881 = DIRECTION ( 'NONE',  ( 1.000000000000000000, 1.174096724532128111E-16, -4.283287147278279229E-17 ) ) ;
#12882 = EDGE_LOOP ( 'NONE', ( #4730, #9239, #3513, #9981 ) ) ;
#12883 = PRODUCT_DEFINITION_CONTEXT ( 'detailed design', #1670, 'design' ) ;
#12884 = ORIENTED_EDGE ( 'NONE', *, *, #2527, .T. ) ;
#12885 = ORIENTED_EDGE ( 'NONE', *, *, #2626, .T. ) ;
#12886 = EDGE_LOOP ( 'NONE', ( #1983, #9109, #12126, #2241 ) ) ;
#12887 = DIRECTION ( 'NONE',  ( 1.000000000000000000, 3.518308117683325373E-16, 2.626713979715459264E-16 ) ) ;
#12888 = DIRECTION ( 'NONE',  ( -1.000000000000000000, -1.408738150179760326E-16, 6.014894242100891138E-18 ) ) ;
#12889 = AXIS2_PLACEMENT_3D ( 'NONE', #1453, #7493, #1241 ) ;
#12890 = DIRECTION ( 'NONE',  ( 1.937287448275561202E-17, 1.000000000000000000, 8.220413448604590506E-18 ) ) ;
#12891 = DIRECTION ( 'NONE',  ( -1.937287448275561202E-17, -1.000000000000000000, -8.220413448604590506E-18 ) ) ;
#12892 = CARTESIAN_POINT ( 'NONE',  ( 0.2405148266268503088, 0.1555589999168270621, 0.4456559692871469025 ) ) ;
#12893 = EDGE_CURVE ( 'NONE', #11019, #1082, #1878, .T. ) ;
#12894 = DIRECTION ( 'NONE',  ( -1.000000000000000000, -1.316334802367150653E-16, 1.608386623408235030E-17 ) ) ;
#12895 = ADVANCED_FACE ( 'NONE', ( #2276 ), #9421, .T. ) ;
#12896 = CARTESIAN_POINT ( 'NONE',  ( 0.2877589211150314297, 0.2185511259010752549, 0.5228213236178713696 ) ) ;
#12897 = ORIENTED_EDGE ( 'NONE', *, *, #1758, .T. ) ;
#12898 = VECTOR ( 'NONE', #1080, 39.37007874015748143 ) ;
#12899 = ORIENTED_EDGE ( 'NONE', *, *, #3914, .T. ) ;
#12900 = CARTESIAN_POINT ( 'NONE',  ( 0.3385463226898374756, -0.07278745677610237719, 0.4515614810981849470 ) ) ;
#12901 = ORIENTED_EDGE ( 'NONE', *, *, #8552, .T. ) ;
#12902 = DIRECTION ( 'NONE',  ( 1.000000000000000000, 3.376070039848302092E-16, 2.359223927328455183E-16 ) ) ;
#12903 = PLANE ( 'NONE',  #1556 ) ;
#12904 = EDGE_LOOP ( 'NONE', ( #7657, #10794, #2393, #1360 ) ) ;
#12905 = DIRECTION ( 'NONE',  ( -2.273736754432320595E-13, 8.220413448609141864E-18, -1.000000000000000000 ) ) ;
#12906 = VECTOR ( 'NONE', #7314, 39.37007874015748854 ) ;
#12907 = ADVANCED_FACE ( 'NONE', ( #12308 ), #6410, .F. ) ;
#12908 = CARTESIAN_POINT ( 'NONE',  ( 0.2916959289890523888, 0.2448335284032795156, 0.3456559692871528089 ) ) ;
#12909 = LINE ( 'NONE', #11778, #246 ) ;
#12910 = ORIENTED_EDGE ( 'NONE', *, *, #12717, .F. ) ;
#12911 = COLOUR_RGB ( '',0.7607843137254901578, 0.7607843137254901578, 0.0000000000000000000 ) ;
#12912 = CARTESIAN_POINT ( 'NONE',  ( 0.1893337242646341567, 0.3760314408617060900, 0.4677032133816496628 ) ) ;
#12913 = ORIENTED_EDGE ( 'NONE', *, *, #6247, .F. ) ;
#12914 = ORIENTED_EDGE ( 'NONE', *, *, #508, .F. ) ;
#12915 = EDGE_CURVE ( 'NONE', #4163, #8689, #13263, .T. ) ;
#12916 = DIRECTION ( 'NONE',  ( 1.000000000000000000, 0.0000000000000000000, 0.0000000000000000000 ) ) ;
#12917 = EDGE_CURVE ( 'NONE', #13339, #11004, #8070, .T. ) ;
#12918 = ORIENTED_EDGE ( 'NONE', *, *, #10759, .F. ) ;
#12919 = FILL_AREA_STYLE_COLOUR ( '', #4359 ) ;
#12920 = LINE ( 'NONE', #4607, #8406 ) ;
#12921 = EDGE_CURVE ( 'NONE', #294, #10712, #10582, .T. ) ;
#12922 = DIRECTION ( 'NONE',  ( -1.000000000000000000, 0.0000000000000000000, 0.0000000000000000000 ) ) ;
#12923 = AXIS2_PLACEMENT_3D ( 'NONE', #5672, #6576, #2582 ) ;
#12924 = LINE ( 'NONE', #8010, #10697 ) ;
#12925 = SURFACE_STYLE_FILL_AREA ( #8769 ) ;
#12926 = EDGE_LOOP ( 'NONE', ( #1119, #4647, #3212, #1379 ) ) ;
#12927 = DIRECTION ( 'NONE',  ( 0.3511234415885081672, -0.9363291775690008034, 1.372885316240879501E-16 ) ) ;
#12928 = FACE_OUTER_BOUND ( 'NONE', #859, .T. ) ;
#12929 = DIRECTION ( 'NONE',  ( 0.0000000000000000000, 8.220413448604736877E-18, -1.000000000000000000 ) ) ;
#12930 = EDGE_LOOP ( 'NONE', ( #3277, #6377, #3657, #76 ) ) ;
#12931 = CARTESIAN_POINT ( 'NONE',  ( 0.1562628581229040248, 0.08862986605856641720, 0.2397504574761404605 ) ) ;
#12932 = ORIENTED_EDGE ( 'NONE', *, *, #1211, .F. ) ;
#12933 = VERTEX_POINT ( 'NONE', #5955 ) ;
#12934 = EDGE_CURVE ( 'NONE', #4161, #11747, #6018, .T. ) ;
#12935 = AXIS2_PLACEMENT_3D ( 'NONE', #12305, #3101, #2086 ) ;
#12936 = VERTEX_POINT ( 'NONE', #10186 ) ;
#12937 = CARTESIAN_POINT ( 'NONE',  ( 0.3350030156032096085, 0.5728818345624925312, 0.3614040007832317047 ) ) ;
#12938 = VERTEX_POINT ( 'NONE', #4999 ) ;
#12939 = SURFACE_STYLE_FILL_AREA ( #2399 ) ;
#12940 = EDGE_CURVE ( 'NONE', #9927, #5619, #5246, .T. ) ;
#12941 = DIRECTION ( 'NONE',  ( -1.000000000000000000, 1.937287448275558121E-17, 0.0000000000000000000 ) ) ;
#12942 = CARTESIAN_POINT ( 'NONE',  ( 0.05547545654809511728, 0.3861465226303465448, 0.4462616628062848756 ) ) ;
#12943 = DIRECTION ( 'NONE',  ( 0.0000000000000000000, -8.220413448604736877E-18, 1.000000000000000000 ) ) ;
#12944 = DIRECTION ( 'NONE',  ( 1.174096724532128111E-16, -1.000000000000000000, 1.665334536937734318E-16 ) ) ;
#12945 = ORIENTED_EDGE ( 'NONE', *, *, #1696, .F. ) ;
#12946 = VERTEX_POINT ( 'NONE', #9167 ) ;
#12947 = ORIENTED_EDGE ( 'NONE', *, *, #5858, .F. ) ;
#12948 = EDGE_LOOP ( 'NONE', ( #12762, #12734, #1575, #2089 ) ) ;
#12949 = ADVANCED_FACE ( 'NONE', ( #9550 ), #4366, .T. ) ;
#12950 = ORIENTED_EDGE ( 'NONE', *, *, #5156, .T. ) ;
#12951 = VECTOR ( 'NONE', #8871, 39.37007874015748143 ) ;
#12952 = CARTESIAN_POINT ( 'NONE',  ( 0.1558691573354859805, 0.7897218048774069521, 0.2669158118068501451 ) ) ;
#12953 = DIRECTION ( 'NONE',  ( -1.000000000000000000, 0.0000000000000000000, 0.0000000000000000000 ) ) ;
#12954 = DIRECTION ( 'NONE',  ( -0.9922778767136850586, 0.1240347345890697034, 0.0000000000000000000 ) ) ;
#12955 = LINE ( 'NONE', #6683, #13449 ) ;
#12956 = PLANE ( 'NONE',  #11886 ) ;
#12957 = DIRECTION ( 'NONE',  ( -0.7071067811865472397, 0.7071067811865479058, 0.0000000000000000000 ) ) ;
#12958 = DIRECTION ( 'NONE',  ( 0.5773502691896258421, -0.5773502691896263972, 0.5773502691896251759 ) ) ;
#12959 = VECTOR ( 'NONE', #3751, 39.37007874015748143 ) ;
#12960 = EDGE_LOOP ( 'NONE', ( #2679, #10024 ) ) ;
#12961 = CARTESIAN_POINT ( 'NONE',  ( 0.3625620707213385585, 0.1555589999168270066, 0.2456559692871497225 ) ) ;
#12962 = ORIENTED_EDGE ( 'NONE', *, *, #4279, .T. ) ;
#12963 = DIRECTION ( 'NONE',  ( 1.000000000000000000, 1.174096724532128111E-16, -4.283287147278279845E-17 ) ) ;
#12964 = ORIENTED_EDGE ( 'NONE', *, *, #4715, .T. ) ;
#12965 = EDGE_CURVE ( 'NONE', #13304, #10778, #8144, .T. ) ;
#12966 = EDGE_CURVE ( 'NONE', #11405, #3674, #6269, .T. ) ;
#12967 = FACE_OUTER_BOUND ( 'NONE', #11702, .T. ) ;
#12968 = ORIENTED_EDGE ( 'NONE', *, *, #12921, .T. ) ;
#12969 = CARTESIAN_POINT ( 'NONE',  ( 0.1558691573354859805, 0.7897218048774069521, 0.4243961267674800641 ) ) ;
#12970 = LINE ( 'NONE', #4590, #5245 ) ;
#12971 = VECTOR ( 'NONE', #8786, 39.37007874015748143 ) ;
#12972 = CARTESIAN_POINT ( 'NONE',  ( 0.1027195510362938075, 0.1476849841687954135, 0.3456559692871707390 ) ) ;
#12973 = AXIS2_PLACEMENT_3D ( 'NONE', #168, #8527, #4572 ) ;
#12974 = CARTESIAN_POINT ( 'NONE',  ( 0.2090187636347028144, 0.08075585031051536744, 0.4515614810981848914 ) ) ;
#12975 = LINE ( 'NONE', #8682, #10901 ) ;
#12976 = SURFACE_STYLE_FILL_AREA ( #1551 ) ;
#12977 = ORIENTED_EDGE ( 'NONE', *, *, #10371, .F. ) ;
#12978 = ORIENTED_EDGE ( 'NONE', *, *, #9133, .T. ) ;
#12979 = AXIS2_PLACEMENT_3D ( 'NONE', #4441, #10587, #12957 ) ;
#12980 = EDGE_CURVE ( 'NONE', #447, #2767, #2208, .T. ) ;
#12981 = AXIS2_PLACEMENT_3D ( 'NONE', #13198, #1748, #12114 ) ;
#12982 = DIRECTION ( 'NONE',  ( -1.937287448275560894E-17, -1.000000000000000000, -8.220413448604736877E-18 ) ) ;
#12983 = ADVANCED_FACE ( 'NONE', ( #3216 ), #7373, .F. ) ;
#12984 = PLANE ( 'NONE',  #1876 ) ;
#12985 = PRODUCT_DEFINITION_SHAPE ( 'NONE', 'NONE',  #9163 ) ;
#12986 = ORIENTED_EDGE ( 'NONE', *, *, #4071, .F. ) ;
#12987 =( LENGTH_UNIT ( ) NAMED_UNIT ( * ) SI_UNIT ( $, .METRE. ) );
#12988 = CARTESIAN_POINT ( 'NONE',  ( 0.1558691573354938631, 0.2933542755073603736, 0.2397504574761404605 ) ) ;
#12989 =( NAMED_UNIT ( * ) SI_UNIT ( $, .STERADIAN. ) SOLID_ANGLE_UNIT ( ) );
#12990 = LINE ( 'NONE', #5611, #3665 ) ;
#12991 = CARTESIAN_POINT ( 'NONE',  ( 0.3468140392252569426, 0.5610708109404453081, 0.3614040007832317047 ) ) ;
#12992 = VECTOR ( 'NONE', #11738, 39.37007874015748143 ) ;
#12993 = CARTESIAN_POINT ( 'NONE',  ( 0.2483888423748524532, 0.3583149054286423607, 0.4007740795234070452 ) ) ;
#12994 = LINE ( 'NONE', #3588, #2623 ) ;
#12995 = ORIENTED_EDGE ( 'NONE', *, *, #11173, .F. ) ;
#12996 = EDGE_CURVE ( 'NONE', #257, #2555, #7846, .T. ) ;
#12997 = DIRECTION ( 'NONE',  ( 3.376070039848299626E-16, -1.000000000000000000, 4.302114220422482087E-16 ) ) ;
#12998 = CARTESIAN_POINT ( 'NONE',  ( 0.3704360864693699851, 0.1555589999168269233, 0.2102228984210151586 ) ) ;
#12999 = VERTEX_POINT ( 'NONE', #12753 ) ;
#13000 = DIRECTION ( 'NONE',  ( 0.0000000000000000000, 0.0000000000000000000, -1.000000000000000000 ) ) ;
#13001 = EDGE_CURVE ( 'NONE', #2931, #8916, #10720, .T. ) ;
#13002 = VERTEX_POINT ( 'NONE', #2492 ) ;
#13003 = ORIENTED_EDGE ( 'NONE', *, *, #3595, .T. ) ;
#13004 = VECTOR ( 'NONE', #5799, 39.37007874015748143 ) ;
#13005 = VERTEX_POINT ( 'NONE', #10785 ) ;
#13006 = DIRECTION ( 'NONE',  ( 0.0000000000000000000, 0.0000000000000000000, -1.000000000000000000 ) ) ;
#13007 = LINE ( 'NONE', #7902, #8617 ) ;
#13008 = LINE ( 'NONE', #11996, #8962 ) ;
#13009 = DIRECTION ( 'NONE',  ( 2.626713979715461236E-16, -3.747002708109903324E-16, -1.000000000000000000 ) ) ;
#13010 = EDGE_CURVE ( 'NONE', #11801, #12140, #9758, .T. ) ;
#13011 = AXIS2_PLACEMENT_3D ( 'NONE', #6382, #263, #11653 ) ;
#13012 = EDGE_CURVE ( 'NONE', #5056, #9734, #10097, .T. ) ;
#13013 = LINE ( 'NONE', #7770, #8681 ) ;
#13014 = ORIENTED_EDGE ( 'NONE', *, *, #4039, .F. ) ;
#13015 = ORIENTED_EDGE ( 'NONE', *, *, #12876, .F. ) ;
#13016 = EDGE_CURVE ( 'NONE', #9672, #11968, #2946, .T. ) ;
#13017 = ORIENTED_EDGE ( 'NONE', *, *, #5858, .T. ) ;
#13018 = ORIENTED_EDGE ( 'NONE', *, *, #4641, .T. ) ;
#13019 = ORIENTED_EDGE ( 'NONE', *, *, #9846, .F. ) ;
#13020 = CARTESIAN_POINT ( 'NONE',  ( 0.4098061652095124630, 0.3957164802317839070, 0.5228213236178702594 ) ) ;
#13021 = PRESENTATION_LAYER_ASSIGNMENT (  '', '', ( #12164 ) ) ;
#13022 = LINE ( 'NONE', #7641, #12003 ) ;
#13023 = CYLINDRICAL_SURFACE ( 'NONE', #9282, 0.01574803149606299885 ) ;
#13024 = DIRECTION ( 'NONE',  ( -1.316334802367150653E-16, 1.000000000000000000, -1.526556658859589750E-16 ) ) ;
#13025 = DIRECTION ( 'NONE',  ( 1.000000000000000000, 1.408738150179707817E-16, -2.099402731964118323E-14 ) ) ;
#13026 = CIRCLE ( 'NONE', #12809, 0.01574803149606296415 ) ;
#13027 = EDGE_CURVE ( 'NONE', #3857, #12576, #1913, .T. ) ;
#13028 = DIRECTION ( 'NONE',  ( 1.316334802367150653E-16, -1.000000000000000000, 1.526556658859589750E-16 ) ) ;
#13029 = CARTESIAN_POINT ( 'NONE',  ( 0.1027195510362938075, 0.1476849841687954412, 0.4180969141690438762 ) ) ;
#13030 = AXIS2_PLACEMENT_3D ( 'NONE', #1393, #5504, #4350 ) ;
#13031 = EDGE_LOOP ( 'NONE', ( #8465, #4799, #9789, #3543, #11631, #4014, #6476, #3532 ) ) ;
#13032 = DIRECTION ( 'NONE',  ( 0.0000000000000000000, 8.220413448604736877E-18, -1.000000000000000000 ) ) ;
#13033 = ORIENTED_EDGE ( 'NONE', *, *, #12242, .T. ) ;
#13034 = PLANE ( 'NONE',  #9120 ) ;
#13035 = VERTEX_POINT ( 'NONE', #4841 ) ;
#13036 = DIRECTION ( 'NONE',  ( 0.0000000000000000000, 8.220413448604736877E-18, -1.000000000000000000 ) ) ;
#13037 = SURFACE_SIDE_STYLE ('',( #2768 ) ) ;
#13038 = ORIENTED_EDGE ( 'NONE', *, *, #6859, .T. ) ;
#13039 = PLANE ( 'NONE',  #9511 ) ;
#13040 = DIRECTION ( 'NONE',  ( 3.376070039848301106E-16, -1.000000000000000000, 4.302114220422481101E-16 ) ) ;
#13041 = CARTESIAN_POINT ( 'NONE',  ( 0.3468140392252569426, 0.5610708109404453081, 0.4440811661375588248 ) ) ;
#13042 = EDGE_CURVE ( 'NONE', #5807, #8967, #9061, .T. ) ;
#13043 = AXIS2_PLACEMENT_3D ( 'NONE', #9322, #6454, #5213 ) ;
#13044 = CARTESIAN_POINT ( 'NONE',  ( 0.1558691573354938353, 0.3681574251136630616, 0.2515614810981877114 ) ) ;
#13045 = DIMENSIONAL_EXPONENTS ( 1.000000000000000000, 0.0000000000000000000, 0.0000000000000000000, 0.0000000000000000000, 0.0000000000000000000, 0.0000000000000000000, 0.0000000000000000000 ) ;
#13046 = CARTESIAN_POINT ( 'NONE',  ( 0.2916959289890523888, 0.2448335284032795156, 0.3633589907665712437 ) ) ;
#13047 = DIRECTION ( 'NONE',  ( -0.4472135955000933194, 0.8944271909998482428, -1.293464547805031448E-16 ) ) ;
#13048 = ORIENTED_EDGE ( 'NONE', *, *, #6475, .F. ) ;
#13049 = EDGE_LOOP ( 'NONE', ( #965, #4986, #5163, #13275 ) ) ;
#13050 = SURFACE_STYLE_USAGE ( .BOTH. , #13259 ) ;
#13051 = ORIENTED_EDGE ( 'NONE', *, *, #4279, .F. ) ;
#13052 = DIRECTION ( 'NONE',  ( -1.000000000000000000, -1.316334802367150653E-16, 1.608386623408235030E-17 ) ) ;
#13053 = VECTOR ( 'NONE', #7392, 39.37007874015748143 ) ;
#13054 = DIRECTION ( 'NONE',  ( -2.626713979715461236E-16, 4.163336342344336041E-16, 1.000000000000000000 ) ) ;
#13055 = FACE_OUTER_BOUND ( 'NONE', #2939, .T. ) ;
#13056 = DIRECTION ( 'NONE',  ( -1.316334802367150653E-16, 1.000000000000000000, -1.526556658859589750E-16 ) ) ;
#13057 = EDGE_CURVE ( 'NONE', #10984, #5949, #1781, .T. ) ;
#13058 = DIRECTION ( 'NONE',  ( -1.000000000000000000, 1.937287448275558121E-17, 0.0000000000000000000 ) ) ;
#13059 = ADVANCED_FACE ( 'NONE', ( #13365 ), #4017, .F. ) ;
#13060 = ORIENTED_EDGE ( 'NONE', *, *, #6178, .F. ) ;
#13061 = CARTESIAN_POINT ( 'NONE',  ( 0.3468140392252720416, 0.3130393148774569534, 0.2062465204682520648 ) ) ;
#13062 = PLANE ( 'NONE',  #8265 ) ;
#13063 = VECTOR ( 'NONE', #12902, 39.37007874015748143 ) ;
#13064 = CARTESIAN_POINT ( 'NONE',  ( 0.3330345116662203342, 0.1555589999168270621, 0.4062465204682492170 ) ) ;
#13065 = ORIENTED_EDGE ( 'NONE', *, *, #11902, .F. ) ;
#13066 = STYLED_ITEM ( 'NONE', ( #2082 ), #11371 ) ;
#13067 = PLANE ( 'NONE',  #12494 ) ;
#13068 = ORIENTED_EDGE ( 'NONE', *, *, #8583, .F. ) ;
#13069 = ORIENTED_EDGE ( 'NONE', *, *, #10383, .F. ) ;
#13070 = ORIENTED_EDGE ( 'NONE', *, *, #5749, .T. ) ;
#13071 = DIRECTION ( 'NONE',  ( 1.608386623408232256E-17, 1.526556658859589750E-16, 1.000000000000000000 ) ) ;
#13072 = DIRECTION ( 'NONE',  ( -1.937287448275560894E-17, -1.000000000000000000, -8.220413448604736877E-18 ) ) ;
#13073 = VECTOR ( 'NONE', #1073, 39.37007874015748143 ) ;
#13074 = PRESENTATION_LAYER_ASSIGNMENT (  '', '', ( #1347 ) ) ;
#13075 = CARTESIAN_POINT ( 'NONE',  ( 0.1558691573354938353, 0.3681574251136630616, 0.2515614810981877114 ) ) ;
#13076 = EDGE_CURVE ( 'NONE', #8819, #8358, #13299, .T. ) ;
#13077 = CARTESIAN_POINT ( 'NONE',  ( 0.2090187636347251854, 0.08862986605855745215, 0.3456559692871707390 ) ) ;
#13078 = DIRECTION ( 'NONE',  ( -2.359223927328456662E-16, 3.885780586188047398E-16, 1.000000000000000000 ) ) ;
#13079 = SURFACE_STYLE_USAGE ( .BOTH. , #6943 ) ;
#13080 = ORIENTED_EDGE ( 'NONE', *, *, #13384, .T. ) ;
#13081 = VERTEX_POINT ( 'NONE', #5923 ) ;
#13082 = VECTOR ( 'NONE', #6990, 39.37007874015748143 ) ;
#13083 = DIRECTION ( 'NONE',  ( 1.174096724532128111E-16, -1.000000000000000000, 1.665334536937734318E-16 ) ) ;
#13084 = VECTOR ( 'NONE', #12596, 39.37007874015748143 ) ;
#13085 = VECTOR ( 'NONE', #10424, 39.37007874015748143 ) ;
#13086 = ORIENTED_EDGE ( 'NONE', *, *, #7982, .F. ) ;
#13087 = AXIS2_PLACEMENT_3D ( 'NONE', #5948, #946, #1738 ) ;
#13088 = ORIENTED_EDGE ( 'NONE', *, *, #13098, .F. ) ;
#13089 = EDGE_CURVE ( 'NONE', #5626, #8118, #1712, .T. ) ;
#13090 = DIRECTION ( 'NONE',  ( 1.000000000000000000, -1.937287448275630844E-17, 8.833616147085625230E-14 ) ) ;
#13091 = EDGE_CURVE ( 'NONE', #11185, #5902, #3948, .T. ) ;
#13092 = LINE ( 'NONE', #4770, #7358 ) ;
#13093 = FACE_OUTER_BOUND ( 'NONE', #10272, .T. ) ;
#13094 =( CONVERSION_BASED_UNIT ( 'INCH', #3811 ) LENGTH_UNIT ( ) NAMED_UNIT ( #8917 ) );
#13095 = VECTOR ( 'NONE', #9833, 39.37007874015748143 ) ;
#13096 = LINE ( 'NONE', #8857, #9558 ) ;
#13097 = CARTESIAN_POINT ( 'NONE',  ( 0.1208297872567766496, -0.05703942528004481843, 0.4397504574761376683 ) ) ;
#13098 = EDGE_CURVE ( 'NONE', #6564, #517, #2881, .T. ) ;
#13099 = VECTOR ( 'NONE', #3952, 39.37007874015748143 ) ;
#13100 = MECHANICAL_DESIGN_GEOMETRIC_PRESENTATION_REPRESENTATION (  '', ( #3301 ), #6351 ) ;
#13101 = ORIENTED_EDGE ( 'NONE', *, *, #10481, .T. ) ;
#13102 = DIRECTION ( 'NONE',  ( -0.5547001962250838192, 0.0000000000000000000, 0.8320502943379406435 ) ) ;
#13103 = PLANE ( 'NONE',  #3702 ) ;
#13104 = ORIENTED_EDGE ( 'NONE', *, *, #10433, .T. ) ;
#13105 = FACE_OUTER_BOUND ( 'NONE', #6268, .T. ) ;
#13106 = ORIENTED_EDGE ( 'NONE', *, *, #337, .T. ) ;
#13107 = AXIS2_PLACEMENT_3D ( 'NONE', #7243, #6150, #11273 ) ;
#13108 = STYLED_ITEM ( 'NONE', ( #8228 ), #5875 ) ;
#13109 = CARTESIAN_POINT ( 'NONE',  ( 0.1342156140284146149, 0.3760314408617050908, 0.2590417960588140556 ) ) ;
#13110 = EDGE_CURVE ( 'NONE', #5626, #9883, #7422, .T. ) ;
#13111 = ORIENTED_EDGE ( 'NONE', *, *, #12965, .T. ) ;
#13112 = LINE ( 'NONE', #10047, #8430 ) ;
#13113 =( LENGTH_UNIT ( ) NAMED_UNIT ( * ) SI_UNIT ( $, .METRE. ) );
#13114 = DIMENSIONAL_EXPONENTS ( 1.000000000000000000, 0.0000000000000000000, 0.0000000000000000000, 0.0000000000000000000, 0.0000000000000000000, 0.0000000000000000000, 0.0000000000000000000 ) ;
#13115 = LINE ( 'NONE', #3898, #1236 ) ;
#13116 =( GEOMETRIC_REPRESENTATION_CONTEXT ( 3 ) GLOBAL_UNCERTAINTY_ASSIGNED_CONTEXT ( ( #7984 ) ) GLOBAL_UNIT_ASSIGNED_CONTEXT ( ( #11321, #7148, #8112 ) ) REPRESENTATION_CONTEXT ( 'NONE', 'WORKASPACE' ) );
#13117 = DIRECTION ( 'NONE',  ( 1.000000000000000000, 0.0000000000000000000, 0.0000000000000000000 ) ) ;
#13118 = VECTOR ( 'NONE', #11773, 39.37007874015748143 ) ;
#13119 = DIRECTION ( 'NONE',  ( 1.000000000000000000, 1.316334802367150653E-16, -1.608386623408235030E-17 ) ) ;
#13120 = LINE ( 'NONE', #2778, #13135 ) ;
#13121 = CARTESIAN_POINT ( 'NONE',  ( 0.1558691573354937521, 0.2421731731451574332, 0.4515614810981848359 ) ) ;
#13122 = ORIENTED_EDGE ( 'NONE', *, *, #5811, .F. ) ;
#13123 = CARTESIAN_POINT ( 'NONE',  ( 0.03972742505202855878, 0.2776062440113114538, 0.3614040007832317047 ) ) ;
#13124 = EDGE_CURVE ( 'NONE', #7402, #5949, #2189, .T. ) ;
#13125 = PRESENTATION_LAYER_ASSIGNMENT (  '', '', ( #9648 ) ) ;
#13126 = DIRECTION ( 'NONE',  ( 0.0000000000000000000, 0.0000000000000000000, -1.000000000000000000 ) ) ;
#13127 =( LENGTH_UNIT ( ) NAMED_UNIT ( * ) SI_UNIT ( $, .METRE. ) );
#13128 = FACE_OUTER_BOUND ( 'NONE', #9564, .T. ) ;
#13129 =( LENGTH_UNIT ( ) NAMED_UNIT ( * ) SI_UNIT ( $, .METRE. ) );
#13130 = DIRECTION ( 'NONE',  ( 2.359223927328456662E-16, -3.885780586188047398E-16, -1.000000000000000000 ) ) ;
#13131 = CARTESIAN_POINT ( 'NONE',  ( 0.1342156140284146149, 0.3839054566097366838, 0.2669158118068457042 ) ) ;
#13132 = ORIENTED_EDGE ( 'NONE', *, *, #2162, .T. ) ;
#13133 = FACE_OUTER_BOUND ( 'NONE', #3806, .T. ) ;
#13134 = DIRECTION ( 'NONE',  ( 0.4472135955002290997, 0.8944271909997802972, -1.437323020766679519E-16 ) ) ;
#13135 = VECTOR ( 'NONE', #13451, 39.37007874015748143 ) ;
#13136 = DIRECTION ( 'NONE',  ( 0.0000000000000000000, 0.0000000000000000000, -1.000000000000000000 ) ) ;
#13137 = VERTEX_POINT ( 'NONE', #7290 ) ;
#13138 = CARTESIAN_POINT ( 'NONE',  ( 0.1164990785953285146, 0.7897218048774069521, 0.3456559692871650769 ) ) ;
#13139 = ORIENTED_EDGE ( 'NONE', *, *, #10914, .F. ) ;
#13140 = ORIENTED_EDGE ( 'NONE', *, *, #10655, .F. ) ;
#13141 = EDGE_CURVE ( 'NONE', #1475, #2004, #6326, .T. ) ;
#13142 = EDGE_CURVE ( 'NONE', #11028, #12528, #13426, .T. ) ;
#13143 = ORIENTED_EDGE ( 'NONE', *, *, #13383, .T. ) ;
#13144 = LINE ( 'NONE', #7827, #2433 ) ;
#13145 = DIRECTION ( 'NONE',  ( 1.000000000000000000, -1.937287448275558121E-17, 0.0000000000000000000 ) ) ;
#13146 = VECTOR ( 'NONE', #7550, 39.37007874015748143 ) ;
#13147 = DIRECTION ( 'NONE',  ( 3.007447121050438636E-18, 2.498001805406601723E-16, 1.000000000000000000 ) ) ;
#13148 = DIRECTION ( 'NONE',  ( 2.865203769218833733E-48, -8.220413448604590506E-18, 1.000000000000000000 ) ) ;
#13149 = CARTESIAN_POINT ( 'NONE',  ( 0.3562628581229010938, 0.08075585031051536744, 0.4397504574761376683 ) ) ;
#13150 = CARTESIAN_POINT ( 'NONE',  ( 0.1558691573354937521, 0.2421731731451574332, 0.4515614810981848359 ) ) ;
#13151 = CARTESIAN_POINT ( 'NONE',  ( 0.3468140392252719861, 0.1555589999168270621, 0.4062465204682492170 ) ) ;
#13152 = CARTESIAN_POINT ( 'NONE',  ( 0.2405148266268503365, 0.1555589999168270343, 0.4062858905469893811 ) ) ;
#13153 = EDGE_LOOP ( 'NONE', ( #8844, #9277, #10876, #2198 ) ) ;
#13154 = VECTOR ( 'NONE', #1629, 39.37007874015748854 ) ;
#13155 = DIRECTION ( 'NONE',  ( 0.0000000000000000000, 1.000000000000000000, 0.0000000000000000000 ) ) ;
#13156 = VERTEX_POINT ( 'NONE', #987 ) ;
#13157 = EDGE_CURVE ( 'NONE', #2555, #1861, #8238, .T. ) ;
#13158 = ORIENTED_EDGE ( 'NONE', *, *, #5443, .F. ) ;
#13159 = DIRECTION ( 'NONE',  ( -1.000000000000000000, -1.174096724532128111E-16, 4.283287147278279845E-17 ) ) ;
#13160 = DIRECTION ( 'NONE',  ( 0.0000000000000000000, 0.7071067811865444641, -0.7071067811865505703 ) ) ;
#13161 = CARTESIAN_POINT ( 'NONE',  ( 0.2208297872567573095, -0.05703942528004478374, 0.4515614810981849470 ) ) ;
#13162 =( LENGTH_UNIT ( ) NAMED_UNIT ( * ) SI_UNIT ( $, .METRE. ) );
#13163 = AXIS2_PLACEMENT_3D ( 'NONE', #10088, #11998, #13222 ) ;
#13164 = LINE ( 'NONE', #639, #2377 ) ;
#13165 = LINE ( 'NONE', #10031, #1574 ) ;
#13166 = EDGE_LOOP ( 'NONE', ( #2357, #12387, #6531, #1114, #6496, #7298, #727 ) ) ;
#13167 = LINE ( 'NONE', #784, #13313 ) ;
#13168 = EDGE_CURVE ( 'NONE', #3120, #12432, #11606, .T. ) ;
#13169 = LINE ( 'NONE', #8120, #6048 ) ;
#13170 = ORIENTED_EDGE ( 'NONE', *, *, #11790, .F. ) ;
#13171 = UNCERTAINTY_MEASURE_WITH_UNIT (LENGTH_MEASURE( 1.000000000000000082E-05 ), #2466, 'distance_accuracy_value', 'NONE');
#13172 = CARTESIAN_POINT ( 'NONE',  ( 0.3310660077292020276, 0.1949290786569807532, 0.3456559692871650769 ) ) ;
#13173 = ADVANCED_FACE ( 'NONE', ( #1103 ), #4216, .T. ) ;
#13174 = ORIENTED_EDGE ( 'NONE', *, *, #10263, .T. ) ;
#13175 =( LENGTH_UNIT ( ) NAMED_UNIT ( * ) SI_UNIT ( $, .METRE. ) );
#13176 = EDGE_CURVE ( 'NONE', #10609, #4378, #9463, .T. ) ;
#13177 = CARTESIAN_POINT ( 'NONE',  ( 0.2326408108788038387, -0.07318115756351306622, 0.3456559692871650769 ) ) ;
#13178 = CARTESIAN_POINT ( 'NONE',  ( 0.3625620707213383920, 0.3563464014916266631, 0.4062858905469893256 ) ) ;
#13179 = ORIENTED_EDGE ( 'NONE', *, *, #6979, .F. ) ;
#13180 = FACE_OUTER_BOUND ( 'NONE', #2468, .T. ) ;
#13181 = DIRECTION ( 'NONE',  ( -0.7071067811865436870, -0.7071067811865513475, 0.0000000000000000000 ) ) ;
#13182 = DIRECTION ( 'NONE',  ( 3.518308117683322415E-16, -1.000000000000000000, 4.163336342344337027E-16 ) ) ;
#13183 = PLANE ( 'NONE',  #10142 ) ;
#13184 =( GEOMETRIC_REPRESENTATION_CONTEXT ( 3 ) GLOBAL_UNCERTAINTY_ASSIGNED_CONTEXT ( ( #8898 ) ) GLOBAL_UNIT_ASSIGNED_CONTEXT ( ( #9440, #6164, #5192 ) ) REPRESENTATION_CONTEXT ( 'NONE', 'WORKASPACE' ) );
#13185 = DIRECTION ( 'NONE',  ( 1.000000000000000000, 0.0000000000000000000, 0.0000000000000000000 ) ) ;
#13186 = ORIENTED_EDGE ( 'NONE', *, *, #1190, .F. ) ;
#13187 = LINE ( 'NONE', #4993, #7627 ) ;
#13188 = EDGE_CURVE ( 'NONE', #9734, #2413, #4082, .T. ) ;
#13189 = FACE_OUTER_BOUND ( 'NONE', #2486, .T. ) ;
#13190 = ORIENTED_EDGE ( 'NONE', *, *, #9276, .T. ) ;
#13191 = ORIENTED_EDGE ( 'NONE', *, *, #441, .F. ) ;
#13192 = DIRECTION ( 'NONE',  ( 0.0000000000000000000, 8.220413448604736877E-18, -1.000000000000000000 ) ) ;
#13193 = DIRECTION ( 'NONE',  ( 0.0000000000000000000, 0.0000000000000000000, 1.000000000000000000 ) ) ;
#13194 = MECHANICAL_DESIGN_GEOMETRIC_PRESENTATION_REPRESENTATION (  '', ( #5327 ), #5556 ) ;
#13195 = VECTOR ( 'NONE', #12888, 39.37007874015748143 ) ;
#13196 = DIRECTION ( 'NONE',  ( 0.3511234415894411431, -0.9363291775686509721, 4.820554145997737123E-16 ) ) ;
#13197 =( NAMED_UNIT ( * ) SI_UNIT ( $, .STERADIAN. ) SOLID_ANGLE_UNIT ( ) );
#13198 = CARTESIAN_POINT ( 'NONE',  ( 0.2326408108788161344, 0.1476849841687954967, 0.4358134496021299764 ) ) ;
#13199 = LINE ( 'NONE', #1956, #11288 ) ;
#13200 = DIRECTION ( 'NONE',  ( -1.000000000000000000, 0.0000000000000000000, 0.0000000000000000000 ) ) ;
#13201 = CARTESIAN_POINT ( 'NONE',  ( 0.2326408108788161344, 0.1476849841687954967, 0.4732150244052678589 ) ) ;
#13202 = LENGTH_MEASURE_WITH_UNIT ( LENGTH_MEASURE( 0.02539999999999999897 ), #9033 );
#13203 = AXIS2_PLACEMENT_3D ( 'NONE', #5281, #6636, #10490 ) ;
#13204 = ORIENTED_EDGE ( 'NONE', *, *, #12965, .F. ) ;
#13205 = LINE ( 'NONE', #11979, #7804 ) ;
#13206 = CARTESIAN_POINT ( 'NONE',  ( 0.2444518345008482307, 0.05713380306641541867, 0.2397504574761404883 ) ) ;
#13207 = EDGE_CURVE ( 'NONE', #6014, #4363, #6397, .T. ) ;
#13208 = VECTOR ( 'NONE', #6181, 39.37007874015748143 ) ;
#13209 = DIMENSIONAL_EXPONENTS ( 1.000000000000000000, 0.0000000000000000000, 0.0000000000000000000, 0.0000000000000000000, 0.0000000000000000000, 0.0000000000000000000, 0.0000000000000000000 ) ;
#13210 = LINE ( 'NONE', #6996, #7245 ) ;
#13211 = VERTEX_POINT ( 'NONE', #3198 ) ;
#13212 = DIRECTION ( 'NONE',  ( 0.0000000000000000000, 0.0000000000000000000, 1.000000000000000000 ) ) ;
#13213 = ORIENTED_EDGE ( 'NONE', *, *, #7723, .F. ) ;
#13214 = EDGE_LOOP ( 'NONE', ( #6405, #3623, #3393, #10325 ) ) ;
#13215 = ORIENTED_EDGE ( 'NONE', *, *, #681, .T. ) ;
#13216 =( NAMED_UNIT ( * ) SI_UNIT ( $, .STERADIAN. ) SOLID_ANGLE_UNIT ( ) );
#13217 = AXIS2_PLACEMENT_3D ( 'NONE', #6195, #3072, #4221 ) ;
#13218 = CARTESIAN_POINT ( 'NONE',  ( 0.1361841179654072198, 0.3760314408617060900, 0.3161284102320469636 ) ) ;
#13219 = LINE ( 'NONE', #698, #12329 ) ;
#13220 = CARTESIAN_POINT ( 'NONE',  ( 0.1361841179654072198, 0.3760314408617060900, 0.2688843157438651765 ) ) ;
#13221 = FILL_AREA_STYLE ('',( #6875 ) ) ;
#13222 = DIRECTION ( 'NONE',  ( -0.3511234415877495518, -0.9363291775692853536, 1.485833765564395504E-16 ) ) ;
#13223 = EDGE_CURVE ( 'NONE', #12628, #9182, #11319, .T. ) ;
#13224 = DIRECTION ( 'NONE',  ( 3.376070039848299626E-16, -1.000000000000000000, 4.302114220422482087E-16 ) ) ;
#13225 = COLOUR_RGB ( '',0.7607843137254901578, 0.7607843137254901578, 0.0000000000000000000 ) ;
#13226 = ORIENTED_EDGE ( 'NONE', *, *, #4916, .F. ) ;
#13227 = LINE ( 'NONE', #1981, #4431 ) ;
#13228 = EDGE_LOOP ( 'NONE', ( #1069, #10777, #6613, #13372 ) ) ;
#13229 = ORIENTED_EDGE ( 'NONE', *, *, #9570, .T. ) ;
#13230 = CARTESIAN_POINT ( 'NONE',  ( 0.07712899985517100709, 0.1988660865309974379, 0.4972307724367678317 ) ) ;
#13231 = DIRECTION ( 'NONE',  ( 1.000000000000000000, 1.174096724532128111E-16, -4.283287147278279845E-17 ) ) ;
#13232 = DIRECTION ( 'NONE',  ( 0.0000000000000000000, 0.0000000000000000000, 1.000000000000000000 ) ) ;
#13233 = CIRCLE ( 'NONE', #10838, 0.05610236220472444857 ) ;
#13234 = FACE_OUTER_BOUND ( 'NONE', #10518, .T. ) ;
#13235 = FACE_OUTER_BOUND ( 'NONE', #8486, .T. ) ;
#13236 = DIRECTION ( 'NONE',  ( 0.0000000000000000000, 1.000000000000000000, 0.0000000000000000000 ) ) ;
#13237 = FACE_OUTER_BOUND ( 'NONE', #1320, .T. ) ;
#13238 = LINE ( 'NONE', #4971, #19 ) ;
#13239 = EDGE_CURVE ( 'NONE', #8351, #3298, #7356, .T. ) ;
#13240 = EDGE_LOOP ( 'NONE', ( #5241, #6556, #9042, #12063 ) ) ;
#13241 = CARTESIAN_POINT ( 'NONE',  ( 0.3704360864693699851, 0.1555589999168269233, 0.2810890401533022165 ) ) ;
#13242 = EDGE_CURVE ( 'NONE', #9741, #1828, #208, .T. ) ;
#13243 = CARTESIAN_POINT ( 'NONE',  ( 0.3625620707213385585, 0.1555589999168269233, 0.2062858905469922566 ) ) ;
#13244 = DIRECTION ( 'NONE',  ( -2.359223927328456662E-16, 3.885780586188047891E-16, 1.000000000000000000 ) ) ;
#13245 = VERTEX_POINT ( 'NONE', #7146 ) ;
#13246 = AXIS2_PLACEMENT_3D ( 'NONE', #7423, #2191, #4281 ) ;
#13247 = VERTEX_POINT ( 'NONE', #6467 ) ;
#13248 = LINE ( 'NONE', #11136, #3428 ) ;
#13249 = CARTESIAN_POINT ( 'NONE',  ( 0.1558691573354859805, 0.3583149054286423607, 0.4007740795234070452 ) ) ;
#13250 = VECTOR ( 'NONE', #12788, 39.37007874015748143 ) ;
#13251 = CARTESIAN_POINT ( 'NONE',  ( 0.3330345116662203342, 0.1555589999168270621, 0.4062858905469893811 ) ) ;
#13252 = CARTESIAN_POINT ( 'NONE',  ( 0.2483888423748475960, 0.8723989702317377359, 0.4007740795233794562 ) ) ;
#13253 = EDGE_CURVE ( 'NONE', #12275, #2920, #12735, .T. ) ;
#13254 = PLANE ( 'NONE',  #9370 ) ;
#13255 = CARTESIAN_POINT ( 'NONE',  ( 0.3330345116662203897, 0.1555589999168270066, 0.2062858905469922566 ) ) ;
#13256 = CARTESIAN_POINT ( 'NONE',  ( 0.2135081231390864587, 0.5400072067654890784, 0.4243961267674756233 ) ) ;
#13257 = ORIENTED_EDGE ( 'NONE', *, *, #2967, .T. ) ;
#13258 = VECTOR ( 'NONE', #12997, 39.37007874015748143 ) ;
#13259 = SURFACE_SIDE_STYLE ('',( #8882 ) ) ;
#13260 = ORIENTED_EDGE ( 'NONE', *, *, #13376, .F. ) ;
#13261 = VECTOR ( 'NONE', #6035, 39.37007874015748143 ) ;
#13262 = LINE ( 'NONE', #12174, #6991 ) ;
#13263 = LINE ( 'NONE', #13331, #1140 ) ;
#13264 = EDGE_CURVE ( 'NONE', #11561, #4093, #3400, .T. ) ;
#13265 = EDGE_CURVE ( 'NONE', #3207, #4959, #11866, .T. ) ;
#13266 = CARTESIAN_POINT ( 'NONE',  ( 0.3645305746583385464, 0.3760314408617050908, 0.3456559692871650769 ) ) ;
#13267 =( NAMED_UNIT ( * ) PLANE_ANGLE_UNIT ( ) SI_UNIT ( $, .RADIAN. ) );
#13268 = DIRECTION ( 'NONE',  ( 3.376070039848301106E-16, -1.000000000000000000, 4.302114220422481101E-16 ) ) ;
#13269 = CARTESIAN_POINT ( 'NONE',  ( 0.08454874546390191148, 0.2185511259010752549, 0.4443840128970995007 ) ) ;
#13270 = FACE_OUTER_BOUND ( 'NONE', #6798, .T. ) ;
#13271 = ORIENTED_EDGE ( 'NONE', *, *, #1849, .T. ) ;
#13272 = CARTESIAN_POINT ( 'NONE',  ( 0.2405148266268503088, 0.2421731731451663705, 0.4515614810981740113 ) ) ;
#13273 = DIRECTION ( 'NONE',  ( -4.055465256288980451E-16, 0.7071067811865481278, 0.7071067811865470176 ) ) ;
#13274 = DIRECTION ( 'NONE',  ( -1.000000000000000000, -1.174096724532128111E-16, 4.283287147278279845E-17 ) ) ;
#13275 = ORIENTED_EDGE ( 'NONE', *, *, #8137, .T. ) ;
#13276 = UNCERTAINTY_MEASURE_WITH_UNIT (LENGTH_MEASURE( 1.000000000000000082E-05 ), #5108, 'distance_accuracy_value', 'NONE');
#13277 = FACE_OUTER_BOUND ( 'NONE', #12764, .T. ) ;
#13278 = VERTEX_POINT ( 'NONE', #11927 ) ;
#13279 = ORIENTED_EDGE ( 'NONE', *, *, #9201, .T. ) ;
#13280 = VECTOR ( 'NONE', #7262, 39.37007874015748143 ) ;
#13281 = ORIENTED_EDGE ( 'NONE', *, *, #12516, .F. ) ;
#13282 = ADVANCED_FACE ( 'NONE', ( #2605 ), #7558, .F. ) ;
#13283 = DIRECTION ( 'NONE',  ( 0.0000000000000000000, 1.000000000000000000, 0.0000000000000000000 ) ) ;
#13284 = DIRECTION ( 'NONE',  ( 0.7071067811865474617, 0.7071067811865476838, -1.787619878552794159E-16 ) ) ;
#13285 = CARTESIAN_POINT ( 'NONE',  ( 0.2090187636347251854, 0.1279999447987059946, 0.4854197488147190542 ) ) ;
#13286 = CARTESIAN_POINT ( 'NONE',  ( 0.1208297872567766496, -0.05703942528004481843, 0.4515614810981849470 ) ) ;
#13287 = COLOUR_RGB ( '',0.7607843137254901578, 0.7607843137254901578, 0.0000000000000000000 ) ;
#13288 = MECHANICAL_DESIGN_GEOMETRIC_PRESENTATION_REPRESENTATION (  '', ( #8702 ), #4130 ) ;
#13289 = DIRECTION ( 'NONE',  ( 0.0000000000000000000, 0.0000000000000000000, -1.000000000000000000 ) ) ;
#13290 = VERTEX_POINT ( 'NONE', #4347 ) ;
#13291 = DIRECTION ( 'NONE',  ( 2.626713979715461236E-16, -3.747002708109903324E-16, -1.000000000000000000 ) ) ;
#13292 = ORIENTED_EDGE ( 'NONE', *, *, #7924, .T. ) ;
#13293 = ORIENTED_EDGE ( 'NONE', *, *, #1909, .F. ) ;
#13294 = DIMENSIONAL_EXPONENTS ( 1.000000000000000000, 0.0000000000000000000, 0.0000000000000000000, 0.0000000000000000000, 0.0000000000000000000, 0.0000000000000000000, 0.0000000000000000000 ) ;
#13295 = VECTOR ( 'NONE', #123, 39.37007874015748143 ) ;
#13296 = AXIS2_PLACEMENT_3D ( 'NONE', #5091, #8162, #10346 ) ;
#13297 = VECTOR ( 'NONE', #6084, 39.37007874015748143 ) ;
#13298 = EDGE_CURVE ( 'NONE', #10974, #9414, #12665, .T. ) ;
#13299 = LINE ( 'NONE', #11045, #6337 ) ;
#13300 = LINE ( 'NONE', #1045, #9524 ) ;
#13301 = CARTESIAN_POINT ( 'NONE',  ( 0.2739929075096339539, 0.2448335284032795156, 0.3456559692871528644 ) ) ;
#13302 = LINE ( 'NONE', #13368, #11307 ) ;
#13303 = CARTESIAN_POINT ( 'NONE',  ( 0.1558691573354937243, 0.3091023070034269460, 0.4515614810981847249 ) ) ;
#13304 = VERTEX_POINT ( 'NONE', #13218 ) ;
#13305 = DIRECTION ( 'NONE',  ( -0.5773502691896258421, 0.5773502691896257311, 0.5773502691896256200 ) ) ;
#13306 = VECTOR ( 'NONE', #10154, 39.37007874015748143 ) ;
#13307 = DIRECTION ( 'NONE',  ( -1.937287448275560894E-17, -1.000000000000000000, -8.220413448604736877E-18 ) ) ;
#13308 = UNCERTAINTY_MEASURE_WITH_UNIT (LENGTH_MEASURE( 1.000000000000000082E-05 ), #1298, 'distance_accuracy_value', 'NONE');
#13309 = LINE ( 'NONE', #573, #2859 ) ;
#13310 = ORIENTED_EDGE ( 'NONE', *, *, #10327, .T. ) ;
#13311 = FILL_AREA_STYLE_COLOUR ( '', #10205 ) ;
#13312 = EDGE_CURVE ( 'NONE', #6973, #3991, #5451, .T. ) ;
#13313 = VECTOR ( 'NONE', #12215, 39.37007874015748143 ) ;
#13314 = VERTEX_POINT ( 'NONE', #11171 ) ;
#13315 = EDGE_CURVE ( 'NONE', #10280, #10161, #8904, .T. ) ;
#13316 = SURFACE_STYLE_FILL_AREA ( #9286 ) ;
#13317 = VECTOR ( 'NONE', #2477, 39.37007874015748143 ) ;
#13318 = SURFACE_SIDE_STYLE ('',( #3970 ) ) ;
#13319 = PLANE ( 'NONE',  #350 ) ;
#13320 = DIRECTION ( 'NONE',  ( 0.0000000000000000000, 1.000000000000000000, 0.0000000000000000000 ) ) ;
#13321 = CARTESIAN_POINT ( 'NONE',  ( 0.3313688544887175014, 0.1988660865309964110, 0.1975639038722385166 ) ) ;
#13322 = VECTOR ( 'NONE', #10996, 39.37007874015748143 ) ;
#13323 = COLOUR_RGB ( '',0.7607843137254901578, 0.7607843137254901578, 0.0000000000000000000 ) ;
#13324 = SURFACE_STYLE_FILL_AREA ( #3903 ) ;
#13325 = ORIENTED_EDGE ( 'NONE', *, *, #2865, .T. ) ;
#13326 = DIRECTION ( 'NONE',  ( -1.000000000000000000, 1.937287448275561202E-17, 2.565854121688507820E-49 ) ) ;
#13327 = ORIENTED_EDGE ( 'NONE', *, *, #4916, .T. ) ;
#13328 = CARTESIAN_POINT ( 'NONE',  ( 0.4255541967055790908, 0.1988660865309964110, 0.3456559692871650769 ) ) ;
#13329 = EDGE_CURVE ( 'NONE', #4455, #5405, #8980, .T. ) ;
#13330 = DIRECTION ( 'NONE',  ( -1.000000000000000000, -3.376070039848302092E-16, -2.359223927328455183E-16 ) ) ;
#13331 = CARTESIAN_POINT ( 'NONE',  ( 0.3090187636347193068, 0.08862986605856643108, 0.2397504574761404605 ) ) ;
#13332 = LINE ( 'NONE', #5887, #12759 ) ;
#13333 = VECTOR ( 'NONE', #12014, 39.37007874015748143 ) ;
#13334 = APPLICATION_PROTOCOL_DEFINITION ( 'draft international standard', 'automotive_design', 1998, #1242 ) ;
#13335 = CIRCLE ( 'NONE', #5448, 0.05511811023622041616 ) ;
#13336 = CARTESIAN_POINT ( 'NONE',  ( 0.2326408108788038387, 0.4272125432239180509, 0.2895536070824406560 ) ) ;
#13337 = LINE ( 'NONE', #8073, #1788 ) ;
#13338 = DIRECTION ( 'NONE',  ( 0.0000000000000000000, 0.0000000000000000000, -1.000000000000000000 ) ) ;
#13339 = VERTEX_POINT ( 'NONE', #5974 ) ;
#13340 = FILL_AREA_STYLE_COLOUR ( '', #2039 ) ;
#13341 = ADVANCED_FACE ( 'NONE', ( #1698 ), #8845, .T. ) ;
#13342 = ORIENTED_EDGE ( 'NONE', *, *, #10679, .T. ) ;
#13343 = ORIENTED_EDGE ( 'NONE', *, *, #1962, .T. ) ;
#13344 = ADVANCED_FACE ( 'NONE', ( #11033 ), #2805, .F. ) ;
#13345 = VECTOR ( 'NONE', #6864, 39.37007874015748143 ) ;
#13346 = DIRECTION ( 'NONE',  ( -0.5773502691896240657, 0.5773502691896246208, 0.5773502691896283956 ) ) ;
#13347 = EDGE_LOOP ( 'NONE', ( #9722, #12592, #2943, #11916 ) ) ;
#13348 = ORIENTED_EDGE ( 'NONE', *, *, #4932, .F. ) ;
#13349 = DIRECTION ( 'NONE',  ( 1.316334802367150653E-16, -1.000000000000000000, 1.526556658859589750E-16 ) ) ;
#13350 = ORIENTED_EDGE ( 'NONE', *, *, #9201, .F. ) ;
#13351 = EDGE_CURVE ( 'NONE', #5181, #12844, #12434, .T. ) ;
#13352 = CARTESIAN_POINT ( 'NONE',  ( 0.3305208835620726537, 0.4079514893171786172, 0.1901441582635394756 ) ) ;
#13353 = CARTESIAN_POINT ( 'NONE',  ( 0.3090187636347014322, 0.08075585031051527030, 0.2397504574761404883 ) ) ;
#13354 = CIRCLE ( 'NONE', #12271, 0.05610236220472444857 ) ;
#13355 = DIRECTION ( 'NONE',  ( -2.359223927328456662E-16, 3.885780586188047398E-16, 1.000000000000000000 ) ) ;
#13356 = ORIENTED_EDGE ( 'NONE', *, *, #7786, .T. ) ;
#13357 = ADVANCED_FACE ( 'NONE', ( #8024 ), #692, .T. ) ;
#13358 = FACE_OUTER_BOUND ( 'NONE', #5819, .T. ) ;
#13359 = ORIENTED_EDGE ( 'NONE', *, *, #2366, .T. ) ;
#13360 = AXIS2_PLACEMENT_3D ( 'NONE', #11985, #13212, #11025 ) ;
#13361 = VERTEX_POINT ( 'NONE', #3733 ) ;
#13362 = ADVANCED_FACE ( 'NONE', ( #5763 ), #3929, .F. ) ;
#13363 = CARTESIAN_POINT ( 'NONE',  ( 0.3330345116662203897, 0.1555589999168270066, 0.2397504574761404605 ) ) ;
#13364 =( NAMED_UNIT ( * ) SI_UNIT ( $, .STERADIAN. ) SOLID_ANGLE_UNIT ( ) );
#13365 = FACE_OUTER_BOUND ( 'NONE', #4694, .T. ) ;
#13366 = LINE ( 'NONE', #4901, #4955 ) ;
#13367 = SURFACE_SIDE_STYLE ('',( #9208 ) ) ;
#13368 = CARTESIAN_POINT ( 'NONE',  ( 0.1027195510362847869, 0.1555589999168269788, 0.2732150244052707899 ) ) ;
#13369 = DIRECTION ( 'NONE',  ( 3.007447121050438636E-18, 2.498001805406601723E-16, 1.000000000000000000 ) ) ;
#13370 = SURFACE_STYLE_USAGE ( .BOTH. , #159 ) ;
#13371 = AXIS2_PLACEMENT_3D ( 'NONE', #3643, #6852, #3841 ) ;
#13372 = ORIENTED_EDGE ( 'NONE', *, *, #12191, .F. ) ;
#13373 = CARTESIAN_POINT ( 'NONE',  ( 0.3920896297764415728, 0.2579212046412327486, 0.4243961267674801197 ) ) ;
#13374 = DIRECTION ( 'NONE',  ( 1.356991020290373981E-16, -1.000000000000000000, 3.469446951953614189E-16 ) ) ;
#13375 = DIRECTION ( 'NONE',  ( 0.0000000000000000000, -8.220413448604736877E-18, 1.000000000000000000 ) ) ;
#13376 = EDGE_CURVE ( 'NONE', #9279, #11638, #829, .T. ) ;
#13377 = ORIENTED_EDGE ( 'NONE', *, *, #12593, .F. ) ;
#13378 = DIRECTION ( 'NONE',  ( 0.3511234415886831939, -0.9363291775689350782, 1.372885316240751311E-16 ) ) ;
#13379 = LENGTH_MEASURE_WITH_UNIT ( LENGTH_MEASURE( 0.02539999999999999897 ), #3218 );
#13380 = LINE ( 'NONE', #10175, #6769 ) ;
#13381 = ORIENTED_EDGE ( 'NONE', *, *, #10684, .T. ) ;
#13382 = FILL_AREA_STYLE ('',( #3095 ) ) ;
#13383 = EDGE_CURVE ( 'NONE', #6204, #315, #12067, .T. ) ;
#13384 = EDGE_CURVE ( 'NONE', #8805, #343, #5833, .T. ) ;
#13385 = CARTESIAN_POINT ( 'NONE',  ( 0.2562628581229026148, 0.08075585031050631912, 0.2515614810981877114 ) ) ;
#13386 = DIRECTION ( 'NONE',  ( 1.000000000000000000, 3.518308117683325373E-16, 2.626713979715459264E-16 ) ) ;
#13387 = CARTESIAN_POINT ( 'NONE',  ( 0.2726091976981875886, 0.5374487636963517501, 0.3850260480273225983 ) ) ;
#13388 = ORIENTED_EDGE ( 'NONE', *, *, #3499, .T. ) ;
#13389 = LINE ( 'NONE', #1953, #3494 ) ;
#13390 = PLANE ( 'NONE',  #1056 ) ;
#13391 = VECTOR ( 'NONE', #12097, 39.37007874015748143 ) ;
#13392 = DIRECTION ( 'NONE',  ( 0.0000000000000000000, 0.0000000000000000000, 1.000000000000000000 ) ) ;
#13393 = PRESENTATION_STYLE_ASSIGNMENT (( #12115 ) ) ;
#13394 = DIRECTION ( 'NONE',  ( 0.0000000000000000000, 8.220413448604736877E-18, -1.000000000000000000 ) ) ;
#13395 = LINE ( 'NONE', #8212, #2652 ) ;
#13396 = CARTESIAN_POINT ( 'NONE',  ( 0.1208297872567766496, 0.05713380306641541867, 0.2515614810981877114 ) ) ;
#13397 = EDGE_LOOP ( 'NONE', ( #6877, #7722, #5423, #8560 ) ) ;
#13398 = CARTESIAN_POINT ( 'NONE',  ( 0.3562628581229010938, 0.08075585031051536744, 0.4515614810981849470 ) ) ;
#13399 = ADVANCED_FACE ( 'NONE', ( #6937 ), #5907, .F. ) ;
#13400 = EDGE_CURVE ( 'NONE', #9090, #6500, #10484, .T. ) ;
#13401 = VERTEX_POINT ( 'NONE', #9254 ) ;
#13402 = AXIS2_PLACEMENT_3D ( 'NONE', #13430, #1990, #12346 ) ;
#13403 = STYLED_ITEM ( 'NONE', ( #4100 ), #83 ) ;
#13404 = LINE ( 'NONE', #6375, #1838 ) ;
#13405 = ORIENTED_EDGE ( 'NONE', *, *, #267, .F. ) ;
#13406 = EDGE_LOOP ( 'NONE', ( #9347, #3792, #10771, #2600 ) ) ;
#13407 = CARTESIAN_POINT ( 'NONE',  ( 0.1347607381955349126, 0.4079514893171786172, 0.1901441582635394756 ) ) ;
#13408 = ORIENTED_EDGE ( 'NONE', *, *, #3138, .F. ) ;
#13409 =( NAMED_UNIT ( * ) PLANE_ANGLE_UNIT ( ) SI_UNIT ( $, .RADIAN. ) );
#13410 = CARTESIAN_POINT ( 'NONE',  ( 0.3090187636347014322, 0.08075585031051536744, 0.4515614810981848914 ) ) ;
#13411 = CARTESIAN_POINT ( 'NONE',  ( 0.2956329368630823962, 0.1279999447987149597, 0.3456559692871707390 ) ) ;
#13412 = PRODUCT_DEFINITION ( 'UNKNOWN', '', #718, #12883 ) ;
#13413 = PRESENTATION_LAYER_ASSIGNMENT (  '', '', ( #8187 ) ) ;
#13414 = PLANE ( 'NONE',  #8404 ) ;
#13415 =( GEOMETRIC_REPRESENTATION_CONTEXT ( 3 ) GLOBAL_UNCERTAINTY_ASSIGNED_CONTEXT ( ( #610 ) ) GLOBAL_UNIT_ASSIGNED_CONTEXT ( ( #1293, #13409, #2174 ) ) REPRESENTATION_CONTEXT ( 'NONE', 'WORKASPACE' ) );
#13416 = CARTESIAN_POINT ( 'NONE',  ( 0.2385862224436740564, 0.5520926333236837458, 0.4243961267674756788 ) ) ;
#13417 = EDGE_CURVE ( 'NONE', #13081, #4099, #7662, .T. ) ;
#13418 = DIRECTION ( 'NONE',  ( 0.0000000000000000000, -1.000000000000000000, 0.0000000000000000000 ) ) ;
#13419 = FACE_BOUND ( 'NONE', #6622, .T. ) ;
#13420 = ORIENTED_EDGE ( 'NONE', *, *, #5822, .F. ) ;
#13421 = ORIENTED_EDGE ( 'NONE', *, *, #8770, .T. ) ;
#13422 = AXIS2_PLACEMENT_3D ( 'NONE', #12019, #641, #6955 ) ;
#13423 = ORIENTED_EDGE ( 'NONE', *, *, #7129, .F. ) ;
#13424 = CARTESIAN_POINT ( 'NONE',  ( 0.3113809683591187705, 0.5610708109404453081, 0.4440811661375588248 ) ) ;
#13425 =( LENGTH_UNIT ( ) NAMED_UNIT ( * ) SI_UNIT ( $, .METRE. ) );
#13426 = LINE ( 'NONE', #10298, #6116 ) ;
#13427 = PLANE ( 'NONE',  #9755 ) ;
#13428 = EDGE_CURVE ( 'NONE', #8967, #10645, #3122, .T. ) ;
#13429 = EDGE_CURVE ( 'NONE', #10658, #5895, #7277, .T. ) ;
#13430 = CARTESIAN_POINT ( 'NONE',  ( 0.2326408108788038387, 0.3760314408617050908, 0.1901441582635394756 ) ) ;
#13431 =( LENGTH_UNIT ( ) NAMED_UNIT ( * ) SI_UNIT ( $, .METRE. ) );
#13432 = LINE ( 'NONE', #9211, #3531 ) ;
#13433 = PRESENTATION_LAYER_ASSIGNMENT (  '', '', ( #2998 ) ) ;
#13434 =( NAMED_UNIT ( * ) SI_UNIT ( $, .STERADIAN. ) SOLID_ANGLE_UNIT ( ) );
#13435 = EDGE_LOOP ( 'NONE', ( #4166, #1252, #6252, #345, #42, #5053, #1487, #5856, #1611, #11483, #1191, #515, #3568, #1543, #6944, #8271, #12496, #2267, #5750, #10692 ) ) ;
#13436 = ORIENTED_EDGE ( 'NONE', *, *, #8636, .T. ) ;
#13437 = UNCERTAINTY_MEASURE_WITH_UNIT (LENGTH_MEASURE( 1.000000000000000082E-05 ), #9514, 'distance_accuracy_value', 'NONE');
#13438 = CARTESIAN_POINT ( 'NONE',  ( 0.09484553528826229762, 0.1555589999168268955, 0.2554984889721936270 ) ) ;
#13439 = ORIENTED_EDGE ( 'NONE', *, *, #9305, .F. ) ;
#13440 = SURFACE_SIDE_STYLE ('',( #5115 ) ) ;
#13441 = AXIS2_PLACEMENT_3D ( 'NONE', #5058, #8328, #6075 ) ;
#13442 = VERTEX_POINT ( 'NONE', #2109 ) ;
#13443 = SURFACE_STYLE_USAGE ( .BOTH. , #8130 ) ;
#13444 = DIRECTION ( 'NONE',  ( 0.0000000000000000000, 8.220413448604736877E-18, -1.000000000000000000 ) ) ;
#13445 = CARTESIAN_POINT ( 'NONE',  ( 0.3625620707213385030, 0.1555589999168271176, 0.4456559692871469025 ) ) ;
#13446 = ADVANCED_FACE ( 'NONE', ( #13 ), #9451, .T. ) ;
#13447 = LINE ( 'NONE', #11627, #827 ) ;
#13448 = FACE_BOUND ( 'NONE', #11834, .T. ) ;
#13449 = VECTOR ( 'NONE', #434, 39.37007874015748143 ) ;
#13450 = ORIENTED_EDGE ( 'NONE', *, *, #9262, .T. ) ;
#13451 = DIRECTION ( 'NONE',  ( -1.000000000000000000, -1.408738150179760326E-16, 6.014894242100891138E-18 ) ) ;
#13452 = ORIENTED_EDGE ( 'NONE', *, *, #11417, .F. ) ;
#13453 = CARTESIAN_POINT ( 'NONE',  ( 0.2326408108788038387, 0.2579212046412327486, 0.5011677803107907891 ) ) ;
#13454 = ORIENTED_EDGE ( 'NONE', *, *, #11623, .T. ) ;
#13455 = ORIENTED_EDGE ( 'NONE', *, *, #2107, .F. ) ;
#13456 = CARTESIAN_POINT ( 'NONE',  ( 0.3920896297764415728, 0.3760314408617050908, 0.3102228984210197438 ) ) ;
#13457 = VECTOR ( 'NONE', #12440, 39.37007874015748143 ) ;
#13458 = EDGE_CURVE ( 'NONE', #10591, #7416, #2047, .T. ) ;
#13459 = FACE_OUTER_BOUND ( 'NONE', #4655, .T. ) ;
#13460 = CARTESIAN_POINT ( 'NONE',  ( 0.3724045904063612022, 0.5354802597593411040, 0.3299079377910985045 ) ) ;
#13461 = ORIENTED_EDGE ( 'NONE', *, *, #5490, .F. ) ;
#13462 = NEXT_ASSEMBLY_USAGE_OCCURRENCE ( 'NAUO1', ' ', ' ', #13412, #9163, $ ) ;
#13463 = NEXT_ASSEMBLY_USAGE_OCCURRENCE ( 'NAUO2', ' ', ' ', #13412, #1522, $ ) ;
ENDSEC;
END-ISO-10303-21;
