

Microchip MPLAB XC8 Assembler V2.50 build 20240725155939 
                                                                                               Sat Sep 07 14:48:26 2024

Microchip MPLAB XC8 C Compiler v2.50 (Free license) build 20240725155939 Og1 
     1                           	processor	16F876A
     2                           	pagewidth 120
     3                           	opt	flic
     4                           	psect	idataBANK0,global,class=CODE,space=0,delta=2,noexec
     5                           	psect	idataBANK1,global,class=CODE,space=0,delta=2,noexec
     6                           	psect	strings,global,class=STRING,space=0,delta=2,noexec
     7                           	psect	cinit,global,class=CODE,space=0,merge=1,delta=2
     8                           	psect	bssCOMMON,global,class=COMMON,space=1,delta=1,noexec
     9                           	psect	bssBANK0,global,class=BANK0,space=1,delta=1,noexec
    10                           	psect	dataBANK0,global,class=BANK0,space=1,delta=1,noexec
    11                           	psect	bssBANK1,global,class=BANK1,space=1,delta=1,noexec
    12                           	psect	dataBANK1,global,class=BANK1,space=1,delta=1,noexec
    13                           	psect	inittext,global,class=CODE,space=0,delta=2
    14                           	psect	clrtext,global,class=CODE,space=0,delta=2
    15                           	psect	cstackCOMMON,global,class=COMMON,space=1,delta=1,noexec
    16                           	psect	cstackBANK0,global,class=BANK0,space=1,delta=1,noexec
    17                           	psect	maintext,global,class=CODE,space=0,split=1,delta=2
    18                           	psect	text1,local,class=CODE,space=0,merge=1,delta=2
    19                           	psect	text2,local,class=CODE,space=0,merge=1,delta=2
    20                           	psect	text3,local,class=CODE,space=0,merge=1,delta=2
    21                           	psect	text4,local,class=CODE,space=0,merge=1,delta=2
    22                           	psect	text5,local,class=CODE,space=0,merge=1,delta=2,group=3
    23                           	psect	text6,local,class=CODE,space=0,merge=1,delta=2,group=1
    24                           	psect	text7,local,class=CODE,space=0,merge=1,delta=2,group=1
    25                           	psect	text8,local,class=CODE,space=0,merge=1,delta=2,group=3
    26                           	psect	text9,local,class=CODE,space=0,merge=1,delta=2,group=3
    27                           	psect	text10,local,class=CODE,space=0,merge=1,delta=2,group=3
    28                           	psect	text11,local,class=CODE,space=0,merge=1,delta=2,group=2
    29                           	psect	text12,local,class=CODE,space=0,merge=1,delta=2,group=2
    30                           	psect	text13,local,class=CODE,space=0,merge=1,delta=2,group=2
    31                           	psect	text14,local,class=CODE,space=0,merge=1,delta=2,group=2
    32                           	psect	text15,local,class=CODE,space=0,merge=1,delta=2
    33                           	psect	text16,local,class=CODE,space=0,merge=1,delta=2
    34                           	psect	text17,local,class=CODE,space=0,merge=1,delta=2
    35                           	psect	text18,local,class=CODE,space=0,merge=1,delta=2
    36                           	psect	text19,local,class=CODE,space=0,merge=1,delta=2
    37                           	psect	text20,local,class=CODE,space=0,merge=1,delta=2
    38                           	psect	text21,local,class=CODE,space=0,merge=1,delta=2
    39                           	psect	text22,local,class=CODE,space=0,merge=1,delta=2
    40                           	psect	text23,local,class=CODE,space=0,merge=1,delta=2
    41                           	psect	intentry,global,class=CODE,space=0,delta=2
    42                           	psect	text24,local,class=CODE,space=0,merge=1,delta=2,group=2
    43                           	psect	config,global,abs,ovrld,class=CONFIG,space=4,delta=2,noexec
    44                           	dabs	1,0x7E,2
    45     0000                     
    46                           ; Generated 25/07/2024 GMT
    47                           ; 
    48                           ; Copyright © 2024, Microchip Technology Inc. and its subsidiaries ("Microchip")
    49                           ; All rights reserved.
    50                           ; 
    51                           ; This software is developed by Microchip Technology Inc. and its subsidiaries ("Microch
      +                          ip").
    52                           ; 
    53                           ; Redistribution and use in source and binary forms, with or without modification, are
    54                           ; permitted provided that the following conditions are met:
    55                           ; 
    56                           ;     1. Redistributions of source code must retain the above copyright notice, this lis
      +                          t of
    57                           ;        conditions and the following disclaimer.
    58                           ; 
    59                           ;     2. Redistributions in binary form must reproduce the above copyright notice, this 
      +                          list
    60                           ;        of conditions and the following disclaimer in the documentation and/or other
    61                           ;        materials provided with the distribution. Publication is not required when
    62                           ;        this file is used in an embedded application.
    63                           ; 
    64                           ;     3. Microchip's name may not be used to endorse or promote products derived from th
      +                          is
    65                           ;        software without specific prior written permission.
    66                           ; 
    67                           ; THIS SOFTWARE IS PROVIDED BY MICROCHIP "AS IS" AND ANY EXPRESS OR IMPLIED WARRANTIES,
    68                           ; INCLUDING, BUT NOT LIMITED TO, THE IMPLIED WARRANTIES OF MERCHANTABILITY AND FITNESS F
      +                          OR
    69                           ; PURPOSE ARE DISCLAIMED.  IN NO EVENT SHALL MICROCHIP BE LIABLE FOR ANY DIRECT, INDIREC
      +                          T,
    70                           ; INCIDENTAL, SPECIAL, EXEMPLARY, OR CONSEQUENTIAL DAMAGES (INCLUDING BUT NOT LIMITED TO
    71                           ; PROCUREMENT OF SUBSTITUTE GOODS OR SERVICES; LOSS OF USE, DATA OR PROFITS; OR BUSINESS
    72                           ; INTERRUPTION) HOWSOEVER CAUSED AND ON ANY THEORY OF LIABILITY, WHETHER IN CONTRACT, ST
      +                          RICT
    73                           ; LIABILITY, OR TORT (INCLUDING NEGLIGENCE OR OTHERWISE) ARISING IN ANY WAY OUT OF THE U
      +                          SE OF
    74                           ; THIS SOFTWARE, EVEN IF ADVISED OF THE POSSIBILITY OF SUCH DAMAGE.
    75                           ; 
    76                           ; 
    77                           ; Code-generator required, PIC16F876A Definitions
    78                           ; 
    79                           ; SFR Addresses
    80     0004                     fsr             equ	4
    81     0004                     fsr0            equ	4
    82     0000                     indf            equ	0
    83     0000                     indf0           equ	0
    84     0002                     pc              equ	2
    85     0002                     pcl             equ	2
    86     000A                     pclath          equ	10
    87     0003                     status          equ	3
    88     0000                     INDF            equ	0	;# 
    89     0001                     TMR0            equ	1	;# 
    90     0002                     PCL             equ	2	;# 
    91     0003                     STATUS          equ	3	;# 
    92     0004                     FSR             equ	4	;# 
    93     0005                     PORTA           equ	5	;# 
    94     0006                     PORTB           equ	6	;# 
    95     0007                     PORTC           equ	7	;# 
    96     000A                     PCLATH          equ	10	;# 
    97     000B                     INTCON          equ	11	;# 
    98     000C                     PIR1            equ	12	;# 
    99     000D                     PIR2            equ	13	;# 
   100     000E                     TMR1            equ	14	;# 
   101     000E                     TMR1L           equ	14	;# 
   102     000F                     TMR1H           equ	15	;# 
   103     0010                     T1CON           equ	16	;# 
   104     0011                     TMR2            equ	17	;# 
   105     0012                     T2CON           equ	18	;# 
   106     0013                     SSPBUF          equ	19	;# 
   107     0014                     SSPCON          equ	20	;# 
   108     0015                     CCPR1           equ	21	;# 
   109     0015                     CCPR1L          equ	21	;# 
   110     0016                     CCPR1H          equ	22	;# 
   111     0017                     CCP1CON         equ	23	;# 
   112     0018                     RCSTA           equ	24	;# 
   113     0019                     TXREG           equ	25	;# 
   114     001A                     RCREG           equ	26	;# 
   115     001B                     CCPR2           equ	27	;# 
   116     001B                     CCPR2L          equ	27	;# 
   117     001C                     CCPR2H          equ	28	;# 
   118     001D                     CCP2CON         equ	29	;# 
   119     001E                     ADRESH          equ	30	;# 
   120     001F                     ADCON0          equ	31	;# 
   121     0081                     OPTION_REG      equ	129	;# 
   122     0085                     TRISA           equ	133	;# 
   123     0086                     TRISB           equ	134	;# 
   124     0087                     TRISC           equ	135	;# 
   125     008C                     PIE1            equ	140	;# 
   126     008D                     PIE2            equ	141	;# 
   127     008E                     PCON            equ	142	;# 
   128     0091                     SSPCON2         equ	145	;# 
   129     0092                     PR2             equ	146	;# 
   130     0093                     SSPADD          equ	147	;# 
   131     0094                     SSPSTAT         equ	148	;# 
   132     0098                     TXSTA           equ	152	;# 
   133     0099                     SPBRG           equ	153	;# 
   134     009C                     CMCON           equ	156	;# 
   135     009D                     CVRCON          equ	157	;# 
   136     009E                     ADRESL          equ	158	;# 
   137     009F                     ADCON1          equ	159	;# 
   138     010C                     EEDATA          equ	268	;# 
   139     010D                     EEADR           equ	269	;# 
   140     010E                     EEDATH          equ	270	;# 
   141     010F                     EEADRH          equ	271	;# 
   142     018C                     EECON1          equ	396	;# 
   143     018D                     EECON2          equ	397	;# 
   144     0000                     INDF            equ	0	;# 
   145     0001                     TMR0            equ	1	;# 
   146     0002                     PCL             equ	2	;# 
   147     0003                     STATUS          equ	3	;# 
   148     0004                     FSR             equ	4	;# 
   149     0005                     PORTA           equ	5	;# 
   150     0006                     PORTB           equ	6	;# 
   151     0007                     PORTC           equ	7	;# 
   152     000A                     PCLATH          equ	10	;# 
   153     000B                     INTCON          equ	11	;# 
   154     000C                     PIR1            equ	12	;# 
   155     000D                     PIR2            equ	13	;# 
   156     000E                     TMR1            equ	14	;# 
   157     000E                     TMR1L           equ	14	;# 
   158     000F                     TMR1H           equ	15	;# 
   159     0010                     T1CON           equ	16	;# 
   160     0011                     TMR2            equ	17	;# 
   161     0012                     T2CON           equ	18	;# 
   162     0013                     SSPBUF          equ	19	;# 
   163     0014                     SSPCON          equ	20	;# 
   164     0015                     CCPR1           equ	21	;# 
   165     0015                     CCPR1L          equ	21	;# 
   166     0016                     CCPR1H          equ	22	;# 
   167     0017                     CCP1CON         equ	23	;# 
   168     0018                     RCSTA           equ	24	;# 
   169     0019                     TXREG           equ	25	;# 
   170     001A                     RCREG           equ	26	;# 
   171     001B                     CCPR2           equ	27	;# 
   172     001B                     CCPR2L          equ	27	;# 
   173     001C                     CCPR2H          equ	28	;# 
   174     001D                     CCP2CON         equ	29	;# 
   175     001E                     ADRESH          equ	30	;# 
   176     001F                     ADCON0          equ	31	;# 
   177     0081                     OPTION_REG      equ	129	;# 
   178     0085                     TRISA           equ	133	;# 
   179     0086                     TRISB           equ	134	;# 
   180     0087                     TRISC           equ	135	;# 
   181     008C                     PIE1            equ	140	;# 
   182     008D                     PIE2            equ	141	;# 
   183     008E                     PCON            equ	142	;# 
   184     0091                     SSPCON2         equ	145	;# 
   185     0092                     PR2             equ	146	;# 
   186     0093                     SSPADD          equ	147	;# 
   187     0094                     SSPSTAT         equ	148	;# 
   188     0098                     TXSTA           equ	152	;# 
   189     0099                     SPBRG           equ	153	;# 
   190     009C                     CMCON           equ	156	;# 
   191     009D                     CVRCON          equ	157	;# 
   192     009E                     ADRESL          equ	158	;# 
   193     009F                     ADCON1          equ	159	;# 
   194     010C                     EEDATA          equ	268	;# 
   195     010D                     EEADR           equ	269	;# 
   196     010E                     EEDATH          equ	270	;# 
   197     010F                     EEADRH          equ	271	;# 
   198     018C                     EECON1          equ	396	;# 
   199     018D                     EECON2          equ	397	;# 
   200     0000                     INDF            equ	0	;# 
   201     0001                     TMR0            equ	1	;# 
   202     0002                     PCL             equ	2	;# 
   203     0003                     STATUS          equ	3	;# 
   204     0004                     FSR             equ	4	;# 
   205     0005                     PORTA           equ	5	;# 
   206     0006                     PORTB           equ	6	;# 
   207     0007                     PORTC           equ	7	;# 
   208     000A                     PCLATH          equ	10	;# 
   209     000B                     INTCON          equ	11	;# 
   210     000C                     PIR1            equ	12	;# 
   211     000D                     PIR2            equ	13	;# 
   212     000E                     TMR1            equ	14	;# 
   213     000E                     TMR1L           equ	14	;# 
   214     000F                     TMR1H           equ	15	;# 
   215     0010                     T1CON           equ	16	;# 
   216     0011                     TMR2            equ	17	;# 
   217     0012                     T2CON           equ	18	;# 
   218     0013                     SSPBUF          equ	19	;# 
   219     0014                     SSPCON          equ	20	;# 
   220     0015                     CCPR1           equ	21	;# 
   221     0015                     CCPR1L          equ	21	;# 
   222     0016                     CCPR1H          equ	22	;# 
   223     0017                     CCP1CON         equ	23	;# 
   224     0018                     RCSTA           equ	24	;# 
   225     0019                     TXREG           equ	25	;# 
   226     001A                     RCREG           equ	26	;# 
   227     001B                     CCPR2           equ	27	;# 
   228     001B                     CCPR2L          equ	27	;# 
   229     001C                     CCPR2H          equ	28	;# 
   230     001D                     CCP2CON         equ	29	;# 
   231     001E                     ADRESH          equ	30	;# 
   232     001F                     ADCON0          equ	31	;# 
   233     0081                     OPTION_REG      equ	129	;# 
   234     0085                     TRISA           equ	133	;# 
   235     0086                     TRISB           equ	134	;# 
   236     0087                     TRISC           equ	135	;# 
   237     008C                     PIE1            equ	140	;# 
   238     008D                     PIE2            equ	141	;# 
   239     008E                     PCON            equ	142	;# 
   240     0091                     SSPCON2         equ	145	;# 
   241     0092                     PR2             equ	146	;# 
   242     0093                     SSPADD          equ	147	;# 
   243     0094                     SSPSTAT         equ	148	;# 
   244     0098                     TXSTA           equ	152	;# 
   245     0099                     SPBRG           equ	153	;# 
   246     009C                     CMCON           equ	156	;# 
   247     009D                     CVRCON          equ	157	;# 
   248     009E                     ADRESL          equ	158	;# 
   249     009F                     ADCON1          equ	159	;# 
   250     010C                     EEDATA          equ	268	;# 
   251     010D                     EEADR           equ	269	;# 
   252     010E                     EEDATH          equ	270	;# 
   253     010F                     EEADRH          equ	271	;# 
   254     018C                     EECON1          equ	396	;# 
   255     018D                     EECON2          equ	397	;# 
   256     0000                     INDF            equ	0	;# 
   257     0001                     TMR0            equ	1	;# 
   258     0002                     PCL             equ	2	;# 
   259     0003                     STATUS          equ	3	;# 
   260     0004                     FSR             equ	4	;# 
   261     0005                     PORTA           equ	5	;# 
   262     0006                     PORTB           equ	6	;# 
   263     0007                     PORTC           equ	7	;# 
   264     000A                     PCLATH          equ	10	;# 
   265     000B                     INTCON          equ	11	;# 
   266     000C                     PIR1            equ	12	;# 
   267     000D                     PIR2            equ	13	;# 
   268     000E                     TMR1            equ	14	;# 
   269     000E                     TMR1L           equ	14	;# 
   270     000F                     TMR1H           equ	15	;# 
   271     0010                     T1CON           equ	16	;# 
   272     0011                     TMR2            equ	17	;# 
   273     0012                     T2CON           equ	18	;# 
   274     0013                     SSPBUF          equ	19	;# 
   275     0014                     SSPCON          equ	20	;# 
   276     0015                     CCPR1           equ	21	;# 
   277     0015                     CCPR1L          equ	21	;# 
   278     0016                     CCPR1H          equ	22	;# 
   279     0017                     CCP1CON         equ	23	;# 
   280     0018                     RCSTA           equ	24	;# 
   281     0019                     TXREG           equ	25	;# 
   282     001A                     RCREG           equ	26	;# 
   283     001B                     CCPR2           equ	27	;# 
   284     001B                     CCPR2L          equ	27	;# 
   285     001C                     CCPR2H          equ	28	;# 
   286     001D                     CCP2CON         equ	29	;# 
   287     001E                     ADRESH          equ	30	;# 
   288     001F                     ADCON0          equ	31	;# 
   289     0081                     OPTION_REG      equ	129	;# 
   290     0085                     TRISA           equ	133	;# 
   291     0086                     TRISB           equ	134	;# 
   292     0087                     TRISC           equ	135	;# 
   293     008C                     PIE1            equ	140	;# 
   294     008D                     PIE2            equ	141	;# 
   295     008E                     PCON            equ	142	;# 
   296     0091                     SSPCON2         equ	145	;# 
   297     0092                     PR2             equ	146	;# 
   298     0093                     SSPADD          equ	147	;# 
   299     0094                     SSPSTAT         equ	148	;# 
   300     0098                     TXSTA           equ	152	;# 
   301     0099                     SPBRG           equ	153	;# 
   302     009C                     CMCON           equ	156	;# 
   303     009D                     CVRCON          equ	157	;# 
   304     009E                     ADRESL          equ	158	;# 
   305     009F                     ADCON1          equ	159	;# 
   306     010C                     EEDATA          equ	268	;# 
   307     010D                     EEADR           equ	269	;# 
   308     010E                     EEDATH          equ	270	;# 
   309     010F                     EEADRH          equ	271	;# 
   310     018C                     EECON1          equ	396	;# 
   311     018D                     EECON2          equ	397	;# 
   312     0000                     INDF            equ	0	;# 
   313     0001                     TMR0            equ	1	;# 
   314     0002                     PCL             equ	2	;# 
   315     0003                     STATUS          equ	3	;# 
   316     0004                     FSR             equ	4	;# 
   317     0005                     PORTA           equ	5	;# 
   318     0006                     PORTB           equ	6	;# 
   319     0007                     PORTC           equ	7	;# 
   320     000A                     PCLATH          equ	10	;# 
   321     000B                     INTCON          equ	11	;# 
   322     000C                     PIR1            equ	12	;# 
   323     000D                     PIR2            equ	13	;# 
   324     000E                     TMR1            equ	14	;# 
   325     000E                     TMR1L           equ	14	;# 
   326     000F                     TMR1H           equ	15	;# 
   327     0010                     T1CON           equ	16	;# 
   328     0011                     TMR2            equ	17	;# 
   329     0012                     T2CON           equ	18	;# 
   330     0013                     SSPBUF          equ	19	;# 
   331     0014                     SSPCON          equ	20	;# 
   332     0015                     CCPR1           equ	21	;# 
   333     0015                     CCPR1L          equ	21	;# 
   334     0016                     CCPR1H          equ	22	;# 
   335     0017                     CCP1CON         equ	23	;# 
   336     0018                     RCSTA           equ	24	;# 
   337     0019                     TXREG           equ	25	;# 
   338     001A                     RCREG           equ	26	;# 
   339     001B                     CCPR2           equ	27	;# 
   340     001B                     CCPR2L          equ	27	;# 
   341     001C                     CCPR2H          equ	28	;# 
   342     001D                     CCP2CON         equ	29	;# 
   343     001E                     ADRESH          equ	30	;# 
   344     001F                     ADCON0          equ	31	;# 
   345     0081                     OPTION_REG      equ	129	;# 
   346     0085                     TRISA           equ	133	;# 
   347     0086                     TRISB           equ	134	;# 
   348     0087                     TRISC           equ	135	;# 
   349     008C                     PIE1            equ	140	;# 
   350     008D                     PIE2            equ	141	;# 
   351     008E                     PCON            equ	142	;# 
   352     0091                     SSPCON2         equ	145	;# 
   353     0092                     PR2             equ	146	;# 
   354     0093                     SSPADD          equ	147	;# 
   355     0094                     SSPSTAT         equ	148	;# 
   356     0098                     TXSTA           equ	152	;# 
   357     0099                     SPBRG           equ	153	;# 
   358     009C                     CMCON           equ	156	;# 
   359     009D                     CVRCON          equ	157	;# 
   360     009E                     ADRESL          equ	158	;# 
   361     009F                     ADCON1          equ	159	;# 
   362     010C                     EEDATA          equ	268	;# 
   363     010D                     EEADR           equ	269	;# 
   364     010E                     EEDATH          equ	270	;# 
   365     010F                     EEADRH          equ	271	;# 
   366     018C                     EECON1          equ	396	;# 
   367     018D                     EECON2          equ	397	;# 
   368                           
   369                           	psect	idataBANK0
   370     009D                     __pidataBANK0:
   371                           
   372                           ;initializer for _last_decrement_wait_time_multiplier
   373     009D  3401               	retlw	1
   374     009E  3400               	retlw	0
   375                           
   376                           ;initializer for _decrement_wait_time_multiplier
   377     009F  3401               	retlw	1
   378     00A0  3400               	retlw	0
   379                           
   380                           ;initializer for _config_mode_value
   381     00A1  3401               	retlw	1
   382     00A2  3400               	retlw	0
   383                           
   384                           ;initializer for _button_timer_count
   385     00A3  3401               	retlw	1
   386     00A4  3400               	retlw	0
   387                           
   388                           	psect	idataBANK1
   389     00C2                     __pidataBANK1:
   390                           
   391                           ;initializer for disp_config_mode@F1269
   392     00C2  3430               	retlw	48
   393     00C3  3431               	retlw	49
   394     00C4  3432               	retlw	50
   395     00C5  3433               	retlw	51
   396                           
   397                           ;initializer for _tick_timer_count
   398     00C6  3401               	retlw	1
   399     00C7  3400               	retlw	0
   400     00C8  3400               	retlw	0
   401     00C9  3400               	retlw	0
   402                           
   403                           ;initializer for disp_show_end@F1274
   404     00CA  3465               	retlw	101
   405     00CB  346E               	retlw	110
   406     00CC  3464               	retlw	100
   407     000B                     _INTCONbits     set	11
   408     0019                     _TXREG          set	25
   409     0006                     _PORTBbits      set	6
   410     0018                     _RCSTA          set	24
   411     0001                     _TMR0           set	1
   412     001A                     _RCREG          set	26
   413     0018                     _RCSTAbits      set	24
   414     0005                     _PORTAbits      set	5
   415     0007                     _PORTCbits      set	7
   416     0010                     _T1CONbits      set	16
   417     0007                     _PORTC          set	7
   418     0006                     _PORTB          set	6
   419     0005                     _PORTA          set	5
   420     0064                     _TXIF           set	100
   421     005A                     _T0IF           set	90
   422     00C4                     _CREN           set	196
   423     0065                     _RCIF           set	101
   424     0081                     _OPTION_REG     set	129
   425     008C                     _PIE1bits       set	140
   426     0098                     _TXSTAbits      set	152
   427     0099                     _SPBRG          set	153
   428     0098                     _TXSTA          set	152
   429     009C                     _CMCON          set	156
   430     009F                     _ADCON1         set	159
   431     0087                     _TRISC          set	135
   432     0086                     _TRISB          set	134
   433     0085                     _TRISA          set	133
   434     043F                     _TRISC7         set	1087
   435     043E                     _TRISC6         set	1086
   436                           
   437                           	psect	strings
   438     000F                     __pstrings:
   439     000F                     stringtab:
   440     000F                     __stringtab:
   441     000F                     stringcode:	
   442                           ;	String table - string pointers are 1 byte each
   443                           
   444     000F                     stringdir:
   445     000F  3000               	movlw	high stringdir
   446     0010  008A               	movwf	10
   447     0011  0804               	movf	4,w
   448     0012  0A84               	incf	4,f
   449     0013  0782               	addwf	2,f
   450     0014                     __stringbase:
   451     0014  3400               	retlw	0
   452     0015                     __end_of__stringtab:
   453     0015                     STR_1:
   454     0015  3425               	retlw	37	;'%'
   455     0016  3464               	retlw	100	;'d'
   456     0017  3400               	retlw	0
   457                           
   458                           	psect	cinit
   459     07D4                     start_initialization:	
   460                           ; #config settings
   461                           
   462     07D4                     __initialization:
   463                           
   464                           ; Initialize objects allocated to BANK1
   465     07D4  1383               	bcf	3,7	;select IRP bank0
   466     07D5  30CF               	movlw	low (__pdataBANK1+11)
   467     07D6  00FD               	movwf	btemp+-1
   468     07D7  3000               	movlw	high __pidataBANK1
   469     07D8  00FE               	movwf	btemp
   470     07D9  30C2               	movlw	low __pidataBANK1
   471     07DA  00FF               	movwf	btemp+1
   472     07DB  30C4               	movlw	low __pdataBANK1
   473     07DC  0084               	movwf	4
   474     07DD  120A  118A  2112  120A  118A  	fcall	init_ram0
   475                           
   476                           ; Initialize objects allocated to BANK0
   477     07E2  306B               	movlw	low (__pdataBANK0+8)
   478     07E3  00FD               	movwf	btemp+-1
   479     07E4  3000               	movlw	high __pidataBANK0
   480     07E5  00FE               	movwf	btemp
   481     07E6  309D               	movlw	low __pidataBANK0
   482     07E7  00FF               	movwf	btemp+1
   483     07E8  3063               	movlw	low __pdataBANK0
   484     07E9  0084               	movwf	4
   485     07EA  120A  118A  2112  120A  118A  	fcall	init_ram0
   486                           
   487                           ; Clear objects allocated to BANK1
   488     07EF  30A0               	movlw	low __pbssBANK1
   489     07F0  0084               	movwf	4
   490     07F1  30C4               	movlw	low (__pbssBANK1+36)
   491     07F2  120A  118A  2095  120A  118A  	fcall	clear_ram0
   492                           
   493                           ; Clear objects allocated to BANK0
   494     07F7  01EB               	clrf	__pbssBANK0& (0+127)
   495     07F8  01EC               	clrf	(__pbssBANK0+1)& (0+127)
   496     07F9  01ED               	clrf	(__pbssBANK0+2)& (0+127)
   497     07FA  01EE               	clrf	(__pbssBANK0+3)& (0+127)
   498                           
   499                           ; Clear objects allocated to COMMON
   500     07FB  01FD               	clrf	__pbssCOMMON& (0+127)
   501     07FC                     end_of_initialization:	
   502                           ;End of C runtime variable initialization code
   503                           
   504     07FC                     __end_of__initialization:
   505     07FC  0183               	clrf	3
   506     07FD  120A  118A  2E06   	ljmp	_main	;jump to C main() function
   507                           
   508                           	psect	bssCOMMON
   509     007D                     __pbssCOMMON:
   510     007D                     _is_enabled_bip:
   511     007D                     	ds	1
   512                           
   513                           	psect	bssBANK0
   514     006B                     __pbssBANK0:
   515     006B                     _display_value:
   516     006B                     	ds	2
   517     006D                     _flags:
   518     006D                     	ds	1
   519     006E                     _is_active_count:
   520     006E                     	ds	1
   521                           
   522                           	psect	dataBANK0
   523     0063                     __pdataBANK0:
   524     0063                     _last_decrement_wait_time_multiplier:
   525     0063                     	ds	2
   526     0065                     _decrement_wait_time_multiplier:
   527     0065                     	ds	2
   528     0067                     _config_mode_value:
   529     0067                     	ds	2
   530     0069                     _button_timer_count:
   531     0069                     	ds	2
   532                           
   533                           	psect	bssBANK1
   534     00A0                     __pbssBANK1:
   535     00A0                     _dbuf:
   536     00A0                     	ds	32
   537     00C0                     _width:
   538     00C0                     	ds	2
   539     00C2                     _prec:
   540     00C2                     	ds	2
   541                           
   542                           	psect	dataBANK1
   543     00C4                     __pdataBANK1:
   544     00C4                     disp_config_mode@F1269:
   545     00C4                     	ds	4
   546     00C8                     _tick_timer_count:
   547     00C8                     	ds	4
   548     00CC                     disp_show_end@F1274:
   549     00CC                     	ds	3
   550                           
   551                           	psect	inittext
   552     010E                     init_fetch0:	
   553                           ;	Called with low address in FSR and high address in W
   554                           
   555     010E  087E               	movf	btemp,w
   556     010F  008A               	movwf	10
   557     0110  087F               	movf	btemp+1,w
   558     0111  0082               	movwf	2
   559     0112                     init_ram0:	
   560                           ;Called with:
   561                           ;	high address of idata address in btemp 
   562                           ;	low address of idata address in btemp+1 
   563                           ;	low address of data in FSR
   564                           ;	high address + 1 of data in btemp-1
   565                           
   566     0112  120A  118A  210E  120A  118A  	fcall	init_fetch0
   567     0117  0080               	movwf	0
   568     0118  0A84               	incf	4,f
   569     0119  0804               	movf	4,w
   570     011A  067D               	xorwf	btemp+-1,w
   571     011B  1903               	btfsc	3,2
   572     011C  3400               	retlw	0
   573     011D  0AFF               	incf	btemp+1,f
   574     011E  1903               	btfsc	3,2
   575     011F  0AFE               	incf	btemp,f
   576     0120  2912               	goto	init_ram0
   577                           
   578                           	psect	clrtext
   579     0095                     clear_ram0:	
   580                           ;	Called with FSR containing the base address, and
   581                           ;	W with the last address+1
   582                           
   583     0095  0064               	clrwdt	;clear the watchdog before getting into this loop
   584     0096                     clrloop0:
   585     0096  0180               	clrf	0	;clear RAM location pointed to by FSR
   586     0097  0A84               	incf	4,f	;increment pointer
   587     0098  0604               	xorwf	4,w	;XOR with final address
   588     0099  1903               	btfsc	3,2	;have we reached the end yet?
   589     009A  3400               	retlw	0	;all done for this memory range, return
   590     009B  0604               	xorwf	4,w	;XOR again to restore value
   591     009C  2896               	goto	clrloop0	;do the next byte
   592                           
   593                           	psect	cstackCOMMON
   594     0071                     __pcstackCOMMON:
   595     0071                     ?_config_global_interruptions:
   596     0071                     ?_uart_init:	
   597                           ; 1 bytes @ 0x0
   598                           
   599     0071                     ?_trigger_relay:	
   600                           ; 1 bytes @ 0x0
   601                           
   602     0071                     ?_beep:	
   603                           ; 1 bytes @ 0x0
   604                           
   605     0071                     ?_counters_reset:	
   606                           ; 1 bytes @ 0x0
   607                           
   608     0071                     ?_disp_show_end:	
   609                           ; 1 bytes @ 0x0
   610                           
   611     0071                     ?_change_multiplier:	
   612                           ; 1 bytes @ 0x0
   613                           
   614     0071                     ?_disp_set_byte:	
   615                           ; 1 bytes @ 0x0
   616                           
   617     0071                     ?_config_uart_interruption:	
   618                           ; 1 bytes @ 0x0
   619                           
   620     0071                     ?_config_timer_interruption:	
   621                           ; 1 bytes @ 0x0
   622                           
   623     0071                     ?_putch:	
   624                           ; 1 bytes @ 0x0
   625                           
   626     0071                     ?_main:	
   627                           ; 1 bytes @ 0x0
   628                           
   629     0071                     ?_my_interruptions:	
   630                           ; 1 bytes @ 0x0
   631                           
   632     0071                     ?___wmul:	
   633                           ; 1 bytes @ 0x0
   634                           
   635     0071                     putch@c:	
   636                           ; 2 bytes @ 0x0
   637                           
   638     0071                     ___wmul@multiplier:	
   639                           ; 1 bytes @ 0x0
   640                           
   641                           
   642                           ; 2 bytes @ 0x0
   643     0071                     	ds	2
   644     0073                     ___wmul@multiplicand:
   645                           
   646                           ; 2 bytes @ 0x2
   647     0073                     	ds	2
   648     0075                     ___wmul@product:
   649     0075                     ??___wmul:	
   650                           ; 2 bytes @ 0x4
   651                           
   652                           
   653                           ; 1 bytes @ 0x4
   654     0075                     	ds	2
   655     0077                     ??_my_interruptions:
   656                           
   657                           ; 1 bytes @ 0x6
   658     0077                     	ds	6
   659                           
   660                           	psect	cstackBANK0
   661     0020                     __pcstackBANK0:
   662     0020                     ?_fputc:
   663     0020                     ?___awdiv:	
   664                           ; 2 bytes @ 0x0
   665                           
   666     0020                     ?___awmod:	
   667                           ; 2 bytes @ 0x0
   668                           
   669     0020                     ?___lwdiv:	
   670                           ; 2 bytes @ 0x0
   671                           
   672     0020                     ?___lwmod:	
   673                           ; 2 bytes @ 0x0
   674                           
   675     0020                     disp_set_byte@byte:	
   676                           ; 2 bytes @ 0x0
   677                           
   678     0020                     ___awdiv@divisor:	
   679                           ; 1 bytes @ 0x0
   680                           
   681     0020                     ___awmod@divisor:	
   682                           ; 2 bytes @ 0x0
   683                           
   684     0020                     ___lwdiv@divisor:	
   685                           ; 2 bytes @ 0x0
   686                           
   687     0020                     ___lwmod@divisor:	
   688                           ; 2 bytes @ 0x0
   689                           
   690     0020                     fputc@c:	
   691                           ; 2 bytes @ 0x0
   692                           
   693     0020                     ??_config_global_interruptions:	
   694                           ; 2 bytes @ 0x0
   695                           
   696     0020                     ??_uart_init:	
   697                           ; 1 bytes @ 0x0
   698                           
   699     0020                     ??_trigger_relay:	
   700                           ; 1 bytes @ 0x0
   701                           
   702     0020                     ??_beep:	
   703                           ; 1 bytes @ 0x0
   704                           
   705     0020                     ??_counters_reset:	
   706                           ; 1 bytes @ 0x0
   707                           
   708     0020                     ??_disp_set_byte:	
   709                           ; 1 bytes @ 0x0
   710                           
   711     0020                     ??_config_uart_interruption:	
   712                           ; 1 bytes @ 0x0
   713                           
   714     0020                     ??_config_timer_interruption:	
   715                           ; 1 bytes @ 0x0
   716                           
   717     0020                     ??_putch:	
   718                           ; 1 bytes @ 0x0
   719                           
   720                           
   721                           ; 1 bytes @ 0x0
   722     0020                     	ds	1
   723     0021                     ?_disp_config_mode:
   724     0021                     disp_config_mode@config_number:	
   725                           ; 1 bytes @ 0x1
   726                           
   727     0021                     ??_disp_show_end:	
   728                           ; 2 bytes @ 0x1
   729                           
   730                           
   731                           ; 1 bytes @ 0x1
   732     0021                     	ds	1
   733     0022                     ___awdiv@dividend:
   734     0022                     ___awmod@dividend:	
   735                           ; 2 bytes @ 0x2
   736                           
   737     0022                     ___lwdiv@dividend:	
   738                           ; 2 bytes @ 0x2
   739                           
   740     0022                     ___lwmod@dividend:	
   741                           ; 2 bytes @ 0x2
   742                           
   743     0022                     fputc@fp:	
   744                           ; 2 bytes @ 0x2
   745                           
   746     0022                     ??_change_multiplier:	
   747                           ; 2 bytes @ 0x2
   748                           
   749                           
   750                           ; 1 bytes @ 0x2
   751     0022                     	ds	1
   752     0023                     disp_show_end@bytes:
   753     0023                     ??_disp_config_mode:	
   754                           ; 3 bytes @ 0x3
   755                           
   756                           
   757                           ; 1 bytes @ 0x3
   758     0023                     	ds	1
   759     0024                     ___awdiv@counter:
   760     0024                     ___awmod@counter:	
   761                           ; 1 bytes @ 0x4
   762                           
   763     0024                     ___lwmod@counter:	
   764                           ; 1 bytes @ 0x4
   765                           
   766     0024                     ___lwdiv@quotient:	
   767                           ; 1 bytes @ 0x4
   768                           
   769     0024                     ??_fputc:	
   770                           ; 2 bytes @ 0x4
   771                           
   772     0024                     ??___awdiv:	
   773                           ; 1 bytes @ 0x4
   774                           
   775     0024                     ??___awmod:	
   776                           ; 1 bytes @ 0x4
   777                           
   778     0024                     ??___lwdiv:	
   779                           ; 1 bytes @ 0x4
   780                           
   781     0024                     ??___lwmod:	
   782                           ; 1 bytes @ 0x4
   783                           
   784                           
   785                           ; 1 bytes @ 0x4
   786     0024                     	ds	1
   787     0025                     ___awdiv@sign:
   788     0025                     ___awmod@sign:	
   789                           ; 1 bytes @ 0x5
   790                           
   791     0025                     disp_config_mode@configs:	
   792                           ; 1 bytes @ 0x5
   793                           
   794                           
   795                           ; 4 bytes @ 0x5
   796     0025                     	ds	1
   797     0026                     ?_abs:
   798     0026                     ___lwdiv@counter:	
   799                           ; 2 bytes @ 0x6
   800                           
   801     0026                     disp_show_end@i:	
   802                           ; 1 bytes @ 0x6
   803                           
   804     0026                     ___awdiv@quotient:	
   805                           ; 2 bytes @ 0x6
   806                           
   807     0026                     abs@a:	
   808                           ; 2 bytes @ 0x6
   809                           
   810                           
   811                           ; 2 bytes @ 0x6
   812     0026                     	ds	2
   813     0028                     ??_abs:
   814                           
   815                           ; 1 bytes @ 0x8
   816     0028                     	ds	5
   817     002D                     ?_vfpfcnvrt:
   818     002D                     vfpfcnvrt@fp:	
   819                           ; 1 bytes @ 0xD
   820                           
   821                           
   822                           ; 2 bytes @ 0xD
   823     002D                     	ds	2
   824     002F                     vfpfcnvrt@fmt:
   825                           
   826                           ; 1 bytes @ 0xF
   827     002F                     	ds	1
   828     0030                     vfpfcnvrt@ap:
   829                           
   830                           ; 1 bytes @ 0x10
   831     0030                     	ds	1
   832     0031                     ??_vfpfcnvrt:
   833                           
   834                           ; 1 bytes @ 0x11
   835     0031                     	ds	2
   836     0033                     vfpfcnvrt@done:
   837                           
   838                           ; 1 bytes @ 0x13
   839     0033                     	ds	1
   840     0034                     vfpfcnvrt@cp:
   841                           
   842                           ; 1 bytes @ 0x14
   843     0034                     	ds	1
   844     0035                     vfpfcnvrt@convarg:
   845                           
   846                           ; 4 bytes @ 0x15
   847     0035                     	ds	4
   848     0039                     vfpfcnvrt@c:
   849                           
   850                           ; 1 bytes @ 0x19
   851     0039                     	ds	1
   852     003A                     ?_vfprintf:
   853     003A                     vfprintf@fp:	
   854                           ; 2 bytes @ 0x1A
   855                           
   856                           
   857                           ; 2 bytes @ 0x1A
   858     003A                     	ds	2
   859     003C                     vfprintf@fmt:
   860                           
   861                           ; 1 bytes @ 0x1C
   862     003C                     	ds	1
   863     003D                     vfprintf@ap:
   864                           
   865                           ; 1 bytes @ 0x1D
   866     003D                     	ds	1
   867     003E                     vfprintf@cfmt:
   868     003E                     ??_vfprintf:	
   869                           ; 1 bytes @ 0x1E
   870                           
   871                           
   872                           ; 1 bytes @ 0x1E
   873     003E                     	ds	1
   874     003F                     ?_sprintf:
   875     003F                     sprintf@s:	
   876                           ; 2 bytes @ 0x1F
   877                           
   878                           
   879                           ; 1 bytes @ 0x1F
   880     003F                     	ds	1
   881     0040                     sprintf@fmt:
   882                           
   883                           ; 1 bytes @ 0x20
   884     0040                     	ds	3
   885     0043                     ??_sprintf:
   886                           
   887                           ; 1 bytes @ 0x23
   888     0043                     	ds	1
   889     0044                     sprintf@ap:
   890                           
   891                           ; 1 bytes @ 0x24
   892     0044                     	ds	1
   893     0045                     sprintf@f:
   894                           
   895                           ; 11 bytes @ 0x25
   896     0045                     	ds	11
   897     0050                     ?_disp_print:
   898     0050                     disp_print@number:	
   899                           ; 1 bytes @ 0x30
   900                           
   901                           
   902                           ; 2 bytes @ 0x30
   903     0050                     	ds	2
   904     0052                     ??_disp_print:
   905                           
   906                           ; 1 bytes @ 0x32
   907     0052                     	ds	2
   908     0054                     disp_print@array_digits:
   909                           
   910                           ; 4 bytes @ 0x34
   911     0054                     	ds	4
   912     0058                     disp_print@count:
   913                           
   914                           ; 2 bytes @ 0x38
   915     0058                     	ds	2
   916     005A                     disp_print@number_of_digits:
   917                           
   918                           ; 2 bytes @ 0x3A
   919     005A                     	ds	2
   920     005C                     disp_print@i:
   921                           
   922                           ; 2 bytes @ 0x3C
   923     005C                     	ds	2
   924     005E                     disp_print@aux_number:
   925                           
   926                           ; 2 bytes @ 0x3E
   927     005E                     	ds	2
   928     0060                     ??_main:
   929                           
   930                           ; 1 bytes @ 0x40
   931     0060                     	ds	3
   932                           
   933                           	psect	maintext
   934     0606                     __pmaintext:	
   935 ;;
   936 ;;Main: autosize = 0, tempsize = 3, incstack = 0, save=0
   937 ;;
   938 ;; *************** function _main *****************
   939 ;; Defined at:
   940 ;;		line 49 in file "main.c"
   941 ;; Parameters:    Size  Location     Type
   942 ;;		None
   943 ;; Auto vars:     Size  Location     Type
   944 ;;		None
   945 ;; Return value:  Size  Location     Type
   946 ;;                  1    wreg      void 
   947 ;; Registers used:
   948 ;;		wreg, fsr0l, fsr0h, status,2, status,0, btemp+1, pclath, cstack
   949 ;; Tracked objects:
   950 ;;		On entry : B00/0
   951 ;;		On exit  : 0/0
   952 ;;		Unchanged: 0/0
   953 ;; Data sizes:     COMMON   BANK0   BANK1   BANK3   BANK2
   954 ;;      Params:         0       0       0       0       0
   955 ;;      Locals:         0       0       0       0       0
   956 ;;      Temps:          0       3       0       0       0
   957 ;;      Totals:         0       3       0       0       0
   958 ;;Total ram usage:        3 bytes
   959 ;; Hardware stack levels required when called: 8
   960 ;; This function calls:
   961 ;;		_beep
   962 ;;		_change_multiplier
   963 ;;		_config_global_interruptions
   964 ;;		_counters_reset
   965 ;;		_disp_config_mode
   966 ;;		_disp_print
   967 ;;		_disp_show_end
   968 ;;		_trigger_relay
   969 ;;		_uart_init
   970 ;; This function is called by:
   971 ;;		Startup code after reset
   972 ;; This function uses a non-reentrant model
   973 ;;
   974                           
   975     0606                     _main:	
   976                           ;psect for function _main
   977                           
   978     0606                     l1755:	
   979                           ;incstack = 0
   980                           ; Regs used in _main: [wreg-fsr0h+status,2+status,0+btemp+1+pclath+cstack]
   981                           
   982                           
   983                           ;main.c: 51:     PORTA = 0b00000000;
   984     0606  1283               	bcf	3,5	;RP0=0, select bank0
   985     0607  1303               	bcf	3,6	;RP1=0, select bank0
   986     0608  0185               	clrf	5	;volatile
   987     0609                     l1757:
   988                           
   989                           ;main.c: 52:     TRISA = 0b00000111;
   990     0609  3007               	movlw	7
   991     060A  1683               	bsf	3,5	;RP0=1, select bank1
   992     060B  1303               	bcf	3,6	;RP1=0, select bank1
   993     060C  0085               	movwf	5	;volatile
   994                           
   995                           ;main.c: 53:     PORTB = 0b00000000;
   996     060D  1283               	bcf	3,5	;RP0=0, select bank0
   997     060E  1303               	bcf	3,6	;RP1=0, select bank0
   998     060F  0186               	clrf	6	;volatile
   999                           
  1000                           ;main.c: 54:     TRISB = 0b00000000;
  1001     0610  1683               	bsf	3,5	;RP0=1, select bank1
  1002     0611  1303               	bcf	3,6	;RP1=0, select bank1
  1003     0612  0186               	clrf	6	;volatile
  1004                           
  1005                           ;main.c: 55:     PORTC = 0b00000000;
  1006     0613  1283               	bcf	3,5	;RP0=0, select bank0
  1007     0614  1303               	bcf	3,6	;RP1=0, select bank0
  1008     0615  0187               	clrf	7	;volatile
  1009     0616                     l1759:
  1010                           
  1011                           ;main.c: 56:     TRISC = 0b10000000;
  1012     0616  3080               	movlw	128
  1013     0617  1683               	bsf	3,5	;RP0=1, select bank1
  1014     0618  1303               	bcf	3,6	;RP1=0, select bank1
  1015     0619  0087               	movwf	7	;volatile
  1016     061A                     l1761:
  1017                           
  1018                           ;main.c: 57:     ADCON1 = 7;
  1019     061A  3007               	movlw	7
  1020     061B  009F               	movwf	31	;volatile
  1021     061C                     l1763:
  1022                           
  1023                           ;main.c: 58:     CMCON = 7;
  1024     061C  3007               	movlw	7
  1025     061D  009C               	movwf	28	;volatile
  1026     061E                     l1765:
  1027                           
  1028                           ;main.c: 59:     T1CONbits.T1OSCEN = 0;
  1029     061E  1283               	bcf	3,5	;RP0=0, select bank0
  1030     061F  1303               	bcf	3,6	;RP1=0, select bank0
  1031     0620  1190               	bcf	16,3	;volatile
  1032     0621                     l1767:
  1033                           
  1034                           ;main.c: 61:     config_global_interruptions();
  1035     0621  120A  118A  20CD  120A  118A  	fcall	_config_global_interruptions
  1036     0626                     l1769:
  1037                           
  1038                           ;main.c: 62:     uart_init();
  1039     0626  120A  118A  20DA  120A  118A  	fcall	_uart_init
  1040     062B                     l1771:
  1041                           
  1042                           ;main.c: 66:         if (display_value > 0) {
  1043     062B  1283               	bcf	3,5	;RP0=0, select bank0
  1044     062C  1303               	bcf	3,6	;RP1=0, select bank0
  1045     062D  086B               	movf	_display_value,w
  1046     062E  046C               	iorwf	_display_value+1,w
  1047     062F  1903               	btfsc	3,2
  1048     0630  2E32               	goto	u1491
  1049     0631  2E33               	goto	u1490
  1050     0632                     u1491:
  1051     0632  2E4A               	goto	l1781
  1052     0633                     u1490:
  1053     0633                     l1773:
  1054                           
  1055                           ;main.c: 67:             is_enabled_bip = 1;
  1056     0633  3001               	movlw	1
  1057     0634  00FD               	movwf	_is_enabled_bip
  1058     0635                     l1775:
  1059                           
  1060                           ;main.c: 68:             trigger_relay();
  1061     0635  120A  118A  20AE  120A  118A  	fcall	_trigger_relay
  1062     063A                     l1777:
  1063                           
  1064                           ;main.c: 69:             disp_print(display_value);
  1065     063A  1283               	bcf	3,5	;RP0=0, select bank0
  1066     063B  1303               	bcf	3,6	;RP1=0, select bank0
  1067     063C  086C               	movf	_display_value+1,w
  1068     063D  00D1               	movwf	disp_print@number+1
  1069     063E  086B               	movf	_display_value,w
  1070     063F  00D0               	movwf	disp_print@number
  1071     0640  120A  118A  2423  120A  118A  	fcall	_disp_print
  1072     0645                     l1779:
  1073                           
  1074                           ;main.c: 70:             is_active_count = 1;
  1075     0645  3001               	movlw	1
  1076     0646  1283               	bcf	3,5	;RP0=0, select bank0
  1077     0647  1303               	bcf	3,6	;RP1=0, select bank0
  1078     0648  00EE               	movwf	_is_active_count
  1079                           
  1080                           ;main.c: 71:         } else {
  1081     0649  2ED9               	goto	l1821
  1082     064A                     l1781:
  1083                           
  1084                           ;main.c: 72:             if (is_active_count) {
  1085     064A  086E               	movf	_is_active_count,w
  1086     064B  1903               	btfsc	3,2
  1087     064C  2E4E               	goto	u1501
  1088     064D  2E4F               	goto	u1500
  1089     064E                     u1501:
  1090     064E  2E5D               	goto	l1791
  1091     064F                     u1500:
  1092     064F                     l1783:
  1093                           
  1094                           ;main.c: 73:                 PORTCbits.RC4 = 0;
  1095     064F  1207               	bcf	7,4	;volatile
  1096     0650                     l1785:
  1097                           
  1098                           ;main.c: 74:                 beep();
  1099     0650  120A  118A  21AB  120A  118A  	fcall	_beep
  1100     0655                     l1787:
  1101                           
  1102                           ;main.c: 75:                 is_active_count = 0;
  1103     0655  1283               	bcf	3,5	;RP0=0, select bank0
  1104     0656  1303               	bcf	3,6	;RP1=0, select bank0
  1105     0657  01EE               	clrf	_is_active_count
  1106     0658                     l1789:
  1107                           
  1108                           ;main.c: 76:                 counters_reset();
  1109     0658  120A  118A  20EA  120A  118A  	fcall	_counters_reset
  1110     065D                     l1791:
  1111                           
  1112                           ;main.c: 78:             disp_show_end();
  1113     065D  120A  118A  22A6  120A  118A  	fcall	_disp_show_end
  1114     0662  2ED9               	goto	l1821
  1115     0663                     l82:
  1116                           
  1117                           ;main.c: 82:             if (PORTAbits.RA2 && (config_mode_value < 3)) {
  1118     0663  1D05               	btfss	5,2	;volatile
  1119     0664  2E66               	goto	u1511
  1120     0665  2E67               	goto	u1510
  1121     0666                     u1511:
  1122     0666  2E84               	goto	l1797
  1123     0667                     u1510:
  1124     0667                     l1793:
  1125     0667  3000               	movlw	0
  1126     0668  0268               	subwf	_config_mode_value+1,w
  1127     0669  3003               	movlw	3
  1128     066A  1903               	skipnz
  1129     066B  0267               	subwf	_config_mode_value,w
  1130     066C  1803               	skipnc
  1131     066D  2E6F               	goto	u1521
  1132     066E  2E70               	goto	u1520
  1133     066F                     u1521:
  1134     066F  2E84               	goto	l1797
  1135     0670                     u1520:
  1136     0670                     l1795:
  1137                           
  1138                           ;main.c: 83:                 config_mode_value++;
  1139     0670  3001               	movlw	1
  1140     0671  07E7               	addwf	_config_mode_value,f
  1141     0672  1803               	skipnc
  1142     0673  0AE8               	incf	_config_mode_value+1,f
  1143     0674  3000               	movlw	0
  1144     0675  07E8               	addwf	_config_mode_value+1,f
  1145                           
  1146                           ;main.c: 84:                 _delay((unsigned long)((250)*(4000000/4000.0)));
  1147     0676  3002               	movlw	2
  1148     0677  1283               	bcf	3,5	;RP0=0, select bank0
  1149     0678  1303               	bcf	3,6	;RP1=0, select bank0
  1150     0679  00E2               	movwf	??_main+2
  1151     067A  3045               	movlw	69
  1152     067B  00E1               	movwf	??_main+1
  1153     067C  30A9               	movlw	169
  1154     067D  00E0               	movwf	??_main
  1155     067E                     u1707:
  1156     067E  0BE0               	decfsz	??_main,f
  1157     067F  2E7E               	goto	u1707
  1158     0680  0BE1               	decfsz	??_main+1,f
  1159     0681  2E7E               	goto	u1707
  1160     0682  0BE2               	decfsz	??_main+2,f
  1161     0683  2E7E               	goto	u1707
  1162     0684                     l1797:
  1163                           
  1164                           ;main.c: 86:             if (PORTAbits.RA1 && (config_mode_value > 1)) {
  1165     0684  1283               	bcf	3,5	;RP0=0, select bank0
  1166     0685  1303               	bcf	3,6	;RP1=0, select bank0
  1167     0686  1C85               	btfss	5,1	;volatile
  1168     0687  2E89               	goto	u1531
  1169     0688  2E8A               	goto	u1530
  1170     0689                     u1531:
  1171     0689  2EBC               	goto	l1817
  1172     068A                     u1530:
  1173     068A                     l1799:
  1174     068A  3000               	movlw	0
  1175     068B  0268               	subwf	_config_mode_value+1,w
  1176     068C  3002               	movlw	2
  1177     068D  1903               	skipnz
  1178     068E  0267               	subwf	_config_mode_value,w
  1179     068F  1C03               	skipc
  1180     0690  2E92               	goto	u1541
  1181     0691  2E93               	goto	u1540
  1182     0692                     u1541:
  1183     0692  2EBC               	goto	l1817
  1184     0693                     u1540:
  1185     0693                     l1801:
  1186                           
  1187                           ;main.c: 87:                 config_mode_value--;
  1188     0693  3001               	movlw	1
  1189     0694  02E7               	subwf	_config_mode_value,f
  1190     0695  3000               	movlw	0
  1191     0696  1C03               	skipc
  1192     0697  03E8               	decf	_config_mode_value+1,f
  1193     0698  02E8               	subwf	_config_mode_value+1,f
  1194                           
  1195                           ;main.c: 88:                 _delay((unsigned long)((250)*(4000000/4000.0)));
  1196     0699  3002               	movlw	2
  1197     069A  1283               	bcf	3,5	;RP0=0, select bank0
  1198     069B  1303               	bcf	3,6	;RP1=0, select bank0
  1199     069C  00E2               	movwf	??_main+2
  1200     069D  3045               	movlw	69
  1201     069E  00E1               	movwf	??_main+1
  1202     069F  30A9               	movlw	169
  1203     06A0  00E0               	movwf	??_main
  1204     06A1                     u1717:
  1205     06A1  0BE0               	decfsz	??_main,f
  1206     06A2  2EA1               	goto	u1717
  1207     06A3  0BE1               	decfsz	??_main+1,f
  1208     06A4  2EA1               	goto	u1717
  1209     06A5  0BE2               	decfsz	??_main+2,f
  1210     06A6  2EA1               	goto	u1717
  1211     06A7  2EBC               	goto	l1817
  1212     06A8                     l1803:
  1213                           
  1214                           ;main.c: 94:                     decrement_wait_time_multiplier = 1;
  1215     06A8  3001               	movlw	1
  1216     06A9  00E5               	movwf	_decrement_wait_time_multiplier
  1217     06AA  3000               	movlw	0
  1218     06AB  00E6               	movwf	_decrement_wait_time_multiplier+1
  1219     06AC                     l1805:
  1220                           
  1221                           ;main.c: 95:                     change_multiplier();
  1222     06AC  120A  118A  2121  120A  118A  	fcall	_change_multiplier
  1223                           
  1224                           ;main.c: 96:                     break;
  1225     06B1  2ECE               	goto	l1819
  1226     06B2                     l1807:
  1227                           
  1228                           ;main.c: 99:                     decrement_wait_time_multiplier = 60;
  1229     06B2  303C               	movlw	60
  1230     06B3  00E5               	movwf	_decrement_wait_time_multiplier
  1231     06B4  3000               	movlw	0
  1232     06B5  00E6               	movwf	_decrement_wait_time_multiplier+1
  1233     06B6  2EAC               	goto	l1805
  1234     06B7                     l1811:
  1235                           
  1236                           ;main.c: 104:                     decrement_wait_time_multiplier = 3600;
  1237     06B7  3010               	movlw	16
  1238     06B8  00E5               	movwf	_decrement_wait_time_multiplier
  1239     06B9  300E               	movlw	14
  1240     06BA  00E6               	movwf	_decrement_wait_time_multiplier+1
  1241     06BB  2EAC               	goto	l1805
  1242     06BC                     l1817:
  1243                           
  1244                           ; Switch on 2 bytes has been partitioned into a top level switch of size 1, and 1 sub-sw
      +                          itches
  1245                           ; Switch size 1, requested type "simple"
  1246                           ; Number of cases is 1, Range of values is 0 to 0
  1247                           ; switch strategies available:
  1248                           ; Name         Instructions Cycles
  1249                           ; simple_byte            4     3 (average)
  1250                           ; direct_byte           11     8 (fixed)
  1251                           ; jumptable            260     6 (fixed)
  1252                           ;	Chosen strategy is simple_byte
  1253     06BC  1283               	bcf	3,5	;RP0=0, select bank0
  1254     06BD  1303               	bcf	3,6	;RP1=0, select bank0
  1255     06BE  0868               	movf	_config_mode_value+1,w
  1256     06BF  3A00               	xorlw	0	; case 0
  1257     06C0  1903               	skipnz
  1258     06C1  2EC3               	goto	l1899
  1259     06C2  2ECE               	goto	l1819
  1260     06C3                     l1899:
  1261                           
  1262                           ; Switch size 1, requested type "simple"
  1263                           ; Number of cases is 3, Range of values is 1 to 3
  1264                           ; switch strategies available:
  1265                           ; Name         Instructions Cycles
  1266                           ; simple_byte           10     6 (average)
  1267                           ; direct_byte           20    11 (fixed)
  1268                           ; jumptable            263     9 (fixed)
  1269                           ;	Chosen strategy is simple_byte
  1270     06C3  0867               	movf	_config_mode_value,w
  1271     06C4  3A01               	xorlw	1	; case 1
  1272     06C5  1903               	skipnz
  1273     06C6  2EA8               	goto	l1803
  1274     06C7  3A03               	xorlw	3	; case 2
  1275     06C8  1903               	skipnz
  1276     06C9  2EB2               	goto	l1807
  1277     06CA  3A01               	xorlw	1	; case 3
  1278     06CB  1903               	skipnz
  1279     06CC  2EB7               	goto	l1811
  1280     06CD  2ECE               	goto	l1819
  1281     06CE                     l1819:
  1282                           
  1283                           ;main.c: 109:             disp_config_mode(config_mode_value);
  1284     06CE  1283               	bcf	3,5	;RP0=0, select bank0
  1285     06CF  1303               	bcf	3,6	;RP1=0, select bank0
  1286     06D0  0868               	movf	_config_mode_value+1,w
  1287     06D1  00A2               	movwf	disp_config_mode@config_number+1
  1288     06D2  0867               	movf	_config_mode_value,w
  1289     06D3  00A1               	movwf	disp_config_mode@config_number
  1290     06D4  120A  118A  225B  120A  118A  	fcall	_disp_config_mode
  1291     06D9                     l1821:
  1292                           
  1293                           ;main.c: 81:         while (PORTAbits.RA0) {
  1294     06D9  1283               	bcf	3,5	;RP0=0, select bank0
  1295     06DA  1303               	bcf	3,6	;RP1=0, select bank0
  1296     06DB  1805               	btfsc	5,0	;volatile
  1297     06DC  2EDE               	goto	u1551
  1298     06DD  2EDF               	goto	u1550
  1299     06DE                     u1551:
  1300     06DE  2E63               	goto	l82
  1301     06DF                     u1550:
  1302     06DF  2E2B               	goto	l1771
  1303     06E0  120A  118A  280C   	ljmp	start
  1304     06E3                     __end_of_main:
  1305                           
  1306                           	psect	text1
  1307     00DA                     __ptext1:	
  1308 ;; *************** function _uart_init *****************
  1309 ;; Defined at:
  1310 ;;		line 3 in file "uart_interface.c"
  1311 ;; Parameters:    Size  Location     Type
  1312 ;;		None
  1313 ;; Auto vars:     Size  Location     Type
  1314 ;;		None
  1315 ;; Return value:  Size  Location     Type
  1316 ;;                  1    wreg      void 
  1317 ;; Registers used:
  1318 ;;		None
  1319 ;; Tracked objects:
  1320 ;;		On entry : 0/0
  1321 ;;		On exit  : 0/0
  1322 ;;		Unchanged: 0/0
  1323 ;; Data sizes:     COMMON   BANK0   BANK1   BANK3   BANK2
  1324 ;;      Params:         0       0       0       0       0
  1325 ;;      Locals:         0       0       0       0       0
  1326 ;;      Temps:          0       0       0       0       0
  1327 ;;      Totals:         0       0       0       0       0
  1328 ;;Total ram usage:        0 bytes
  1329 ;; Hardware stack levels used: 1
  1330 ;; Hardware stack levels required when called: 2
  1331 ;; This function calls:
  1332 ;;		Nothing
  1333 ;; This function is called by:
  1334 ;;		_main
  1335 ;; This function uses a non-reentrant model
  1336 ;;
  1337                           
  1338     00DA                     _uart_init:	
  1339                           ;psect for function _uart_init
  1340                           
  1341     00DA                     l1659:	
  1342                           ;incstack = 0
  1343                           ; Regs used in _uart_init: []
  1344                           
  1345                           
  1346                           ;uart_interface.c: 4:     TXSTA = 0b00100010;
  1347     00DA  3022               	movlw	34
  1348     00DB  1683               	bsf	3,5	;RP0=1, select bank1
  1349     00DC  1303               	bcf	3,6	;RP1=0, select bank1
  1350     00DD  0098               	movwf	24	;volatile
  1351                           
  1352                           ;uart_interface.c: 5:     RCSTA = 0b10010010;
  1353     00DE  3092               	movlw	146
  1354     00DF  1283               	bcf	3,5	;RP0=0, select bank0
  1355     00E0  1303               	bcf	3,6	;RP1=0, select bank0
  1356     00E1  0098               	movwf	24	;volatile
  1357                           
  1358                           ;uart_interface.c: 6:     SPBRG = 12;
  1359     00E2  300C               	movlw	12
  1360     00E3  1683               	bsf	3,5	;RP0=1, select bank1
  1361     00E4  1303               	bcf	3,6	;RP1=0, select bank1
  1362     00E5  0099               	movwf	25	;volatile
  1363                           
  1364                           ;uart_interface.c: 7:     TRISC6 = 0;
  1365     00E6  1307               	bcf	7,6	;volatile
  1366                           
  1367                           ;uart_interface.c: 8:     TRISC7 = 1;
  1368     00E7  1787               	bsf	7,7	;volatile
  1369                           
  1370                           ;uart_interface.c: 9:     TXSTAbits.TRMT = 1;
  1371     00E8  1498               	bsf	24,1	;volatile
  1372     00E9                     l207:
  1373     00E9  0008               	return
  1374     00EA                     __end_of_uart_init:
  1375                           
  1376                           	psect	text2
  1377     00AE                     __ptext2:	
  1378 ;; *************** function _trigger_relay *****************
  1379 ;; Defined at:
  1380 ;;		line 190 in file "main.c"
  1381 ;; Parameters:    Size  Location     Type
  1382 ;;		None
  1383 ;; Auto vars:     Size  Location     Type
  1384 ;;		None
  1385 ;; Return value:  Size  Location     Type
  1386 ;;                  1    wreg      void 
  1387 ;; Registers used:
  1388 ;;		None
  1389 ;; Tracked objects:
  1390 ;;		On entry : 0/0
  1391 ;;		On exit  : 0/0
  1392 ;;		Unchanged: 0/0
  1393 ;; Data sizes:     COMMON   BANK0   BANK1   BANK3   BANK2
  1394 ;;      Params:         0       0       0       0       0
  1395 ;;      Locals:         0       0       0       0       0
  1396 ;;      Temps:          0       0       0       0       0
  1397 ;;      Totals:         0       0       0       0       0
  1398 ;;Total ram usage:        0 bytes
  1399 ;; Hardware stack levels used: 1
  1400 ;; Hardware stack levels required when called: 2
  1401 ;; This function calls:
  1402 ;;		Nothing
  1403 ;; This function is called by:
  1404 ;;		_main
  1405 ;; This function uses a non-reentrant model
  1406 ;;
  1407                           
  1408     00AE                     _trigger_relay:	
  1409                           ;psect for function _trigger_relay
  1410                           
  1411     00AE                     l1661:	
  1412                           ;incstack = 0
  1413                           ; Regs used in _trigger_relay: []
  1414                           
  1415                           
  1416                           ;main.c: 191:     if (PORTCbits.RC4) return;
  1417     00AE  1283               	bcf	3,5	;RP0=0, select bank0
  1418     00AF  1303               	bcf	3,6	;RP1=0, select bank0
  1419     00B0  1E07               	btfss	7,4	;volatile
  1420     00B1  28B3               	goto	u1371
  1421     00B2  28B4               	goto	u1370
  1422     00B3                     u1371:
  1423     00B3  28B5               	goto	l118
  1424     00B4                     u1370:
  1425     00B4  28B6               	goto	l119
  1426     00B5                     l118:
  1427                           
  1428                           ;main.c: 192:     PORTCbits.RC4 = 1;
  1429     00B5  1607               	bsf	7,4	;volatile
  1430     00B6                     l119:
  1431     00B6  0008               	return
  1432     00B7                     __end_of_trigger_relay:
  1433                           
  1434                           	psect	text3
  1435     02A6                     __ptext3:	
  1436 ;; *************** function _disp_show_end *****************
  1437 ;; Defined at:
  1438 ;;		line 103 in file "common_anode_display.c"
  1439 ;; Parameters:    Size  Location     Type
  1440 ;;		None
  1441 ;; Auto vars:     Size  Location     Type
  1442 ;;  i               2    6[BANK0 ] int 
  1443 ;;  bytes           3    3[BANK0 ] unsigned char [3]
  1444 ;; Return value:  Size  Location     Type
  1445 ;;                  1    wreg      void 
  1446 ;; Registers used:
  1447 ;;		wreg, fsr0l, fsr0h, status,2, status,0, btemp+1, pclath, cstack
  1448 ;; Tracked objects:
  1449 ;;		On entry : 0/0
  1450 ;;		On exit  : 0/0
  1451 ;;		Unchanged: 0/0
  1452 ;; Data sizes:     COMMON   BANK0   BANK1   BANK3   BANK2
  1453 ;;      Params:         0       0       0       0       0
  1454 ;;      Locals:         0       5       0       0       0
  1455 ;;      Temps:          0       2       0       0       0
  1456 ;;      Totals:         0       7       0       0       0
  1457 ;;Total ram usage:        7 bytes
  1458 ;; Hardware stack levels used: 1
  1459 ;; Hardware stack levels required when called: 3
  1460 ;; This function calls:
  1461 ;;		_disp_set_byte
  1462 ;; This function is called by:
  1463 ;;		_main
  1464 ;; This function uses a non-reentrant model
  1465 ;;
  1466                           
  1467     02A6                     _disp_show_end:	
  1468                           ;psect for function _disp_show_end
  1469                           
  1470     02A6                     l1697:	
  1471                           ;incstack = 0
  1472                           ; Regs used in _disp_show_end: [wreg-fsr0h+status,2+status,0+btemp+1+pclath+cstack]
  1473                           
  1474                           
  1475                           ;common_anode_display.c: 104:     char bytes[] = {'e', 'n', 'd'};
  1476     02A6  1683               	bsf	3,5	;RP0=1, select bank1
  1477     02A7  1303               	bcf	3,6	;RP1=0, select bank1
  1478     02A8  084C               	movf	disp_show_end@F1274^(0+128),w
  1479     02A9  1283               	bcf	3,5	;RP0=0, select bank0
  1480     02AA  1303               	bcf	3,6	;RP1=0, select bank0
  1481     02AB  00A3               	movwf	disp_show_end@bytes
  1482     02AC  1683               	bsf	3,5	;RP0=1, select bank1
  1483     02AD  1303               	bcf	3,6	;RP1=0, select bank1
  1484     02AE  084D               	movf	(disp_show_end@F1274+1)^(0+128),w
  1485     02AF  1283               	bcf	3,5	;RP0=0, select bank0
  1486     02B0  1303               	bcf	3,6	;RP1=0, select bank0
  1487     02B1  00A4               	movwf	disp_show_end@bytes+1
  1488     02B2  1683               	bsf	3,5	;RP0=1, select bank1
  1489     02B3  1303               	bcf	3,6	;RP1=0, select bank1
  1490     02B4  084E               	movf	(disp_show_end@F1274+2)^(0+128),w
  1491     02B5  1283               	bcf	3,5	;RP0=0, select bank0
  1492     02B6  1303               	bcf	3,6	;RP1=0, select bank0
  1493     02B7  00A5               	movwf	disp_show_end@bytes+2
  1494     02B8                     l1699:
  1495                           
  1496                           ;common_anode_display.c: 106:     for (int i = 0; i < 3; i++) {
  1497     02B8  01A6               	clrf	disp_show_end@i
  1498     02B9  01A7               	clrf	disp_show_end@i+1
  1499     02BA                     l1705:
  1500                           
  1501                           ;common_anode_display.c: 107:         PORTC |= 0b1111;
  1502     02BA  300F               	movlw	15
  1503     02BB  1283               	bcf	3,5	;RP0=0, select bank0
  1504     02BC  1303               	bcf	3,6	;RP1=0, select bank0
  1505     02BD  0487               	iorwf	7,f	;volatile
  1506     02BE                     l1707:
  1507                           
  1508                           ;common_anode_display.c: 108:         disp_set_byte(bytes[i]);
  1509     02BE  0826               	movf	disp_show_end@i,w
  1510     02BF  3E23               	addlw	(low (disp_show_end@bytes| 0))& (0+255)
  1511     02C0  0084               	movwf	4
  1512     02C1  1383               	bcf	3,7	;select IRP bank0
  1513     02C2  0800               	movf	0,w
  1514     02C3  120A  118A  23B3  120A  118A  	fcall	_disp_set_byte
  1515     02C8                     l1709:
  1516                           
  1517                           ;common_anode_display.c: 109:         PORTC ^= (1 << i);
  1518     02C8  3001               	movlw	1
  1519     02C9  1283               	bcf	3,5	;RP0=0, select bank0
  1520     02CA  1303               	bcf	3,6	;RP1=0, select bank0
  1521     02CB  00A1               	movwf	??_disp_show_end
  1522     02CC  0A26               	incf	disp_show_end@i,w
  1523     02CD  2AD0               	goto	u1424
  1524     02CE                     u1425:
  1525     02CE  1003               	clrc
  1526     02CF  0DA1               	rlf	??_disp_show_end,f
  1527     02D0                     u1424:
  1528     02D0  3EFF               	addlw	-1
  1529     02D1  1D03               	skipz
  1530     02D2  2ACE               	goto	u1425
  1531     02D3  0821               	movf	??_disp_show_end,w
  1532     02D4  0687               	xorwf	7,f	;volatile
  1533     02D5                     l1711:
  1534                           
  1535                           ;common_anode_display.c: 110:         _delay((unsigned long)((2)*(4000000/4000.0)));
  1536     02D5  3003               	movlw	3
  1537     02D6  1283               	bcf	3,5	;RP0=0, select bank0
  1538     02D7  1303               	bcf	3,6	;RP1=0, select bank0
  1539     02D8  00A2               	movwf	??_disp_show_end+1
  1540     02D9  3097               	movlw	151
  1541     02DA  00A1               	movwf	??_disp_show_end
  1542     02DB                     u1727:
  1543     02DB  0BA1               	decfsz	??_disp_show_end,f
  1544     02DC  2ADB               	goto	u1727
  1545     02DD  0BA2               	decfsz	??_disp_show_end+1,f
  1546     02DE  2ADB               	goto	u1727
  1547     02DF                     l1713:
  1548                           
  1549                           ;common_anode_display.c: 111:     }
  1550     02DF  3001               	movlw	1
  1551     02E0  1283               	bcf	3,5	;RP0=0, select bank0
  1552     02E1  1303               	bcf	3,6	;RP1=0, select bank0
  1553     02E2  07A6               	addwf	disp_show_end@i,f
  1554     02E3  1803               	skipnc
  1555     02E4  0AA7               	incf	disp_show_end@i+1,f
  1556     02E5  3000               	movlw	0
  1557     02E6  07A7               	addwf	disp_show_end@i+1,f
  1558     02E7                     l1715:
  1559     02E7  0827               	movf	disp_show_end@i+1,w
  1560     02E8  3A80               	xorlw	128
  1561     02E9  00FF               	movwf	btemp+1
  1562     02EA  3080               	movlw	128
  1563     02EB  027F               	subwf	btemp+1,w
  1564     02EC  1D03               	skipz
  1565     02ED  2AF0               	goto	u1435
  1566     02EE  3003               	movlw	3
  1567     02EF  0226               	subwf	disp_show_end@i,w
  1568     02F0                     u1435:
  1569     02F0  1C03               	skipc
  1570     02F1  2AF3               	goto	u1431
  1571     02F2  2AF4               	goto	u1430
  1572     02F3                     u1431:
  1573     02F3  2ABA               	goto	l1705
  1574     02F4                     u1430:
  1575     02F4                     l182:
  1576     02F4  0008               	return
  1577     02F5                     __end_of_disp_show_end:
  1578                           
  1579                           	psect	text4
  1580     0423                     __ptext4:	
  1581 ;; *************** function _disp_print *****************
  1582 ;; Defined at:
  1583 ;;		line 3 in file "common_anode_display.c"
  1584 ;; Parameters:    Size  Location     Type
  1585 ;;  number          2   48[BANK0 ] unsigned int 
  1586 ;; Auto vars:     Size  Location     Type
  1587 ;;  i               2   60[BANK0 ] int 
  1588 ;;  array_digits    4   52[BANK0 ] unsigned char [4]
  1589 ;;  aux_number      2   62[BANK0 ] unsigned int 
  1590 ;;  number_of_di    2   58[BANK0 ] unsigned int 
  1591 ;;  count           2   56[BANK0 ] unsigned int 
  1592 ;; Return value:  Size  Location     Type
  1593 ;;                  1    wreg      void 
  1594 ;; Registers used:
  1595 ;;		wreg, fsr0l, fsr0h, status,2, status,0, btemp+1, pclath, cstack
  1596 ;; Tracked objects:
  1597 ;;		On entry : 0/0
  1598 ;;		On exit  : 0/0
  1599 ;;		Unchanged: 0/0
  1600 ;; Data sizes:     COMMON   BANK0   BANK1   BANK3   BANK2
  1601 ;;      Params:         0       2       0       0       0
  1602 ;;      Locals:         0      12       0       0       0
  1603 ;;      Temps:          0       2       0       0       0
  1604 ;;      Totals:         0      16       0       0       0
  1605 ;;Total ram usage:       16 bytes
  1606 ;; Hardware stack levels used: 1
  1607 ;; Hardware stack levels required when called: 7
  1608 ;; This function calls:
  1609 ;;		___lwdiv
  1610 ;;		___lwmod
  1611 ;;		_disp_set_byte
  1612 ;;		_sprintf
  1613 ;; This function is called by:
  1614 ;;		_main
  1615 ;; This function uses a non-reentrant model
  1616 ;;
  1617                           
  1618     0423                     _disp_print:	
  1619                           ;psect for function _disp_print
  1620                           
  1621     0423                     l1665:	
  1622                           ;incstack = 0
  1623                           ; Regs used in _disp_print: [wreg-fsr0h+status,2+status,0+btemp+1+pclath+cstack]
  1624                           
  1625                           
  1626                           ;common_anode_display.c: 5:     unsigned int aux_number = number,
  1627     0423  1283               	bcf	3,5	;RP0=0, select bank0
  1628     0424  1303               	bcf	3,6	;RP1=0, select bank0
  1629     0425  0851               	movf	disp_print@number+1,w
  1630     0426  00DF               	movwf	disp_print@aux_number+1
  1631     0427  0850               	movf	disp_print@number,w
  1632     0428  00DE               	movwf	disp_print@aux_number
  1633                           
  1634                           ;common_anode_display.c: 6:             count = 1,
  1635     0429  3001               	movlw	1
  1636     042A  00D8               	movwf	disp_print@count
  1637     042B  3000               	movlw	0
  1638     042C  00D9               	movwf	disp_print@count+1
  1639     042D                     l1667:
  1640                           
  1641                           ;common_anode_display.c: 7:             number_of_digits = 0;
  1642     042D  01DA               	clrf	disp_print@number_of_digits
  1643     042E  01DB               	clrf	disp_print@number_of_digits+1
  1644     042F                     l1669:
  1645                           
  1646                           ;common_anode_display.c: 9:     if (aux_number == 0) {
  1647     042F  085E               	movf	disp_print@aux_number,w
  1648     0430  045F               	iorwf	disp_print@aux_number+1,w
  1649     0431  1D03               	btfss	3,2
  1650     0432  2C34               	goto	u1381
  1651     0433  2C35               	goto	u1380
  1652     0434                     u1381:
  1653     0434  2C66               	goto	l1679
  1654     0435                     u1380:
  1655     0435                     l1671:
  1656                           
  1657                           ;common_anode_display.c: 10:         number_of_digits = 1;
  1658     0435  3001               	movlw	1
  1659     0436  00DA               	movwf	disp_print@number_of_digits
  1660     0437  3000               	movlw	0
  1661     0438  00DB               	movwf	disp_print@number_of_digits+1
  1662                           
  1663                           ;common_anode_display.c: 11:     } else {
  1664     0439  2C6C               	goto	l1681
  1665     043A                     l1673:
  1666     043A  300A               	movlw	10
  1667     043B  00A0               	movwf	___lwmod@divisor
  1668     043C  3000               	movlw	0
  1669     043D  00A1               	movwf	___lwmod@divisor+1
  1670     043E  085F               	movf	disp_print@aux_number+1,w
  1671     043F  00A3               	movwf	___lwmod@dividend+1
  1672     0440  085E               	movf	disp_print@aux_number,w
  1673     0441  00A2               	movwf	___lwmod@dividend
  1674     0442  120A  118A  21DD  120A  118A  	fcall	___lwmod
  1675                           
  1676                           ;common_anode_display.c: 14:             aux_number = aux_number / 10;
  1677     0447  300A               	movlw	10
  1678     0448  1283               	bcf	3,5	;RP0=0, select bank0
  1679     0449  1303               	bcf	3,6	;RP1=0, select bank0
  1680     044A  00A0               	movwf	___lwdiv@divisor
  1681     044B  3000               	movlw	0
  1682     044C  00A1               	movwf	___lwdiv@divisor+1
  1683     044D  085F               	movf	disp_print@aux_number+1,w
  1684     044E  00A3               	movwf	___lwdiv@dividend+1
  1685     044F  085E               	movf	disp_print@aux_number,w
  1686     0450  00A2               	movwf	___lwdiv@dividend
  1687     0451  120A  118A  2217  120A  118A  	fcall	___lwdiv
  1688     0456  1283               	bcf	3,5	;RP0=0, select bank0
  1689     0457  1303               	bcf	3,6	;RP1=0, select bank0
  1690     0458  0821               	movf	?___lwdiv+1,w
  1691     0459  00DF               	movwf	disp_print@aux_number+1
  1692     045A  0820               	movf	?___lwdiv,w
  1693     045B  00DE               	movwf	disp_print@aux_number
  1694     045C                     l1675:
  1695                           
  1696                           ;common_anode_display.c: 15:             number_of_digits = count++;
  1697     045C  0859               	movf	disp_print@count+1,w
  1698     045D  00DB               	movwf	disp_print@number_of_digits+1
  1699     045E  0858               	movf	disp_print@count,w
  1700     045F  00DA               	movwf	disp_print@number_of_digits
  1701     0460                     l1677:
  1702     0460  3001               	movlw	1
  1703     0461  07D8               	addwf	disp_print@count,f
  1704     0462  1803               	skipnc
  1705     0463  0AD9               	incf	disp_print@count+1,f
  1706     0464  3000               	movlw	0
  1707     0465  07D9               	addwf	disp_print@count+1,f
  1708     0466                     l1679:
  1709                           
  1710                           ;common_anode_display.c: 12:         while (aux_number > 0) {
  1711     0466  085E               	movf	disp_print@aux_number,w
  1712     0467  045F               	iorwf	disp_print@aux_number+1,w
  1713     0468  1D03               	btfss	3,2
  1714     0469  2C6B               	goto	u1391
  1715     046A  2C6C               	goto	u1390
  1716     046B                     u1391:
  1717     046B  2C3A               	goto	l1673
  1718     046C                     u1390:
  1719     046C                     l1681:
  1720                           
  1721                           ;common_anode_display.c: 19:     unsigned char array_digits[4];;common_anode_display.c: 
      +                          20:     sprintf(array_digits, "%d", number);
  1722     046C  3054               	movlw	(low (disp_print@array_digits| 0))& (0+255)
  1723     046D  00BF               	movwf	sprintf@s
  1724     046E  3001               	movlw	(low ((STR_1-__stringbase)| (0+32768)))& (0+255)
  1725     046F  00C0               	movwf	sprintf@fmt
  1726     0470  0851               	movf	disp_print@number+1,w
  1727     0471  00C2               	movwf	?_sprintf+3
  1728     0472  0850               	movf	disp_print@number,w
  1729     0473  00C1               	movwf	?_sprintf+2
  1730     0474  120A  118A  2163  120A  118A  	fcall	_sprintf
  1731     0479                     l1683:
  1732                           
  1733                           ;common_anode_display.c: 22:     for (int i = 0; i < number_of_digits; i++) {
  1734     0479  1283               	bcf	3,5	;RP0=0, select bank0
  1735     047A  1303               	bcf	3,6	;RP1=0, select bank0
  1736     047B  01DC               	clrf	disp_print@i
  1737     047C  01DD               	clrf	disp_print@i+1
  1738     047D  2CA9               	goto	l1695
  1739     047E                     l1685:
  1740                           
  1741                           ;common_anode_display.c: 23:         PORTC |= 0b1111;
  1742     047E  300F               	movlw	15
  1743     047F  0487               	iorwf	7,f	;volatile
  1744     0480                     l1687:
  1745                           
  1746                           ;common_anode_display.c: 24:         disp_set_byte(array_digits[i]);
  1747     0480  085C               	movf	disp_print@i,w
  1748     0481  3E54               	addlw	(low (disp_print@array_digits| 0))& (0+255)
  1749     0482  0084               	movwf	4
  1750     0483  1383               	bcf	3,7	;select IRP bank0
  1751     0484  0800               	movf	0,w
  1752     0485  120A  118A  23B3  120A  118A  	fcall	_disp_set_byte
  1753     048A                     l1689:
  1754                           
  1755                           ;common_anode_display.c: 25:         PORTC ^= (1 << i);
  1756     048A  3001               	movlw	1
  1757     048B  1283               	bcf	3,5	;RP0=0, select bank0
  1758     048C  1303               	bcf	3,6	;RP1=0, select bank0
  1759     048D  00D2               	movwf	??_disp_print
  1760     048E  0A5C               	incf	disp_print@i,w
  1761     048F  2C92               	goto	u1404
  1762     0490                     u1405:
  1763     0490  1003               	clrc
  1764     0491  0DD2               	rlf	??_disp_print,f
  1765     0492                     u1404:
  1766     0492  3EFF               	addlw	-1
  1767     0493  1D03               	skipz
  1768     0494  2C90               	goto	u1405
  1769     0495  0852               	movf	??_disp_print,w
  1770     0496  0687               	xorwf	7,f	;volatile
  1771     0497                     l1691:
  1772                           
  1773                           ;common_anode_display.c: 26:         _delay((unsigned long)((2)*(4000000/4000.0)));
  1774     0497  3003               	movlw	3
  1775     0498  1283               	bcf	3,5	;RP0=0, select bank0
  1776     0499  1303               	bcf	3,6	;RP1=0, select bank0
  1777     049A  00D3               	movwf	??_disp_print+1
  1778     049B  3097               	movlw	151
  1779     049C  00D2               	movwf	??_disp_print
  1780     049D                     u1737:
  1781     049D  0BD2               	decfsz	??_disp_print,f
  1782     049E  2C9D               	goto	u1737
  1783     049F  0BD3               	decfsz	??_disp_print+1,f
  1784     04A0  2C9D               	goto	u1737
  1785     04A1                     l1693:
  1786                           
  1787                           ;common_anode_display.c: 27:     }
  1788     04A1  3001               	movlw	1
  1789     04A2  1283               	bcf	3,5	;RP0=0, select bank0
  1790     04A3  1303               	bcf	3,6	;RP1=0, select bank0
  1791     04A4  07DC               	addwf	disp_print@i,f
  1792     04A5  1803               	skipnc
  1793     04A6  0ADD               	incf	disp_print@i+1,f
  1794     04A7  3000               	movlw	0
  1795     04A8  07DD               	addwf	disp_print@i+1,f
  1796     04A9                     l1695:
  1797     04A9  085B               	movf	disp_print@number_of_digits+1,w
  1798     04AA  025D               	subwf	disp_print@i+1,w
  1799     04AB  1D03               	skipz
  1800     04AC  2CAF               	goto	u1415
  1801     04AD  085A               	movf	disp_print@number_of_digits,w
  1802     04AE  025C               	subwf	disp_print@i,w
  1803     04AF                     u1415:
  1804     04AF  1C03               	skipc
  1805     04B0  2CB2               	goto	u1411
  1806     04B1  2CB3               	goto	u1410
  1807     04B2                     u1411:
  1808     04B2  2C7E               	goto	l1685
  1809     04B3                     u1410:
  1810     04B3                     l147:
  1811     04B3  0008               	return
  1812     04B4                     __end_of_disp_print:
  1813                           
  1814                           	psect	text5
  1815     0163                     __ptext5:	
  1816 ;; *************** function _sprintf *****************
  1817 ;; Defined at:
  1818 ;;		line 9 in file "C:\Program Files\Microchip\xc8\v2.50\pic\sources\c99\common\nf_sprintf.c"
  1819 ;; Parameters:    Size  Location     Type
  1820 ;;  s               1   31[BANK0 ] PTR unsigned char 
  1821 ;;		 -> disp_print@array_digits(4), 
  1822 ;;  fmt             1   32[BANK0 ] PTR const unsigned char 
  1823 ;;		 -> STR_1(3), 
  1824 ;; Auto vars:     Size  Location     Type
  1825 ;;  f              11   37[BANK0 ] struct _IO_FILE
  1826 ;;  ret             2    0        int 
  1827 ;;  ap              1   36[BANK0 ] PTR void [1]
  1828 ;;		 -> ?_sprintf(2), 
  1829 ;; Return value:  Size  Location     Type
  1830 ;;                  2   31[BANK0 ] int 
  1831 ;; Registers used:
  1832 ;;		wreg, fsr0l, fsr0h, status,2, status,0, btemp+1, pclath, cstack
  1833 ;; Tracked objects:
  1834 ;;		On entry : 0/0
  1835 ;;		On exit  : 0/0
  1836 ;;		Unchanged: 0/0
  1837 ;; Data sizes:     COMMON   BANK0   BANK1   BANK3   BANK2
  1838 ;;      Params:         0       4       0       0       0
  1839 ;;      Locals:         0      12       0       0       0
  1840 ;;      Temps:          0       1       0       0       0
  1841 ;;      Totals:         0      17       0       0       0
  1842 ;;Total ram usage:       17 bytes
  1843 ;; Hardware stack levels used: 1
  1844 ;; Hardware stack levels required when called: 6
  1845 ;; This function calls:
  1846 ;;		_vfprintf
  1847 ;; This function is called by:
  1848 ;;		_disp_print
  1849 ;; This function uses a non-reentrant model
  1850 ;;
  1851                           
  1852     0163                     _sprintf:	
  1853                           ;psect for function _sprintf
  1854                           
  1855     0163                     l1583:	
  1856                           ;incstack = 0
  1857                           ; Regs used in _sprintf: [wreg-fsr0h+status,2+status,0+btemp+1+pclath+cstack]
  1858                           
  1859     0163  3041               	movlw	(low ((?_sprintf| 0+2)))& (0+255)
  1860     0164  1283               	bcf	3,5	;RP0=0, select bank0
  1861     0165  1303               	bcf	3,6	;RP1=0, select bank0
  1862     0166  00C4               	movwf	sprintf@ap
  1863     0167                     l1585:
  1864     0167  083F               	movf	sprintf@s,w
  1865     0168  00C5               	movwf	sprintf@f
  1866     0169  3000               	movlw	0
  1867     016A  00C6               	movwf	sprintf@f+1
  1868     016B                     l1587:
  1869     016B  01C7               	clrf	sprintf@f+2
  1870     016C  01C8               	clrf	sprintf@f+3
  1871     016D                     l1589:
  1872     016D  01CE               	clrf	sprintf@f+9
  1873     016E  01CF               	clrf	sprintf@f+10
  1874     016F                     l1591:
  1875     016F  3045               	movlw	low sprintf@f
  1876     0170  00BA               	movwf	vfprintf@fp
  1877     0171  3000               	movlw	high sprintf@f
  1878     0172  00BB               	movwf	vfprintf@fp+1
  1879     0173  0840               	movf	sprintf@fmt,w
  1880     0174  00BC               	movwf	vfprintf@fmt
  1881     0175  3044               	movlw	(low (sprintf@ap| 0))& (0+255)
  1882     0176  00BD               	movwf	vfprintf@ap
  1883     0177  120A  118A  2140  120A  118A  	fcall	_vfprintf
  1884     017C                     l1593:
  1885     017C  1283               	bcf	3,5	;RP0=0, select bank0
  1886     017D  1303               	bcf	3,6	;RP1=0, select bank0
  1887     017E  0847               	movf	sprintf@f+2,w
  1888     017F  073F               	addwf	sprintf@s,w
  1889     0180  00C3               	movwf	??_sprintf
  1890     0181  0843               	movf	??_sprintf,w
  1891     0182  0084               	movwf	4
  1892     0183  1383               	bcf	3,7	;select IRP bank0
  1893     0184  0180               	clrf	0
  1894     0185                     l799:
  1895     0185  0008               	return
  1896     0186                     __end_of_sprintf:
  1897                           
  1898                           	psect	text6
  1899     0140                     __ptext6:	
  1900 ;; *************** function _vfprintf *****************
  1901 ;; Defined at:
  1902 ;;		line 1817 in file "C:\Program Files\Microchip\xc8\v2.50\pic\sources\c99\common\doprnt.c"
  1903 ;; Parameters:    Size  Location     Type
  1904 ;;  fp              2   26[BANK0 ] PTR struct _IO_FILE
  1905 ;;		 -> sprintf@f(11), 
  1906 ;;  fmt             1   28[BANK0 ] PTR const unsigned char 
  1907 ;;		 -> STR_1(3), 
  1908 ;;  ap              1   29[BANK0 ] PTR PTR void 
  1909 ;;		 -> sprintf@ap(1), 
  1910 ;; Auto vars:     Size  Location     Type
  1911 ;;  cfmt            1   30[BANK0 ] PTR unsigned char 
  1912 ;;		 -> STR_1(3), 
  1913 ;; Return value:  Size  Location     Type
  1914 ;;                  2   26[BANK0 ] int 
  1915 ;; Registers used:
  1916 ;;		wreg, fsr0l, fsr0h, status,2, status,0, btemp+1, pclath, cstack
  1917 ;; Tracked objects:
  1918 ;;		On entry : 0/0
  1919 ;;		On exit  : 0/0
  1920 ;;		Unchanged: 0/0
  1921 ;; Data sizes:     COMMON   BANK0   BANK1   BANK3   BANK2
  1922 ;;      Params:         0       4       0       0       0
  1923 ;;      Locals:         0       1       0       0       0
  1924 ;;      Temps:          0       0       0       0       0
  1925 ;;      Totals:         0       5       0       0       0
  1926 ;;Total ram usage:        5 bytes
  1927 ;; Hardware stack levels used: 1
  1928 ;; Hardware stack levels required when called: 5
  1929 ;; This function calls:
  1930 ;;		_vfpfcnvrt
  1931 ;; This function is called by:
  1932 ;;		_sprintf
  1933 ;; This function uses a non-reentrant model
  1934 ;;
  1935                           
  1936     0140                     _vfprintf:	
  1937                           ;psect for function _vfprintf
  1938                           
  1939     0140                     l1553:	
  1940                           ;incstack = 0
  1941 ;; using string table level
  1942                           ; Regs used in _vfprintf: [wreg-fsr0h+status,2+status,0+btemp+1+pclath+cstack]
  1943                           
  1944                           
  1945                           ;C:\Program Files\Microchip\xc8\v2.50\pic\sources\c99\common\doprnt.c: 1817: int vfprint
      +                          f(FILE *fp, const char *fmt, va_list ap);C:\Program Files\Microchip\xc8\v2.50\pic\source
      +                          s\c99\common\doprnt.c: 1818: {;C:\Program Files\Microchip\xc8\v2.50\pic\sources\c99\comm
      +                          on\doprnt.c: 1820:     char *cfmt;;C:\Program Files\Microchip\xc8\v2.50\pic\sources\c99\
      +                          common\doprnt.c: 1822:     cfmt = (char *)fmt;
  1946     0140  1283               	bcf	3,5	;RP0=0, select bank0
  1947     0141  1303               	bcf	3,6	;RP1=0, select bank0
  1948     0142  083C               	movf	vfprintf@fmt,w
  1949     0143  00BE               	movwf	vfprintf@cfmt
  1950                           
  1951                           ;C:\Program Files\Microchip\xc8\v2.50\pic\sources\c99\common\doprnt.c: 1826:     while (
      +                          *cfmt) {
  1952     0144  2952               	goto	l1557
  1953     0145                     l1555:
  1954                           
  1955                           ;C:\Program Files\Microchip\xc8\v2.50\pic\sources\c99\common\doprnt.c: 1830:    vfpfcnvr
      +                          t(fp, &cfmt, ap);
  1956     0145  083A               	movf	vfprintf@fp,w
  1957     0146  00AD               	movwf	vfpfcnvrt@fp
  1958     0147  083B               	movf	vfprintf@fp+1,w
  1959     0148  00AE               	movwf	vfpfcnvrt@fp+1
  1960     0149  303E               	movlw	(low (vfprintf@cfmt| 0))& (0+255)
  1961     014A  00AF               	movwf	vfpfcnvrt@fmt
  1962     014B  083D               	movf	vfprintf@ap,w
  1963     014C  00B0               	movwf	vfpfcnvrt@ap
  1964     014D  120A  118A  26E3  120A  118A  	fcall	_vfpfcnvrt
  1965     0152                     l1557:
  1966                           
  1967                           ;C:\Program Files\Microchip\xc8\v2.50\pic\sources\c99\common\doprnt.c: 1826:     while (
      +                          *cfmt) {
  1968     0152  1283               	bcf	3,5	;RP0=0, select bank0
  1969     0153  1303               	bcf	3,6	;RP1=0, select bank0
  1970     0154  083E               	movf	vfprintf@cfmt,w
  1971     0155  0084               	movwf	4
  1972     0156  120A  118A  200F  120A  118A  	fcall	stringdir
  1973     015B  3A00               	xorlw	0
  1974     015C  1D03               	skipz
  1975     015D  295F               	goto	u1221
  1976     015E  2960               	goto	u1220
  1977     015F                     u1221:
  1978     015F  2945               	goto	l1555
  1979     0160                     u1220:
  1980     0160                     l1559:
  1981                           
  1982                           ;C:\Program Files\Microchip\xc8\v2.50\pic\sources\c99\common\doprnt.c: 1835:  return 0;
  1983     0160  01BA               	clrf	?_vfprintf
  1984     0161  01BB               	clrf	?_vfprintf+1
  1985     0162                     l843:
  1986     0162  0008               	return
  1987     0163                     __end_of_vfprintf:
  1988                           
  1989                           	psect	text7
  1990     06E3                     __ptext7:	
  1991 ;; *************** function _vfpfcnvrt *****************
  1992 ;; Defined at:
  1993 ;;		line 1177 in file "C:\Program Files\Microchip\xc8\v2.50\pic\sources\c99\common\doprnt.c"
  1994 ;; Parameters:    Size  Location     Type
  1995 ;;  fp              2   13[BANK0 ] PTR struct _IO_FILE
  1996 ;;		 -> sprintf@f(11), 
  1997 ;;  fmt             1   15[BANK0 ] PTR PTR unsigned char 
  1998 ;;		 -> vfprintf@cfmt(1), 
  1999 ;;  ap              1   16[BANK0 ] PTR PTR void 
  2000 ;;		 -> sprintf@ap(1), 
  2001 ;; Auto vars:     Size  Location     Type
  2002 ;;  convarg         4   21[BANK0 ] struct .
  2003 ;;  c               1   25[BANK0 ] unsigned char 
  2004 ;;  cp              1   20[BANK0 ] PTR unsigned char 
  2005 ;;		 -> STR_1(3), 
  2006 ;;  done            1   19[BANK0 ] _Bool 
  2007 ;; Return value:  Size  Location     Type
  2008 ;;                  1    wreg      void 
  2009 ;; Registers used:
  2010 ;;		wreg, fsr0l, fsr0h, status,2, status,0, btemp+1, pclath, cstack
  2011 ;; Tracked objects:
  2012 ;;		On entry : 0/0
  2013 ;;		On exit  : 0/0
  2014 ;;		Unchanged: 0/0
  2015 ;; Data sizes:     COMMON   BANK0   BANK1   BANK3   BANK2
  2016 ;;      Params:         0       4       0       0       0
  2017 ;;      Locals:         0       7       0       0       0
  2018 ;;      Temps:          0       2       0       0       0
  2019 ;;      Totals:         0      13       0       0       0
  2020 ;;Total ram usage:       13 bytes
  2021 ;; Hardware stack levels used: 1
  2022 ;; Hardware stack levels required when called: 4
  2023 ;; This function calls:
  2024 ;;		___awdiv
  2025 ;;		___awmod
  2026 ;;		_abs
  2027 ;;		_fputc
  2028 ;; This function is called by:
  2029 ;;		_vfprintf
  2030 ;; This function uses a non-reentrant model
  2031 ;;
  2032                           
  2033     06E3                     _vfpfcnvrt:	
  2034                           ;psect for function _vfpfcnvrt
  2035                           
  2036     06E3                     l1501:	
  2037                           ;incstack = 0
  2038 ;; using string table level
  2039                           ; Regs used in _vfpfcnvrt: [wreg-fsr0h+status,2+status,0+btemp+1+pclath+cstack]
  2040                           
  2041                           
  2042                           ;C:\Program Files\Microchip\xc8\v2.50\pic\sources\c99\common\doprnt.c: 1177: vfpfcnvrt(F
      +                          ILE *fp, char *fmt[], va_list ap);C:\Program Files\Microchip\xc8\v2.50\pic\sources\c99\c
      +                          ommon\doprnt.c: 1178: {;C:\Program Files\Microchip\xc8\v2.50\pic\sources\c99\common\dopr
      +                          nt.c: 1179:     char c, *cp;;C:\Program Files\Microchip\xc8\v2.50\pic\sources\c99\common
      +                          \doprnt.c: 1180:     _Bool done;;C:\Program Files\Microchip\xc8\v2.50\pic\sources\c99\co
      +                          mmon\doprnt.c: 1188:  } convarg;;C:\Program Files\Microchip\xc8\v2.50\pic\sources\c99\co
      +                          mmon\doprnt.c: 1201:     if ((*fmt)[0] == '%') {
  2043     06E3  1283               	bcf	3,5	;RP0=0, select bank0
  2044     06E4  1303               	bcf	3,6	;RP1=0, select bank0
  2045     06E5  082F               	movf	vfpfcnvrt@fmt,w
  2046     06E6  0084               	movwf	4
  2047     06E7  1383               	bcf	3,7	;select IRP bank0
  2048     06E8  0800               	movf	0,w
  2049     06E9  0084               	movwf	4
  2050     06EA  120A  118A  200F  120A  118A  	fcall	stringdir
  2051     06EF  3A25               	xorlw	37
  2052     06F0  1D03               	skipz
  2053     06F1  2EF3               	goto	u1121
  2054     06F2  2EF4               	goto	u1120
  2055     06F3                     u1121:
  2056     06F3  2FBA               	goto	l1547
  2057     06F4                     u1120:
  2058     06F4                     l1503:
  2059                           
  2060                           ;C:\Program Files\Microchip\xc8\v2.50\pic\sources\c99\common\doprnt.c: 1202:         ++*
      +                          fmt;
  2061     06F4  082F               	movf	vfpfcnvrt@fmt,w
  2062     06F5  0084               	movwf	4
  2063     06F6  3001               	movlw	1
  2064     06F7  0780               	addwf	0,f
  2065     06F8                     l1505:
  2066                           
  2067                           ;C:\Program Files\Microchip\xc8\v2.50\pic\sources\c99\common\doprnt.c: 1204:         fla
      +                          gs = width = 0;
  2068     06F8  1683               	bsf	3,5	;RP0=1, select bank1
  2069     06F9  1303               	bcf	3,6	;RP1=0, select bank1
  2070     06FA  01C0               	clrf	_width^(0+128)
  2071     06FB  01C1               	clrf	(_width+1)^(0+128)
  2072     06FC  3000               	movlw	0
  2073     06FD  1283               	bcf	3,5	;RP0=0, select bank0
  2074     06FE  1303               	bcf	3,6	;RP1=0, select bank0
  2075     06FF  00ED               	movwf	_flags
  2076     0700                     l1507:
  2077                           
  2078                           ;C:\Program Files\Microchip\xc8\v2.50\pic\sources\c99\common\doprnt.c: 1205:         pre
      +                          c = -1;
  2079     0700  30FF               	movlw	255
  2080     0701  1683               	bsf	3,5	;RP0=1, select bank1
  2081     0702  1303               	bcf	3,6	;RP1=0, select bank1
  2082     0703  00C2               	movwf	_prec^(0+128)
  2083     0704  30FF               	movlw	255
  2084     0705  00C3               	movwf	(_prec^(0+128)+1)
  2085     0706                     l1509:
  2086                           
  2087                           ;C:\Program Files\Microchip\xc8\v2.50\pic\sources\c99\common\doprnt.c: 1291:   cp = *fmt
      +                          ;
  2088     0706  1283               	bcf	3,5	;RP0=0, select bank0
  2089     0707  1303               	bcf	3,6	;RP1=0, select bank0
  2090     0708  082F               	movf	vfpfcnvrt@fmt,w
  2091     0709  0084               	movwf	4
  2092     070A  0800               	movf	0,w
  2093     070B  00B4               	movwf	vfpfcnvrt@cp
  2094     070C                     l1511:
  2095                           
  2096                           ;C:\Program Files\Microchip\xc8\v2.50\pic\sources\c99\common\doprnt.c: 1361:   if (*cp =
      +                          = 'd' || *cp == 'i') {
  2097     070C  0834               	movf	vfpfcnvrt@cp,w
  2098     070D  0084               	movwf	4
  2099     070E  120A  118A  200F  120A  118A  	fcall	stringdir
  2100     0713  3A64               	xorlw	100
  2101     0714  1903               	skipnz
  2102     0715  2F17               	goto	u1131
  2103     0716  2F18               	goto	u1130
  2104     0717                     u1131:
  2105     0717  2F24               	goto	l1515
  2106     0718                     u1130:
  2107     0718                     l1513:
  2108     0718  0834               	movf	vfpfcnvrt@cp,w
  2109     0719  0084               	movwf	4
  2110     071A  120A  118A  200F  120A  118A  	fcall	stringdir
  2111     071F  3A69               	xorlw	105
  2112     0720  1D03               	skipz
  2113     0721  2F23               	goto	u1141
  2114     0722  2F24               	goto	u1140
  2115     0723                     u1141:
  2116     0723  2FB2               	goto	l1543
  2117     0724                     u1140:
  2118     0724                     l1515:
  2119                           
  2120                           ;C:\Program Files\Microchip\xc8\v2.50\pic\sources\c99\common\doprnt.c: 1404:    convarg.
      +                          sint = (vfpf_sint_t)(int)(*(int *)__va_arg(*(int **)ap, (int)0));
  2121     0724  0830               	movf	vfpfcnvrt@ap,w
  2122     0725  0084               	movwf	4
  2123     0726  0800               	movf	0,w
  2124     0727  00FF               	movwf	btemp+1
  2125     0728  3002               	movlw	2
  2126     0729  0780               	addwf	0,f
  2127     072A  087F               	movf	btemp+1,w
  2128     072B  0084               	movwf	4
  2129     072C  0800               	movf	0,w
  2130     072D  00B5               	movwf	vfpfcnvrt@convarg
  2131     072E  0A84               	incf	4,f
  2132     072F  0800               	movf	0,w
  2133     0730  00B6               	movwf	vfpfcnvrt@convarg+1
  2134     0731                     l1517:
  2135                           
  2136                           ;C:\Program Files\Microchip\xc8\v2.50\pic\sources\c99\common\doprnt.c: 1406:    *fmt = c
      +                          p+1;
  2137     0731  082F               	movf	vfpfcnvrt@fmt,w
  2138     0732  0084               	movwf	4
  2139     0733  0834               	movf	vfpfcnvrt@cp,w
  2140     0734  3E01               	addlw	1
  2141     0735  0080               	movwf	0
  2142     0736                     l1519:
  2143                           
  2144                           ;C:\Program Files\Microchip\xc8\v2.50\pic\sources\c99\common\doprnt.c: 1408:    c = size
      +                          of(dbuf);
  2145     0736  3020               	movlw	32
  2146     0737  00B9               	movwf	vfpfcnvrt@c
  2147     0738                     l1521:
  2148                           
  2149                           ;C:\Program Files\Microchip\xc8\v2.50\pic\sources\c99\common\doprnt.c: 1409:    done = c
      +                          onvarg.sint < 0;
  2150     0738  1BB6               	btfsc	vfpfcnvrt@convarg+1,7
  2151     0739  2F3B               	goto	u1151
  2152     073A  2F3D               	goto	u1150
  2153     073B                     u1151:
  2154     073B  3001               	movlw	1
  2155     073C  2F3E               	goto	u1160
  2156     073D                     u1150:
  2157     073D  3000               	movlw	0
  2158     073E                     u1160:
  2159     073E  00B3               	movwf	vfpfcnvrt@done
  2160     073F                     l1523:
  2161                           
  2162                           ;C:\Program Files\Microchip\xc8\v2.50\pic\sources\c99\common\doprnt.c: 1411:     dbuf[--
      +                          c] = abs(convarg.sint % 10) + '0';
  2163     073F  3001               	movlw	1
  2164     0740  02B9               	subwf	vfpfcnvrt@c,f
  2165     0741  0839               	movf	vfpfcnvrt@c,w
  2166     0742  3EA0               	addlw	(low (_dbuf| 0))& (0+255)
  2167     0743  0084               	movwf	4
  2168     0744  300A               	movlw	10
  2169     0745  00A0               	movwf	___awmod@divisor
  2170     0746  3000               	movlw	0
  2171     0747  00A1               	movwf	___awmod@divisor+1
  2172     0748  0836               	movf	vfpfcnvrt@convarg+1,w
  2173     0749  00A3               	movwf	___awmod@dividend+1
  2174     074A  0835               	movf	vfpfcnvrt@convarg,w
  2175     074B  00A2               	movwf	___awmod@dividend
  2176     074C  120A  118A  22F5  120A  118A  	fcall	___awmod
  2177     0751  1283               	bcf	3,5	;RP0=0, select bank0
  2178     0752  1303               	bcf	3,6	;RP1=0, select bank0
  2179     0753  0821               	movf	?___awmod+1,w
  2180     0754  00A7               	movwf	abs@a+1
  2181     0755  0820               	movf	?___awmod,w
  2182     0756  00A6               	movwf	abs@a
  2183     0757  120A  118A  20FB  120A  118A  	fcall	_abs
  2184     075C  1283               	bcf	3,5	;RP0=0, select bank0
  2185     075D  1303               	bcf	3,6	;RP1=0, select bank0
  2186     075E  0826               	movf	?_abs,w
  2187     075F  3E30               	addlw	48
  2188     0760  1383               	bcf	3,7	;select IRP bank1
  2189     0761  0080               	movwf	0
  2190     0762                     l1525:
  2191                           
  2192                           ;C:\Program Files\Microchip\xc8\v2.50\pic\sources\c99\common\doprnt.c: 1412:     convarg
      +                          .sint /= 10;
  2193     0762  300A               	movlw	10
  2194     0763  00A0               	movwf	___awdiv@divisor
  2195     0764  3000               	movlw	0
  2196     0765  00A1               	movwf	___awdiv@divisor+1
  2197     0766  0836               	movf	vfpfcnvrt@convarg+1,w
  2198     0767  00A3               	movwf	___awdiv@dividend+1
  2199     0768  0835               	movf	vfpfcnvrt@convarg,w
  2200     0769  00A2               	movwf	___awdiv@dividend
  2201     076A  120A  118A  234E  120A  118A  	fcall	___awdiv
  2202     076F  1283               	bcf	3,5	;RP0=0, select bank0
  2203     0770  1303               	bcf	3,6	;RP1=0, select bank0
  2204     0771  0821               	movf	?___awdiv+1,w
  2205     0772  00B6               	movwf	vfpfcnvrt@convarg+1
  2206     0773  0820               	movf	?___awdiv,w
  2207     0774  00B5               	movwf	vfpfcnvrt@convarg
  2208     0775                     l1527:
  2209                           
  2210                           ;C:\Program Files\Microchip\xc8\v2.50\pic\sources\c99\common\doprnt.c: 1416:    } while 
      +                          (convarg.sint != 0 && c != 0);
  2211     0775  0835               	movf	vfpfcnvrt@convarg,w
  2212     0776  0436               	iorwf	vfpfcnvrt@convarg+1,w
  2213     0777  1903               	btfsc	3,2
  2214     0778  2F7A               	goto	u1171
  2215     0779  2F7B               	goto	u1170
  2216     077A                     u1171:
  2217     077A  2F80               	goto	l1531
  2218     077B                     u1170:
  2219     077B                     l1529:
  2220     077B  0839               	movf	vfpfcnvrt@c,w
  2221     077C  1D03               	btfss	3,2
  2222     077D  2F7F               	goto	u1181
  2223     077E  2F80               	goto	u1180
  2224     077F                     u1181:
  2225     077F  2F3F               	goto	l1523
  2226     0780                     u1180:
  2227     0780                     l1531:
  2228                           
  2229                           ;C:\Program Files\Microchip\xc8\v2.50\pic\sources\c99\common\doprnt.c: 1417:    if (c !=
      +                           0 && done) {
  2230     0780  0839               	movf	vfpfcnvrt@c,w
  2231     0781  1903               	btfsc	3,2
  2232     0782  2F84               	goto	u1191
  2233     0783  2F85               	goto	u1190
  2234     0784                     u1191:
  2235     0784  2FAB               	goto	l1541
  2236     0785                     u1190:
  2237     0785                     l1533:
  2238     0785  0833               	movf	vfpfcnvrt@done,w
  2239     0786  1903               	btfsc	3,2
  2240     0787  2F89               	goto	u1201
  2241     0788  2F8A               	goto	u1200
  2242     0789                     u1201:
  2243     0789  2FAB               	goto	l1541
  2244     078A                     u1200:
  2245     078A                     l1535:
  2246                           
  2247                           ;C:\Program Files\Microchip\xc8\v2.50\pic\sources\c99\common\doprnt.c: 1418:     dbuf[--
      +                          c] = '-';
  2248     078A  3001               	movlw	1
  2249     078B  02B9               	subwf	vfpfcnvrt@c,f
  2250     078C  0839               	movf	vfpfcnvrt@c,w
  2251     078D  3EA0               	addlw	(low (_dbuf| 0))& (0+255)
  2252     078E  0084               	movwf	4
  2253     078F  302D               	movlw	45
  2254     0790  1383               	bcf	3,7	;select IRP bank1
  2255     0791  0080               	movwf	0
  2256     0792  2FAB               	goto	l1541
  2257     0793                     l1537:
  2258                           
  2259                           ;C:\Program Files\Microchip\xc8\v2.50\pic\sources\c99\common\doprnt.c: 1424:     fputc(d
      +                          buf[c++], fp);
  2260     0793  0839               	movf	vfpfcnvrt@c,w
  2261     0794  3EA0               	addlw	(low (_dbuf| 0))& (0+255)
  2262     0795  0084               	movwf	4
  2263     0796  1383               	bcf	3,7	;select IRP bank1
  2264     0797  0800               	movf	0,w
  2265     0798  00B1               	movwf	??_vfpfcnvrt
  2266     0799  01B2               	clrf	??_vfpfcnvrt+1
  2267     079A  0831               	movf	??_vfpfcnvrt,w
  2268     079B  00A0               	movwf	fputc@c
  2269     079C  0832               	movf	??_vfpfcnvrt+1,w
  2270     079D  00A1               	movwf	fputc@c+1
  2271     079E  082D               	movf	vfpfcnvrt@fp,w
  2272     079F  00A2               	movwf	fputc@fp
  2273     07A0  082E               	movf	vfpfcnvrt@fp+1,w
  2274     07A1  00A3               	movwf	fputc@fp+1
  2275     07A2  120A  118A  24B4  120A  118A  	fcall	_fputc
  2276     07A7                     l1539:
  2277     07A7  3001               	movlw	1
  2278     07A8  1283               	bcf	3,5	;RP0=0, select bank0
  2279     07A9  1303               	bcf	3,6	;RP1=0, select bank0
  2280     07AA  07B9               	addwf	vfpfcnvrt@c,f
  2281     07AB                     l1541:
  2282                           
  2283                           ;C:\Program Files\Microchip\xc8\v2.50\pic\sources\c99\common\doprnt.c: 1423:    while (c
      +                           != sizeof(dbuf)) {
  2284     07AB  3020               	movlw	32
  2285     07AC  0639               	xorwf	vfpfcnvrt@c,w
  2286     07AD  1D03               	btfss	3,2
  2287     07AE  2FB0               	goto	u1211
  2288     07AF  2FB1               	goto	u1210
  2289     07B0                     u1211:
  2290     07B0  2F93               	goto	l1537
  2291     07B1                     u1210:
  2292     07B1  2FD3               	goto	l837
  2293     07B2                     l1543:
  2294                           
  2295                           ;C:\Program Files\Microchip\xc8\v2.50\pic\sources\c99\common\doprnt.c: 1806:         ++*
      +                          fmt;
  2296     07B2  1283               	bcf	3,5	;RP0=0, select bank0
  2297     07B3  1303               	bcf	3,6	;RP1=0, select bank0
  2298     07B4  082F               	movf	vfpfcnvrt@fmt,w
  2299     07B5  0084               	movwf	4
  2300     07B6  3001               	movlw	1
  2301     07B7  1383               	bcf	3,7	;select IRP bank0
  2302     07B8  0780               	addwf	0,f
  2303     07B9  2FD3               	goto	l837
  2304     07BA                     l1547:
  2305                           
  2306                           ;C:\Program Files\Microchip\xc8\v2.50\pic\sources\c99\common\doprnt.c: 1811:     fputc((
      +                          int)(*fmt)[0], fp);
  2307     07BA  082F               	movf	vfpfcnvrt@fmt,w
  2308     07BB  0084               	movwf	4
  2309     07BC  0800               	movf	0,w
  2310     07BD  0084               	movwf	4
  2311     07BE  120A  118A  200F  120A  118A  	fcall	stringdir
  2312     07C3  00B1               	movwf	??_vfpfcnvrt
  2313     07C4  01B2               	clrf	??_vfpfcnvrt+1
  2314     07C5  0831               	movf	??_vfpfcnvrt,w
  2315     07C6  00A0               	movwf	fputc@c
  2316     07C7  0832               	movf	??_vfpfcnvrt+1,w
  2317     07C8  00A1               	movwf	fputc@c+1
  2318     07C9  082D               	movf	vfpfcnvrt@fp,w
  2319     07CA  00A2               	movwf	fputc@fp
  2320     07CB  082E               	movf	vfpfcnvrt@fp+1,w
  2321     07CC  00A3               	movwf	fputc@fp+1
  2322     07CD  120A  118A  24B4  120A  118A  	fcall	_fputc
  2323     07D2  2FB2               	goto	l1543
  2324     07D3                     l837:
  2325     07D3  0008               	return
  2326     07D4                     __end_of_vfpfcnvrt:
  2327                           
  2328                           	psect	text8
  2329     04B4                     __ptext8:	
  2330 ;; *************** function _fputc *****************
  2331 ;; Defined at:
  2332 ;;		line 8 in file "C:\Program Files\Microchip\xc8\v2.50\pic\sources\c99\common\nf_fputc.c"
  2333 ;; Parameters:    Size  Location     Type
  2334 ;;  c               2    0[BANK0 ] int 
  2335 ;;  fp              2    2[BANK0 ] PTR struct _IO_FILE
  2336 ;;		 -> sprintf@f(11), 
  2337 ;; Auto vars:     Size  Location     Type
  2338 ;;		None
  2339 ;; Return value:  Size  Location     Type
  2340 ;;                  2    0[BANK0 ] int 
  2341 ;; Registers used:
  2342 ;;		wreg, fsr0l, fsr0h, status,2, status,0, pclath, cstack
  2343 ;; Tracked objects:
  2344 ;;		On entry : 0/0
  2345 ;;		On exit  : 0/0
  2346 ;;		Unchanged: 0/0
  2347 ;; Data sizes:     COMMON   BANK0   BANK1   BANK3   BANK2
  2348 ;;      Params:         0       4       0       0       0
  2349 ;;      Locals:         0       0       0       0       0
  2350 ;;      Temps:          0       9       0       0       0
  2351 ;;      Totals:         0      13       0       0       0
  2352 ;;Total ram usage:       13 bytes
  2353 ;; Hardware stack levels used: 1
  2354 ;; Hardware stack levels required when called: 3
  2355 ;; This function calls:
  2356 ;;		_putch
  2357 ;; This function is called by:
  2358 ;;		_vfpfcnvrt
  2359 ;; This function uses a non-reentrant model
  2360 ;;
  2361                           
  2362     04B4                     _fputc:	
  2363                           ;psect for function _fputc
  2364                           
  2365     04B4                     l1479:	
  2366                           ;incstack = 0
  2367                           ; Regs used in _fputc: [wreg-fsr0h+status,2+status,0+pclath+cstack]
  2368                           
  2369     04B4  1283               	bcf	3,5	;RP0=0, select bank0
  2370     04B5  1303               	bcf	3,6	;RP1=0, select bank0
  2371     04B6  0822               	movf	fputc@fp,w
  2372     04B7  0423               	iorwf	fputc@fp+1,w
  2373     04B8  1903               	btfsc	3,2
  2374     04B9  2CBB               	goto	u1061
  2375     04BA  2CBC               	goto	u1060
  2376     04BB                     u1061:
  2377     04BB  2CC2               	goto	l1483
  2378     04BC                     u1060:
  2379     04BC                     l1481:
  2380     04BC  0822               	movf	fputc@fp,w
  2381     04BD  0423               	iorwf	fputc@fp+1,w
  2382     04BE  1D03               	btfss	3,2
  2383     04BF  2CC1               	goto	u1071
  2384     04C0  2CC2               	goto	u1070
  2385     04C1                     u1071:
  2386     04C1  2CC9               	goto	l1485
  2387     04C2                     u1070:
  2388     04C2                     l1483:
  2389     04C2  0820               	movf	fputc@c,w
  2390     04C3  120A  118A  2094  120A  118A  	fcall	_putch
  2391     04C8  2D53               	goto	l862
  2392     04C9                     l1485:
  2393     04C9  0822               	movf	fputc@fp,w
  2394     04CA  3E09               	addlw	9
  2395     04CB  00A4               	movwf	??_fputc
  2396     04CC  0823               	movf	fputc@fp+1,w
  2397     04CD  1803               	skipnc
  2398     04CE  3E01               	addlw	1
  2399     04CF  3E00               	addlw	0
  2400     04D0  00A5               	movwf	??_fputc+1
  2401     04D1  0824               	movf	??_fputc,w
  2402     04D2  0084               	movwf	4
  2403     04D3  1783               	bsf	3,7
  2404     04D4  1C25               	btfss	??_fputc+1,0
  2405     04D5  1383               	bcf	3,7
  2406     04D6  0800               	movf	0,w
  2407     04D7  00A6               	movwf	??_fputc+2
  2408     04D8  0A84               	incf	4,f
  2409     04D9  0800               	movf	0,w
  2410     04DA  00A7               	movwf	??_fputc+3
  2411     04DB  0826               	movf	??_fputc+2,w
  2412     04DC  0427               	iorwf	??_fputc+3,w
  2413     04DD  1903               	btfsc	3,2
  2414     04DE  2CE0               	goto	u1081
  2415     04DF  2CE1               	goto	u1080
  2416     04E0                     u1081:
  2417     04E0  2D13               	goto	l1489
  2418     04E1                     u1080:
  2419     04E1                     l1487:
  2420     04E1  0822               	movf	fputc@fp,w
  2421     04E2  3E09               	addlw	9
  2422     04E3  00A4               	movwf	??_fputc
  2423     04E4  0823               	movf	fputc@fp+1,w
  2424     04E5  1803               	skipnc
  2425     04E6  3E01               	addlw	1
  2426     04E7  3E00               	addlw	0
  2427     04E8  00A5               	movwf	??_fputc+1
  2428     04E9  0824               	movf	??_fputc,w
  2429     04EA  0084               	movwf	4
  2430     04EB  1783               	bsf	3,7
  2431     04EC  1C25               	btfss	??_fputc+1,0
  2432     04ED  1383               	bcf	3,7
  2433     04EE  0800               	movf	0,w
  2434     04EF  00A6               	movwf	??_fputc+2
  2435     04F0  0A84               	incf	4,f
  2436     04F1  0800               	movf	0,w
  2437     04F2  00A7               	movwf	??_fputc+3
  2438     04F3  0822               	movf	fputc@fp,w
  2439     04F4  3E02               	addlw	2
  2440     04F5  00A8               	movwf	??_fputc+4
  2441     04F6  0823               	movf	fputc@fp+1,w
  2442     04F7  1803               	skipnc
  2443     04F8  3E01               	addlw	1
  2444     04F9  3E00               	addlw	0
  2445     04FA  00A9               	movwf	??_fputc+5
  2446     04FB  0828               	movf	??_fputc+4,w
  2447     04FC  0084               	movwf	4
  2448     04FD  1783               	bsf	3,7
  2449     04FE  1C29               	btfss	??_fputc+5,0
  2450     04FF  1383               	bcf	3,7
  2451     0500  0800               	movf	0,w
  2452     0501  00AA               	movwf	??_fputc+6
  2453     0502  0A84               	incf	4,f
  2454     0503  0800               	movf	0,w
  2455     0504  00AB               	movwf	??_fputc+7
  2456     0505  082B               	movf	??_fputc+7,w
  2457     0506  3A80               	xorlw	128
  2458     0507  00AC               	movwf	??_fputc+8
  2459     0508  0827               	movf	??_fputc+3,w
  2460     0509  3A80               	xorlw	128
  2461     050A  022C               	subwf	??_fputc+8,w
  2462     050B  1D03               	skipz
  2463     050C  2D0F               	goto	u1095
  2464     050D  0826               	movf	??_fputc+2,w
  2465     050E  022A               	subwf	??_fputc+6,w
  2466     050F                     u1095:
  2467     050F  1803               	skipnc
  2468     0510  2D12               	goto	u1091
  2469     0511  2D13               	goto	u1090
  2470     0512                     u1091:
  2471     0512  2D53               	goto	l862
  2472     0513                     u1090:
  2473     0513                     l1489:
  2474     0513  1283               	bcf	3,5	;RP0=0, select bank0
  2475     0514  1303               	bcf	3,6	;RP1=0, select bank0
  2476     0515  0822               	movf	fputc@fp,w
  2477     0516  0084               	movwf	4
  2478     0517  1783               	bsf	3,7
  2479     0518  1C23               	btfss	fputc@fp+1,0
  2480     0519  1383               	bcf	3,7
  2481     051A  0800               	movf	0,w
  2482     051B  00A4               	movwf	??_fputc
  2483     051C  0A84               	incf	4,f
  2484     051D  0800               	movf	0,w
  2485     051E  00A5               	movwf	??_fputc+1
  2486     051F  0822               	movf	fputc@fp,w
  2487     0520  3E02               	addlw	2
  2488     0521  00A6               	movwf	??_fputc+2
  2489     0522  0823               	movf	fputc@fp+1,w
  2490     0523  1803               	skipnc
  2491     0524  3E01               	addlw	1
  2492     0525  3E00               	addlw	0
  2493     0526  00A7               	movwf	??_fputc+3
  2494     0527  0826               	movf	??_fputc+2,w
  2495     0528  0084               	movwf	4
  2496     0529  1783               	bsf	3,7
  2497     052A  1C27               	btfss	??_fputc+3,0
  2498     052B  1383               	bcf	3,7
  2499     052C  0800               	movf	0,w
  2500     052D  0724               	addwf	??_fputc,w
  2501     052E  00A9               	movwf	??_fputc+5
  2502     052F  0825               	movf	??_fputc+1,w
  2503     0530  00A8               	movwf	??_fputc+4
  2504     0531  1803               	skipnc
  2505     0532  0AA8               	incf	??_fputc+4,f
  2506     0533  1F80               	btfss	0,7
  2507     0534  2D36               	goto	u1100
  2508     0535  03A8               	decf	??_fputc+4,f
  2509     0536                     u1100:
  2510     0536  1283               	bcf	3,5	;RP0=0, select bank0
  2511     0537  1303               	bcf	3,6	;RP1=0, select bank0
  2512     0538  0828               	movf	??_fputc+4,w
  2513     0539  00AA               	movwf	??_fputc+6
  2514     053A  0829               	movf	??_fputc+5,w
  2515     053B  0084               	movwf	4
  2516     053C  1783               	bsf	3,7
  2517     053D  1C2A               	btfss	??_fputc+6,0
  2518     053E  1383               	bcf	3,7
  2519     053F  0820               	movf	fputc@c,w
  2520     0540  0080               	movwf	0
  2521     0541  0822               	movf	fputc@fp,w
  2522     0542  3E02               	addlw	2
  2523     0543  00A4               	movwf	??_fputc
  2524     0544  0823               	movf	fputc@fp+1,w
  2525     0545  1803               	skipnc
  2526     0546  3E01               	addlw	1
  2527     0547  3E00               	addlw	0
  2528     0548  00A5               	movwf	??_fputc+1
  2529     0549  0824               	movf	??_fputc,w
  2530     054A  0084               	movwf	4
  2531     054B  1783               	bsf	3,7
  2532     054C  1C25               	btfss	??_fputc+1,0
  2533     054D  1383               	bcf	3,7
  2534     054E  3001               	movlw	1
  2535     054F  0780               	addwf	0,f
  2536     0550  0A84               	incf	4,f
  2537     0551  1803               	skipnc
  2538     0552  0A80               	incf	0,f
  2539     0553                     l862:
  2540     0553  0008               	return
  2541     0554                     __end_of_fputc:
  2542                           
  2543                           	psect	text9
  2544     0094                     __ptext9:	
  2545 ;; *************** function _putch *****************
  2546 ;; Defined at:
  2547 ;;		line 7 in file "C:\Program Files\Microchip\xc8\v2.50\pic\sources\c99\common\putch.c"
  2548 ;; Parameters:    Size  Location     Type
  2549 ;;  c               1    wreg     unsigned char 
  2550 ;; Auto vars:     Size  Location     Type
  2551 ;;  c               1    0[COMMON] unsigned char 
  2552 ;; Return value:  Size  Location     Type
  2553 ;;                  1    wreg      void 
  2554 ;; Registers used:
  2555 ;;		wreg
  2556 ;; Tracked objects:
  2557 ;;		On entry : 0/0
  2558 ;;		On exit  : 0/0
  2559 ;;		Unchanged: 0/0
  2560 ;; Data sizes:     COMMON   BANK0   BANK1   BANK3   BANK2
  2561 ;;      Params:         0       0       0       0       0
  2562 ;;      Locals:         0       0       0       0       0
  2563 ;;      Temps:          0       0       0       0       0
  2564 ;;      Totals:         0       0       0       0       0
  2565 ;;Total ram usage:        0 bytes
  2566 ;; Hardware stack levels used: 1
  2567 ;; Hardware stack levels required when called: 2
  2568 ;; This function calls:
  2569 ;;		Nothing
  2570 ;; This function is called by:
  2571 ;;		_fputc
  2572 ;; This function uses a non-reentrant model
  2573 ;;
  2574                           
  2575     0094                     _putch:	
  2576                           ;psect for function _putch
  2577                           
  2578     0094                     l873:	
  2579                           ;incstack = 0
  2580                           ; Regs used in _putch: [wreg]
  2581                           
  2582     0094  0008               	return
  2583     0095                     __end_of_putch:
  2584                           
  2585                           	psect	text10
  2586     00FB                     __ptext10:	
  2587 ;; *************** function _abs *****************
  2588 ;; Defined at:
  2589 ;;		line 1 in file "C:\Program Files\Microchip\xc8\v2.50\pic\sources\c99\common\abs.c"
  2590 ;; Parameters:    Size  Location     Type
  2591 ;;  a               2    6[BANK0 ] int 
  2592 ;; Auto vars:     Size  Location     Type
  2593 ;;		None
  2594 ;; Return value:  Size  Location     Type
  2595 ;;                  2    6[BANK0 ] int 
  2596 ;; Registers used:
  2597 ;;		wreg, status,2, status,0
  2598 ;; Tracked objects:
  2599 ;;		On entry : 0/0
  2600 ;;		On exit  : 0/0
  2601 ;;		Unchanged: 0/0
  2602 ;; Data sizes:     COMMON   BANK0   BANK1   BANK3   BANK2
  2603 ;;      Params:         0       2       0       0       0
  2604 ;;      Locals:         0       0       0       0       0
  2605 ;;      Temps:          0       2       0       0       0
  2606 ;;      Totals:         0       4       0       0       0
  2607 ;;Total ram usage:        4 bytes
  2608 ;; Hardware stack levels used: 1
  2609 ;; Hardware stack levels required when called: 2
  2610 ;; This function calls:
  2611 ;;		Nothing
  2612 ;; This function is called by:
  2613 ;;		_vfpfcnvrt
  2614 ;; This function uses a non-reentrant model
  2615 ;;
  2616                           
  2617     00FB                     _abs:	
  2618                           ;psect for function _abs
  2619                           
  2620     00FB                     l1493:	
  2621                           ;incstack = 0
  2622                           ; Regs used in _abs: [wreg+status,2+status,0]
  2623                           
  2624     00FB  1283               	bcf	3,5	;RP0=0, select bank0
  2625     00FC  1303               	bcf	3,6	;RP1=0, select bank0
  2626     00FD  1BA7               	btfsc	abs@a+1,7
  2627     00FE  2900               	goto	u1111
  2628     00FF  2901               	goto	u1110
  2629     0100                     u1111:
  2630     0100  2902               	goto	l1497
  2631     0101                     u1110:
  2632     0101                     l1495:
  2633     0101  290D               	goto	l850
  2634     0102                     l1497:
  2635     0102  0926               	comf	abs@a,w
  2636     0103  00A8               	movwf	??_abs
  2637     0104  0927               	comf	abs@a+1,w
  2638     0105  00A9               	movwf	??_abs+1
  2639     0106  0AA8               	incf	??_abs,f
  2640     0107  1903               	skipnz
  2641     0108  0AA9               	incf	??_abs+1,f
  2642     0109  0828               	movf	??_abs,w
  2643     010A  00A6               	movwf	?_abs
  2644     010B  0829               	movf	??_abs+1,w
  2645     010C  00A7               	movwf	?_abs+1
  2646     010D                     l850:
  2647     010D  0008               	return
  2648     010E                     __end_of_abs:
  2649                           
  2650                           	psect	text11
  2651     02F5                     __ptext11:	
  2652 ;; *************** function ___awmod *****************
  2653 ;; Defined at:
  2654 ;;		line 5 in file "C:\Program Files\Microchip\xc8\v2.50\pic\sources\c99\common\awmod.c"
  2655 ;; Parameters:    Size  Location     Type
  2656 ;;  divisor         2    0[BANK0 ] int 
  2657 ;;  dividend        2    2[BANK0 ] int 
  2658 ;; Auto vars:     Size  Location     Type
  2659 ;;  sign            1    5[BANK0 ] unsigned char 
  2660 ;;  counter         1    4[BANK0 ] unsigned char 
  2661 ;; Return value:  Size  Location     Type
  2662 ;;                  2    0[BANK0 ] int 
  2663 ;; Registers used:
  2664 ;;		wreg, status,2, status,0
  2665 ;; Tracked objects:
  2666 ;;		On entry : 0/0
  2667 ;;		On exit  : 0/0
  2668 ;;		Unchanged: 0/0
  2669 ;; Data sizes:     COMMON   BANK0   BANK1   BANK3   BANK2
  2670 ;;      Params:         0       4       0       0       0
  2671 ;;      Locals:         0       2       0       0       0
  2672 ;;      Temps:          0       0       0       0       0
  2673 ;;      Totals:         0       6       0       0       0
  2674 ;;Total ram usage:        6 bytes
  2675 ;; Hardware stack levels used: 1
  2676 ;; Hardware stack levels required when called: 2
  2677 ;; This function calls:
  2678 ;;		Nothing
  2679 ;; This function is called by:
  2680 ;;		_vfpfcnvrt
  2681 ;; This function uses a non-reentrant model
  2682 ;;
  2683                           
  2684     02F5                     ___awmod:	
  2685                           ;psect for function ___awmod
  2686                           
  2687     02F5                     l1441:	
  2688                           ;incstack = 0
  2689                           ; Regs used in ___awmod: [wreg+status,2+status,0]
  2690                           
  2691     02F5  1283               	bcf	3,5	;RP0=0, select bank0
  2692     02F6  1303               	bcf	3,6	;RP1=0, select bank0
  2693     02F7  01A5               	clrf	___awmod@sign
  2694     02F8                     l1443:
  2695     02F8  1FA3               	btfss	___awmod@dividend+1,7
  2696     02F9  2AFB               	goto	u971
  2697     02FA  2AFC               	goto	u970
  2698     02FB                     u971:
  2699     02FB  2B03               	goto	l1449
  2700     02FC                     u970:
  2701     02FC                     l1445:
  2702     02FC  09A2               	comf	___awmod@dividend,f
  2703     02FD  09A3               	comf	___awmod@dividend+1,f
  2704     02FE  0AA2               	incf	___awmod@dividend,f
  2705     02FF  1903               	skipnz
  2706     0300  0AA3               	incf	___awmod@dividend+1,f
  2707     0301                     l1447:
  2708     0301  3001               	movlw	1
  2709     0302  00A5               	movwf	___awmod@sign
  2710     0303                     l1449:
  2711     0303  1FA1               	btfss	___awmod@divisor+1,7
  2712     0304  2B06               	goto	u981
  2713     0305  2B07               	goto	u980
  2714     0306                     u981:
  2715     0306  2B0C               	goto	l1453
  2716     0307                     u980:
  2717     0307                     l1451:
  2718     0307  09A0               	comf	___awmod@divisor,f
  2719     0308  09A1               	comf	___awmod@divisor+1,f
  2720     0309  0AA0               	incf	___awmod@divisor,f
  2721     030A  1903               	skipnz
  2722     030B  0AA1               	incf	___awmod@divisor+1,f
  2723     030C                     l1453:
  2724     030C  0820               	movf	___awmod@divisor,w
  2725     030D  0421               	iorwf	___awmod@divisor+1,w
  2726     030E  1903               	btfsc	3,2
  2727     030F  2B11               	goto	u991
  2728     0310  2B12               	goto	u990
  2729     0311                     u991:
  2730     0311  2B3F               	goto	l1471
  2731     0312                     u990:
  2732     0312                     l1455:
  2733     0312  3001               	movlw	1
  2734     0313  00A4               	movwf	___awmod@counter
  2735     0314  2B1E               	goto	l1461
  2736     0315                     l1457:
  2737     0315  3001               	movlw	1
  2738     0316                     u1005:
  2739     0316  1003               	clrc
  2740     0317  0DA0               	rlf	___awmod@divisor,f
  2741     0318  0DA1               	rlf	___awmod@divisor+1,f
  2742     0319  3EFF               	addlw	-1
  2743     031A  1D03               	skipz
  2744     031B  2B16               	goto	u1005
  2745     031C                     l1459:
  2746     031C  3001               	movlw	1
  2747     031D  07A4               	addwf	___awmod@counter,f
  2748     031E                     l1461:
  2749     031E  1FA1               	btfss	___awmod@divisor+1,7
  2750     031F  2B21               	goto	u1011
  2751     0320  2B22               	goto	u1010
  2752     0321                     u1011:
  2753     0321  2B15               	goto	l1457
  2754     0322                     u1010:
  2755     0322                     l1463:
  2756     0322  0821               	movf	___awmod@divisor+1,w
  2757     0323  0223               	subwf	___awmod@dividend+1,w
  2758     0324  1D03               	skipz
  2759     0325  2B28               	goto	u1025
  2760     0326  0820               	movf	___awmod@divisor,w
  2761     0327  0222               	subwf	___awmod@dividend,w
  2762     0328                     u1025:
  2763     0328  1C03               	skipc
  2764     0329  2B2B               	goto	u1021
  2765     032A  2B2C               	goto	u1020
  2766     032B                     u1021:
  2767     032B  2B32               	goto	l1467
  2768     032C                     u1020:
  2769     032C                     l1465:
  2770     032C  0820               	movf	___awmod@divisor,w
  2771     032D  02A2               	subwf	___awmod@dividend,f
  2772     032E  0821               	movf	___awmod@divisor+1,w
  2773     032F  1C03               	skipc
  2774     0330  03A3               	decf	___awmod@dividend+1,f
  2775     0331  02A3               	subwf	___awmod@dividend+1,f
  2776     0332                     l1467:
  2777     0332  3001               	movlw	1
  2778     0333                     u1035:
  2779     0333  1003               	clrc
  2780     0334  0CA1               	rrf	___awmod@divisor+1,f
  2781     0335  0CA0               	rrf	___awmod@divisor,f
  2782     0336  3EFF               	addlw	-1
  2783     0337  1D03               	skipz
  2784     0338  2B33               	goto	u1035
  2785     0339                     l1469:
  2786     0339  3001               	movlw	1
  2787     033A  02A4               	subwf	___awmod@counter,f
  2788     033B  1D03               	btfss	3,2
  2789     033C  2B3E               	goto	u1041
  2790     033D  2B3F               	goto	u1040
  2791     033E                     u1041:
  2792     033E  2B22               	goto	l1463
  2793     033F                     u1040:
  2794     033F                     l1471:
  2795     033F  0825               	movf	___awmod@sign,w
  2796     0340  1903               	btfsc	3,2
  2797     0341  2B43               	goto	u1051
  2798     0342  2B44               	goto	u1050
  2799     0343                     u1051:
  2800     0343  2B49               	goto	l1475
  2801     0344                     u1050:
  2802     0344                     l1473:
  2803     0344  09A2               	comf	___awmod@dividend,f
  2804     0345  09A3               	comf	___awmod@dividend+1,f
  2805     0346  0AA2               	incf	___awmod@dividend,f
  2806     0347  1903               	skipnz
  2807     0348  0AA3               	incf	___awmod@dividend+1,f
  2808     0349                     l1475:
  2809     0349  0823               	movf	___awmod@dividend+1,w
  2810     034A  00A1               	movwf	?___awmod+1
  2811     034B  0822               	movf	___awmod@dividend,w
  2812     034C  00A0               	movwf	?___awmod
  2813     034D                     l502:
  2814     034D  0008               	return
  2815     034E                     __end_of___awmod:
  2816                           
  2817                           	psect	text12
  2818     034E                     __ptext12:	
  2819 ;; *************** function ___awdiv *****************
  2820 ;; Defined at:
  2821 ;;		line 5 in file "C:\Program Files\Microchip\xc8\v2.50\pic\sources\c99\common\awdiv.c"
  2822 ;; Parameters:    Size  Location     Type
  2823 ;;  divisor         2    0[BANK0 ] int 
  2824 ;;  dividend        2    2[BANK0 ] int 
  2825 ;; Auto vars:     Size  Location     Type
  2826 ;;  quotient        2    6[BANK0 ] int 
  2827 ;;  sign            1    5[BANK0 ] unsigned char 
  2828 ;;  counter         1    4[BANK0 ] unsigned char 
  2829 ;; Return value:  Size  Location     Type
  2830 ;;                  2    0[BANK0 ] int 
  2831 ;; Registers used:
  2832 ;;		wreg, status,2, status,0
  2833 ;; Tracked objects:
  2834 ;;		On entry : 0/0
  2835 ;;		On exit  : 0/0
  2836 ;;		Unchanged: 0/0
  2837 ;; Data sizes:     COMMON   BANK0   BANK1   BANK3   BANK2
  2838 ;;      Params:         0       4       0       0       0
  2839 ;;      Locals:         0       4       0       0       0
  2840 ;;      Temps:          0       0       0       0       0
  2841 ;;      Totals:         0       8       0       0       0
  2842 ;;Total ram usage:        8 bytes
  2843 ;; Hardware stack levels used: 1
  2844 ;; Hardware stack levels required when called: 2
  2845 ;; This function calls:
  2846 ;;		Nothing
  2847 ;; This function is called by:
  2848 ;;		_vfpfcnvrt
  2849 ;; This function uses a non-reentrant model
  2850 ;;
  2851                           
  2852     034E                     ___awdiv:	
  2853                           ;psect for function ___awdiv
  2854                           
  2855     034E                     l1397:	
  2856                           ;incstack = 0
  2857                           ; Regs used in ___awdiv: [wreg+status,2+status,0]
  2858                           
  2859     034E  1283               	bcf	3,5	;RP0=0, select bank0
  2860     034F  1303               	bcf	3,6	;RP1=0, select bank0
  2861     0350  01A5               	clrf	___awdiv@sign
  2862     0351                     l1399:
  2863     0351  1FA1               	btfss	___awdiv@divisor+1,7
  2864     0352  2B54               	goto	u871
  2865     0353  2B55               	goto	u870
  2866     0354                     u871:
  2867     0354  2B5C               	goto	l1405
  2868     0355                     u870:
  2869     0355                     l1401:
  2870     0355  09A0               	comf	___awdiv@divisor,f
  2871     0356  09A1               	comf	___awdiv@divisor+1,f
  2872     0357  0AA0               	incf	___awdiv@divisor,f
  2873     0358  1903               	skipnz
  2874     0359  0AA1               	incf	___awdiv@divisor+1,f
  2875     035A                     l1403:
  2876     035A  3001               	movlw	1
  2877     035B  00A5               	movwf	___awdiv@sign
  2878     035C                     l1405:
  2879     035C  1FA3               	btfss	___awdiv@dividend+1,7
  2880     035D  2B5F               	goto	u881
  2881     035E  2B60               	goto	u880
  2882     035F                     u881:
  2883     035F  2B67               	goto	l1411
  2884     0360                     u880:
  2885     0360                     l1407:
  2886     0360  09A2               	comf	___awdiv@dividend,f
  2887     0361  09A3               	comf	___awdiv@dividend+1,f
  2888     0362  0AA2               	incf	___awdiv@dividend,f
  2889     0363  1903               	skipnz
  2890     0364  0AA3               	incf	___awdiv@dividend+1,f
  2891     0365                     l1409:
  2892     0365  3001               	movlw	1
  2893     0366  06A5               	xorwf	___awdiv@sign,f
  2894     0367                     l1411:
  2895     0367  01A6               	clrf	___awdiv@quotient
  2896     0368  01A7               	clrf	___awdiv@quotient+1
  2897     0369                     l1413:
  2898     0369  0820               	movf	___awdiv@divisor,w
  2899     036A  0421               	iorwf	___awdiv@divisor+1,w
  2900     036B  1903               	btfsc	3,2
  2901     036C  2B6E               	goto	u891
  2902     036D  2B6F               	goto	u890
  2903     036E                     u891:
  2904     036E  2BA4               	goto	l1433
  2905     036F                     u890:
  2906     036F                     l1415:
  2907     036F  3001               	movlw	1
  2908     0370  00A4               	movwf	___awdiv@counter
  2909     0371  2B7B               	goto	l1421
  2910     0372                     l1417:
  2911     0372  3001               	movlw	1
  2912     0373                     u905:
  2913     0373  1003               	clrc
  2914     0374  0DA0               	rlf	___awdiv@divisor,f
  2915     0375  0DA1               	rlf	___awdiv@divisor+1,f
  2916     0376  3EFF               	addlw	-1
  2917     0377  1D03               	skipz
  2918     0378  2B73               	goto	u905
  2919     0379                     l1419:
  2920     0379  3001               	movlw	1
  2921     037A  07A4               	addwf	___awdiv@counter,f
  2922     037B                     l1421:
  2923     037B  1FA1               	btfss	___awdiv@divisor+1,7
  2924     037C  2B7E               	goto	u911
  2925     037D  2B7F               	goto	u910
  2926     037E                     u911:
  2927     037E  2B72               	goto	l1417
  2928     037F                     u910:
  2929     037F                     l1423:
  2930     037F  3001               	movlw	1
  2931     0380                     u925:
  2932     0380  1003               	clrc
  2933     0381  0DA6               	rlf	___awdiv@quotient,f
  2934     0382  0DA7               	rlf	___awdiv@quotient+1,f
  2935     0383  3EFF               	addlw	-1
  2936     0384  1D03               	skipz
  2937     0385  2B80               	goto	u925
  2938     0386  0821               	movf	___awdiv@divisor+1,w
  2939     0387  0223               	subwf	___awdiv@dividend+1,w
  2940     0388  1D03               	skipz
  2941     0389  2B8C               	goto	u935
  2942     038A  0820               	movf	___awdiv@divisor,w
  2943     038B  0222               	subwf	___awdiv@dividend,w
  2944     038C                     u935:
  2945     038C  1C03               	skipc
  2946     038D  2B8F               	goto	u931
  2947     038E  2B90               	goto	u930
  2948     038F                     u931:
  2949     038F  2B97               	goto	l1429
  2950     0390                     u930:
  2951     0390                     l1425:
  2952     0390  0820               	movf	___awdiv@divisor,w
  2953     0391  02A2               	subwf	___awdiv@dividend,f
  2954     0392  0821               	movf	___awdiv@divisor+1,w
  2955     0393  1C03               	skipc
  2956     0394  03A3               	decf	___awdiv@dividend+1,f
  2957     0395  02A3               	subwf	___awdiv@dividend+1,f
  2958     0396                     l1427:
  2959     0396  1426               	bsf	___awdiv@quotient,0
  2960     0397                     l1429:
  2961     0397  3001               	movlw	1
  2962     0398                     u945:
  2963     0398  1003               	clrc
  2964     0399  0CA1               	rrf	___awdiv@divisor+1,f
  2965     039A  0CA0               	rrf	___awdiv@divisor,f
  2966     039B  3EFF               	addlw	-1
  2967     039C  1D03               	skipz
  2968     039D  2B98               	goto	u945
  2969     039E                     l1431:
  2970     039E  3001               	movlw	1
  2971     039F  02A4               	subwf	___awdiv@counter,f
  2972     03A0  1D03               	btfss	3,2
  2973     03A1  2BA3               	goto	u951
  2974     03A2  2BA4               	goto	u950
  2975     03A3                     u951:
  2976     03A3  2B7F               	goto	l1423
  2977     03A4                     u950:
  2978     03A4                     l1433:
  2979     03A4  0825               	movf	___awdiv@sign,w
  2980     03A5  1903               	btfsc	3,2
  2981     03A6  2BA8               	goto	u961
  2982     03A7  2BA9               	goto	u960
  2983     03A8                     u961:
  2984     03A8  2BAE               	goto	l1437
  2985     03A9                     u960:
  2986     03A9                     l1435:
  2987     03A9  09A6               	comf	___awdiv@quotient,f
  2988     03AA  09A7               	comf	___awdiv@quotient+1,f
  2989     03AB  0AA6               	incf	___awdiv@quotient,f
  2990     03AC  1903               	skipnz
  2991     03AD  0AA7               	incf	___awdiv@quotient+1,f
  2992     03AE                     l1437:
  2993     03AE  0827               	movf	___awdiv@quotient+1,w
  2994     03AF  00A1               	movwf	?___awdiv+1
  2995     03B0  0826               	movf	___awdiv@quotient,w
  2996     03B1  00A0               	movwf	?___awdiv
  2997     03B2                     l489:
  2998     03B2  0008               	return
  2999     03B3                     __end_of___awdiv:
  3000                           
  3001                           	psect	text13
  3002     01DD                     __ptext13:	
  3003 ;; *************** function ___lwmod *****************
  3004 ;; Defined at:
  3005 ;;		line 5 in file "C:\Program Files\Microchip\xc8\v2.50\pic\sources\c99\common\lwmod.c"
  3006 ;; Parameters:    Size  Location     Type
  3007 ;;  divisor         2    0[BANK0 ] unsigned int 
  3008 ;;  dividend        2    2[BANK0 ] unsigned int 
  3009 ;; Auto vars:     Size  Location     Type
  3010 ;;  counter         1    4[BANK0 ] unsigned char 
  3011 ;; Return value:  Size  Location     Type
  3012 ;;                  2    0[BANK0 ] unsigned int 
  3013 ;; Registers used:
  3014 ;;		wreg, status,2, status,0
  3015 ;; Tracked objects:
  3016 ;;		On entry : 0/0
  3017 ;;		On exit  : 0/0
  3018 ;;		Unchanged: 0/0
  3019 ;; Data sizes:     COMMON   BANK0   BANK1   BANK3   BANK2
  3020 ;;      Params:         0       4       0       0       0
  3021 ;;      Locals:         0       1       0       0       0
  3022 ;;      Temps:          0       0       0       0       0
  3023 ;;      Totals:         0       5       0       0       0
  3024 ;;Total ram usage:        5 bytes
  3025 ;; Hardware stack levels used: 1
  3026 ;; Hardware stack levels required when called: 2
  3027 ;; This function calls:
  3028 ;;		Nothing
  3029 ;; This function is called by:
  3030 ;;		_disp_print
  3031 ;; This function uses a non-reentrant model
  3032 ;;
  3033                           
  3034     01DD                     ___lwmod:	
  3035                           ;psect for function ___lwmod
  3036                           
  3037     01DD                     l1633:	
  3038                           ;incstack = 0
  3039                           ; Regs used in ___lwmod: [wreg+status,2+status,0]
  3040                           
  3041     01DD  1283               	bcf	3,5	;RP0=0, select bank0
  3042     01DE  1303               	bcf	3,6	;RP1=0, select bank0
  3043     01DF  0820               	movf	___lwmod@divisor,w
  3044     01E0  0421               	iorwf	___lwmod@divisor+1,w
  3045     01E1  1903               	btfsc	3,2
  3046     01E2  29E4               	goto	u1311
  3047     01E3  29E5               	goto	u1310
  3048     01E4                     u1311:
  3049     01E4  2A12               	goto	l1651
  3050     01E5                     u1310:
  3051     01E5                     l1635:
  3052     01E5  3001               	movlw	1
  3053     01E6  00A4               	movwf	___lwmod@counter
  3054     01E7  29F1               	goto	l1641
  3055     01E8                     l1637:
  3056     01E8  3001               	movlw	1
  3057     01E9                     u1325:
  3058     01E9  1003               	clrc
  3059     01EA  0DA0               	rlf	___lwmod@divisor,f
  3060     01EB  0DA1               	rlf	___lwmod@divisor+1,f
  3061     01EC  3EFF               	addlw	-1
  3062     01ED  1D03               	skipz
  3063     01EE  29E9               	goto	u1325
  3064     01EF                     l1639:
  3065     01EF  3001               	movlw	1
  3066     01F0  07A4               	addwf	___lwmod@counter,f
  3067     01F1                     l1641:
  3068     01F1  1FA1               	btfss	___lwmod@divisor+1,7
  3069     01F2  29F4               	goto	u1331
  3070     01F3  29F5               	goto	u1330
  3071     01F4                     u1331:
  3072     01F4  29E8               	goto	l1637
  3073     01F5                     u1330:
  3074     01F5                     l1643:
  3075     01F5  0821               	movf	___lwmod@divisor+1,w
  3076     01F6  0223               	subwf	___lwmod@dividend+1,w
  3077     01F7  1D03               	skipz
  3078     01F8  29FB               	goto	u1345
  3079     01F9  0820               	movf	___lwmod@divisor,w
  3080     01FA  0222               	subwf	___lwmod@dividend,w
  3081     01FB                     u1345:
  3082     01FB  1C03               	skipc
  3083     01FC  29FE               	goto	u1341
  3084     01FD  29FF               	goto	u1340
  3085     01FE                     u1341:
  3086     01FE  2A05               	goto	l1647
  3087     01FF                     u1340:
  3088     01FF                     l1645:
  3089     01FF  0820               	movf	___lwmod@divisor,w
  3090     0200  02A2               	subwf	___lwmod@dividend,f
  3091     0201  0821               	movf	___lwmod@divisor+1,w
  3092     0202  1C03               	skipc
  3093     0203  03A3               	decf	___lwmod@dividend+1,f
  3094     0204  02A3               	subwf	___lwmod@dividend+1,f
  3095     0205                     l1647:
  3096     0205  3001               	movlw	1
  3097     0206                     u1355:
  3098     0206  1003               	clrc
  3099     0207  0CA1               	rrf	___lwmod@divisor+1,f
  3100     0208  0CA0               	rrf	___lwmod@divisor,f
  3101     0209  3EFF               	addlw	-1
  3102     020A  1D03               	skipz
  3103     020B  2A06               	goto	u1355
  3104     020C                     l1649:
  3105     020C  3001               	movlw	1
  3106     020D  02A4               	subwf	___lwmod@counter,f
  3107     020E  1D03               	btfss	3,2
  3108     020F  2A11               	goto	u1361
  3109     0210  2A12               	goto	u1360
  3110     0211                     u1361:
  3111     0211  29F5               	goto	l1643
  3112     0212                     u1360:
  3113     0212                     l1651:
  3114     0212  0823               	movf	___lwmod@dividend+1,w
  3115     0213  00A1               	movwf	?___lwmod+1
  3116     0214  0822               	movf	___lwmod@dividend,w
  3117     0215  00A0               	movwf	?___lwmod
  3118     0216                     l626:
  3119     0216  0008               	return
  3120     0217                     __end_of___lwmod:
  3121                           
  3122                           	psect	text14
  3123     0217                     __ptext14:	
  3124 ;; *************** function ___lwdiv *****************
  3125 ;; Defined at:
  3126 ;;		line 5 in file "C:\Program Files\Microchip\xc8\v2.50\pic\sources\c99\common\lwdiv.c"
  3127 ;; Parameters:    Size  Location     Type
  3128 ;;  divisor         2    0[BANK0 ] unsigned int 
  3129 ;;  dividend        2    2[BANK0 ] unsigned int 
  3130 ;; Auto vars:     Size  Location     Type
  3131 ;;  quotient        2    4[BANK0 ] unsigned int 
  3132 ;;  counter         1    6[BANK0 ] unsigned char 
  3133 ;; Return value:  Size  Location     Type
  3134 ;;                  2    0[BANK0 ] unsigned int 
  3135 ;; Registers used:
  3136 ;;		wreg, status,2, status,0
  3137 ;; Tracked objects:
  3138 ;;		On entry : 0/0
  3139 ;;		On exit  : 0/0
  3140 ;;		Unchanged: 0/0
  3141 ;; Data sizes:     COMMON   BANK0   BANK1   BANK3   BANK2
  3142 ;;      Params:         0       4       0       0       0
  3143 ;;      Locals:         0       3       0       0       0
  3144 ;;      Temps:          0       0       0       0       0
  3145 ;;      Totals:         0       7       0       0       0
  3146 ;;Total ram usage:        7 bytes
  3147 ;; Hardware stack levels used: 1
  3148 ;; Hardware stack levels required when called: 2
  3149 ;; This function calls:
  3150 ;;		Nothing
  3151 ;; This function is called by:
  3152 ;;		_disp_print
  3153 ;; This function uses a non-reentrant model
  3154 ;;
  3155                           
  3156     0217                     ___lwdiv:	
  3157                           ;psect for function ___lwdiv
  3158                           
  3159     0217                     l1607:	
  3160                           ;incstack = 0
  3161                           ; Regs used in ___lwdiv: [wreg+status,2+status,0]
  3162                           
  3163     0217  1283               	bcf	3,5	;RP0=0, select bank0
  3164     0218  1303               	bcf	3,6	;RP1=0, select bank0
  3165     0219  01A4               	clrf	___lwdiv@quotient
  3166     021A  01A5               	clrf	___lwdiv@quotient+1
  3167     021B                     l1609:
  3168     021B  0820               	movf	___lwdiv@divisor,w
  3169     021C  0421               	iorwf	___lwdiv@divisor+1,w
  3170     021D  1903               	btfsc	3,2
  3171     021E  2A20               	goto	u1241
  3172     021F  2A21               	goto	u1240
  3173     0220                     u1241:
  3174     0220  2A56               	goto	l1629
  3175     0221                     u1240:
  3176     0221                     l1611:
  3177     0221  3001               	movlw	1
  3178     0222  00A6               	movwf	___lwdiv@counter
  3179     0223  2A2D               	goto	l1617
  3180     0224                     l1613:
  3181     0224  3001               	movlw	1
  3182     0225                     u1255:
  3183     0225  1003               	clrc
  3184     0226  0DA0               	rlf	___lwdiv@divisor,f
  3185     0227  0DA1               	rlf	___lwdiv@divisor+1,f
  3186     0228  3EFF               	addlw	-1
  3187     0229  1D03               	skipz
  3188     022A  2A25               	goto	u1255
  3189     022B                     l1615:
  3190     022B  3001               	movlw	1
  3191     022C  07A6               	addwf	___lwdiv@counter,f
  3192     022D                     l1617:
  3193     022D  1FA1               	btfss	___lwdiv@divisor+1,7
  3194     022E  2A30               	goto	u1261
  3195     022F  2A31               	goto	u1260
  3196     0230                     u1261:
  3197     0230  2A24               	goto	l1613
  3198     0231                     u1260:
  3199     0231                     l1619:
  3200     0231  3001               	movlw	1
  3201     0232                     u1275:
  3202     0232  1003               	clrc
  3203     0233  0DA4               	rlf	___lwdiv@quotient,f
  3204     0234  0DA5               	rlf	___lwdiv@quotient+1,f
  3205     0235  3EFF               	addlw	-1
  3206     0236  1D03               	skipz
  3207     0237  2A32               	goto	u1275
  3208     0238  0821               	movf	___lwdiv@divisor+1,w
  3209     0239  0223               	subwf	___lwdiv@dividend+1,w
  3210     023A  1D03               	skipz
  3211     023B  2A3E               	goto	u1285
  3212     023C  0820               	movf	___lwdiv@divisor,w
  3213     023D  0222               	subwf	___lwdiv@dividend,w
  3214     023E                     u1285:
  3215     023E  1C03               	skipc
  3216     023F  2A41               	goto	u1281
  3217     0240  2A42               	goto	u1280
  3218     0241                     u1281:
  3219     0241  2A49               	goto	l1625
  3220     0242                     u1280:
  3221     0242                     l1621:
  3222     0242  0820               	movf	___lwdiv@divisor,w
  3223     0243  02A2               	subwf	___lwdiv@dividend,f
  3224     0244  0821               	movf	___lwdiv@divisor+1,w
  3225     0245  1C03               	skipc
  3226     0246  03A3               	decf	___lwdiv@dividend+1,f
  3227     0247  02A3               	subwf	___lwdiv@dividend+1,f
  3228     0248                     l1623:
  3229     0248  1424               	bsf	___lwdiv@quotient,0
  3230     0249                     l1625:
  3231     0249  3001               	movlw	1
  3232     024A                     u1295:
  3233     024A  1003               	clrc
  3234     024B  0CA1               	rrf	___lwdiv@divisor+1,f
  3235     024C  0CA0               	rrf	___lwdiv@divisor,f
  3236     024D  3EFF               	addlw	-1
  3237     024E  1D03               	skipz
  3238     024F  2A4A               	goto	u1295
  3239     0250                     l1627:
  3240     0250  3001               	movlw	1
  3241     0251  02A6               	subwf	___lwdiv@counter,f
  3242     0252  1D03               	btfss	3,2
  3243     0253  2A55               	goto	u1301
  3244     0254  2A56               	goto	u1300
  3245     0255                     u1301:
  3246     0255  2A31               	goto	l1619
  3247     0256                     u1300:
  3248     0256                     l1629:
  3249     0256  0825               	movf	___lwdiv@quotient+1,w
  3250     0257  00A1               	movwf	?___lwdiv+1
  3251     0258  0824               	movf	___lwdiv@quotient,w
  3252     0259  00A0               	movwf	?___lwdiv
  3253     025A                     l616:
  3254     025A  0008               	return
  3255     025B                     __end_of___lwdiv:
  3256                           
  3257                           	psect	text15
  3258     025B                     __ptext15:	
  3259 ;; *************** function _disp_config_mode *****************
  3260 ;; Defined at:
  3261 ;;		line 30 in file "common_anode_display.c"
  3262 ;; Parameters:    Size  Location     Type
  3263 ;;  config_numbe    2    1[BANK0 ] short 
  3264 ;; Auto vars:     Size  Location     Type
  3265 ;;  configs         4    5[BANK0 ] unsigned char [4]
  3266 ;; Return value:  Size  Location     Type
  3267 ;;                  1    wreg      void 
  3268 ;; Registers used:
  3269 ;;		wreg, fsr0l, fsr0h, status,2, status,0, pclath, cstack
  3270 ;; Tracked objects:
  3271 ;;		On entry : 0/0
  3272 ;;		On exit  : 0/0
  3273 ;;		Unchanged: 0/0
  3274 ;; Data sizes:     COMMON   BANK0   BANK1   BANK3   BANK2
  3275 ;;      Params:         0       2       0       0       0
  3276 ;;      Locals:         0       4       0       0       0
  3277 ;;      Temps:          0       2       0       0       0
  3278 ;;      Totals:         0       8       0       0       0
  3279 ;;Total ram usage:        8 bytes
  3280 ;; Hardware stack levels used: 1
  3281 ;; Hardware stack levels required when called: 3
  3282 ;; This function calls:
  3283 ;;		_disp_set_byte
  3284 ;; This function is called by:
  3285 ;;		_main
  3286 ;; This function uses a non-reentrant model
  3287 ;;
  3288                           
  3289     025B                     _disp_config_mode:	
  3290                           ;psect for function _disp_config_mode
  3291                           
  3292     025B                     l1725:	
  3293                           ;incstack = 0
  3294                           ; Regs used in _disp_config_mode: [wreg-fsr0h+status,2+status,0+pclath+cstack]
  3295                           
  3296                           
  3297                           ;common_anode_display.c: 32:     char configs[] = {'0', '1', '2', '3'};
  3298     025B  1683               	bsf	3,5	;RP0=1, select bank1
  3299     025C  1303               	bcf	3,6	;RP1=0, select bank1
  3300     025D  0847               	movf	(disp_config_mode@F1269+3)^(0+128),w
  3301     025E  1283               	bcf	3,5	;RP0=0, select bank0
  3302     025F  1303               	bcf	3,6	;RP1=0, select bank0
  3303     0260  00A8               	movwf	disp_config_mode@configs+3
  3304     0261  1683               	bsf	3,5	;RP0=1, select bank1
  3305     0262  1303               	bcf	3,6	;RP1=0, select bank1
  3306     0263  0846               	movf	(disp_config_mode@F1269+2)^(0+128),w
  3307     0264  1283               	bcf	3,5	;RP0=0, select bank0
  3308     0265  1303               	bcf	3,6	;RP1=0, select bank0
  3309     0266  00A7               	movwf	disp_config_mode@configs+2
  3310     0267  1683               	bsf	3,5	;RP0=1, select bank1
  3311     0268  1303               	bcf	3,6	;RP1=0, select bank1
  3312     0269  0845               	movf	(disp_config_mode@F1269+1)^(0+128),w
  3313     026A  1283               	bcf	3,5	;RP0=0, select bank0
  3314     026B  1303               	bcf	3,6	;RP1=0, select bank0
  3315     026C  00A6               	movwf	disp_config_mode@configs+1
  3316     026D  1683               	bsf	3,5	;RP0=1, select bank1
  3317     026E  1303               	bcf	3,6	;RP1=0, select bank1
  3318     026F  0844               	movf	disp_config_mode@F1269^(0+128),w
  3319     0270  1283               	bcf	3,5	;RP0=0, select bank0
  3320     0271  1303               	bcf	3,6	;RP1=0, select bank0
  3321     0272  00A5               	movwf	disp_config_mode@configs
  3322     0273                     l1727:
  3323                           
  3324                           ;common_anode_display.c: 34:     PORTC |= 0b1111;
  3325     0273  300F               	movlw	15
  3326     0274  0487               	iorwf	7,f	;volatile
  3327     0275                     l1729:
  3328                           
  3329                           ;common_anode_display.c: 35:     disp_set_byte('c');
  3330     0275  3063               	movlw	99
  3331     0276  120A  118A  23B3  120A  118A  	fcall	_disp_set_byte
  3332     027B                     l1731:
  3333                           
  3334                           ;common_anode_display.c: 36:     PORTC ^= (1 << 0);
  3335     027B  3001               	movlw	1
  3336     027C  1283               	bcf	3,5	;RP0=0, select bank0
  3337     027D  1303               	bcf	3,6	;RP1=0, select bank0
  3338     027E  0687               	xorwf	7,f	;volatile
  3339     027F                     l1733:
  3340                           
  3341                           ;common_anode_display.c: 37:     _delay((unsigned long)((2)*(4000000/4000.0)));
  3342     027F  3003               	movlw	3
  3343     0280  1283               	bcf	3,5	;RP0=0, select bank0
  3344     0281  1303               	bcf	3,6	;RP1=0, select bank0
  3345     0282  00A4               	movwf	??_disp_config_mode+1
  3346     0283  3097               	movlw	151
  3347     0284  00A3               	movwf	??_disp_config_mode
  3348     0285                     u1747:
  3349     0285  0BA3               	decfsz	??_disp_config_mode,f
  3350     0286  2A85               	goto	u1747
  3351     0287  0BA4               	decfsz	??_disp_config_mode+1,f
  3352     0288  2A85               	goto	u1747
  3353     0289                     l1735:
  3354                           
  3355                           ;common_anode_display.c: 38:     PORTC |= 0b1111;
  3356     0289  300F               	movlw	15
  3357     028A  1283               	bcf	3,5	;RP0=0, select bank0
  3358     028B  1303               	bcf	3,6	;RP1=0, select bank0
  3359     028C  0487               	iorwf	7,f	;volatile
  3360     028D                     l1737:
  3361                           
  3362                           ;common_anode_display.c: 39:     disp_set_byte(configs[config_number]);
  3363     028D  0821               	movf	disp_config_mode@config_number,w
  3364     028E  3E25               	addlw	(low (disp_config_mode@configs| 0))& (0+255)
  3365     028F  0084               	movwf	4
  3366     0290  1383               	bcf	3,7	;select IRP bank0
  3367     0291  0800               	movf	0,w
  3368     0292  120A  118A  23B3  120A  118A  	fcall	_disp_set_byte
  3369                           
  3370                           ;common_anode_display.c: 40:     PORTC ^= (1 << 1);
  3371     0297  3002               	movlw	2
  3372     0298  1283               	bcf	3,5	;RP0=0, select bank0
  3373     0299  1303               	bcf	3,6	;RP1=0, select bank0
  3374     029A  0687               	xorwf	7,f	;volatile
  3375     029B                     l1739:
  3376                           
  3377                           ;common_anode_display.c: 41:     _delay((unsigned long)((2)*(4000000/4000.0)));
  3378     029B  3003               	movlw	3
  3379     029C  1283               	bcf	3,5	;RP0=0, select bank0
  3380     029D  1303               	bcf	3,6	;RP1=0, select bank0
  3381     029E  00A4               	movwf	??_disp_config_mode+1
  3382     029F  3097               	movlw	151
  3383     02A0  00A3               	movwf	??_disp_config_mode
  3384     02A1                     u1757:
  3385     02A1  0BA3               	decfsz	??_disp_config_mode,f
  3386     02A2  2AA1               	goto	u1757
  3387     02A3  0BA4               	decfsz	??_disp_config_mode+1,f
  3388     02A4  2AA1               	goto	u1757
  3389     02A5                     l152:
  3390     02A5  0008               	return
  3391     02A6                     __end_of_disp_config_mode:
  3392                           
  3393                           	psect	text16
  3394     03B3                     __ptext16:	
  3395 ;; *************** function _disp_set_byte *****************
  3396 ;; Defined at:
  3397 ;;		line 44 in file "common_anode_display.c"
  3398 ;; Parameters:    Size  Location     Type
  3399 ;;  byte            1    wreg     unsigned char 
  3400 ;; Auto vars:     Size  Location     Type
  3401 ;;  byte            1    0[BANK0 ] unsigned char 
  3402 ;; Return value:  Size  Location     Type
  3403 ;;                  1    wreg      void 
  3404 ;; Registers used:
  3405 ;;		wreg, fsr0l, fsr0h, status,2, status,0
  3406 ;; Tracked objects:
  3407 ;;		On entry : 0/0
  3408 ;;		On exit  : 0/0
  3409 ;;		Unchanged: 0/0
  3410 ;; Data sizes:     COMMON   BANK0   BANK1   BANK3   BANK2
  3411 ;;      Params:         0       0       0       0       0
  3412 ;;      Locals:         0       1       0       0       0
  3413 ;;      Temps:          0       0       0       0       0
  3414 ;;      Totals:         0       1       0       0       0
  3415 ;;Total ram usage:        1 bytes
  3416 ;; Hardware stack levels used: 1
  3417 ;; Hardware stack levels required when called: 2
  3418 ;; This function calls:
  3419 ;;		Nothing
  3420 ;; This function is called by:
  3421 ;;		_disp_print
  3422 ;;		_disp_config_mode
  3423 ;;		_disp_show_end
  3424 ;; This function uses a non-reentrant model
  3425 ;;
  3426                           
  3427     03B3                     _disp_set_byte:	
  3428                           ;psect for function _disp_set_byte
  3429                           
  3430                           
  3431                           ;incstack = 0
  3432                           ; Regs used in _disp_set_byte: [wreg-fsr0h+status,2+status,0]
  3433                           ;disp_set_byte@byte stored from wreg
  3434     03B3  1283               	bcf	3,5	;RP0=0, select bank0
  3435     03B4  1303               	bcf	3,6	;RP1=0, select bank0
  3436     03B5  00A0               	movwf	disp_set_byte@byte
  3437     03B6                     l1597:
  3438                           
  3439                           ;common_anode_display.c: 45:     switch (byte) {
  3440     03B6  2BED               	goto	l1601
  3441     03B7                     l156:	
  3442                           ;common_anode_display.c: 46:         case '0':
  3443                           
  3444                           
  3445                           ;common_anode_display.c: 47:             PORTB = 0x3F;
  3446     03B7  303F               	movlw	63
  3447     03B8  0086               	movwf	6	;volatile
  3448                           
  3449                           ;common_anode_display.c: 48:             break;
  3450     03B9  2C22               	goto	l175
  3451     03BA                     l158:	
  3452                           ;common_anode_display.c: 49:         case '1':
  3453                           
  3454                           
  3455                           ;common_anode_display.c: 50:             PORTB = 0x06;
  3456     03BA  3006               	movlw	6
  3457     03BB  0086               	movwf	6	;volatile
  3458                           
  3459                           ;common_anode_display.c: 51:             break;
  3460     03BC  2C22               	goto	l175
  3461     03BD                     l159:	
  3462                           ;common_anode_display.c: 52:         case '2':
  3463                           
  3464                           
  3465                           ;common_anode_display.c: 53:             PORTB = 0x5B;
  3466     03BD  305B               	movlw	91
  3467     03BE  0086               	movwf	6	;volatile
  3468                           
  3469                           ;common_anode_display.c: 54:             break;
  3470     03BF  2C22               	goto	l175
  3471     03C0                     l160:	
  3472                           ;common_anode_display.c: 55:         case '3':
  3473                           
  3474                           
  3475                           ;common_anode_display.c: 56:             PORTB = 0x4F;
  3476     03C0  304F               	movlw	79
  3477     03C1  0086               	movwf	6	;volatile
  3478                           
  3479                           ;common_anode_display.c: 57:             break;
  3480     03C2  2C22               	goto	l175
  3481     03C3                     l161:	
  3482                           ;common_anode_display.c: 58:         case '4':
  3483                           
  3484                           
  3485                           ;common_anode_display.c: 59:             PORTB = 0x66;
  3486     03C3  3066               	movlw	102
  3487     03C4  0086               	movwf	6	;volatile
  3488                           
  3489                           ;common_anode_display.c: 60:             break;
  3490     03C5  2C22               	goto	l175
  3491     03C6                     l162:	
  3492                           ;common_anode_display.c: 61:         case '5':
  3493                           
  3494                           
  3495                           ;common_anode_display.c: 62:             PORTB = 0x6D;
  3496     03C6  306D               	movlw	109
  3497     03C7  0086               	movwf	6	;volatile
  3498                           
  3499                           ;common_anode_display.c: 63:             break;
  3500     03C8  2C22               	goto	l175
  3501     03C9                     l163:	
  3502                           ;common_anode_display.c: 64:         case '6':
  3503                           
  3504                           
  3505                           ;common_anode_display.c: 65:             PORTB = 0x7D;
  3506     03C9  307D               	movlw	125
  3507     03CA  0086               	movwf	6	;volatile
  3508                           
  3509                           ;common_anode_display.c: 66:             break;
  3510     03CB  2C22               	goto	l175
  3511     03CC                     l164:	
  3512                           ;common_anode_display.c: 67:         case '7':
  3513                           
  3514                           
  3515                           ;common_anode_display.c: 68:             PORTB = 0x07;
  3516     03CC  3007               	movlw	7
  3517     03CD  0086               	movwf	6	;volatile
  3518                           
  3519                           ;common_anode_display.c: 69:             break;
  3520     03CE  2C22               	goto	l175
  3521     03CF                     l165:	
  3522                           ;common_anode_display.c: 70:         case '8':
  3523                           
  3524                           
  3525                           ;common_anode_display.c: 71:             PORTB = 0x7F;
  3526     03CF  307F               	movlw	127
  3527     03D0  0086               	movwf	6	;volatile
  3528                           
  3529                           ;common_anode_display.c: 72:             break;
  3530     03D1  2C22               	goto	l175
  3531     03D2                     l166:	
  3532                           ;common_anode_display.c: 73:         case '9':
  3533                           
  3534                           
  3535                           ;common_anode_display.c: 74:             PORTB = 0x6F;
  3536     03D2  306F               	movlw	111
  3537     03D3  0086               	movwf	6	;volatile
  3538                           
  3539                           ;common_anode_display.c: 75:             break;
  3540     03D4  2C22               	goto	l175
  3541     03D5                     l167:	
  3542                           ;common_anode_display.c: 76:         case 'a':
  3543                           
  3544                           
  3545                           ;common_anode_display.c: 77:             PORTB = 0x77;
  3546     03D5  3077               	movlw	119
  3547     03D6  0086               	movwf	6	;volatile
  3548                           
  3549                           ;common_anode_display.c: 78:             break;
  3550     03D7  2C22               	goto	l175
  3551     03D8                     l168:	
  3552                           ;common_anode_display.c: 79:         case 'b':
  3553                           
  3554                           
  3555                           ;common_anode_display.c: 80:             PORTB = 0x7C;
  3556     03D8  307C               	movlw	124
  3557     03D9  0086               	movwf	6	;volatile
  3558                           
  3559                           ;common_anode_display.c: 81:             break;
  3560     03DA  2C22               	goto	l175
  3561     03DB                     l169:	
  3562                           ;common_anode_display.c: 82:         case 'c':
  3563                           
  3564                           
  3565                           ;common_anode_display.c: 83:             PORTB = 0x39;
  3566     03DB  3039               	movlw	57
  3567     03DC  0086               	movwf	6	;volatile
  3568                           
  3569                           ;common_anode_display.c: 84:             break;
  3570     03DD  2C22               	goto	l175
  3571     03DE                     l170:	
  3572                           ;common_anode_display.c: 85:         case 'd':
  3573                           
  3574                           
  3575                           ;common_anode_display.c: 86:             PORTB = 0x5E;
  3576     03DE  305E               	movlw	94
  3577     03DF  0086               	movwf	6	;volatile
  3578                           
  3579                           ;common_anode_display.c: 87:             break;
  3580     03E0  2C22               	goto	l175
  3581     03E1                     l171:	
  3582                           ;common_anode_display.c: 88:         case 'e':
  3583                           
  3584                           
  3585                           ;common_anode_display.c: 89:             PORTB = 0x79;
  3586     03E1  3079               	movlw	121
  3587     03E2  0086               	movwf	6	;volatile
  3588                           
  3589                           ;common_anode_display.c: 90:             break;
  3590     03E3  2C22               	goto	l175
  3591     03E4                     l172:	
  3592                           ;common_anode_display.c: 91:         case 'f':
  3593                           
  3594                           
  3595                           ;common_anode_display.c: 92:             PORTB = 0x71;
  3596     03E4  3071               	movlw	113
  3597     03E5  0086               	movwf	6	;volatile
  3598                           
  3599                           ;common_anode_display.c: 93:             break;
  3600     03E6  2C22               	goto	l175
  3601     03E7                     l173:	
  3602                           ;common_anode_display.c: 94:         case 'n':
  3603                           
  3604                           
  3605                           ;common_anode_display.c: 95:             PORTB = 0b1010100;
  3606     03E7  3054               	movlw	84
  3607     03E8  0086               	movwf	6	;volatile
  3608                           
  3609                           ;common_anode_display.c: 96:             break;
  3610     03E9  2C22               	goto	l175
  3611     03EA                     l174:	
  3612                           ;common_anode_display.c: 97:         default:
  3613                           
  3614                           
  3615                           ;common_anode_display.c: 98:             PORTB = 0xFF;
  3616     03EA  30FF               	movlw	255
  3617     03EB  0086               	movwf	6	;volatile
  3618                           
  3619                           ;common_anode_display.c: 99:             break;
  3620     03EC  2C22               	goto	l175
  3621     03ED                     l1601:
  3622     03ED  0820               	movf	disp_set_byte@byte,w
  3623                           
  3624                           ; Switch size 1, requested type "simple"
  3625                           ; Number of cases is 17, Range of values is 48 to 110
  3626                           ; switch strategies available:
  3627                           ; Name         Instructions Cycles
  3628                           ; simple_byte           52    27 (average)
  3629                           ; direct_byte          200    11 (fixed)
  3630                           ; jumptable            263     9 (fixed)
  3631                           ;	Chosen strategy is simple_byte
  3632     03EE  3A30               	xorlw	48	; case 48
  3633     03EF  1903               	skipnz
  3634     03F0  2BB7               	goto	l156
  3635     03F1  3A01               	xorlw	1	; case 49
  3636     03F2  1903               	skipnz
  3637     03F3  2BBA               	goto	l158
  3638     03F4  3A03               	xorlw	3	; case 50
  3639     03F5  1903               	skipnz
  3640     03F6  2BBD               	goto	l159
  3641     03F7  3A01               	xorlw	1	; case 51
  3642     03F8  1903               	skipnz
  3643     03F9  2BC0               	goto	l160
  3644     03FA  3A07               	xorlw	7	; case 52
  3645     03FB  1903               	skipnz
  3646     03FC  2BC3               	goto	l161
  3647     03FD  3A01               	xorlw	1	; case 53
  3648     03FE  1903               	skipnz
  3649     03FF  2BC6               	goto	l162
  3650     0400  3A03               	xorlw	3	; case 54
  3651     0401  1903               	skipnz
  3652     0402  2BC9               	goto	l163
  3653     0403  3A01               	xorlw	1	; case 55
  3654     0404  1903               	skipnz
  3655     0405  2BCC               	goto	l164
  3656     0406  3A0F               	xorlw	15	; case 56
  3657     0407  1903               	skipnz
  3658     0408  2BCF               	goto	l165
  3659     0409  3A01               	xorlw	1	; case 57
  3660     040A  1903               	skipnz
  3661     040B  2BD2               	goto	l166
  3662     040C  3A58               	xorlw	88	; case 97
  3663     040D  1903               	skipnz
  3664     040E  2BD5               	goto	l167
  3665     040F  3A03               	xorlw	3	; case 98
  3666     0410  1903               	skipnz
  3667     0411  2BD8               	goto	l168
  3668     0412  3A01               	xorlw	1	; case 99
  3669     0413  1903               	skipnz
  3670     0414  2BDB               	goto	l169
  3671     0415  3A07               	xorlw	7	; case 100
  3672     0416  1903               	skipnz
  3673     0417  2BDE               	goto	l170
  3674     0418  3A01               	xorlw	1	; case 101
  3675     0419  1903               	skipnz
  3676     041A  2BE1               	goto	l171
  3677     041B  3A03               	xorlw	3	; case 102
  3678     041C  1903               	skipnz
  3679     041D  2BE4               	goto	l172
  3680     041E  3A08               	xorlw	8	; case 110
  3681     041F  1903               	skipnz
  3682     0420  2BE7               	goto	l173
  3683     0421  2BEA               	goto	l174
  3684     0422                     l175:
  3685     0422  0008               	return
  3686     0423                     __end_of_disp_set_byte:
  3687                           
  3688                           	psect	text17
  3689     00CD                     __ptext17:	
  3690 ;; *************** function _config_global_interruptions *****************
  3691 ;; Defined at:
  3692 ;;		line 3 in file "interruptions.c"
  3693 ;; Parameters:    Size  Location     Type
  3694 ;;		None
  3695 ;; Auto vars:     Size  Location     Type
  3696 ;;		None
  3697 ;; Return value:  Size  Location     Type
  3698 ;;                  1    wreg      void 
  3699 ;; Registers used:
  3700 ;;		status,2, status,0, pclath, cstack
  3701 ;; Tracked objects:
  3702 ;;		On entry : 0/0
  3703 ;;		On exit  : 0/0
  3704 ;;		Unchanged: 0/0
  3705 ;; Data sizes:     COMMON   BANK0   BANK1   BANK3   BANK2
  3706 ;;      Params:         0       0       0       0       0
  3707 ;;      Locals:         0       0       0       0       0
  3708 ;;      Temps:          0       0       0       0       0
  3709 ;;      Totals:         0       0       0       0       0
  3710 ;;Total ram usage:        0 bytes
  3711 ;; Hardware stack levels used: 1
  3712 ;; Hardware stack levels required when called: 3
  3713 ;; This function calls:
  3714 ;;		_config_timer_interruption
  3715 ;;		_config_uart_interruption
  3716 ;; This function is called by:
  3717 ;;		_main
  3718 ;; This function uses a non-reentrant model
  3719 ;;
  3720                           
  3721     00CD                     _config_global_interruptions:	
  3722                           ;psect for function _config_global_interruptions
  3723                           
  3724     00CD                     l1655:	
  3725                           ;incstack = 0
  3726                           ; Regs used in _config_global_interruptions: [status,2+status,0+pclath+cstack]
  3727                           
  3728                           
  3729                           ;interruptions.c: 4:     INTCONbits.GIE = 1;
  3730     00CD  178B               	bsf	11,7	;volatile
  3731                           
  3732                           ;interruptions.c: 5:     INTCONbits.PEIE = 1;
  3733     00CE  170B               	bsf	11,6	;volatile
  3734     00CF                     l1657:
  3735                           
  3736                           ;interruptions.c: 6:     config_uart_interruption();
  3737     00CF  120A  118A  20A5  120A  118A  	fcall	_config_uart_interruption
  3738                           
  3739                           ;interruptions.c: 7:     config_timer_interruption();
  3740     00D4  120A  118A  20B7  120A  118A  	fcall	_config_timer_interruption
  3741     00D9                     l244:
  3742     00D9  0008               	return
  3743     00DA                     __end_of_config_global_interruptions:
  3744                           
  3745                           	psect	text18
  3746     00A5                     __ptext18:	
  3747 ;; *************** function _config_uart_interruption *****************
  3748 ;; Defined at:
  3749 ;;		line 10 in file "interruptions.c"
  3750 ;; Parameters:    Size  Location     Type
  3751 ;;		None
  3752 ;; Auto vars:     Size  Location     Type
  3753 ;;		None
  3754 ;; Return value:  Size  Location     Type
  3755 ;;                  1    wreg      void 
  3756 ;; Registers used:
  3757 ;;		None
  3758 ;; Tracked objects:
  3759 ;;		On entry : 0/0
  3760 ;;		On exit  : 0/0
  3761 ;;		Unchanged: 0/0
  3762 ;; Data sizes:     COMMON   BANK0   BANK1   BANK3   BANK2
  3763 ;;      Params:         0       0       0       0       0
  3764 ;;      Locals:         0       0       0       0       0
  3765 ;;      Temps:          0       0       0       0       0
  3766 ;;      Totals:         0       0       0       0       0
  3767 ;;Total ram usage:        0 bytes
  3768 ;; Hardware stack levels used: 1
  3769 ;; Hardware stack levels required when called: 2
  3770 ;; This function calls:
  3771 ;;		Nothing
  3772 ;; This function is called by:
  3773 ;;		_config_global_interruptions
  3774 ;; This function uses a non-reentrant model
  3775 ;;
  3776                           
  3777     00A5                     _config_uart_interruption:	
  3778                           ;psect for function _config_uart_interruption
  3779                           
  3780     00A5                     l1603:	
  3781                           ;incstack = 0
  3782                           ; Regs used in _config_uart_interruption: []
  3783                           
  3784                           
  3785                           ;interruptions.c: 11:     PIE1bits.TXIE = 0;
  3786     00A5  1683               	bsf	3,5	;RP0=1, select bank1
  3787     00A6  1303               	bcf	3,6	;RP1=0, select bank1
  3788     00A7  120C               	bcf	12,4	;volatile
  3789                           
  3790                           ;interruptions.c: 12:     PIE1bits.RCIE = 1;
  3791     00A8  168C               	bsf	12,5	;volatile
  3792                           
  3793                           ;interruptions.c: 13:     TXIF = 1;
  3794     00A9  1283               	bcf	3,5	;RP0=0, select bank0
  3795     00AA  1303               	bcf	3,6	;RP1=0, select bank0
  3796     00AB  160C               	bsf	12,4	;volatile
  3797                           
  3798                           ;interruptions.c: 14:     RCIF = 1;
  3799     00AC  168C               	bsf	12,5	;volatile
  3800     00AD                     l247:
  3801     00AD  0008               	return
  3802     00AE                     __end_of_config_uart_interruption:
  3803                           
  3804                           	psect	text19
  3805     00B7                     __ptext19:	
  3806 ;; *************** function _config_timer_interruption *****************
  3807 ;; Defined at:
  3808 ;;		line 17 in file "interruptions.c"
  3809 ;; Parameters:    Size  Location     Type
  3810 ;;		None
  3811 ;; Auto vars:     Size  Location     Type
  3812 ;;		None
  3813 ;; Return value:  Size  Location     Type
  3814 ;;                  1    wreg      void 
  3815 ;; Registers used:
  3816 ;;		None
  3817 ;; Tracked objects:
  3818 ;;		On entry : 0/0
  3819 ;;		On exit  : 0/0
  3820 ;;		Unchanged: 0/0
  3821 ;; Data sizes:     COMMON   BANK0   BANK1   BANK3   BANK2
  3822 ;;      Params:         0       0       0       0       0
  3823 ;;      Locals:         0       0       0       0       0
  3824 ;;      Temps:          0       0       0       0       0
  3825 ;;      Totals:         0       0       0       0       0
  3826 ;;Total ram usage:        0 bytes
  3827 ;; Hardware stack levels used: 1
  3828 ;; Hardware stack levels required when called: 2
  3829 ;; This function calls:
  3830 ;;		Nothing
  3831 ;; This function is called by:
  3832 ;;		_config_global_interruptions
  3833 ;; This function uses a non-reentrant model
  3834 ;;
  3835                           
  3836     00B7                     _config_timer_interruption:	
  3837                           ;psect for function _config_timer_interruption
  3838                           
  3839     00B7                     l1605:	
  3840                           ;incstack = 0
  3841                           ; Regs used in _config_timer_interruption: []
  3842                           
  3843                           
  3844                           ;interruptions.c: 18:     INTCONbits.T0IE = 1;
  3845     00B7  168B               	bsf	11,5	;volatile
  3846                           
  3847                           ;interruptions.c: 19:     INTCONbits.T0IF = 0;
  3848     00B8  110B               	bcf	11,2	;volatile
  3849                           
  3850                           ;interruptions.c: 20:     OPTION_REG = 0b00000001;
  3851     00B9  3001               	movlw	1
  3852     00BA  1683               	bsf	3,5	;RP0=1, select bank1
  3853     00BB  1303               	bcf	3,6	;RP1=0, select bank1
  3854     00BC  0081               	movwf	1	;volatile
  3855                           
  3856                           ;interruptions.c: 21:     TMR0 = 6;
  3857     00BD  3006               	movlw	6
  3858     00BE  1283               	bcf	3,5	;RP0=0, select bank0
  3859     00BF  1303               	bcf	3,6	;RP1=0, select bank0
  3860     00C0  0081               	movwf	1	;volatile
  3861     00C1                     l250:
  3862     00C1  0008               	return
  3863     00C2                     __end_of_config_timer_interruption:
  3864                           
  3865                           	psect	text20
  3866     0121                     __ptext20:	
  3867 ;; *************** function _change_multiplier *****************
  3868 ;; Defined at:
  3869 ;;		line 195 in file "main.c"
  3870 ;; Parameters:    Size  Location     Type
  3871 ;;		None
  3872 ;; Auto vars:     Size  Location     Type
  3873 ;;		None
  3874 ;; Return value:  Size  Location     Type
  3875 ;;                  1    wreg      void 
  3876 ;; Registers used:
  3877 ;;		wreg, status,2, status,0, pclath, cstack
  3878 ;; Tracked objects:
  3879 ;;		On entry : 0/0
  3880 ;;		On exit  : 0/0
  3881 ;;		Unchanged: 0/0
  3882 ;; Data sizes:     COMMON   BANK0   BANK1   BANK3   BANK2
  3883 ;;      Params:         0       0       0       0       0
  3884 ;;      Locals:         0       0       0       0       0
  3885 ;;      Temps:          0       0       0       0       0
  3886 ;;      Totals:         0       0       0       0       0
  3887 ;;Total ram usage:        0 bytes
  3888 ;; Hardware stack levels used: 1
  3889 ;; Hardware stack levels required when called: 3
  3890 ;; This function calls:
  3891 ;;		_beep
  3892 ;;		_counters_reset
  3893 ;; This function is called by:
  3894 ;;		_main
  3895 ;; This function uses a non-reentrant model
  3896 ;;
  3897                           
  3898     0121                     _change_multiplier:	
  3899                           ;psect for function _change_multiplier
  3900                           
  3901     0121                     l1717:	
  3902                           ;incstack = 0
  3903                           ; Regs used in _change_multiplier: [wreg+status,2+status,0+pclath+cstack]
  3904                           
  3905                           
  3906                           ;main.c: 196:     if (last_decrement_wait_time_multiplier ==
  3907     0121  1283               	bcf	3,5	;RP0=0, select bank0
  3908     0122  1303               	bcf	3,6	;RP1=0, select bank0
  3909     0123  0866               	movf	_decrement_wait_time_multiplier+1,w
  3910     0124  0664               	xorwf	_last_decrement_wait_time_multiplier+1,w
  3911     0125  1D03               	skipz
  3912     0126  2929               	goto	u1445
  3913     0127  0865               	movf	_decrement_wait_time_multiplier,w
  3914     0128  0663               	xorwf	_last_decrement_wait_time_multiplier,w
  3915     0129                     u1445:
  3916     0129  1D03               	skipz
  3917     012A  292C               	goto	u1441
  3918     012B  292D               	goto	u1440
  3919     012C                     u1441:
  3920     012C  292E               	goto	l122
  3921     012D                     u1440:
  3922     012D  293F               	goto	l123
  3923     012E                     l122:
  3924                           
  3925                           ;main.c: 199:     PORTCbits.RC4 = 0;
  3926     012E  1207               	bcf	7,4	;volatile
  3927     012F                     l1721:
  3928                           
  3929                           ;main.c: 200:     beep();
  3930     012F  120A  118A  21AB  120A  118A  	fcall	_beep
  3931                           
  3932                           ;main.c: 201:     counters_reset();
  3933     0134  120A  118A  20EA  120A  118A  	fcall	_counters_reset
  3934     0139                     l1723:
  3935                           
  3936                           ;main.c: 203:     last_decrement_wait_time_multiplier =
  3937     0139  1283               	bcf	3,5	;RP0=0, select bank0
  3938     013A  1303               	bcf	3,6	;RP1=0, select bank0
  3939     013B  0866               	movf	_decrement_wait_time_multiplier+1,w
  3940     013C  00E4               	movwf	_last_decrement_wait_time_multiplier+1
  3941     013D  0865               	movf	_decrement_wait_time_multiplier,w
  3942     013E  00E3               	movwf	_last_decrement_wait_time_multiplier
  3943     013F                     l123:
  3944     013F  0008               	return
  3945     0140                     __end_of_change_multiplier:
  3946                           
  3947                           	psect	text21
  3948     00EA                     __ptext21:	
  3949 ;; *************** function _counters_reset *****************
  3950 ;; Defined at:
  3951 ;;		line 207 in file "main.c"
  3952 ;; Parameters:    Size  Location     Type
  3953 ;;		None
  3954 ;; Auto vars:     Size  Location     Type
  3955 ;;		None
  3956 ;; Return value:  Size  Location     Type
  3957 ;;                  1    wreg      void 
  3958 ;; Registers used:
  3959 ;;		wreg, status,2
  3960 ;; Tracked objects:
  3961 ;;		On entry : 0/0
  3962 ;;		On exit  : 0/0
  3963 ;;		Unchanged: 0/0
  3964 ;; Data sizes:     COMMON   BANK0   BANK1   BANK3   BANK2
  3965 ;;      Params:         0       0       0       0       0
  3966 ;;      Locals:         0       0       0       0       0
  3967 ;;      Temps:          0       0       0       0       0
  3968 ;;      Totals:         0       0       0       0       0
  3969 ;;Total ram usage:        0 bytes
  3970 ;; Hardware stack levels used: 1
  3971 ;; Hardware stack levels required when called: 2
  3972 ;; This function calls:
  3973 ;;		Nothing
  3974 ;; This function is called by:
  3975 ;;		_main
  3976 ;;		_change_multiplier
  3977 ;; This function uses a non-reentrant model
  3978 ;;
  3979                           
  3980     00EA                     _counters_reset:	
  3981                           ;psect for function _counters_reset
  3982                           
  3983     00EA                     l1577:	
  3984                           ;incstack = 0
  3985                           ; Regs used in _counters_reset: [wreg+status,2]
  3986                           
  3987                           
  3988                           ;main.c: 208:     tick_timer_count = 1;
  3989     00EA  3000               	movlw	0
  3990     00EB  1683               	bsf	3,5	;RP0=1, select bank1
  3991     00EC  1303               	bcf	3,6	;RP1=0, select bank1
  3992     00ED  00CB               	movwf	(_tick_timer_count+3)^(0+128)
  3993     00EE  3000               	movlw	0
  3994     00EF  00CA               	movwf	(_tick_timer_count+2)^(0+128)
  3995     00F0  3000               	movlw	0
  3996     00F1  00C9               	movwf	(_tick_timer_count+1)^(0+128)
  3997     00F2  3001               	movlw	1
  3998     00F3  00C8               	movwf	_tick_timer_count^(0+128)
  3999     00F4                     l1579:
  4000                           
  4001                           ;main.c: 209:     display_value = 0;
  4002     00F4  1283               	bcf	3,5	;RP0=0, select bank0
  4003     00F5  1303               	bcf	3,6	;RP1=0, select bank0
  4004     00F6  01EB               	clrf	_display_value
  4005     00F7  01EC               	clrf	_display_value+1
  4006     00F8                     l1581:
  4007                           
  4008                           ;main.c: 210:     TMR0 = 6;
  4009     00F8  3006               	movlw	6
  4010     00F9  0081               	movwf	1	;volatile
  4011     00FA                     l126:
  4012     00FA  0008               	return
  4013     00FB                     __end_of_counters_reset:
  4014                           
  4015                           	psect	text22
  4016     01AB                     __ptext22:	
  4017 ;; *************** function _beep *****************
  4018 ;; Defined at:
  4019 ;;		line 175 in file "main.c"
  4020 ;; Parameters:    Size  Location     Type
  4021 ;;		None
  4022 ;; Auto vars:     Size  Location     Type
  4023 ;;		None
  4024 ;; Return value:  Size  Location     Type
  4025 ;;                  1    wreg      void 
  4026 ;; Registers used:
  4027 ;;		wreg, status,2, status,0
  4028 ;; Tracked objects:
  4029 ;;		On entry : 0/0
  4030 ;;		On exit  : 0/0
  4031 ;;		Unchanged: 0/0
  4032 ;; Data sizes:     COMMON   BANK0   BANK1   BANK3   BANK2
  4033 ;;      Params:         0       0       0       0       0
  4034 ;;      Locals:         0       0       0       0       0
  4035 ;;      Temps:          0       2       0       0       0
  4036 ;;      Totals:         0       2       0       0       0
  4037 ;;Total ram usage:        2 bytes
  4038 ;; Hardware stack levels used: 1
  4039 ;; Hardware stack levels required when called: 2
  4040 ;; This function calls:
  4041 ;;		Nothing
  4042 ;; This function is called by:
  4043 ;;		_main
  4044 ;;		_change_multiplier
  4045 ;; This function uses a non-reentrant model
  4046 ;;
  4047                           
  4048     01AB                     _beep:	
  4049                           ;psect for function _beep
  4050                           
  4051     01AB                     l1563:	
  4052                           ;incstack = 0
  4053                           ; Regs used in _beep: [wreg+status,2+status,0]
  4054                           
  4055                           
  4056                           ;main.c: 177:     if (!is_enabled_bip) return;
  4057     01AB  087D               	movf	_is_enabled_bip,w
  4058     01AC  1D03               	btfss	3,2
  4059     01AD  29AF               	goto	u1231
  4060     01AE  29B0               	goto	u1230
  4061     01AF                     u1231:
  4062     01AF  29B1               	goto	l114
  4063     01B0                     u1230:
  4064     01B0  29DC               	goto	l115
  4065     01B1                     l114:
  4066                           
  4067                           ;main.c: 179:     PORTAbits.RA3 = 1;
  4068     01B1  1283               	bcf	3,5	;RP0=0, select bank0
  4069     01B2  1303               	bcf	3,6	;RP1=0, select bank0
  4070     01B3  1585               	bsf	5,3	;volatile
  4071     01B4                     l1567:
  4072                           
  4073                           ;main.c: 180:     _delay((unsigned long)((100)*(4000000/4000.0)));
  4074     01B4  3082               	movlw	130
  4075     01B5  1283               	bcf	3,5	;RP0=0, select bank0
  4076     01B6  1303               	bcf	3,6	;RP1=0, select bank0
  4077     01B7  00A1               	movwf	??_beep+1
  4078     01B8  30DD               	movlw	221
  4079     01B9  00A0               	movwf	??_beep
  4080     01BA                     u1767:
  4081     01BA  0BA0               	decfsz	??_beep,f
  4082     01BB  29BA               	goto	u1767
  4083     01BC  0BA1               	decfsz	??_beep+1,f
  4084     01BD  29BA               	goto	u1767
  4085     01BE                     l1569:
  4086                           
  4087                           ;main.c: 181:     PORTAbits.RA3 = 0;
  4088     01BE  1283               	bcf	3,5	;RP0=0, select bank0
  4089     01BF  1303               	bcf	3,6	;RP1=0, select bank0
  4090     01C0  1185               	bcf	5,3	;volatile
  4091                           
  4092                           ;main.c: 182:     _delay((unsigned long)((100)*(4000000/4000.0)));
  4093     01C1  3082               	movlw	130
  4094     01C2  1283               	bcf	3,5	;RP0=0, select bank0
  4095     01C3  1303               	bcf	3,6	;RP1=0, select bank0
  4096     01C4  00A1               	movwf	??_beep+1
  4097     01C5  30DD               	movlw	221
  4098     01C6  00A0               	movwf	??_beep
  4099     01C7                     u1777:
  4100     01C7  0BA0               	decfsz	??_beep,f
  4101     01C8  29C7               	goto	u1777
  4102     01C9  0BA1               	decfsz	??_beep+1,f
  4103     01CA  29C7               	goto	u1777
  4104     01CB                     l1571:
  4105                           
  4106                           ;main.c: 183:     PORTAbits.RA3 = 1;
  4107     01CB  1283               	bcf	3,5	;RP0=0, select bank0
  4108     01CC  1303               	bcf	3,6	;RP1=0, select bank0
  4109     01CD  1585               	bsf	5,3	;volatile
  4110                           
  4111                           ;main.c: 184:     _delay((unsigned long)((100)*(4000000/4000.0)));
  4112     01CE  3082               	movlw	130
  4113     01CF  1283               	bcf	3,5	;RP0=0, select bank0
  4114     01D0  1303               	bcf	3,6	;RP1=0, select bank0
  4115     01D1  00A1               	movwf	??_beep+1
  4116     01D2  30DD               	movlw	221
  4117     01D3  00A0               	movwf	??_beep
  4118     01D4                     u1787:
  4119     01D4  0BA0               	decfsz	??_beep,f
  4120     01D5  29D4               	goto	u1787
  4121     01D6  0BA1               	decfsz	??_beep+1,f
  4122     01D7  29D4               	goto	u1787
  4123     01D8                     l1573:
  4124                           
  4125                           ;main.c: 185:     PORTAbits.RA3 = 0;
  4126     01D8  1283               	bcf	3,5	;RP0=0, select bank0
  4127     01D9  1303               	bcf	3,6	;RP1=0, select bank0
  4128     01DA  1185               	bcf	5,3	;volatile
  4129     01DB                     l1575:
  4130                           
  4131                           ;main.c: 187:     is_enabled_bip = 0;
  4132     01DB  01FD               	clrf	_is_enabled_bip
  4133     01DC                     l115:
  4134     01DC  0008               	return
  4135     01DD                     __end_of_beep:
  4136                           
  4137                           	psect	text23
  4138     0554                     __ptext23:	
  4139 ;; *************** function _my_interruptions *****************
  4140 ;; Defined at:
  4141 ;;		line 115 in file "main.c"
  4142 ;; Parameters:    Size  Location     Type
  4143 ;;		None
  4144 ;; Auto vars:     Size  Location     Type
  4145 ;;  byte            1    0        unsigned char 
  4146 ;; Return value:  Size  Location     Type
  4147 ;;                  1    wreg      void 
  4148 ;; Registers used:
  4149 ;;		wreg, status,2, status,0, pclath, cstack
  4150 ;; Tracked objects:
  4151 ;;		On entry : 0/0
  4152 ;;		On exit  : 0/0
  4153 ;;		Unchanged: 0/0
  4154 ;; Data sizes:     COMMON   BANK0   BANK1   BANK3   BANK2
  4155 ;;      Params:         0       0       0       0       0
  4156 ;;      Locals:         0       0       0       0       0
  4157 ;;      Temps:          6       0       0       0       0
  4158 ;;      Totals:         6       0       0       0       0
  4159 ;;Total ram usage:        6 bytes
  4160 ;; Hardware stack levels used: 1
  4161 ;; Hardware stack levels required when called: 1
  4162 ;; This function calls:
  4163 ;;		___wmul
  4164 ;; This function is called by:
  4165 ;;		Interrupt level 1
  4166 ;; This function uses a non-reentrant model
  4167 ;;
  4168                           
  4169     0554                     _my_interruptions:	
  4170                           ;psect for function _my_interruptions
  4171                           
  4172     0554                     i1l1829:
  4173                           
  4174                           ;main.c: 116:     if (RCIF == 1) {
  4175     0554  1283               	bcf	3,5	;RP0=0, select bank0
  4176     0555  1303               	bcf	3,6	;RP1=0, select bank0
  4177     0556  1E8C               	btfss	12,5	;volatile
  4178     0557  2D59               	goto	u156_21
  4179     0558  2D5A               	goto	u156_20
  4180     0559                     u156_21:
  4181     0559  2D69               	goto	i1l98
  4182     055A                     u156_20:
  4183     055A                     i1l1831:
  4184                           
  4185                           ;main.c: 117:         if (RCSTAbits.OERR || RCSTAbits.FERR) {
  4186     055A  1898               	btfsc	24,1	;volatile
  4187     055B  2D5D               	goto	u157_21
  4188     055C  2D5E               	goto	u157_20
  4189     055D                     u157_21:
  4190     055D  2D62               	goto	i1l101
  4191     055E                     u157_20:
  4192     055E                     i1l1833:
  4193     055E  1D18               	btfss	24,2	;volatile
  4194     055F  2D61               	goto	u158_21
  4195     0560  2D62               	goto	u158_20
  4196     0561                     u158_21:
  4197     0561  2D67               	goto	i1l1835
  4198     0562                     u158_20:
  4199     0562                     i1l101:
  4200                           
  4201                           ;main.c: 118:             CREN = 0;
  4202     0562  1218               	bcf	24,4	;volatile
  4203                           
  4204                           ;main.c: 119:             __nop();
  4205     0563  0000               	nop
  4206                           
  4207                           ;main.c: 120:             CREN = 1;
  4208     0564  1283               	bcf	3,5	;RP0=0, select bank0
  4209     0565  1303               	bcf	3,6	;RP1=0, select bank0
  4210     0566  1618               	bsf	24,4	;volatile
  4211     0567                     i1l1835:
  4212     0567  081A               	movf	26,w	;volatile
  4213     0568                     i1l102:	
  4214                           ;main.c: 125:         }
  4215                           
  4216                           
  4217                           ;main.c: 126:         RCIF = 0;
  4218     0568  128C               	bcf	12,5	;volatile
  4219     0569                     i1l98:	
  4220                           ;main.c: 127:     }
  4221                           
  4222                           
  4223                           ;main.c: 129:     if (T0IF) {
  4224     0569  1D0B               	btfss	11,2	;volatile
  4225     056A  2D6C               	goto	u159_21
  4226     056B  2D6D               	goto	u159_20
  4227     056C                     u159_21:
  4228     056C  2DFF               	goto	i1l111
  4229     056D                     u159_20:
  4230     056D                     i1l1839:
  4231                           
  4232                           ;main.c: 138:         if (tick_timer_count ==
  4233     056D  0866               	movf	_decrement_wait_time_multiplier+1,w
  4234     056E  00F2               	movwf	___wmul@multiplier+1
  4235     056F  0865               	movf	_decrement_wait_time_multiplier,w
  4236     0570  00F1               	movwf	___wmul@multiplier
  4237     0571  30E8               	movlw	232
  4238     0572  00F3               	movwf	___wmul@multiplicand
  4239     0573  3003               	movlw	3
  4240     0574  00F4               	movwf	___wmul@multiplicand+1
  4241     0575  120A  118A  2186  120A  118A  	fcall	___wmul
  4242     057A  0871               	movf	?___wmul,w
  4243     057B  00F7               	movwf	??_my_interruptions
  4244     057C  0872               	movf	?___wmul+1,w
  4245     057D  00F8               	movwf	??_my_interruptions+1
  4246     057E  01F9               	clrf	??_my_interruptions+2
  4247     057F  01FA               	clrf	??_my_interruptions+3
  4248     0580  1683               	bsf	3,5	;RP0=1, select bank1
  4249     0581  1303               	bcf	3,6	;RP1=0, select bank1
  4250     0582  084B               	movf	(_tick_timer_count+3)^(0+128),w
  4251     0583  067A               	xorwf	??_my_interruptions+3,w
  4252     0584  1D03               	skipz
  4253     0585  2D90               	goto	u160_25
  4254     0586  084A               	movf	(_tick_timer_count+2)^(0+128),w
  4255     0587  0679               	xorwf	??_my_interruptions+2,w
  4256     0588  1D03               	skipz
  4257     0589  2D90               	goto	u160_25
  4258     058A  0849               	movf	(_tick_timer_count+1)^(0+128),w
  4259     058B  0678               	xorwf	??_my_interruptions+1,w
  4260     058C  1D03               	skipz
  4261     058D  2D90               	goto	u160_25
  4262     058E  0848               	movf	_tick_timer_count^(0+128),w
  4263     058F  0677               	xorwf	??_my_interruptions,w
  4264     0590                     u160_25:
  4265     0590  1D03               	skipz
  4266     0591  2D93               	goto	u160_21
  4267     0592  2D94               	goto	u160_20
  4268     0593                     u160_21:
  4269     0593  2DB6               	goto	i1l104
  4270     0594                     u160_20:
  4271     0594                     i1l1841:
  4272                           
  4273                           ;main.c: 140:                 ) {;main.c: 142:             if (!PORTAbits.RA2 && !PORTAb
      +                          its.RA1) {
  4274     0594  1283               	bcf	3,5	;RP0=0, select bank0
  4275     0595  1303               	bcf	3,6	;RP1=0, select bank0
  4276     0596  1905               	btfsc	5,2	;volatile
  4277     0597  2D99               	goto	u161_21
  4278     0598  2D9A               	goto	u161_20
  4279     0599                     u161_21:
  4280     0599  2DAA               	goto	i1l1849
  4281     059A                     u161_20:
  4282     059A                     i1l1843:
  4283     059A  1885               	btfsc	5,1	;volatile
  4284     059B  2D9D               	goto	u162_21
  4285     059C  2D9E               	goto	u162_20
  4286     059D                     u162_21:
  4287     059D  2DAA               	goto	i1l1849
  4288     059E                     u162_20:
  4289     059E                     i1l1845:
  4290                           
  4291                           ;main.c: 143:                 if (display_value > 0) {
  4292     059E  086B               	movf	_display_value,w
  4293     059F  046C               	iorwf	_display_value+1,w
  4294     05A0  1903               	btfsc	3,2
  4295     05A1  2DA3               	goto	u163_21
  4296     05A2  2DA4               	goto	u163_20
  4297     05A3                     u163_21:
  4298     05A3  2DAA               	goto	i1l1849
  4299     05A4                     u163_20:
  4300     05A4                     i1l1847:
  4301                           
  4302                           ;main.c: 144:                     --display_value;
  4303     05A4  3001               	movlw	1
  4304     05A5  02EB               	subwf	_display_value,f
  4305     05A6  3000               	movlw	0
  4306     05A7  1C03               	skipc
  4307     05A8  03EC               	decf	_display_value+1,f
  4308     05A9  02EC               	subwf	_display_value+1,f
  4309     05AA                     i1l1849:
  4310                           
  4311                           ;main.c: 147:             TMR0 = 6;
  4312     05AA  3006               	movlw	6
  4313     05AB  0081               	movwf	1	;volatile
  4314                           
  4315                           ;main.c: 148:             tick_timer_count = 1;
  4316     05AC  3000               	movlw	0
  4317     05AD  1683               	bsf	3,5	;RP0=1, select bank1
  4318     05AE  1303               	bcf	3,6	;RP1=0, select bank1
  4319     05AF  00CB               	movwf	(_tick_timer_count+3)^(0+128)
  4320     05B0  3000               	movlw	0
  4321     05B1  00CA               	movwf	(_tick_timer_count+2)^(0+128)
  4322     05B2  3000               	movlw	0
  4323     05B3  00C9               	movwf	(_tick_timer_count+1)^(0+128)
  4324     05B4  3001               	movlw	1
  4325     05B5  00C8               	movwf	_tick_timer_count^(0+128)
  4326     05B6                     i1l104:	
  4327                           ;main.c: 149:         }
  4328                           
  4329                           
  4330                           ;main.c: 150:         tick_timer_count++;
  4331     05B6  3001               	movlw	1
  4332     05B7  07C8               	addwf	_tick_timer_count^(0+128),f
  4333     05B8  3000               	movlw	0
  4334     05B9  1803               	skipnc
  4335     05BA  3001               	movlw	1
  4336     05BB  07C9               	addwf	(_tick_timer_count+1)^(0+128),f
  4337     05BC  3000               	movlw	0
  4338     05BD  1803               	skipnc
  4339     05BE  3001               	movlw	1
  4340     05BF  07CA               	addwf	(_tick_timer_count+2)^(0+128),f
  4341     05C0  3000               	movlw	0
  4342     05C1  1803               	skipnc
  4343     05C2  3001               	movlw	1
  4344     05C3  07CB               	addwf	(_tick_timer_count+3)^(0+128),f
  4345     05C4                     i1l1851:
  4346                           
  4347                           ;main.c: 159:         if (button_timer_count == 200) {
  4348     05C4  30C8               	movlw	200
  4349     05C5  1283               	bcf	3,5	;RP0=0, select bank0
  4350     05C6  1303               	bcf	3,6	;RP1=0, select bank0
  4351     05C7  0669               	xorwf	_button_timer_count,w
  4352     05C8  046A               	iorwf	_button_timer_count+1,w
  4353     05C9  1D03               	btfss	3,2
  4354     05CA  2DCC               	goto	u164_21
  4355     05CB  2DCD               	goto	u164_20
  4356     05CC                     u164_21:
  4357     05CC  2DF8               	goto	i1l107
  4358     05CD                     u164_20:
  4359     05CD                     i1l1853:
  4360                           
  4361                           ;main.c: 160:             if (!PORTAbits.RA0) {
  4362     05CD  1805               	btfsc	5,0	;volatile
  4363     05CE  2DD0               	goto	u165_21
  4364     05CF  2DD1               	goto	u165_20
  4365     05D0                     u165_21:
  4366     05D0  2DF4               	goto	i1l108
  4367     05D1                     u165_20:
  4368     05D1                     i1l1855:
  4369                           
  4370                           ;main.c: 161:                 if (PORTAbits.RA2 && display_value != 9999)
  4371     05D1  1D05               	btfss	5,2	;volatile
  4372     05D2  2DD4               	goto	u166_21
  4373     05D3  2DD5               	goto	u166_20
  4374     05D4                     u166_21:
  4375     05D4  2DE4               	goto	i1l1861
  4376     05D5                     u166_20:
  4377     05D5                     i1l1857:
  4378     05D5  300F               	movlw	15
  4379     05D6  066B               	xorwf	_display_value,w
  4380     05D7  3027               	movlw	39
  4381     05D8  1903               	skipnz
  4382     05D9  066C               	xorwf	_display_value+1,w
  4383     05DA  1903               	btfsc	3,2
  4384     05DB  2DDD               	goto	u167_21
  4385     05DC  2DDE               	goto	u167_20
  4386     05DD                     u167_21:
  4387     05DD  2DE4               	goto	i1l1861
  4388     05DE                     u167_20:
  4389     05DE                     i1l1859:
  4390                           
  4391                           ;main.c: 162:                     ++display_value;
  4392     05DE  3001               	movlw	1
  4393     05DF  07EB               	addwf	_display_value,f
  4394     05E0  1803               	skipnc
  4395     05E1  0AEC               	incf	_display_value+1,f
  4396     05E2  3000               	movlw	0
  4397     05E3  07EC               	addwf	_display_value+1,f
  4398     05E4                     i1l1861:
  4399                           
  4400                           ;main.c: 163:                 if (PORTAbits.RA1 && display_value != 0)
  4401     05E4  1C85               	btfss	5,1	;volatile
  4402     05E5  2DE7               	goto	u168_21
  4403     05E6  2DE8               	goto	u168_20
  4404     05E7                     u168_21:
  4405     05E7  2DF4               	goto	i1l108
  4406     05E8                     u168_20:
  4407     05E8                     i1l1863:
  4408     05E8  086B               	movf	_display_value,w
  4409     05E9  046C               	iorwf	_display_value+1,w
  4410     05EA  1903               	btfsc	3,2
  4411     05EB  2DED               	goto	u169_21
  4412     05EC  2DEE               	goto	u169_20
  4413     05ED                     u169_21:
  4414     05ED  2DF4               	goto	i1l108
  4415     05EE                     u169_20:
  4416     05EE                     i1l1865:
  4417                           
  4418                           ;main.c: 164:                     --display_value;
  4419     05EE  3001               	movlw	1
  4420     05EF  02EB               	subwf	_display_value,f
  4421     05F0  3000               	movlw	0
  4422     05F1  1C03               	skipc
  4423     05F2  03EC               	decf	_display_value+1,f
  4424     05F3  02EC               	subwf	_display_value+1,f
  4425     05F4                     i1l108:	
  4426                           ;main.c: 165:             }
  4427                           
  4428                           
  4429                           ;main.c: 166:             button_timer_count = 1;
  4430     05F4  3001               	movlw	1
  4431     05F5  00E9               	movwf	_button_timer_count
  4432     05F6  3000               	movlw	0
  4433     05F7  00EA               	movwf	_button_timer_count+1
  4434     05F8                     i1l107:	
  4435                           ;main.c: 167:         }
  4436                           
  4437                           
  4438                           ;main.c: 168:         button_timer_count++;
  4439     05F8  3001               	movlw	1
  4440     05F9  07E9               	addwf	_button_timer_count,f
  4441     05FA  1803               	skipnc
  4442     05FB  0AEA               	incf	_button_timer_count+1,f
  4443     05FC  3000               	movlw	0
  4444     05FD  07EA               	addwf	_button_timer_count+1,f
  4445     05FE                     i1l1867:
  4446                           
  4447                           ;main.c: 171:         T0IF = 0;
  4448     05FE  110B               	bcf	11,2	;volatile
  4449     05FF                     i1l111:
  4450     05FF  087C               	movf	??_my_interruptions+5,w
  4451     0600  008A               	movwf	10
  4452     0601  0E7B               	swapf	??_my_interruptions+4,w
  4453     0602  0083               	movwf	3
  4454     0603  0EFE               	swapf	btemp,f
  4455     0604  0E7E               	swapf	btemp,w
  4456     0605  0009               	retfie
  4457     0606                     __end_of_my_interruptions:
  4458                           
  4459                           	psect	intentry
  4460     0004                     __pintentry:	
  4461                           ;incstack = 0
  4462                           ; Regs used in _my_interruptions: [wreg+status,2+status,0+pclath+cstack]
  4463                           
  4464     0004                     interrupt_function:
  4465     007E                     saved_w         set	btemp
  4466     0004  00FE               	movwf	btemp
  4467     0005  0E03               	swapf	3,w
  4468     0006  00FB               	movwf	??_my_interruptions+4
  4469     0007  080A               	movf	10,w
  4470     0008  00FC               	movwf	??_my_interruptions+5
  4471     0009  120A  118A  2D54   	ljmp	_my_interruptions
  4472                           
  4473                           	psect	text24
  4474     0186                     __ptext24:	
  4475 ;; *************** function ___wmul *****************
  4476 ;; Defined at:
  4477 ;;		line 15 in file "C:\Program Files\Microchip\xc8\v2.50\pic\sources\c99\common\Umul16.c"
  4478 ;; Parameters:    Size  Location     Type
  4479 ;;  multiplier      2    0[COMMON] unsigned int 
  4480 ;;  multiplicand    2    2[COMMON] unsigned int 
  4481 ;; Auto vars:     Size  Location     Type
  4482 ;;  product         2    4[COMMON] unsigned int 
  4483 ;; Return value:  Size  Location     Type
  4484 ;;                  2    0[COMMON] unsigned int 
  4485 ;; Registers used:
  4486 ;;		wreg, status,2, status,0
  4487 ;; Tracked objects:
  4488 ;;		On entry : 0/0
  4489 ;;		On exit  : 0/0
  4490 ;;		Unchanged: 0/0
  4491 ;; Data sizes:     COMMON   BANK0   BANK1   BANK3   BANK2
  4492 ;;      Params:         4       0       0       0       0
  4493 ;;      Locals:         2       0       0       0       0
  4494 ;;      Temps:          0       0       0       0       0
  4495 ;;      Totals:         6       0       0       0       0
  4496 ;;Total ram usage:        6 bytes
  4497 ;; Hardware stack levels used: 1
  4498 ;; This function calls:
  4499 ;;		Nothing
  4500 ;; This function is called by:
  4501 ;;		_my_interruptions
  4502 ;; This function uses a non-reentrant model
  4503 ;;
  4504                           
  4505     0186                     ___wmul:	
  4506                           ;psect for function ___wmul
  4507                           
  4508     0186                     i1l1741:	
  4509                           ;incstack = 0
  4510                           ; Regs used in ___wmul: [wreg+status,2+status,0]
  4511                           
  4512     0186  01F5               	clrf	___wmul@product
  4513     0187  01F6               	clrf	___wmul@product+1
  4514     0188                     i1l1743:
  4515     0188  1C71               	btfss	___wmul@multiplier,0
  4516     0189  298B               	goto	u145_21
  4517     018A  298C               	goto	u145_20
  4518     018B                     u145_21:
  4519     018B  2992               	goto	i1l336
  4520     018C                     u145_20:
  4521     018C                     i1l1745:
  4522     018C  0873               	movf	___wmul@multiplicand,w
  4523     018D  07F5               	addwf	___wmul@product,f
  4524     018E  1803               	skipnc
  4525     018F  0AF6               	incf	___wmul@product+1,f
  4526     0190  0874               	movf	___wmul@multiplicand+1,w
  4527     0191  07F6               	addwf	___wmul@product+1,f
  4528     0192                     i1l336:
  4529     0192  3001               	movlw	1
  4530     0193                     u146_25:
  4531     0193  1003               	clrc
  4532     0194  0DF3               	rlf	___wmul@multiplicand,f
  4533     0195  0DF4               	rlf	___wmul@multiplicand+1,f
  4534     0196  3EFF               	addlw	-1
  4535     0197  1D03               	skipz
  4536     0198  2993               	goto	u146_25
  4537     0199                     i1l1747:
  4538     0199  3001               	movlw	1
  4539     019A                     u147_25:
  4540     019A  1003               	clrc
  4541     019B  0CF2               	rrf	___wmul@multiplier+1,f
  4542     019C  0CF1               	rrf	___wmul@multiplier,f
  4543     019D  3EFF               	addlw	-1
  4544     019E  1D03               	skipz
  4545     019F  299A               	goto	u147_25
  4546     01A0                     i1l1749:
  4547     01A0  0871               	movf	___wmul@multiplier,w
  4548     01A1  0472               	iorwf	___wmul@multiplier+1,w
  4549     01A2  1D03               	btfss	3,2
  4550     01A3  29A5               	goto	u148_21
  4551     01A4  29A6               	goto	u148_20
  4552     01A5                     u148_21:
  4553     01A5  2988               	goto	i1l1743
  4554     01A6                     u148_20:
  4555     01A6                     i1l1751:
  4556     01A6  0876               	movf	___wmul@product+1,w
  4557     01A7  00F2               	movwf	?___wmul+1
  4558     01A8  0875               	movf	___wmul@product,w
  4559     01A9  00F1               	movwf	?___wmul
  4560     01AA                     i1l338:
  4561     01AA  0008               	return
  4562     01AB                     __end_of___wmul:
  4563     0002                     ___latbits      equ	2
  4564     007E                     btemp           set	126	;btemp
  4565     007E                     wtemp0          set	126
  4566                           
  4567                           	psect	config
  4568                           
  4569                           ;Config register CONFIG @ 0x2007
  4570                           ;	Oscillator Selection bits
  4571                           ;	FOSC = HS, HS oscillator
  4572                           ;	Watchdog Timer Enable bit
  4573                           ;	WDTE = OFF, WDT disabled
  4574                           ;	Power-up Timer Enable bit
  4575                           ;	PWRTE = OFF, PWRT disabled
  4576                           ;	Brown-out Reset Enable bit
  4577                           ;	BOREN = OFF, BOR disabled
  4578                           ;	Low-Voltage (Single-Supply) In-Circuit Serial Programming Enable bit
  4579                           ;	LVP = OFF, RB3 is digital I/O, HV on MCLR must be used for programming
  4580                           ;	Data EEPROM Memory Code Protection bit
  4581                           ;	CPD = OFF, Data EEPROM code protection off
  4582                           ;	Flash Program Memory Write Enable bits
  4583                           ;	WRT = OFF, Write protection off; all program memory may be written to by EECON control
  4584                           ;	In-Circuit Debugger Mode bit
  4585                           ;	DEBUG = 0x1, unprogrammed default
  4586                           ;	Flash Program Memory Code Protection bit
  4587                           ;	CP = OFF, Code protection off
  4588     2007                     	org	8199
  4589     2007  3F3A               	dw	16186

Data Sizes:
    Strings     3
    Constant    0
    Data        19
    BSS         41
    Persistent  0
    Stack       0

Auto Spaces:
    Space          Size  Autos    Used
    COMMON           13     12      13
    BANK0            80     67      79
    BANK1            80      0      47
    BANK3            85      0       0
    BANK2            96      0       0

Pointer List with Targets:

    f$.$buffer	PTR unsigned char  size(2) Largest target is 4
		 -> disp_print@array_digits(BANK0[4]), 

    f$.$source	PTR const unsigned char  size(1) Largest target is 0

    fputc@fp	PTR struct _IO_FILE size(2) Largest target is 11
		 -> sprintf@f(BANK0[11]), 

    fputc@fp$.$buffer	PTR unsigned char  size(2) Largest target is 4
		 -> disp_print@array_digits(BANK0[4]), 

    fputc@fp$.$source	PTR const unsigned char  size(1) Largest target is 0

    S877$buffer	PTR unsigned char  size(2) Largest target is 4
		 -> disp_print@array_digits(BANK0[4]), 

    S877$source	PTR const unsigned char  size(1) Largest target is 0

    sprintf@ap	PTR void [1] size(1) Largest target is 2
		 -> ?_sprintf(BANK0[2]), 

    sprintf@fmt	PTR const unsigned char  size(1) Largest target is 3
		 -> STR_1(CODE[3]), 

    sprintf@s	PTR unsigned char  size(1) Largest target is 4
		 -> disp_print@array_digits(BANK0[4]), 

    vfpfcnvrt@ap	PTR PTR void  size(1) Largest target is 1
		 -> sprintf@ap(BANK0[1]), 

    vfpfcnvrt@cp	PTR unsigned char  size(1) Largest target is 3
		 -> STR_1(CODE[3]), 

    vfpfcnvrt@fmt	PTR PTR unsigned char  size(1) Largest target is 1
		 -> vfprintf@cfmt(BANK0[1]), 

    vfpfcnvrt@fp	PTR struct _IO_FILE size(2) Largest target is 11
		 -> sprintf@f(BANK0[11]), 

    vfprintf@ap	PTR PTR void  size(1) Largest target is 1
		 -> sprintf@ap(BANK0[1]), 

    vfprintf@cfmt	PTR unsigned char  size(1) Largest target is 3
		 -> STR_1(CODE[3]), 

    vfprintf@fmt	PTR const unsigned char  size(1) Largest target is 3
		 -> STR_1(CODE[3]), 

    vfprintf@fp	PTR struct _IO_FILE size(2) Largest target is 11
		 -> sprintf@f(BANK0[11]), 


Critical Paths under _main in COMMON

    None.

Critical Paths under _my_interruptions in COMMON

    _my_interruptions->___wmul

Critical Paths under _main in BANK0

    _main->_disp_print
    _disp_show_end->_disp_set_byte
    _disp_print->_sprintf
    _sprintf->_vfprintf
    _vfprintf->_vfpfcnvrt
    _vfpfcnvrt->_fputc
    _abs->___awmod
    _disp_config_mode->_disp_set_byte
    _change_multiplier->_beep

Critical Paths under _my_interruptions in BANK0

    None.

Critical Paths under _main in BANK1

    None.

Critical Paths under _my_interruptions in BANK1

    None.

Critical Paths under _main in BANK3

    None.

Critical Paths under _my_interruptions in BANK3

    None.

Critical Paths under _main in BANK2

    None.

Critical Paths under _my_interruptions in BANK2

    None.

Call Graph Tables:

 ---------------------------------------------------------------------------------
 (Depth) Function   	        Calls       Base Space   Used Autos Params    Refs
 ---------------------------------------------------------------------------------
 (0) _main                                                 3     3      0    2639
                                             64 BANK0      3     3      0
                               _beep
                  _change_multiplier
        _config_global_interruptions
                     _counters_reset
                   _disp_config_mode
                         _disp_print
                      _disp_show_end
                      _trigger_relay
                          _uart_init
 ---------------------------------------------------------------------------------
 (1) _uart_init                                            0     0      0       0
 ---------------------------------------------------------------------------------
 (1) _trigger_relay                                        0     0      0       0
 ---------------------------------------------------------------------------------
 (1) _disp_show_end                                        7     7      0     143
                                              1 BANK0      7     7      0
                      _disp_set_byte
 ---------------------------------------------------------------------------------
 (1) _disp_print                                          16    14      2    2420
                                             48 BANK0     16    14      2
                            ___lwdiv
                            ___lwmod
                      _disp_set_byte
                            _sprintf
 ---------------------------------------------------------------------------------
 (2) _sprintf                                             19    15      4    1764
                                             31 BANK0     17    13      4
                           _vfprintf
 ---------------------------------------------------------------------------------
 (3) _vfprintf                                             5     1      4    1559
                                             26 BANK0      5     1      4
                          _vfpfcnvrt
 ---------------------------------------------------------------------------------
 (4) _vfpfcnvrt                                           13     9      4    1434
                                             13 BANK0     13     9      4
                            ___awdiv
                            ___awmod
                                _abs
                              _fputc
 ---------------------------------------------------------------------------------
 (5) _fputc                                               13     9      4     230
                                              0 BANK0     13     9      4
                              _putch
 ---------------------------------------------------------------------------------
 (6) _putch                                                1     1      0       0
 ---------------------------------------------------------------------------------
 (5) _abs                                                  4     2      2      67
                                              6 BANK0      4     2      2
                            ___awmod (ARG)
 ---------------------------------------------------------------------------------
 (5) ___awmod                                              6     2      4     298
                                              0 BANK0      6     2      4
 ---------------------------------------------------------------------------------
 (5) ___awdiv                                              8     4      4     302
                                              0 BANK0      8     4      4
 ---------------------------------------------------------------------------------
 (2) ___lwmod                                              5     1      4     161
                                              0 BANK0      5     1      4
 ---------------------------------------------------------------------------------
 (2) ___lwdiv                                              7     3      4     164
                                              0 BANK0      7     3      4
 ---------------------------------------------------------------------------------
 (1) _disp_config_mode                                     8     6      2      76
                                              1 BANK0      8     6      2
                      _disp_set_byte
 ---------------------------------------------------------------------------------
 (2) _disp_set_byte                                        1     1      0      29
                                              0 BANK0      1     1      0
 ---------------------------------------------------------------------------------
 (1) _config_global_interruptions                          0     0      0       0
          _config_timer_interruption
           _config_uart_interruption
 ---------------------------------------------------------------------------------
 (2) _config_uart_interruption                             0     0      0       0
 ---------------------------------------------------------------------------------
 (2) _config_timer_interruption                            0     0      0       0
 ---------------------------------------------------------------------------------
 (1) _change_multiplier                                    0     0      0       0
                               _beep
                     _counters_reset
 ---------------------------------------------------------------------------------
 (1) _counters_reset                                       0     0      0       0
 ---------------------------------------------------------------------------------
 (2) _beep                                                 2     2      0       0
                                              0 BANK0      2     2      0
 ---------------------------------------------------------------------------------
 Estimated maximum stack depth 6
 ---------------------------------------------------------------------------------
 (Depth) Function   	        Calls       Base Space   Used Autos Params    Refs
 ---------------------------------------------------------------------------------
 (7) _my_interruptions                                     7     7      0     117
                                              6 COMMON     6     6      0
                             ___wmul
 ---------------------------------------------------------------------------------
 (8) ___wmul                                               6     2      4      94
                                              0 COMMON     6     2      4
 ---------------------------------------------------------------------------------
 Estimated maximum stack depth 8
 ---------------------------------------------------------------------------------

 Call Graph Graphs:

 _main (ROOT)
   _beep
   _change_multiplier
     _beep
     _counters_reset
   _config_global_interruptions
     _config_timer_interruption
     _config_uart_interruption
   _counters_reset
   _disp_config_mode
     _disp_set_byte
   _disp_print
     ___lwdiv
     ___lwmod
     _disp_set_byte
     _sprintf
       _vfprintf
         _vfpfcnvrt
           ___awdiv
           ___awmod
           _abs
             ___awmod (ARG)
           _fputc
             _putch
   _disp_show_end
     _disp_set_byte
   _trigger_relay
   _uart_init

 _my_interruptions (ROOT)
   ___wmul

Address spaces:
Name               Size   Autos  Total    Usage
BANK3               85      0       0      0.0%
BITBANK3            85      0       0      0.0%
BANK2               96      0       0      0.0%
BITBANK2            96      0       0      0.0%
BANK1               80      0      47     58.8%
BITBANK1            80      0       0      0.0%
BANK0               80     67      79     98.8%
BITBANK0            80      0       0      0.0%
COMMON              13     12      13    100.0%
BITCOMMON           13      0       0      0.0%
DATA                 0      0     139      0.0%
STACK                0      0       0      0.0%


Microchip Technology PIC Macro Assembler V2.50 build 20240725155939 
Symbol Table                                                                                   Sat Sep 07 14:48:26 2024

                                  pc 0002            ?_config_uart_interruption 0071  
                                 l82 0663                         ___awdiv@sign 0025  
                                 fsr 0004                  ___wmul@multiplicand 0073  
                     ?_disp_set_byte 0071                       ?_disp_show_end 0071  
                                l114 01B1                                  l122 012E  
                                l115 01DC                                  l123 013F  
                                l126 00FA                                  l118 00B5  
                                l119 00B6                                  l207 00E9  
                                l160 03C0                                  l152 02A5  
                                l161 03C3                                  l250 00C1  
                                l170 03DE                                  l162 03C6  
                                l171 03E1                                  l163 03C9  
                                l147 04B3                                  l244 00D9  
                                l172 03E4                                  l164 03CC  
                                l156 03B7                                  l173 03E7  
                                l165 03CF                                  l174 03EA  
                                l166 03D2                                  l158 03BA  
                                l502 034D                                  l182 02F4  
                                l247 00AD                                  l167 03D5  
                                l159 03BD                                  l175 0422  
                                l168 03D8                                  l169 03DB  
                                l616 025A                                  l626 0216  
                                l489 03B2                                  l850 010D  
                                l843 0162                                  l837 07D3  
                                l862 0553                                  l873 0094  
                                l799 0185                                  u910 037F  
                                u911 037E                                  u905 0373  
                                u930 0390                                  u931 038F  
                                u925 0380                                  u950 03A4  
                                u870 0355                                  u951 03A3  
                                u935 038C                                  u871 0354  
                                u960 03A9                                  u880 0360  
                                u961 03A8                                  u945 0398  
                                u881 035F                                  u890 036F  
                                u970 02FC                                  u891 036E  
                                u971 02FB                                  u980 0307  
                                u981 0306                                  u990 0312  
                                u991 0311                                  _abs 00FB  
                                fsr0 0004                                  indf 0000  
                       ___awmod@sign 0025                                 ?_abs 0026  
                               l1401 0355                                 l1411 0367  
                               l1403 035A                                 l1421 037B  
                               l1413 0369                                 l1405 035C  
                               l1501 06E3                                 l1431 039E  
                               l1423 037F                                 l1415 036F  
                               l1407 0360                                 l1511 070C  
                               l1503 06F4                                 l1601 03ED  
                               l1425 0390                                 l1417 0372  
                               l1433 03A4                                 l1409 0365  
                               l1441 02F5                                 l1521 0738  
                               l1513 0718                                 l1505 06F8  
                               l1603 00A5                                 l1611 0221  
                               l1435 03A9                                 l1427 0396  
                               l1419 0379                                 l1451 0307  
                               l1443 02F8                                 l1531 0780  
                               l1523 073F                                 l1515 0724  
                               l1507 0700                                 l1605 00B7  
                               l1621 0242                                 l1613 0224  
                               l1437 03AE                                 l1429 0397  
                               l1461 031E                                 l1453 030C  
                               l1445 02FC                                 l1533 0785  
                               l1541 07AB                                 l1525 0762  
                               l1517 0731                                 l1509 0706  
                               l1623 0248                                 l1615 022B  
                               l1607 0217                                 l1463 0322  
                               l1455 0312                                 l1471 033F  
                               l1447 0301                                 l1535 078A  
                               l1527 0775                                 l1519 0736  
                               l1543 07B2                                 l1711 02D5  
                               l1721 012F                                 l1625 0249  
                               l1617 022D                                 l1609 021B  
                               l1641 01F1                                 l1633 01DD  
                               l1473 0344                                 l1465 032C  
                               l1457 0315                                 l1449 0303  
                               l1481 04BC                                 l1537 0793  
                               l1529 077B                                 l1553 0140  
                               l1713 02DF                                 l1705 02BA  
                               l1801 0693                                 l1571 01CB  
                               l1563 01AB                                 l1723 0139  
                               l1731 027B                                 l1627 0250  
                               l1619 0231                                 l1643 01F5  
                               l1635 01E5                                 l1651 0212  
                               l1475 0349                                 l1467 0332  
                               l1459 031C                                 l1483 04C2  
                               l1539 07A7                                 l1547 07BA  
                               l1555 0145                                 l1715 02E7  
                               l1707 02BE                                 l1811 06B7  
                               l1803 06A8                                 l1573 01D8  
                               l1581 00F8                                 l1717 0121  
                               l1733 027F                                 l1725 025B  
                               l1629 0256                                 l1645 01FF  
                               l1637 01E8                                 l1397 034E  
                               l1469 0339                                 l1493 00FB  
                               l1485 04C9                                 l1557 0152  
                               l1709 02C8                                 l1661 00AE  
                               l1805 06AC                                 l1821 06D9  
                               l1575 01DB                                 l1567 01B4  
                               l1655 00CD                                 l1735 0289  
                               l1727 0273                                 l1647 0205  
                               l1639 01EF                                 l1399 0351  
                               l1495 0101                                 l1487 04E1  
                               l1479 04B4                                 l1559 0160  
                               l1591 016F                                 l1583 0163  
                               l1671 0435                                 l1807 06B2  
                               l1569 01BE                                 l1577 00EA  
                               l1657 00CF                                 l1737 028D  
                               l1729 0275                                 l1649 020C  
                               l1497 0102                                 l1489 0513  
                               l1593 017C                                 l1585 0167  
                               l1673 043A                                 l1681 046C  
                               l1665 0423                                 l1817 06BC  
                               l1761 061A                                 l1579 00F4  
                               l1739 029B                                 l1587 016B  
                               l1691 0497                                 l1683 0479  
                               l1675 045C                                 l1667 042D  
                               l1659 00DA                                 l1819 06CE  
                               l1771 062B                                 l1763 061C  
                               l1755 0606                                 l1597 03B6  
                               l1589 016D                                 l1693 04A1  
                               l1685 047E                                 l1677 0460  
                               l1669 042F                                 l1773 0633  
                               l1781 064A                                 l1765 061E  
                               l1757 0609                                 l1687 0480  
                               l1695 04A9                                 l1679 0466  
                               l1783 064F                                 l1791 065D  
                               l1775 0635                                 l1767 0621  
                               l1759 0616                                 l1689 048A  
                               l1697 02A6                                 l1793 0667  
                               l1785 0650                                 l1777 063A  
                               l1769 0626                                 l1699 02B8  
                               l1795 0670                                 l1787 0655  
                               l1779 0645                                 l1797 0684  
                               l1789 0658                                 l1799 068A  
                               l1899 06C3                                 STR_1 0015  
                               _CREN 00C4                                 _T0IF 005A  
                               u1010 0322                                 u1011 0321  
                               u1020 032C                                 u1100 0536  
                               u1021 032B                                 u1005 0316  
                               u1110 0101                                 u1111 0100  
                               u1040 033F                                 u1200 078A  
                               u1120 06F4                                 u1041 033E  
                               u1025 0328                                 u1201 0789  
                               u1121 06F3                                 u1050 0344  
                               u1210 07B1                                 u1130 0718  
                               u1051 0343                                 u1035 0333  
                               u1211 07B0                                 u1131 0717  
                               u1300 0256                                 u1060 04BC  
                               u1140 0724                                 u1220 0160  
                               u1301 0255                                 u1061 04BB  
                               u1141 0723                                 u1221 015F  
                               u1230 01B0                                 u1310 01E5  
                               u1070 04C2                                 u1150 073D  
                               u1231 01AF                                 u1311 01E4  
                               u1071 04C1                                 u1151 073B  
                               u1240 0221                                 u1080 04E1  
                               u1160 073E                                 u1241 0220  
                               u1081 04E0                                 u1330 01F5  
                               u1090 0513                                 u1170 077B  
                               u1410 04B3                                 u1331 01F4  
                               u1091 0512                                 u1171 077A  
                               u1411 04B2                                 u1260 0231  
                               u1340 01FF                                 u1180 0780  
                               u1404 0492                                 u1500 064F  
                               u1261 0230                                 u1341 01FE  
                               u1325 01E9                                 u1181 077F  
                               u1405 0490                                 u1501 064E  
                               u1190 0785                                 u1430 02F4  
                               u1510 0667                                 u1255 0225  
                               u1095 050F                                 u1191 0784  
                               u1415 04AF                                 u1431 02F3  
                               u1511 0666                                 u1440 012D  
                               u1280 0242                                 u1360 0212  
                               u1424 02D0                                 u1520 0670  
                               u1441 012C                                 u1281 0241  
                               u1361 0211                                 u1345 01FB  
                               u1425 02CE                                 u1521 066F  
                               u1370 00B4                                 u1530 068A  
                               u1275 0232                                 u1355 0206  
                               u1435 02F0                                 u1371 00B3  
                               u1531 0689                                 u1380 0435  
                               u1540 0693                                 u1445 0129  
                               u1285 023E                                 u1381 0434  
                               u1541 0692                                 u1390 046C  
                               u1550 06DF                                 u1295 024A  
                               u1391 046B                                 u1551 06DE  
                               u1490 0633                                 u1707 067E  
                               u1491 0632                                 u1717 06A1  
                               u1727 02DB                                 u1737 049D  
                               u1747 0285                                 u1757 02A1  
                               u1767 01BA                                 u1777 01C7  
                               u1787 01D4                          disp_print@i 005C  
                               _RCIF 0065                                 i1l98 0569  
                               _TMR0 0001                                 _TXIF 0064  
                               abs@a 0026                                 _beep 01AB  
                               _dbuf 00A0                                 _main 0606  
                               _prec 00C2                                 btemp 007E  
                               start 000C                                ??_abs 0028  
                              ?_beep 0071                                ?_main 0071  
                    __end_of___awdiv 03B3                      __end_of___awmod 034E  
                              _CMCON 009C                      ___awdiv@divisor 0020  
                    __end_of___lwdiv 025B                                i1l101 0562  
                              i1l102 0568                                i1l111 05FF  
                              i1l104 05B6                                i1l107 05F8  
                              i1l108 05F4                                i1l336 0192  
                    __end_of___lwmod 0217                                i1l338 01AA  
                    ___awdiv@counter 0024                                _RCREG 001A  
                              _RCSTA 0018                         vfpfcnvrt@fmt 002F  
                              _SPBRG 0099                                _PORTA 0005  
                              _PORTB 0006                                _PORTC 0007  
                              _TRISA 0085                                _TRISB 0086  
                              _TRISC 0087                                _TXREG 0019  
                              _TXSTA 0098    __end_of_config_timer_interruption 00C2  
                              _flags 006D                        _trigger_relay 00AE  
                              _fputc 04B4                                _width 00C0  
                              _putch 0094                                pclath 000A  
                              status 0003                                wtemp0 007E  
                    __end_of_sprintf 0186                      __initialization 07D4  
                       __end_of_beep 01DD                         __end_of_main 06E3  
                    ??_disp_set_byte 0020                      ??_disp_show_end 0021  
                             ??_beep 0020                               ??_main 0060  
                     ?_trigger_relay 0071                               _ADCON1 009F  
                             ?_fputc 0020                     ___awdiv@dividend 0022  
                             ?_putch 0071                               i1l1741 0186  
                             i1l1751 01A6                               i1l1743 0188  
                             i1l1831 055A                               i1l1745 018C  
                             i1l1841 0594                               i1l1833 055E  
                             i1l1747 0199                               i1l1851 05C4  
                             i1l1843 059A                               i1l1835 0567  
                             i1l1749 01A0                               i1l1861 05E4  
                             i1l1853 05CD                               i1l1845 059E  
                             i1l1829 0554                               i1l1863 05E8  
                             i1l1855 05D1                               i1l1847 05A4  
                             i1l1839 056D                               i1l1865 05EE  
                             i1l1857 05D5                               i1l1849 05AA  
                             i1l1867 05FE                               i1l1859 05DE  
                             u160_20 0594                               u160_21 0593  
                             u160_25 0590                               u145_20 018C  
                             u161_20 059A                               u145_21 018B  
                             u161_21 0599                               u162_20 059E  
                             u162_21 059D                               u146_25 0193  
                             u163_20 05A4                               u163_21 05A3  
                             u147_25 019A                               u148_20 01A6  
                             u164_20 05CD                               u156_20 055A  
                             u148_21 01A5                               u164_21 05CC  
                             u156_21 0559                               u165_20 05D1  
                             u157_20 055E                               u165_21 05D0  
                             u157_21 055D                               u166_20 05D5  
                             u158_20 0562                               u166_21 05D4  
                             u158_21 0561                               u167_20 05DE  
                             u159_20 056D                               u167_21 05DD  
                             u159_21 056C                               u168_20 05E8  
                             u168_21 05E7                               u169_20 05EE  
                             u169_21 05ED                        vfpfcnvrt@done 0033  
                             _TRISC6 043E                               _TRISC7 043F  
                       vfprintf@cfmt 003E                               ___wmul 0186  
                          ??___awdiv 0024                            ??___awmod 0024  
                          ??___lwdiv 0024                            ??___lwmod 0024  
                   ___awdiv@quotient 0026                      ___awmod@divisor 0020  
                   _my_interruptions 0554                      ___awmod@counter 0024  
                             fputc@c 0020                               saved_w 007E  
                             putch@c 0071           disp_print@number_of_digits 005A  
                   __end_of_vfprintf 0163                            ??_sprintf 0043  
            __end_of__initialization 07FC                       __pcstackCOMMON 0071  
                       __pidataBANK0 009D                         __pidataBANK1 00C2  
                      __end_of_fputc 0554                        __end_of_putch 0095  
                    ??_trigger_relay 0020                              ??_fputc 0024  
                            ??_putch 0020                           __pbssBANK0 006B  
                         __pbssBANK1 00A0        disp_config_mode@config_number 0021  
                         __pmaintext 0606                              ?___wmul 0071  
                         __pintentry 0004               disp_print@array_digits 0054  
                     _counters_reset 00EA                 disp_print@aux_number 005E  
                     disp_show_end@i 0026                           _disp_print 0423  
                         __stringtab 000F  __end_of_config_global_interruptions 00DA  
        _config_global_interruptions 00CD             _config_uart_interruption 00A5  
                            ___awdiv 034E                              ___awmod 02F5  
                            ___lwdiv 0217                              ___lwmod 01DD  
                          ?_vfprintf 003A               __end_of_counters_reset 00FB  
                   _disp_config_mode 025B                              __ptext1 00DA  
                            __ptext2 00AE                              __ptext3 02A6  
                            __ptext4 0423                              __ptext5 0163  
                            __ptext6 0140                              __ptext7 06E3  
                            __ptext8 04B4                              __ptext9 0094  
                          _T1CONbits 0010                     ___awmod@dividend 0022  
                     _is_enabled_bip 007D                              _sprintf 0163  
                            clrloop0 0096           ?_config_timer_interruption 0071  
               end_of_initialization 07FC                              fputc@fp 0022  
           __end_of_my_interruptions 0606                    __end_of_uart_init 00EA  
                   disp_print@number 0050                    __end_of_vfpfcnvrt 07D4  
                          _RCSTAbits 0018                     vfpfcnvrt@convarg 0035  
                 _button_timer_count 0069                           ??_vfprintf 003E  
                  _change_multiplier 0121                __end_of_disp_set_byte 0423  
                    ?_counters_reset 0071                            _PORTAbits 0005  
                          _PORTBbits 0006                            _PORTCbits 0007  
              __end_of_disp_show_end 02F5                   ?_change_multiplier 0071  
                        ?_disp_print 0050                  ??_change_multiplier 0022  
                          _TXSTAbits 0098            __end_of_change_multiplier 0140  
                        vfpfcnvrt@ap 0030                          vfpfcnvrt@cp 0034  
                        vfpfcnvrt@fp 002D                       __end_of___wmul 01AB  
                start_initialization 07D4                          __end_of_abs 010E  
                        vfprintf@fmt 003C                             ??___wmul 0075  
                         init_fetch0 010E                          __pdataBANK0 0063  
                        __pdataBANK1 00C4                          __pbssCOMMON 007D  
                          ___latbits 0002                        __pcstackBANK0 0020  
              __end_of_trigger_relay 00B7           ??_config_uart_interruption 0020  
           __end_of_disp_config_mode 02A6                     ___lwdiv@dividend 0022  
              disp_config_mode@F1269 00C4                             ?___awdiv 0020  
                           ?___awmod 0020                             ?___lwdiv 0020  
                           ?___lwmod 0020       _decrement_wait_time_multiplier 0065  
_last_decrement_wait_time_multiplier 0063                            __pstrings 000F  
                   ___lwdiv@quotient 0024                             ?_sprintf 003F  
        ??_config_timer_interruption 0020                    interrupt_function 0004  
                     ___wmul@product 0075                    ?_my_interruptions 0071  
                          clear_ram0 0095                             _PIE1bits 008C  
                 ??_my_interruptions 0077                      disp_print@count 0058  
                   ??_counters_reset 0020                            _uart_init 00DA  
                          _vfpfcnvrt 06E3                      _is_active_count 006E  
                        __stringbase 0014                    ___wmul@multiplier 0071  
                       ??_disp_print 0052                           vfpfcnvrt@c 0039  
            disp_config_mode@configs 0025                    disp_set_byte@byte 0020  
                         vfprintf@ap 003D                           vfprintf@fp 003A  
                         ?_uart_init 0071            _config_timer_interruption 00B7  
                 __end_of_disp_print 04B4                           ?_vfpfcnvrt 002D  
                   _tick_timer_count 00C8                   __end_of__stringtab 0015  
                         sprintf@fmt 0040                      ___lwdiv@divisor 0020  
                    ___lwdiv@counter 0026                             __ptext10 00FB  
                           __ptext11 02F5                             __ptext20 0121  
                           __ptext12 034E                             __ptext21 00EA  
                           __ptext13 01DD                             __ptext22 01AB  
                           __ptext14 0217                             __ptext23 0554  
                           __ptext15 025B                             __ptext24 0186  
                           __ptext16 03B3                             __ptext17 00CD  
                           __ptext18 00A5                             __ptext19 00B7  
   __end_of_config_uart_interruption 00AE                    _config_mode_value 0067  
                 disp_show_end@F1274 00CC                             _vfprintf 0140  
                 disp_show_end@bytes 0023                           _INTCONbits 000B  
                           init_ram0 0112                             intlevel1 0000  
                          sprintf@ap 0044                     ___lwmod@dividend 0022  
                  ?_disp_config_mode 0021         ?_config_global_interruptions 0071  
                 ??_disp_config_mode 0023                            stringcode 000F  
                        ??_uart_init 0020                          ??_vfpfcnvrt 0031  
                      _disp_set_byte 03B3                           _OPTION_REG 0081  
                           sprintf@f 0045                             sprintf@s 003F  
                      _disp_show_end 02A6                      ___lwmod@divisor 0020  
                    ___lwmod@counter 0024                             stringdir 000F  
                           stringtab 000F                        _display_value 006B  
      ??_config_global_interruptions 0020  
