

Microchip MPLAB XC8 Assembler V2.50 build 20240725155939 
                                                                                               Sat Sep 07 14:48:35 2024

Microchip MPLAB XC8 C Compiler v2.50 (Free license) build 20240725155939 Og1 
     1                           	processor	16F876A
     2                           	pagewidth 120
     3                           	opt	flic
     4                           	psect	idataBANK0,global,class=CODE,space=0,delta=2,noexec
     5                           	psect	idataBANK1,global,class=CODE,space=0,delta=2,noexec
     6                           	psect	strings,global,class=STRING,space=0,delta=2,noexec
     7                           	psect	cinit,global,class=CODE,space=0,merge=1,delta=2
     8                           	psect	bssCOMMON,global,class=COMMON,space=1,delta=1,noexec
     9                           	psect	bssBANK0,global,class=BANK0,space=1,delta=1,noexec
    10                           	psect	dataBANK0,global,class=BANK0,space=1,delta=1,noexec
    11                           	psect	bssBANK1,global,class=BANK1,space=1,delta=1,noexec
    12                           	psect	dataBANK1,global,class=BANK1,space=1,delta=1,noexec
    13                           	psect	inittext,global,class=CODE,space=0,delta=2
    14                           	psect	clrtext,global,class=CODE,space=0,delta=2
    15                           	psect	cstackCOMMON,global,class=COMMON,space=1,delta=1,noexec
    16                           	psect	cstackBANK0,global,class=BANK0,space=1,delta=1,noexec
    17                           	psect	maintext,global,class=CODE,space=0,split=1,delta=2
    18                           	psect	text1,local,class=CODE,space=0,merge=1,delta=2
    19                           	psect	text2,local,class=CODE,space=0,merge=1,delta=2
    20                           	psect	text3,local,class=CODE,space=0,merge=1,delta=2
    21                           	psect	text4,local,class=CODE,space=0,merge=1,delta=2
    22                           	psect	text5,local,class=CODE,space=0,merge=1,delta=2,group=3
    23                           	psect	text6,local,class=CODE,space=0,merge=1,delta=2,group=1
    24                           	psect	text7,local,class=CODE,space=0,merge=1,delta=2,group=1
    25                           	psect	text8,local,class=CODE,space=0,merge=1,delta=2,group=3
    26                           	psect	text9,local,class=CODE,space=0,merge=1,delta=2,group=3
    27                           	psect	text10,local,class=CODE,space=0,merge=1,delta=2,group=3
    28                           	psect	text11,local,class=CODE,space=0,merge=1,delta=2,group=2
    29                           	psect	text12,local,class=CODE,space=0,merge=1,delta=2,group=2
    30                           	psect	text13,local,class=CODE,space=0,merge=1,delta=2,group=2
    31                           	psect	text14,local,class=CODE,space=0,merge=1,delta=2,group=2
    32                           	psect	text15,local,class=CODE,space=0,merge=1,delta=2
    33                           	psect	text16,local,class=CODE,space=0,merge=1,delta=2
    34                           	psect	text17,local,class=CODE,space=0,merge=1,delta=2
    35                           	psect	text18,local,class=CODE,space=0,merge=1,delta=2
    36                           	psect	text19,local,class=CODE,space=0,merge=1,delta=2
    37                           	psect	text20,local,class=CODE,space=0,merge=1,delta=2
    38                           	psect	text21,local,class=CODE,space=0,merge=1,delta=2
    39                           	psect	text22,local,class=CODE,space=0,merge=1,delta=2
    40                           	psect	text23,local,class=CODE,space=0,merge=1,delta=2
    41                           	psect	intentry,global,class=CODE,space=0,delta=2
    42                           	psect	text24,local,class=CODE,space=0,merge=1,delta=2,group=2
    43                           	psect	config,global,abs,ovrld,class=CONFIG,space=4,delta=2,noexec
    44                           	dabs	1,0x7E,2
    45     0000                     
    46                           ; Generated 25/07/2024 GMT
    47                           ; 
    48                           ; Copyright © 2024, Microchip Technology Inc. and its subsidiaries ("Microchip")
    49                           ; All rights reserved.
    50                           ; 
    51                           ; This software is developed by Microchip Technology Inc. and its subsidiaries ("Microch
      +                          ip").
    52                           ; 
    53                           ; Redistribution and use in source and binary forms, with or without modification, are
    54                           ; permitted provided that the following conditions are met:
    55                           ; 
    56                           ;     1. Redistributions of source code must retain the above copyright notice, this lis
      +                          t of
    57                           ;        conditions and the following disclaimer.
    58                           ; 
    59                           ;     2. Redistributions in binary form must reproduce the above copyright notice, this 
      +                          list
    60                           ;        of conditions and the following disclaimer in the documentation and/or other
    61                           ;        materials provided with the distribution. Publication is not required when
    62                           ;        this file is used in an embedded application.
    63                           ; 
    64                           ;     3. Microchip's name may not be used to endorse or promote products derived from th
      +                          is
    65                           ;        software without specific prior written permission.
    66                           ; 
    67                           ; THIS SOFTWARE IS PROVIDED BY MICROCHIP "AS IS" AND ANY EXPRESS OR IMPLIED WARRANTIES,
    68                           ; INCLUDING, BUT NOT LIMITED TO, THE IMPLIED WARRANTIES OF MERCHANTABILITY AND FITNESS F
      +                          OR
    69                           ; PURPOSE ARE DISCLAIMED.  IN NO EVENT SHALL MICROCHIP BE LIABLE FOR ANY DIRECT, INDIREC
      +                          T,
    70                           ; INCIDENTAL, SPECIAL, EXEMPLARY, OR CONSEQUENTIAL DAMAGES (INCLUDING BUT NOT LIMITED TO
    71                           ; PROCUREMENT OF SUBSTITUTE GOODS OR SERVICES; LOSS OF USE, DATA OR PROFITS; OR BUSINESS
    72                           ; INTERRUPTION) HOWSOEVER CAUSED AND ON ANY THEORY OF LIABILITY, WHETHER IN CONTRACT, ST
      +                          RICT
    73                           ; LIABILITY, OR TORT (INCLUDING NEGLIGENCE OR OTHERWISE) ARISING IN ANY WAY OUT OF THE U
      +                          SE OF
    74                           ; THIS SOFTWARE, EVEN IF ADVISED OF THE POSSIBILITY OF SUCH DAMAGE.
    75                           ; 
    76                           ; 
    77                           ; Code-generator required, PIC16F876A Definitions
    78                           ; 
    79                           ; SFR Addresses
    80     0004                     fsr             equ	4
    81     0004                     fsr0            equ	4
    82     0000                     indf            equ	0
    83     0000                     indf0           equ	0
    84     0002                     pc              equ	2
    85     0002                     pcl             equ	2
    86     000A                     pclath          equ	10
    87     0003                     status          equ	3
    88     0000                     INDF            equ	0	;# 
    89     0001                     TMR0            equ	1	;# 
    90     0002                     PCL             equ	2	;# 
    91     0003                     STATUS          equ	3	;# 
    92     0004                     FSR             equ	4	;# 
    93     0005                     PORTA           equ	5	;# 
    94     0006                     PORTB           equ	6	;# 
    95     0007                     PORTC           equ	7	;# 
    96     000A                     PCLATH          equ	10	;# 
    97     000B                     INTCON          equ	11	;# 
    98     000C                     PIR1            equ	12	;# 
    99     000D                     PIR2            equ	13	;# 
   100     000E                     TMR1            equ	14	;# 
   101     000E                     TMR1L           equ	14	;# 
   102     000F                     TMR1H           equ	15	;# 
   103     0010                     T1CON           equ	16	;# 
   104     0011                     TMR2            equ	17	;# 
   105     0012                     T2CON           equ	18	;# 
   106     0013                     SSPBUF          equ	19	;# 
   107     0014                     SSPCON          equ	20	;# 
   108     0015                     CCPR1           equ	21	;# 
   109     0015                     CCPR1L          equ	21	;# 
   110     0016                     CCPR1H          equ	22	;# 
   111     0017                     CCP1CON         equ	23	;# 
   112     0018                     RCSTA           equ	24	;# 
   113     0019                     TXREG           equ	25	;# 
   114     001A                     RCREG           equ	26	;# 
   115     001B                     CCPR2           equ	27	;# 
   116     001B                     CCPR2L          equ	27	;# 
   117     001C                     CCPR2H          equ	28	;# 
   118     001D                     CCP2CON         equ	29	;# 
   119     001E                     ADRESH          equ	30	;# 
   120     001F                     ADCON0          equ	31	;# 
   121     0081                     OPTION_REG      equ	129	;# 
   122     0085                     TRISA           equ	133	;# 
   123     0086                     TRISB           equ	134	;# 
   124     0087                     TRISC           equ	135	;# 
   125     008C                     PIE1            equ	140	;# 
   126     008D                     PIE2            equ	141	;# 
   127     008E                     PCON            equ	142	;# 
   128     0091                     SSPCON2         equ	145	;# 
   129     0092                     PR2             equ	146	;# 
   130     0093                     SSPADD          equ	147	;# 
   131     0094                     SSPSTAT         equ	148	;# 
   132     0098                     TXSTA           equ	152	;# 
   133     0099                     SPBRG           equ	153	;# 
   134     009C                     CMCON           equ	156	;# 
   135     009D                     CVRCON          equ	157	;# 
   136     009E                     ADRESL          equ	158	;# 
   137     009F                     ADCON1          equ	159	;# 
   138     010C                     EEDATA          equ	268	;# 
   139     010D                     EEADR           equ	269	;# 
   140     010E                     EEDATH          equ	270	;# 
   141     010F                     EEADRH          equ	271	;# 
   142     018C                     EECON1          equ	396	;# 
   143     018D                     EECON2          equ	397	;# 
   144     0000                     INDF            equ	0	;# 
   145     0001                     TMR0            equ	1	;# 
   146     0002                     PCL             equ	2	;# 
   147     0003                     STATUS          equ	3	;# 
   148     0004                     FSR             equ	4	;# 
   149     0005                     PORTA           equ	5	;# 
   150     0006                     PORTB           equ	6	;# 
   151     0007                     PORTC           equ	7	;# 
   152     000A                     PCLATH          equ	10	;# 
   153     000B                     INTCON          equ	11	;# 
   154     000C                     PIR1            equ	12	;# 
   155     000D                     PIR2            equ	13	;# 
   156     000E                     TMR1            equ	14	;# 
   157     000E                     TMR1L           equ	14	;# 
   158     000F                     TMR1H           equ	15	;# 
   159     0010                     T1CON           equ	16	;# 
   160     0011                     TMR2            equ	17	;# 
   161     0012                     T2CON           equ	18	;# 
   162     0013                     SSPBUF          equ	19	;# 
   163     0014                     SSPCON          equ	20	;# 
   164     0015                     CCPR1           equ	21	;# 
   165     0015                     CCPR1L          equ	21	;# 
   166     0016                     CCPR1H          equ	22	;# 
   167     0017                     CCP1CON         equ	23	;# 
   168     0018                     RCSTA           equ	24	;# 
   169     0019                     TXREG           equ	25	;# 
   170     001A                     RCREG           equ	26	;# 
   171     001B                     CCPR2           equ	27	;# 
   172     001B                     CCPR2L          equ	27	;# 
   173     001C                     CCPR2H          equ	28	;# 
   174     001D                     CCP2CON         equ	29	;# 
   175     001E                     ADRESH          equ	30	;# 
   176     001F                     ADCON0          equ	31	;# 
   177     0081                     OPTION_REG      equ	129	;# 
   178     0085                     TRISA           equ	133	;# 
   179     0086                     TRISB           equ	134	;# 
   180     0087                     TRISC           equ	135	;# 
   181     008C                     PIE1            equ	140	;# 
   182     008D                     PIE2            equ	141	;# 
   183     008E                     PCON            equ	142	;# 
   184     0091                     SSPCON2         equ	145	;# 
   185     0092                     PR2             equ	146	;# 
   186     0093                     SSPADD          equ	147	;# 
   187     0094                     SSPSTAT         equ	148	;# 
   188     0098                     TXSTA           equ	152	;# 
   189     0099                     SPBRG           equ	153	;# 
   190     009C                     CMCON           equ	156	;# 
   191     009D                     CVRCON          equ	157	;# 
   192     009E                     ADRESL          equ	158	;# 
   193     009F                     ADCON1          equ	159	;# 
   194     010C                     EEDATA          equ	268	;# 
   195     010D                     EEADR           equ	269	;# 
   196     010E                     EEDATH          equ	270	;# 
   197     010F                     EEADRH          equ	271	;# 
   198     018C                     EECON1          equ	396	;# 
   199     018D                     EECON2          equ	397	;# 
   200     0000                     INDF            equ	0	;# 
   201     0001                     TMR0            equ	1	;# 
   202     0002                     PCL             equ	2	;# 
   203     0003                     STATUS          equ	3	;# 
   204     0004                     FSR             equ	4	;# 
   205     0005                     PORTA           equ	5	;# 
   206     0006                     PORTB           equ	6	;# 
   207     0007                     PORTC           equ	7	;# 
   208     000A                     PCLATH          equ	10	;# 
   209     000B                     INTCON          equ	11	;# 
   210     000C                     PIR1            equ	12	;# 
   211     000D                     PIR2            equ	13	;# 
   212     000E                     TMR1            equ	14	;# 
   213     000E                     TMR1L           equ	14	;# 
   214     000F                     TMR1H           equ	15	;# 
   215     0010                     T1CON           equ	16	;# 
   216     0011                     TMR2            equ	17	;# 
   217     0012                     T2CON           equ	18	;# 
   218     0013                     SSPBUF          equ	19	;# 
   219     0014                     SSPCON          equ	20	;# 
   220     0015                     CCPR1           equ	21	;# 
   221     0015                     CCPR1L          equ	21	;# 
   222     0016                     CCPR1H          equ	22	;# 
   223     0017                     CCP1CON         equ	23	;# 
   224     0018                     RCSTA           equ	24	;# 
   225     0019                     TXREG           equ	25	;# 
   226     001A                     RCREG           equ	26	;# 
   227     001B                     CCPR2           equ	27	;# 
   228     001B                     CCPR2L          equ	27	;# 
   229     001C                     CCPR2H          equ	28	;# 
   230     001D                     CCP2CON         equ	29	;# 
   231     001E                     ADRESH          equ	30	;# 
   232     001F                     ADCON0          equ	31	;# 
   233     0081                     OPTION_REG      equ	129	;# 
   234     0085                     TRISA           equ	133	;# 
   235     0086                     TRISB           equ	134	;# 
   236     0087                     TRISC           equ	135	;# 
   237     008C                     PIE1            equ	140	;# 
   238     008D                     PIE2            equ	141	;# 
   239     008E                     PCON            equ	142	;# 
   240     0091                     SSPCON2         equ	145	;# 
   241     0092                     PR2             equ	146	;# 
   242     0093                     SSPADD          equ	147	;# 
   243     0094                     SSPSTAT         equ	148	;# 
   244     0098                     TXSTA           equ	152	;# 
   245     0099                     SPBRG           equ	153	;# 
   246     009C                     CMCON           equ	156	;# 
   247     009D                     CVRCON          equ	157	;# 
   248     009E                     ADRESL          equ	158	;# 
   249     009F                     ADCON1          equ	159	;# 
   250     010C                     EEDATA          equ	268	;# 
   251     010D                     EEADR           equ	269	;# 
   252     010E                     EEDATH          equ	270	;# 
   253     010F                     EEADRH          equ	271	;# 
   254     018C                     EECON1          equ	396	;# 
   255     018D                     EECON2          equ	397	;# 
   256     0000                     INDF            equ	0	;# 
   257     0001                     TMR0            equ	1	;# 
   258     0002                     PCL             equ	2	;# 
   259     0003                     STATUS          equ	3	;# 
   260     0004                     FSR             equ	4	;# 
   261     0005                     PORTA           equ	5	;# 
   262     0006                     PORTB           equ	6	;# 
   263     0007                     PORTC           equ	7	;# 
   264     000A                     PCLATH          equ	10	;# 
   265     000B                     INTCON          equ	11	;# 
   266     000C                     PIR1            equ	12	;# 
   267     000D                     PIR2            equ	13	;# 
   268     000E                     TMR1            equ	14	;# 
   269     000E                     TMR1L           equ	14	;# 
   270     000F                     TMR1H           equ	15	;# 
   271     0010                     T1CON           equ	16	;# 
   272     0011                     TMR2            equ	17	;# 
   273     0012                     T2CON           equ	18	;# 
   274     0013                     SSPBUF          equ	19	;# 
   275     0014                     SSPCON          equ	20	;# 
   276     0015                     CCPR1           equ	21	;# 
   277     0015                     CCPR1L          equ	21	;# 
   278     0016                     CCPR1H          equ	22	;# 
   279     0017                     CCP1CON         equ	23	;# 
   280     0018                     RCSTA           equ	24	;# 
   281     0019                     TXREG           equ	25	;# 
   282     001A                     RCREG           equ	26	;# 
   283     001B                     CCPR2           equ	27	;# 
   284     001B                     CCPR2L          equ	27	;# 
   285     001C                     CCPR2H          equ	28	;# 
   286     001D                     CCP2CON         equ	29	;# 
   287     001E                     ADRESH          equ	30	;# 
   288     001F                     ADCON0          equ	31	;# 
   289     0081                     OPTION_REG      equ	129	;# 
   290     0085                     TRISA           equ	133	;# 
   291     0086                     TRISB           equ	134	;# 
   292     0087                     TRISC           equ	135	;# 
   293     008C                     PIE1            equ	140	;# 
   294     008D                     PIE2            equ	141	;# 
   295     008E                     PCON            equ	142	;# 
   296     0091                     SSPCON2         equ	145	;# 
   297     0092                     PR2             equ	146	;# 
   298     0093                     SSPADD          equ	147	;# 
   299     0094                     SSPSTAT         equ	148	;# 
   300     0098                     TXSTA           equ	152	;# 
   301     0099                     SPBRG           equ	153	;# 
   302     009C                     CMCON           equ	156	;# 
   303     009D                     CVRCON          equ	157	;# 
   304     009E                     ADRESL          equ	158	;# 
   305     009F                     ADCON1          equ	159	;# 
   306     010C                     EEDATA          equ	268	;# 
   307     010D                     EEADR           equ	269	;# 
   308     010E                     EEDATH          equ	270	;# 
   309     010F                     EEADRH          equ	271	;# 
   310     018C                     EECON1          equ	396	;# 
   311     018D                     EECON2          equ	397	;# 
   312     0000                     INDF            equ	0	;# 
   313     0001                     TMR0            equ	1	;# 
   314     0002                     PCL             equ	2	;# 
   315     0003                     STATUS          equ	3	;# 
   316     0004                     FSR             equ	4	;# 
   317     0005                     PORTA           equ	5	;# 
   318     0006                     PORTB           equ	6	;# 
   319     0007                     PORTC           equ	7	;# 
   320     000A                     PCLATH          equ	10	;# 
   321     000B                     INTCON          equ	11	;# 
   322     000C                     PIR1            equ	12	;# 
   323     000D                     PIR2            equ	13	;# 
   324     000E                     TMR1            equ	14	;# 
   325     000E                     TMR1L           equ	14	;# 
   326     000F                     TMR1H           equ	15	;# 
   327     0010                     T1CON           equ	16	;# 
   328     0011                     TMR2            equ	17	;# 
   329     0012                     T2CON           equ	18	;# 
   330     0013                     SSPBUF          equ	19	;# 
   331     0014                     SSPCON          equ	20	;# 
   332     0015                     CCPR1           equ	21	;# 
   333     0015                     CCPR1L          equ	21	;# 
   334     0016                     CCPR1H          equ	22	;# 
   335     0017                     CCP1CON         equ	23	;# 
   336     0018                     RCSTA           equ	24	;# 
   337     0019                     TXREG           equ	25	;# 
   338     001A                     RCREG           equ	26	;# 
   339     001B                     CCPR2           equ	27	;# 
   340     001B                     CCPR2L          equ	27	;# 
   341     001C                     CCPR2H          equ	28	;# 
   342     001D                     CCP2CON         equ	29	;# 
   343     001E                     ADRESH          equ	30	;# 
   344     001F                     ADCON0          equ	31	;# 
   345     0081                     OPTION_REG      equ	129	;# 
   346     0085                     TRISA           equ	133	;# 
   347     0086                     TRISB           equ	134	;# 
   348     0087                     TRISC           equ	135	;# 
   349     008C                     PIE1            equ	140	;# 
   350     008D                     PIE2            equ	141	;# 
   351     008E                     PCON            equ	142	;# 
   352     0091                     SSPCON2         equ	145	;# 
   353     0092                     PR2             equ	146	;# 
   354     0093                     SSPADD          equ	147	;# 
   355     0094                     SSPSTAT         equ	148	;# 
   356     0098                     TXSTA           equ	152	;# 
   357     0099                     SPBRG           equ	153	;# 
   358     009C                     CMCON           equ	156	;# 
   359     009D                     CVRCON          equ	157	;# 
   360     009E                     ADRESL          equ	158	;# 
   361     009F                     ADCON1          equ	159	;# 
   362     010C                     EEDATA          equ	268	;# 
   363     010D                     EEADR           equ	269	;# 
   364     010E                     EEDATH          equ	270	;# 
   365     010F                     EEADRH          equ	271	;# 
   366     018C                     EECON1          equ	396	;# 
   367     018D                     EECON2          equ	397	;# 
   368                           
   369                           	psect	idataBANK0
   370     0773                     __pidataBANK0:
   371                           
   372                           ;initializer for _last_decrement_wait_time_multiplier
   373     0773  3401               	retlw	1
   374     0774  3400               	retlw	0
   375                           
   376                           ;initializer for _decrement_wait_time_multiplier
   377     0775  3401               	retlw	1
   378     0776  3400               	retlw	0
   379                           
   380                           ;initializer for _config_mode_value
   381     0777  3401               	retlw	1
   382     0778  3400               	retlw	0
   383                           
   384                           ;initializer for _button_timer_count
   385     0779  3401               	retlw	1
   386     077A  3400               	retlw	0
   387                           
   388                           	psect	idataBANK1
   389     0742                     __pidataBANK1:
   390                           
   391                           ;initializer for disp_config_mode@F1269
   392     0742  3430               	retlw	48
   393     0743  3431               	retlw	49
   394     0744  3432               	retlw	50
   395     0745  3433               	retlw	51
   396                           
   397                           ;initializer for _tick_timer_count
   398     0746  3401               	retlw	1
   399     0747  3400               	retlw	0
   400     0748  3400               	retlw	0
   401     0749  3400               	retlw	0
   402                           
   403                           ;initializer for disp_show_end@F1274
   404     074A  3465               	retlw	101
   405     074B  346E               	retlw	110
   406     074C  3464               	retlw	100
   407     000B                     _INTCONbits     set	11
   408     0019                     _TXREG          set	25
   409     0006                     _PORTBbits      set	6
   410     0018                     _RCSTA          set	24
   411     0001                     _TMR0           set	1
   412     001A                     _RCREG          set	26
   413     0018                     _RCSTAbits      set	24
   414     0005                     _PORTAbits      set	5
   415     0007                     _PORTCbits      set	7
   416     0010                     _T1CONbits      set	16
   417     0007                     _PORTC          set	7
   418     0006                     _PORTB          set	6
   419     0005                     _PORTA          set	5
   420     0064                     _TXIF           set	100
   421     005A                     _T0IF           set	90
   422     00C4                     _CREN           set	196
   423     0065                     _RCIF           set	101
   424     0081                     _OPTION_REG     set	129
   425     008C                     _PIE1bits       set	140
   426     0098                     _TXSTAbits      set	152
   427     0099                     _SPBRG          set	153
   428     0098                     _TXSTA          set	152
   429     009C                     _CMCON          set	156
   430     009F                     _ADCON1         set	159
   431     0087                     _TRISC          set	135
   432     0086                     _TRISB          set	134
   433     0085                     _TRISA          set	133
   434     043F                     _TRISC7         set	1087
   435     043E                     _TRISC6         set	1086
   436                           
   437                           	psect	strings
   438     0758                     __pstrings:
   439     0758                     stringtab:
   440     0758                     __stringtab:
   441     0758                     stringcode:	
   442                           ;	String table - string pointers are 1 byte each
   443                           
   444     0758                     stringdir:
   445     0758  3007               	movlw	high stringdir
   446     0759  008A               	movwf	10
   447     075A  0804               	movf	4,w
   448     075B  0A84               	incf	4,f
   449     075C  0782               	addwf	2,f
   450     075D                     __stringbase:
   451     075D  3400               	retlw	0
   452     075E                     __end_of__stringtab:
   453     075E                     STR_1:
   454     075E  3425               	retlw	37	;'%'
   455     075F  3464               	retlw	100	;'d'
   456     0760  3400               	retlw	0
   457                           
   458                           	psect	cinit
   459     000F                     start_initialization:	
   460                           ; #config settings
   461                           
   462     000F                     __initialization:
   463                           
   464                           ; Initialize objects allocated to BANK1
   465     000F  1383               	bcf	3,7	;select IRP bank0
   466     0010  30CD               	movlw	low (__pdataBANK1+11)
   467     0011  00FD               	movwf	btemp+-1
   468     0012  3007               	movlw	high __pidataBANK1
   469     0013  00FE               	movwf	btemp
   470     0014  3042               	movlw	low __pidataBANK1
   471     0015  00FF               	movwf	btemp+1
   472     0016  30C2               	movlw	low __pdataBANK1
   473     0017  0084               	movwf	4
   474     0018  120A  118A  26F2  120A  118A  	fcall	init_ram0
   475                           
   476                           ; Initialize objects allocated to BANK0
   477     001D  306B               	movlw	low (__pdataBANK0+8)
   478     001E  00FD               	movwf	btemp+-1
   479     001F  3007               	movlw	high __pidataBANK0
   480     0020  00FE               	movwf	btemp
   481     0021  3073               	movlw	low __pidataBANK0
   482     0022  00FF               	movwf	btemp+1
   483     0023  3063               	movlw	low __pdataBANK0
   484     0024  0084               	movwf	4
   485     0025  120A  118A  26F2  120A  118A  	fcall	init_ram0
   486                           
   487                           ; Clear objects allocated to BANK1
   488     002A  30A0               	movlw	low __pbssBANK1
   489     002B  0084               	movwf	4
   490     002C  30C2               	movlw	low (__pbssBANK1+34)
   491     002D  120A  118A  277B  120A  118A  	fcall	clear_ram0
   492                           
   493                           ; Clear objects allocated to BANK0
   494     0032  01EB               	clrf	__pbssBANK0& (0+127)
   495     0033  01EC               	clrf	(__pbssBANK0+1)& (0+127)
   496     0034  01ED               	clrf	(__pbssBANK0+2)& (0+127)
   497     0035  01EE               	clrf	(__pbssBANK0+3)& (0+127)
   498     0036  01EF               	clrf	(__pbssBANK0+4)& (0+127)
   499                           
   500                           ; Clear objects allocated to COMMON
   501     0037  01FC               	clrf	__pbssCOMMON& (0+127)
   502     0038  01FD               	clrf	(__pbssCOMMON+1)& (0+127)
   503     0039                     end_of_initialization:	
   504                           ;End of C runtime variable initialization code
   505                           
   506     0039                     __end_of__initialization:
   507     0039  0183               	clrf	3
   508     003A  120A  118A  292A   	ljmp	_main	;jump to C main() function
   509                           
   510                           	psect	bssCOMMON
   511     007C                     __pbssCOMMON:
   512     007C                     _display_value:
   513     007C                     	ds	2
   514                           
   515                           	psect	bssBANK0
   516     006B                     __pbssBANK0:
   517     006B                     _prec:
   518     006B                     	ds	2
   519     006D                     _flags:
   520     006D                     	ds	1
   521     006E                     _is_active_count:
   522     006E                     	ds	1
   523     006F                     _is_enabled_bip:
   524     006F                     	ds	1
   525                           
   526                           	psect	dataBANK0
   527     0063                     __pdataBANK0:
   528     0063                     _last_decrement_wait_time_multiplier:
   529     0063                     	ds	2
   530     0065                     _decrement_wait_time_multiplier:
   531     0065                     	ds	2
   532     0067                     _config_mode_value:
   533     0067                     	ds	2
   534     0069                     _button_timer_count:
   535     0069                     	ds	2
   536                           
   537                           	psect	bssBANK1
   538     00A0                     __pbssBANK1:
   539     00A0                     _dbuf:
   540     00A0                     	ds	32
   541     00C0                     _width:
   542     00C0                     	ds	2
   543                           
   544                           	psect	dataBANK1
   545     00C2                     __pdataBANK1:
   546     00C2                     disp_config_mode@F1269:
   547     00C2                     	ds	4
   548     00C6                     _tick_timer_count:
   549     00C6                     	ds	4
   550     00CA                     disp_show_end@F1274:
   551     00CA                     	ds	3
   552                           
   553                           	psect	inittext
   554     06EE                     init_fetch0:	
   555                           ;	Called with low address in FSR and high address in W
   556                           
   557     06EE  087E               	movf	btemp,w
   558     06EF  008A               	movwf	10
   559     06F0  087F               	movf	btemp+1,w
   560     06F1  0082               	movwf	2
   561     06F2                     init_ram0:	
   562                           ;Called with:
   563                           ;	high address of idata address in btemp 
   564                           ;	low address of idata address in btemp+1 
   565                           ;	low address of data in FSR
   566                           ;	high address + 1 of data in btemp-1
   567                           
   568     06F2  120A  118A  26EE  120A  118A  	fcall	init_fetch0
   569     06F7  0080               	movwf	0
   570     06F8  0A84               	incf	4,f
   571     06F9  0804               	movf	4,w
   572     06FA  067D               	xorwf	btemp+-1,w
   573     06FB  1903               	btfsc	3,2
   574     06FC  3400               	retlw	0
   575     06FD  0AFF               	incf	btemp+1,f
   576     06FE  1903               	btfsc	3,2
   577     06FF  0AFE               	incf	btemp,f
   578     0700  2EF2               	goto	init_ram0
   579                           
   580                           	psect	clrtext
   581     077B                     clear_ram0:	
   582                           ;	Called with FSR containing the base address, and
   583                           ;	W with the last address+1
   584                           
   585     077B  0064               	clrwdt	;clear the watchdog before getting into this loop
   586     077C                     clrloop0:
   587     077C  0180               	clrf	0	;clear RAM location pointed to by FSR
   588     077D  0A84               	incf	4,f	;increment pointer
   589     077E  0604               	xorwf	4,w	;XOR with final address
   590     077F  1903               	btfsc	3,2	;have we reached the end yet?
   591     0780  3400               	retlw	0	;all done for this memory range, return
   592     0781  0604               	xorwf	4,w	;XOR again to restore value
   593     0782  2F7C               	goto	clrloop0	;do the next byte
   594                           
   595                           	psect	cstackCOMMON
   596     0070                     __pcstackCOMMON:
   597     0070                     ?_config_global_interruptions:
   598     0070                     ?_uart_init:	
   599                           ; 1 bytes @ 0x0
   600                           
   601     0070                     ?_trigger_relay:	
   602                           ; 1 bytes @ 0x0
   603                           
   604     0070                     ?_beep:	
   605                           ; 1 bytes @ 0x0
   606                           
   607     0070                     ?_counters_reset:	
   608                           ; 1 bytes @ 0x0
   609                           
   610     0070                     ?_disp_show_end:	
   611                           ; 1 bytes @ 0x0
   612                           
   613     0070                     ?_change_multiplier:	
   614                           ; 1 bytes @ 0x0
   615                           
   616     0070                     ?_disp_set_byte:	
   617                           ; 1 bytes @ 0x0
   618                           
   619     0070                     ?_config_uart_interruption:	
   620                           ; 1 bytes @ 0x0
   621                           
   622     0070                     ?_config_timer_interruption:	
   623                           ; 1 bytes @ 0x0
   624                           
   625     0070                     ?_putch:	
   626                           ; 1 bytes @ 0x0
   627                           
   628     0070                     ?_main:	
   629                           ; 1 bytes @ 0x0
   630                           
   631     0070                     ?_my_interruptions:	
   632                           ; 1 bytes @ 0x0
   633                           
   634     0070                     ?___wmul:	
   635                           ; 1 bytes @ 0x0
   636                           
   637     0070                     putch@c:	
   638                           ; 2 bytes @ 0x0
   639                           
   640     0070                     ___wmul@multiplier:	
   641                           ; 1 bytes @ 0x0
   642                           
   643                           
   644                           ; 2 bytes @ 0x0
   645     0070                     	ds	2
   646     0072                     ___wmul@multiplicand:
   647                           
   648                           ; 2 bytes @ 0x2
   649     0072                     	ds	2
   650     0074                     ___wmul@product:
   651     0074                     ??___wmul:	
   652                           ; 2 bytes @ 0x4
   653                           
   654                           
   655                           ; 1 bytes @ 0x4
   656     0074                     	ds	2
   657     0076                     ??_my_interruptions:
   658                           
   659                           ; 1 bytes @ 0x6
   660     0076                     	ds	6
   661                           
   662                           	psect	cstackBANK0
   663     0020                     __pcstackBANK0:
   664     0020                     ?_fputc:
   665     0020                     ?___awdiv:	
   666                           ; 2 bytes @ 0x0
   667                           
   668     0020                     ?___awmod:	
   669                           ; 2 bytes @ 0x0
   670                           
   671     0020                     ?___lwdiv:	
   672                           ; 2 bytes @ 0x0
   673                           
   674     0020                     ?___lwmod:	
   675                           ; 2 bytes @ 0x0
   676                           
   677     0020                     disp_set_byte@byte:	
   678                           ; 2 bytes @ 0x0
   679                           
   680     0020                     ___awdiv@divisor:	
   681                           ; 1 bytes @ 0x0
   682                           
   683     0020                     ___awmod@divisor:	
   684                           ; 2 bytes @ 0x0
   685                           
   686     0020                     ___lwdiv@divisor:	
   687                           ; 2 bytes @ 0x0
   688                           
   689     0020                     ___lwmod@divisor:	
   690                           ; 2 bytes @ 0x0
   691                           
   692     0020                     fputc@c:	
   693                           ; 2 bytes @ 0x0
   694                           
   695     0020                     ??_config_global_interruptions:	
   696                           ; 2 bytes @ 0x0
   697                           
   698     0020                     ??_uart_init:	
   699                           ; 1 bytes @ 0x0
   700                           
   701     0020                     ??_trigger_relay:	
   702                           ; 1 bytes @ 0x0
   703                           
   704     0020                     ??_beep:	
   705                           ; 1 bytes @ 0x0
   706                           
   707     0020                     ??_counters_reset:	
   708                           ; 1 bytes @ 0x0
   709                           
   710     0020                     ??_disp_set_byte:	
   711                           ; 1 bytes @ 0x0
   712                           
   713     0020                     ??_config_uart_interruption:	
   714                           ; 1 bytes @ 0x0
   715                           
   716     0020                     ??_config_timer_interruption:	
   717                           ; 1 bytes @ 0x0
   718                           
   719     0020                     ??_putch:	
   720                           ; 1 bytes @ 0x0
   721                           
   722                           
   723                           ; 1 bytes @ 0x0
   724     0020                     	ds	1
   725     0021                     ?_disp_config_mode:
   726     0021                     disp_config_mode@config_number:	
   727                           ; 1 bytes @ 0x1
   728                           
   729     0021                     ??_disp_show_end:	
   730                           ; 2 bytes @ 0x1
   731                           
   732                           
   733                           ; 1 bytes @ 0x1
   734     0021                     	ds	1
   735     0022                     ___awdiv@dividend:
   736     0022                     ___awmod@dividend:	
   737                           ; 2 bytes @ 0x2
   738                           
   739     0022                     ___lwdiv@dividend:	
   740                           ; 2 bytes @ 0x2
   741                           
   742     0022                     ___lwmod@dividend:	
   743                           ; 2 bytes @ 0x2
   744                           
   745     0022                     fputc@fp:	
   746                           ; 2 bytes @ 0x2
   747                           
   748     0022                     ??_change_multiplier:	
   749                           ; 2 bytes @ 0x2
   750                           
   751                           
   752                           ; 1 bytes @ 0x2
   753     0022                     	ds	1
   754     0023                     disp_show_end@bytes:
   755     0023                     ??_disp_config_mode:	
   756                           ; 3 bytes @ 0x3
   757                           
   758                           
   759                           ; 1 bytes @ 0x3
   760     0023                     	ds	1
   761     0024                     ___awdiv@counter:
   762     0024                     ___awmod@counter:	
   763                           ; 1 bytes @ 0x4
   764                           
   765     0024                     ___lwmod@counter:	
   766                           ; 1 bytes @ 0x4
   767                           
   768     0024                     ___lwdiv@quotient:	
   769                           ; 1 bytes @ 0x4
   770                           
   771     0024                     ??_fputc:	
   772                           ; 2 bytes @ 0x4
   773                           
   774     0024                     ??___awdiv:	
   775                           ; 1 bytes @ 0x4
   776                           
   777     0024                     ??___awmod:	
   778                           ; 1 bytes @ 0x4
   779                           
   780     0024                     ??___lwdiv:	
   781                           ; 1 bytes @ 0x4
   782                           
   783     0024                     ??___lwmod:	
   784                           ; 1 bytes @ 0x4
   785                           
   786                           
   787                           ; 1 bytes @ 0x4
   788     0024                     	ds	1
   789     0025                     ___awdiv@sign:
   790     0025                     ___awmod@sign:	
   791                           ; 1 bytes @ 0x5
   792                           
   793     0025                     disp_config_mode@configs:	
   794                           ; 1 bytes @ 0x5
   795                           
   796                           
   797                           ; 4 bytes @ 0x5
   798     0025                     	ds	1
   799     0026                     ?_abs:
   800     0026                     ___lwdiv@counter:	
   801                           ; 2 bytes @ 0x6
   802                           
   803     0026                     disp_show_end@i:	
   804                           ; 1 bytes @ 0x6
   805                           
   806     0026                     ___awdiv@quotient:	
   807                           ; 2 bytes @ 0x6
   808                           
   809     0026                     abs@a:	
   810                           ; 2 bytes @ 0x6
   811                           
   812                           
   813                           ; 2 bytes @ 0x6
   814     0026                     	ds	2
   815     0028                     ??_abs:
   816                           
   817                           ; 1 bytes @ 0x8
   818     0028                     	ds	5
   819     002D                     ?_vfpfcnvrt:
   820     002D                     vfpfcnvrt@fp:	
   821                           ; 1 bytes @ 0xD
   822                           
   823                           
   824                           ; 2 bytes @ 0xD
   825     002D                     	ds	2
   826     002F                     vfpfcnvrt@fmt:
   827                           
   828                           ; 1 bytes @ 0xF
   829     002F                     	ds	1
   830     0030                     vfpfcnvrt@ap:
   831                           
   832                           ; 1 bytes @ 0x10
   833     0030                     	ds	1
   834     0031                     ??_vfpfcnvrt:
   835                           
   836                           ; 1 bytes @ 0x11
   837     0031                     	ds	2
   838     0033                     vfpfcnvrt@done:
   839                           
   840                           ; 1 bytes @ 0x13
   841     0033                     	ds	1
   842     0034                     vfpfcnvrt@cp:
   843                           
   844                           ; 1 bytes @ 0x14
   845     0034                     	ds	1
   846     0035                     vfpfcnvrt@convarg:
   847                           
   848                           ; 4 bytes @ 0x15
   849     0035                     	ds	4
   850     0039                     vfpfcnvrt@c:
   851                           
   852                           ; 1 bytes @ 0x19
   853     0039                     	ds	1
   854     003A                     ?_vfprintf:
   855     003A                     vfprintf@fp:	
   856                           ; 2 bytes @ 0x1A
   857                           
   858                           
   859                           ; 2 bytes @ 0x1A
   860     003A                     	ds	2
   861     003C                     vfprintf@fmt:
   862                           
   863                           ; 1 bytes @ 0x1C
   864     003C                     	ds	1
   865     003D                     vfprintf@ap:
   866                           
   867                           ; 1 bytes @ 0x1D
   868     003D                     	ds	1
   869     003E                     vfprintf@cfmt:
   870     003E                     ??_vfprintf:	
   871                           ; 1 bytes @ 0x1E
   872                           
   873                           
   874                           ; 1 bytes @ 0x1E
   875     003E                     	ds	1
   876     003F                     ?_sprintf:
   877     003F                     sprintf@s:	
   878                           ; 2 bytes @ 0x1F
   879                           
   880                           
   881                           ; 1 bytes @ 0x1F
   882     003F                     	ds	1
   883     0040                     sprintf@fmt:
   884                           
   885                           ; 1 bytes @ 0x20
   886     0040                     	ds	3
   887     0043                     ??_sprintf:
   888                           
   889                           ; 1 bytes @ 0x23
   890     0043                     	ds	1
   891     0044                     sprintf@ap:
   892                           
   893                           ; 1 bytes @ 0x24
   894     0044                     	ds	1
   895     0045                     sprintf@f:
   896                           
   897                           ; 11 bytes @ 0x25
   898     0045                     	ds	11
   899     0050                     ?_disp_print:
   900     0050                     disp_print@number:	
   901                           ; 1 bytes @ 0x30
   902                           
   903                           
   904                           ; 2 bytes @ 0x30
   905     0050                     	ds	2
   906     0052                     ??_disp_print:
   907                           
   908                           ; 1 bytes @ 0x32
   909     0052                     	ds	2
   910     0054                     disp_print@array_digits:
   911                           
   912                           ; 4 bytes @ 0x34
   913     0054                     	ds	4
   914     0058                     disp_print@count:
   915                           
   916                           ; 2 bytes @ 0x38
   917     0058                     	ds	2
   918     005A                     disp_print@number_of_digits:
   919                           
   920                           ; 2 bytes @ 0x3A
   921     005A                     	ds	2
   922     005C                     disp_print@i:
   923                           
   924                           ; 2 bytes @ 0x3C
   925     005C                     	ds	2
   926     005E                     disp_print@aux_number:
   927                           
   928                           ; 2 bytes @ 0x3E
   929     005E                     	ds	2
   930     0060                     ??_main:
   931                           
   932                           ; 1 bytes @ 0x40
   933     0060                     	ds	3
   934                           
   935                           	psect	maintext
   936     012A                     __pmaintext:	
   937 ;;
   938 ;;Main: autosize = 0, tempsize = 3, incstack = 0, save=0
   939 ;;
   940 ;; *************** function _main *****************
   941 ;; Defined at:
   942 ;;		line 49 in file "main.c"
   943 ;; Parameters:    Size  Location     Type
   944 ;;		None
   945 ;; Auto vars:     Size  Location     Type
   946 ;;		None
   947 ;; Return value:  Size  Location     Type
   948 ;;                  1    wreg      void 
   949 ;; Registers used:
   950 ;;		wreg, fsr0l, fsr0h, status,2, status,0, btemp+1, pclath, cstack
   951 ;; Tracked objects:
   952 ;;		On entry : B00/0
   953 ;;		On exit  : 0/0
   954 ;;		Unchanged: 0/0
   955 ;; Data sizes:     COMMON   BANK0   BANK1   BANK3   BANK2
   956 ;;      Params:         0       0       0       0       0
   957 ;;      Locals:         0       0       0       0       0
   958 ;;      Temps:          0       3       0       0       0
   959 ;;      Totals:         0       3       0       0       0
   960 ;;Total ram usage:        3 bytes
   961 ;; Hardware stack levels required when called: 8
   962 ;; This function calls:
   963 ;;		_beep
   964 ;;		_change_multiplier
   965 ;;		_config_global_interruptions
   966 ;;		_counters_reset
   967 ;;		_disp_config_mode
   968 ;;		_disp_print
   969 ;;		_disp_show_end
   970 ;;		_trigger_relay
   971 ;;		_uart_init
   972 ;; This function is called by:
   973 ;;		Startup code after reset
   974 ;; This function uses a non-reentrant model
   975 ;;
   976                           
   977     012A                     _main:	
   978                           ;psect for function _main
   979                           
   980     012A                     l1755:	
   981                           ;incstack = 0
   982                           ; Regs used in _main: [wreg-fsr0h+status,2+status,0+btemp+1+pclath+cstack]
   983                           
   984                           
   985                           ;main.c: 51:     PORTA = 0b00000000;
   986     012A  1283               	bcf	3,5	;RP0=0, select bank0
   987     012B  1303               	bcf	3,6	;RP1=0, select bank0
   988     012C  0185               	clrf	5	;volatile
   989     012D                     l1757:
   990                           
   991                           ;main.c: 52:     TRISA = 0b00000111;
   992     012D  3007               	movlw	7
   993     012E  1683               	bsf	3,5	;RP0=1, select bank1
   994     012F  1303               	bcf	3,6	;RP1=0, select bank1
   995     0130  0085               	movwf	5	;volatile
   996                           
   997                           ;main.c: 53:     PORTB = 0b00000000;
   998     0131  1283               	bcf	3,5	;RP0=0, select bank0
   999     0132  1303               	bcf	3,6	;RP1=0, select bank0
  1000     0133  0186               	clrf	6	;volatile
  1001                           
  1002                           ;main.c: 54:     TRISB = 0b00000000;
  1003     0134  1683               	bsf	3,5	;RP0=1, select bank1
  1004     0135  1303               	bcf	3,6	;RP1=0, select bank1
  1005     0136  0186               	clrf	6	;volatile
  1006                           
  1007                           ;main.c: 55:     PORTC = 0b00000000;
  1008     0137  1283               	bcf	3,5	;RP0=0, select bank0
  1009     0138  1303               	bcf	3,6	;RP1=0, select bank0
  1010     0139  0187               	clrf	7	;volatile
  1011     013A                     l1759:
  1012                           
  1013                           ;main.c: 56:     TRISC = 0b10000000;
  1014     013A  3080               	movlw	128
  1015     013B  1683               	bsf	3,5	;RP0=1, select bank1
  1016     013C  1303               	bcf	3,6	;RP1=0, select bank1
  1017     013D  0087               	movwf	7	;volatile
  1018     013E                     l1761:
  1019                           
  1020                           ;main.c: 57:     ADCON1 = 7;
  1021     013E  3007               	movlw	7
  1022     013F  009F               	movwf	31	;volatile
  1023     0140                     l1763:
  1024                           
  1025                           ;main.c: 58:     CMCON = 7;
  1026     0140  3007               	movlw	7
  1027     0141  009C               	movwf	28	;volatile
  1028     0142                     l1765:
  1029                           
  1030                           ;main.c: 59:     T1CONbits.T1OSCEN = 0;
  1031     0142  1283               	bcf	3,5	;RP0=0, select bank0
  1032     0143  1303               	bcf	3,6	;RP1=0, select bank0
  1033     0144  1190               	bcf	16,3	;volatile
  1034     0145                     l1767:
  1035                           
  1036                           ;main.c: 61:     config_global_interruptions();
  1037     0145  120A  118A  2735  120A  118A  	fcall	_config_global_interruptions
  1038     014A                     l1769:
  1039                           
  1040                           ;main.c: 62:     uart_init();
  1041     014A  120A  118A  2725  120A  118A  	fcall	_uart_init
  1042     014F                     l1771:
  1043                           
  1044                           ;main.c: 66:         if (display_value > 0) {
  1045     014F  087C               	movf	_display_value,w
  1046     0150  047D               	iorwf	_display_value+1,w
  1047     0151  1903               	btfsc	3,2
  1048     0152  2954               	goto	u1491
  1049     0153  2955               	goto	u1490
  1050     0154                     u1491:
  1051     0154  296E               	goto	l1781
  1052     0155                     u1490:
  1053     0155                     l1773:
  1054                           
  1055                           ;main.c: 67:             is_enabled_bip = 1;
  1056     0155  3001               	movlw	1
  1057     0156  1283               	bcf	3,5	;RP0=0, select bank0
  1058     0157  1303               	bcf	3,6	;RP1=0, select bank0
  1059     0158  00EF               	movwf	_is_enabled_bip
  1060     0159                     l1775:
  1061                           
  1062                           ;main.c: 68:             trigger_relay();
  1063     0159  120A  118A  2761  120A  118A  	fcall	_trigger_relay
  1064     015E                     l1777:
  1065                           
  1066                           ;main.c: 69:             disp_print(display_value);
  1067     015E  087D               	movf	_display_value+1,w
  1068     015F  1283               	bcf	3,5	;RP0=0, select bank0
  1069     0160  1303               	bcf	3,6	;RP1=0, select bank0
  1070     0161  00D1               	movwf	disp_print@number+1
  1071     0162  087C               	movf	_display_value,w
  1072     0163  00D0               	movwf	disp_print@number
  1073     0164  120A  118A  235B  120A  118A  	fcall	_disp_print
  1074     0169                     l1779:
  1075                           
  1076                           ;main.c: 70:             is_active_count = 1;
  1077     0169  3001               	movlw	1
  1078     016A  1283               	bcf	3,5	;RP0=0, select bank0
  1079     016B  1303               	bcf	3,6	;RP1=0, select bank0
  1080     016C  00EE               	movwf	_is_active_count
  1081                           
  1082                           ;main.c: 71:         } else {
  1083     016D  29FF               	goto	l1821
  1084     016E                     l1781:
  1085                           
  1086                           ;main.c: 72:             if (is_active_count) {
  1087     016E  1283               	bcf	3,5	;RP0=0, select bank0
  1088     016F  1303               	bcf	3,6	;RP1=0, select bank0
  1089     0170  086E               	movf	_is_active_count,w
  1090     0171  1903               	btfsc	3,2
  1091     0172  2974               	goto	u1501
  1092     0173  2975               	goto	u1500
  1093     0174                     u1501:
  1094     0174  2983               	goto	l1791
  1095     0175                     u1500:
  1096     0175                     l1783:
  1097                           
  1098                           ;main.c: 73:                 PORTCbits.RC4 = 0;
  1099     0175  1207               	bcf	7,4	;volatile
  1100     0176                     l1785:
  1101                           
  1102                           ;main.c: 74:                 beep();
  1103     0176  120A  118A  2632  120A  118A  	fcall	_beep
  1104     017B                     l1787:
  1105                           
  1106                           ;main.c: 75:                 is_active_count = 0;
  1107     017B  1283               	bcf	3,5	;RP0=0, select bank0
  1108     017C  1303               	bcf	3,6	;RP1=0, select bank0
  1109     017D  01EE               	clrf	_is_active_count
  1110     017E                     l1789:
  1111                           
  1112                           ;main.c: 76:                 counters_reset();
  1113     017E  120A  118A  2714  120A  118A  	fcall	_counters_reset
  1114     0183                     l1791:
  1115                           
  1116                           ;main.c: 78:             disp_show_end();
  1117     0183  120A  118A  251A  120A  118A  	fcall	_disp_show_end
  1118     0188  29FF               	goto	l1821
  1119     0189                     l82:
  1120                           
  1121                           ;main.c: 82:             if (PORTAbits.RA2 && (config_mode_value < 3)) {
  1122     0189  1D05               	btfss	5,2	;volatile
  1123     018A  298C               	goto	u1511
  1124     018B  298D               	goto	u1510
  1125     018C                     u1511:
  1126     018C  29AA               	goto	l1797
  1127     018D                     u1510:
  1128     018D                     l1793:
  1129     018D  3000               	movlw	0
  1130     018E  0268               	subwf	_config_mode_value+1,w
  1131     018F  3003               	movlw	3
  1132     0190  1903               	skipnz
  1133     0191  0267               	subwf	_config_mode_value,w
  1134     0192  1803               	skipnc
  1135     0193  2995               	goto	u1521
  1136     0194  2996               	goto	u1520
  1137     0195                     u1521:
  1138     0195  29AA               	goto	l1797
  1139     0196                     u1520:
  1140     0196                     l1795:
  1141                           
  1142                           ;main.c: 83:                 config_mode_value++;
  1143     0196  3001               	movlw	1
  1144     0197  07E7               	addwf	_config_mode_value,f
  1145     0198  1803               	skipnc
  1146     0199  0AE8               	incf	_config_mode_value+1,f
  1147     019A  3000               	movlw	0
  1148     019B  07E8               	addwf	_config_mode_value+1,f
  1149                           
  1150                           ;main.c: 84:                 _delay((unsigned long)((250)*(4000000/4000.0)));
  1151     019C  3002               	movlw	2
  1152     019D  1283               	bcf	3,5	;RP0=0, select bank0
  1153     019E  1303               	bcf	3,6	;RP1=0, select bank0
  1154     019F  00E2               	movwf	??_main+2
  1155     01A0  3045               	movlw	69
  1156     01A1  00E1               	movwf	??_main+1
  1157     01A2  30A9               	movlw	169
  1158     01A3  00E0               	movwf	??_main
  1159     01A4                     u1707:
  1160     01A4  0BE0               	decfsz	??_main,f
  1161     01A5  29A4               	goto	u1707
  1162     01A6  0BE1               	decfsz	??_main+1,f
  1163     01A7  29A4               	goto	u1707
  1164     01A8  0BE2               	decfsz	??_main+2,f
  1165     01A9  29A4               	goto	u1707
  1166     01AA                     l1797:
  1167                           
  1168                           ;main.c: 86:             if (PORTAbits.RA1 && (config_mode_value > 1)) {
  1169     01AA  1283               	bcf	3,5	;RP0=0, select bank0
  1170     01AB  1303               	bcf	3,6	;RP1=0, select bank0
  1171     01AC  1C85               	btfss	5,1	;volatile
  1172     01AD  29AF               	goto	u1531
  1173     01AE  29B0               	goto	u1530
  1174     01AF                     u1531:
  1175     01AF  29E2               	goto	l1817
  1176     01B0                     u1530:
  1177     01B0                     l1799:
  1178     01B0  3000               	movlw	0
  1179     01B1  0268               	subwf	_config_mode_value+1,w
  1180     01B2  3002               	movlw	2
  1181     01B3  1903               	skipnz
  1182     01B4  0267               	subwf	_config_mode_value,w
  1183     01B5  1C03               	skipc
  1184     01B6  29B8               	goto	u1541
  1185     01B7  29B9               	goto	u1540
  1186     01B8                     u1541:
  1187     01B8  29E2               	goto	l1817
  1188     01B9                     u1540:
  1189     01B9                     l1801:
  1190                           
  1191                           ;main.c: 87:                 config_mode_value--;
  1192     01B9  3001               	movlw	1
  1193     01BA  02E7               	subwf	_config_mode_value,f
  1194     01BB  3000               	movlw	0
  1195     01BC  1C03               	skipc
  1196     01BD  03E8               	decf	_config_mode_value+1,f
  1197     01BE  02E8               	subwf	_config_mode_value+1,f
  1198                           
  1199                           ;main.c: 88:                 _delay((unsigned long)((250)*(4000000/4000.0)));
  1200     01BF  3002               	movlw	2
  1201     01C0  1283               	bcf	3,5	;RP0=0, select bank0
  1202     01C1  1303               	bcf	3,6	;RP1=0, select bank0
  1203     01C2  00E2               	movwf	??_main+2
  1204     01C3  3045               	movlw	69
  1205     01C4  00E1               	movwf	??_main+1
  1206     01C5  30A9               	movlw	169
  1207     01C6  00E0               	movwf	??_main
  1208     01C7                     u1717:
  1209     01C7  0BE0               	decfsz	??_main,f
  1210     01C8  29C7               	goto	u1717
  1211     01C9  0BE1               	decfsz	??_main+1,f
  1212     01CA  29C7               	goto	u1717
  1213     01CB  0BE2               	decfsz	??_main+2,f
  1214     01CC  29C7               	goto	u1717
  1215     01CD  29E2               	goto	l1817
  1216     01CE                     l1803:
  1217                           
  1218                           ;main.c: 94:                     decrement_wait_time_multiplier = 1;
  1219     01CE  3001               	movlw	1
  1220     01CF  00E5               	movwf	_decrement_wait_time_multiplier
  1221     01D0  3000               	movlw	0
  1222     01D1  00E6               	movwf	_decrement_wait_time_multiplier+1
  1223     01D2                     l1805:
  1224                           
  1225                           ;main.c: 95:                     change_multiplier();
  1226     01D2  120A  118A  26CF  120A  118A  	fcall	_change_multiplier
  1227                           
  1228                           ;main.c: 96:                     break;
  1229     01D7  29F4               	goto	l1819
  1230     01D8                     l1807:
  1231                           
  1232                           ;main.c: 99:                     decrement_wait_time_multiplier = 60;
  1233     01D8  303C               	movlw	60
  1234     01D9  00E5               	movwf	_decrement_wait_time_multiplier
  1235     01DA  3000               	movlw	0
  1236     01DB  00E6               	movwf	_decrement_wait_time_multiplier+1
  1237     01DC  29D2               	goto	l1805
  1238     01DD                     l1811:
  1239                           
  1240                           ;main.c: 104:                     decrement_wait_time_multiplier = 3600;
  1241     01DD  3010               	movlw	16
  1242     01DE  00E5               	movwf	_decrement_wait_time_multiplier
  1243     01DF  300E               	movlw	14
  1244     01E0  00E6               	movwf	_decrement_wait_time_multiplier+1
  1245     01E1  29D2               	goto	l1805
  1246     01E2                     l1817:
  1247                           
  1248                           ; Switch on 2 bytes has been partitioned into a top level switch of size 1, and 1 sub-sw
      +                          itches
  1249                           ; Switch size 1, requested type "simple"
  1250                           ; Number of cases is 1, Range of values is 0 to 0
  1251                           ; switch strategies available:
  1252                           ; Name         Instructions Cycles
  1253                           ; simple_byte            4     3 (average)
  1254                           ; direct_byte           11     8 (fixed)
  1255                           ; jumptable            260     6 (fixed)
  1256                           ;	Chosen strategy is simple_byte
  1257     01E2  1283               	bcf	3,5	;RP0=0, select bank0
  1258     01E3  1303               	bcf	3,6	;RP1=0, select bank0
  1259     01E4  0868               	movf	_config_mode_value+1,w
  1260     01E5  3A00               	xorlw	0	; case 0
  1261     01E6  1903               	skipnz
  1262     01E7  29E9               	goto	l1899
  1263     01E8  29F4               	goto	l1819
  1264     01E9                     l1899:
  1265                           
  1266                           ; Switch size 1, requested type "simple"
  1267                           ; Number of cases is 3, Range of values is 1 to 3
  1268                           ; switch strategies available:
  1269                           ; Name         Instructions Cycles
  1270                           ; simple_byte           10     6 (average)
  1271                           ; direct_byte           20    11 (fixed)
  1272                           ; jumptable            263     9 (fixed)
  1273                           ;	Chosen strategy is simple_byte
  1274     01E9  0867               	movf	_config_mode_value,w
  1275     01EA  3A01               	xorlw	1	; case 1
  1276     01EB  1903               	skipnz
  1277     01EC  29CE               	goto	l1803
  1278     01ED  3A03               	xorlw	3	; case 2
  1279     01EE  1903               	skipnz
  1280     01EF  29D8               	goto	l1807
  1281     01F0  3A01               	xorlw	1	; case 3
  1282     01F1  1903               	skipnz
  1283     01F2  29DD               	goto	l1811
  1284     01F3  29F4               	goto	l1819
  1285     01F4                     l1819:
  1286                           
  1287                           ;main.c: 109:             disp_config_mode(config_mode_value);
  1288     01F4  1283               	bcf	3,5	;RP0=0, select bank0
  1289     01F5  1303               	bcf	3,6	;RP1=0, select bank0
  1290     01F6  0868               	movf	_config_mode_value+1,w
  1291     01F7  00A2               	movwf	disp_config_mode@config_number+1
  1292     01F8  0867               	movf	_config_mode_value,w
  1293     01F9  00A1               	movwf	disp_config_mode@config_number
  1294     01FA  120A  118A  2569  120A  118A  	fcall	_disp_config_mode
  1295     01FF                     l1821:
  1296                           
  1297                           ;main.c: 81:         while (PORTAbits.RA0) {
  1298     01FF  1283               	bcf	3,5	;RP0=0, select bank0
  1299     0200  1303               	bcf	3,6	;RP1=0, select bank0
  1300     0201  1805               	btfsc	5,0	;volatile
  1301     0202  2A04               	goto	u1551
  1302     0203  2A05               	goto	u1550
  1303     0204                     u1551:
  1304     0204  2989               	goto	l82
  1305     0205                     u1550:
  1306     0205  294F               	goto	l1771
  1307     0206  120A  118A  280C   	ljmp	start
  1308     0209                     __end_of_main:
  1309                           
  1310                           	psect	text1
  1311     0725                     __ptext1:	
  1312 ;; *************** function _uart_init *****************
  1313 ;; Defined at:
  1314 ;;		line 3 in file "uart_interface.c"
  1315 ;; Parameters:    Size  Location     Type
  1316 ;;		None
  1317 ;; Auto vars:     Size  Location     Type
  1318 ;;		None
  1319 ;; Return value:  Size  Location     Type
  1320 ;;                  1    wreg      void 
  1321 ;; Registers used:
  1322 ;;		None
  1323 ;; Tracked objects:
  1324 ;;		On entry : 0/0
  1325 ;;		On exit  : 0/0
  1326 ;;		Unchanged: 0/0
  1327 ;; Data sizes:     COMMON   BANK0   BANK1   BANK3   BANK2
  1328 ;;      Params:         0       0       0       0       0
  1329 ;;      Locals:         0       0       0       0       0
  1330 ;;      Temps:          0       0       0       0       0
  1331 ;;      Totals:         0       0       0       0       0
  1332 ;;Total ram usage:        0 bytes
  1333 ;; Hardware stack levels used: 1
  1334 ;; Hardware stack levels required when called: 2
  1335 ;; This function calls:
  1336 ;;		Nothing
  1337 ;; This function is called by:
  1338 ;;		_main
  1339 ;; This function uses a non-reentrant model
  1340 ;;
  1341                           
  1342     0725                     _uart_init:	
  1343                           ;psect for function _uart_init
  1344                           
  1345     0725                     l1659:	
  1346                           ;incstack = 0
  1347                           ; Regs used in _uart_init: []
  1348                           
  1349                           
  1350                           ;uart_interface.c: 4:     TXSTA = 0b00100010;
  1351     0725  3022               	movlw	34
  1352     0726  1683               	bsf	3,5	;RP0=1, select bank1
  1353     0727  1303               	bcf	3,6	;RP1=0, select bank1
  1354     0728  0098               	movwf	24	;volatile
  1355                           
  1356                           ;uart_interface.c: 5:     RCSTA = 0b10010010;
  1357     0729  3092               	movlw	146
  1358     072A  1283               	bcf	3,5	;RP0=0, select bank0
  1359     072B  1303               	bcf	3,6	;RP1=0, select bank0
  1360     072C  0098               	movwf	24	;volatile
  1361                           
  1362                           ;uart_interface.c: 6:     SPBRG = 12;
  1363     072D  300C               	movlw	12
  1364     072E  1683               	bsf	3,5	;RP0=1, select bank1
  1365     072F  1303               	bcf	3,6	;RP1=0, select bank1
  1366     0730  0099               	movwf	25	;volatile
  1367                           
  1368                           ;uart_interface.c: 7:     TRISC6 = 0;
  1369     0731  1307               	bcf	7,6	;volatile
  1370                           
  1371                           ;uart_interface.c: 8:     TRISC7 = 1;
  1372     0732  1787               	bsf	7,7	;volatile
  1373                           
  1374                           ;uart_interface.c: 9:     TXSTAbits.TRMT = 1;
  1375     0733  1498               	bsf	24,1	;volatile
  1376     0734                     l207:
  1377     0734  0008               	return
  1378     0735                     __end_of_uart_init:
  1379                           
  1380                           	psect	text2
  1381     0761                     __ptext2:	
  1382 ;; *************** function _trigger_relay *****************
  1383 ;; Defined at:
  1384 ;;		line 190 in file "main.c"
  1385 ;; Parameters:    Size  Location     Type
  1386 ;;		None
  1387 ;; Auto vars:     Size  Location     Type
  1388 ;;		None
  1389 ;; Return value:  Size  Location     Type
  1390 ;;                  1    wreg      void 
  1391 ;; Registers used:
  1392 ;;		None
  1393 ;; Tracked objects:
  1394 ;;		On entry : 0/0
  1395 ;;		On exit  : 0/0
  1396 ;;		Unchanged: 0/0
  1397 ;; Data sizes:     COMMON   BANK0   BANK1   BANK3   BANK2
  1398 ;;      Params:         0       0       0       0       0
  1399 ;;      Locals:         0       0       0       0       0
  1400 ;;      Temps:          0       0       0       0       0
  1401 ;;      Totals:         0       0       0       0       0
  1402 ;;Total ram usage:        0 bytes
  1403 ;; Hardware stack levels used: 1
  1404 ;; Hardware stack levels required when called: 2
  1405 ;; This function calls:
  1406 ;;		Nothing
  1407 ;; This function is called by:
  1408 ;;		_main
  1409 ;; This function uses a non-reentrant model
  1410 ;;
  1411                           
  1412     0761                     _trigger_relay:	
  1413                           ;psect for function _trigger_relay
  1414                           
  1415     0761                     l1661:	
  1416                           ;incstack = 0
  1417                           ; Regs used in _trigger_relay: []
  1418                           
  1419                           
  1420                           ;main.c: 191:     if (PORTCbits.RC4) return;
  1421     0761  1283               	bcf	3,5	;RP0=0, select bank0
  1422     0762  1303               	bcf	3,6	;RP1=0, select bank0
  1423     0763  1E07               	btfss	7,4	;volatile
  1424     0764  2F66               	goto	u1371
  1425     0765  2F67               	goto	u1370
  1426     0766                     u1371:
  1427     0766  2F68               	goto	l118
  1428     0767                     u1370:
  1429     0767  2F69               	goto	l119
  1430     0768                     l118:
  1431                           
  1432                           ;main.c: 192:     PORTCbits.RC4 = 1;
  1433     0768  1607               	bsf	7,4	;volatile
  1434     0769                     l119:
  1435     0769  0008               	return
  1436     076A                     __end_of_trigger_relay:
  1437                           
  1438                           	psect	text3
  1439     051A                     __ptext3:	
  1440 ;; *************** function _disp_show_end *****************
  1441 ;; Defined at:
  1442 ;;		line 103 in file "common_anode_display.c"
  1443 ;; Parameters:    Size  Location     Type
  1444 ;;		None
  1445 ;; Auto vars:     Size  Location     Type
  1446 ;;  i               2    6[BANK0 ] int 
  1447 ;;  bytes           3    3[BANK0 ] unsigned char [3]
  1448 ;; Return value:  Size  Location     Type
  1449 ;;                  1    wreg      void 
  1450 ;; Registers used:
  1451 ;;		wreg, fsr0l, fsr0h, status,2, status,0, btemp+1, pclath, cstack
  1452 ;; Tracked objects:
  1453 ;;		On entry : 0/0
  1454 ;;		On exit  : 0/0
  1455 ;;		Unchanged: 0/0
  1456 ;; Data sizes:     COMMON   BANK0   BANK1   BANK3   BANK2
  1457 ;;      Params:         0       0       0       0       0
  1458 ;;      Locals:         0       5       0       0       0
  1459 ;;      Temps:          0       2       0       0       0
  1460 ;;      Totals:         0       7       0       0       0
  1461 ;;Total ram usage:        7 bytes
  1462 ;; Hardware stack levels used: 1
  1463 ;; Hardware stack levels required when called: 3
  1464 ;; This function calls:
  1465 ;;		_disp_set_byte
  1466 ;; This function is called by:
  1467 ;;		_main
  1468 ;; This function uses a non-reentrant model
  1469 ;;
  1470                           
  1471     051A                     _disp_show_end:	
  1472                           ;psect for function _disp_show_end
  1473                           
  1474     051A                     l1697:	
  1475                           ;incstack = 0
  1476                           ; Regs used in _disp_show_end: [wreg-fsr0h+status,2+status,0+btemp+1+pclath+cstack]
  1477                           
  1478                           
  1479                           ;common_anode_display.c: 104:     char bytes[] = {'e', 'n', 'd'};
  1480     051A  1683               	bsf	3,5	;RP0=1, select bank1
  1481     051B  1303               	bcf	3,6	;RP1=0, select bank1
  1482     051C  084A               	movf	disp_show_end@F1274^(0+128),w
  1483     051D  1283               	bcf	3,5	;RP0=0, select bank0
  1484     051E  1303               	bcf	3,6	;RP1=0, select bank0
  1485     051F  00A3               	movwf	disp_show_end@bytes
  1486     0520  1683               	bsf	3,5	;RP0=1, select bank1
  1487     0521  1303               	bcf	3,6	;RP1=0, select bank1
  1488     0522  084B               	movf	(disp_show_end@F1274+1)^(0+128),w
  1489     0523  1283               	bcf	3,5	;RP0=0, select bank0
  1490     0524  1303               	bcf	3,6	;RP1=0, select bank0
  1491     0525  00A4               	movwf	disp_show_end@bytes+1
  1492     0526  1683               	bsf	3,5	;RP0=1, select bank1
  1493     0527  1303               	bcf	3,6	;RP1=0, select bank1
  1494     0528  084C               	movf	(disp_show_end@F1274+2)^(0+128),w
  1495     0529  1283               	bcf	3,5	;RP0=0, select bank0
  1496     052A  1303               	bcf	3,6	;RP1=0, select bank0
  1497     052B  00A5               	movwf	disp_show_end@bytes+2
  1498     052C                     l1699:
  1499                           
  1500                           ;common_anode_display.c: 106:     for (int i = 0; i < 3; i++) {
  1501     052C  01A6               	clrf	disp_show_end@i
  1502     052D  01A7               	clrf	disp_show_end@i+1
  1503     052E                     l1705:
  1504                           
  1505                           ;common_anode_display.c: 107:         PORTC |= 0b1111;
  1506     052E  300F               	movlw	15
  1507     052F  1283               	bcf	3,5	;RP0=0, select bank0
  1508     0530  1303               	bcf	3,6	;RP1=0, select bank0
  1509     0531  0487               	iorwf	7,f	;volatile
  1510     0532                     l1707:
  1511                           
  1512                           ;common_anode_display.c: 108:         disp_set_byte(bytes[i]);
  1513     0532  0826               	movf	disp_show_end@i,w
  1514     0533  3E23               	addlw	(low (disp_show_end@bytes| 0))& (0+255)
  1515     0534  0084               	movwf	4
  1516     0535  1383               	bcf	3,7	;select IRP bank0
  1517     0536  0800               	movf	0,w
  1518     0537  120A  118A  23EC  120A  118A  	fcall	_disp_set_byte
  1519     053C                     l1709:
  1520                           
  1521                           ;common_anode_display.c: 109:         PORTC ^= (1 << i);
  1522     053C  3001               	movlw	1
  1523     053D  1283               	bcf	3,5	;RP0=0, select bank0
  1524     053E  1303               	bcf	3,6	;RP1=0, select bank0
  1525     053F  00A1               	movwf	??_disp_show_end
  1526     0540  0A26               	incf	disp_show_end@i,w
  1527     0541  2D44               	goto	u1424
  1528     0542                     u1425:
  1529     0542  1003               	clrc
  1530     0543  0DA1               	rlf	??_disp_show_end,f
  1531     0544                     u1424:
  1532     0544  3EFF               	addlw	-1
  1533     0545  1D03               	skipz
  1534     0546  2D42               	goto	u1425
  1535     0547  0821               	movf	??_disp_show_end,w
  1536     0548  0687               	xorwf	7,f	;volatile
  1537     0549                     l1711:
  1538                           
  1539                           ;common_anode_display.c: 110:         _delay((unsigned long)((2)*(4000000/4000.0)));
  1540     0549  3003               	movlw	3
  1541     054A  1283               	bcf	3,5	;RP0=0, select bank0
  1542     054B  1303               	bcf	3,6	;RP1=0, select bank0
  1543     054C  00A2               	movwf	??_disp_show_end+1
  1544     054D  3097               	movlw	151
  1545     054E  00A1               	movwf	??_disp_show_end
  1546     054F                     u1727:
  1547     054F  0BA1               	decfsz	??_disp_show_end,f
  1548     0550  2D4F               	goto	u1727
  1549     0551  0BA2               	decfsz	??_disp_show_end+1,f
  1550     0552  2D4F               	goto	u1727
  1551     0553                     l1713:
  1552                           
  1553                           ;common_anode_display.c: 111:     }
  1554     0553  3001               	movlw	1
  1555     0554  1283               	bcf	3,5	;RP0=0, select bank0
  1556     0555  1303               	bcf	3,6	;RP1=0, select bank0
  1557     0556  07A6               	addwf	disp_show_end@i,f
  1558     0557  1803               	skipnc
  1559     0558  0AA7               	incf	disp_show_end@i+1,f
  1560     0559  3000               	movlw	0
  1561     055A  07A7               	addwf	disp_show_end@i+1,f
  1562     055B                     l1715:
  1563     055B  0827               	movf	disp_show_end@i+1,w
  1564     055C  3A80               	xorlw	128
  1565     055D  00FF               	movwf	btemp+1
  1566     055E  3080               	movlw	128
  1567     055F  027F               	subwf	btemp+1,w
  1568     0560  1D03               	skipz
  1569     0561  2D64               	goto	u1435
  1570     0562  3003               	movlw	3
  1571     0563  0226               	subwf	disp_show_end@i,w
  1572     0564                     u1435:
  1573     0564  1C03               	skipc
  1574     0565  2D67               	goto	u1431
  1575     0566  2D68               	goto	u1430
  1576     0567                     u1431:
  1577     0567  2D2E               	goto	l1705
  1578     0568                     u1430:
  1579     0568                     l182:
  1580     0568  0008               	return
  1581     0569                     __end_of_disp_show_end:
  1582                           
  1583                           	psect	text4
  1584     035B                     __ptext4:	
  1585 ;; *************** function _disp_print *****************
  1586 ;; Defined at:
  1587 ;;		line 3 in file "common_anode_display.c"
  1588 ;; Parameters:    Size  Location     Type
  1589 ;;  number          2   48[BANK0 ] unsigned int 
  1590 ;; Auto vars:     Size  Location     Type
  1591 ;;  i               2   60[BANK0 ] int 
  1592 ;;  array_digits    4   52[BANK0 ] unsigned char [4]
  1593 ;;  aux_number      2   62[BANK0 ] unsigned int 
  1594 ;;  number_of_di    2   58[BANK0 ] unsigned int 
  1595 ;;  count           2   56[BANK0 ] unsigned int 
  1596 ;; Return value:  Size  Location     Type
  1597 ;;                  1    wreg      void 
  1598 ;; Registers used:
  1599 ;;		wreg, fsr0l, fsr0h, status,2, status,0, btemp+1, pclath, cstack
  1600 ;; Tracked objects:
  1601 ;;		On entry : 0/0
  1602 ;;		On exit  : 0/0
  1603 ;;		Unchanged: 0/0
  1604 ;; Data sizes:     COMMON   BANK0   BANK1   BANK3   BANK2
  1605 ;;      Params:         0       2       0       0       0
  1606 ;;      Locals:         0      12       0       0       0
  1607 ;;      Temps:          0       2       0       0       0
  1608 ;;      Totals:         0      16       0       0       0
  1609 ;;Total ram usage:       16 bytes
  1610 ;; Hardware stack levels used: 1
  1611 ;; Hardware stack levels required when called: 7
  1612 ;; This function calls:
  1613 ;;		___lwdiv
  1614 ;;		___lwmod
  1615 ;;		_disp_set_byte
  1616 ;;		_sprintf
  1617 ;; This function is called by:
  1618 ;;		_main
  1619 ;; This function uses a non-reentrant model
  1620 ;;
  1621                           
  1622     035B                     _disp_print:	
  1623                           ;psect for function _disp_print
  1624                           
  1625     035B                     l1665:	
  1626                           ;incstack = 0
  1627                           ; Regs used in _disp_print: [wreg-fsr0h+status,2+status,0+btemp+1+pclath+cstack]
  1628                           
  1629                           
  1630                           ;common_anode_display.c: 5:     unsigned int aux_number = number,
  1631     035B  1283               	bcf	3,5	;RP0=0, select bank0
  1632     035C  1303               	bcf	3,6	;RP1=0, select bank0
  1633     035D  0851               	movf	disp_print@number+1,w
  1634     035E  00DF               	movwf	disp_print@aux_number+1
  1635     035F  0850               	movf	disp_print@number,w
  1636     0360  00DE               	movwf	disp_print@aux_number
  1637                           
  1638                           ;common_anode_display.c: 6:             count = 1,
  1639     0361  3001               	movlw	1
  1640     0362  00D8               	movwf	disp_print@count
  1641     0363  3000               	movlw	0
  1642     0364  00D9               	movwf	disp_print@count+1
  1643     0365                     l1667:
  1644                           
  1645                           ;common_anode_display.c: 7:             number_of_digits = 0;
  1646     0365  01DA               	clrf	disp_print@number_of_digits
  1647     0366  01DB               	clrf	disp_print@number_of_digits+1
  1648     0367                     l1669:
  1649                           
  1650                           ;common_anode_display.c: 9:     if (aux_number == 0) {
  1651     0367  085E               	movf	disp_print@aux_number,w
  1652     0368  045F               	iorwf	disp_print@aux_number+1,w
  1653     0369  1D03               	btfss	3,2
  1654     036A  2B6C               	goto	u1381
  1655     036B  2B6D               	goto	u1380
  1656     036C                     u1381:
  1657     036C  2B9E               	goto	l1679
  1658     036D                     u1380:
  1659     036D                     l1671:
  1660                           
  1661                           ;common_anode_display.c: 10:         number_of_digits = 1;
  1662     036D  3001               	movlw	1
  1663     036E  00DA               	movwf	disp_print@number_of_digits
  1664     036F  3000               	movlw	0
  1665     0370  00DB               	movwf	disp_print@number_of_digits+1
  1666                           
  1667                           ;common_anode_display.c: 11:     } else {
  1668     0371  2BA4               	goto	l1681
  1669     0372                     l1673:
  1670     0372  300A               	movlw	10
  1671     0373  00A0               	movwf	___lwmod@divisor
  1672     0374  3000               	movlw	0
  1673     0375  00A1               	movwf	___lwmod@divisor+1
  1674     0376  085F               	movf	disp_print@aux_number+1,w
  1675     0377  00A3               	movwf	___lwmod@dividend+1
  1676     0378  085E               	movf	disp_print@aux_number,w
  1677     0379  00A2               	movwf	___lwmod@dividend
  1678     037A  120A  118A  25F8  120A  118A  	fcall	___lwmod
  1679                           
  1680                           ;common_anode_display.c: 14:             aux_number = aux_number / 10;
  1681     037F  300A               	movlw	10
  1682     0380  1283               	bcf	3,5	;RP0=0, select bank0
  1683     0381  1303               	bcf	3,6	;RP1=0, select bank0
  1684     0382  00A0               	movwf	___lwdiv@divisor
  1685     0383  3000               	movlw	0
  1686     0384  00A1               	movwf	___lwdiv@divisor+1
  1687     0385  085F               	movf	disp_print@aux_number+1,w
  1688     0386  00A3               	movwf	___lwdiv@dividend+1
  1689     0387  085E               	movf	disp_print@aux_number,w
  1690     0388  00A2               	movwf	___lwdiv@dividend
  1691     0389  120A  118A  25B4  120A  118A  	fcall	___lwdiv
  1692     038E  1283               	bcf	3,5	;RP0=0, select bank0
  1693     038F  1303               	bcf	3,6	;RP1=0, select bank0
  1694     0390  0821               	movf	?___lwdiv+1,w
  1695     0391  00DF               	movwf	disp_print@aux_number+1
  1696     0392  0820               	movf	?___lwdiv,w
  1697     0393  00DE               	movwf	disp_print@aux_number
  1698     0394                     l1675:
  1699                           
  1700                           ;common_anode_display.c: 15:             number_of_digits = count++;
  1701     0394  0859               	movf	disp_print@count+1,w
  1702     0395  00DB               	movwf	disp_print@number_of_digits+1
  1703     0396  0858               	movf	disp_print@count,w
  1704     0397  00DA               	movwf	disp_print@number_of_digits
  1705     0398                     l1677:
  1706     0398  3001               	movlw	1
  1707     0399  07D8               	addwf	disp_print@count,f
  1708     039A  1803               	skipnc
  1709     039B  0AD9               	incf	disp_print@count+1,f
  1710     039C  3000               	movlw	0
  1711     039D  07D9               	addwf	disp_print@count+1,f
  1712     039E                     l1679:
  1713                           
  1714                           ;common_anode_display.c: 12:         while (aux_number > 0) {
  1715     039E  085E               	movf	disp_print@aux_number,w
  1716     039F  045F               	iorwf	disp_print@aux_number+1,w
  1717     03A0  1D03               	btfss	3,2
  1718     03A1  2BA3               	goto	u1391
  1719     03A2  2BA4               	goto	u1390
  1720     03A3                     u1391:
  1721     03A3  2B72               	goto	l1673
  1722     03A4                     u1390:
  1723     03A4                     l1681:
  1724                           
  1725                           ;common_anode_display.c: 19:     unsigned char array_digits[4];;common_anode_display.c: 
      +                          20:     sprintf(array_digits, "%d", number);
  1726     03A4  3054               	movlw	(low (disp_print@array_digits| 0))& (0+255)
  1727     03A5  00BF               	movwf	sprintf@s
  1728     03A6  3001               	movlw	(low ((STR_1-__stringbase)| (0+32768)))& (0+255)
  1729     03A7  00C0               	movwf	sprintf@fmt
  1730     03A8  0851               	movf	disp_print@number+1,w
  1731     03A9  00C2               	movwf	?_sprintf+3
  1732     03AA  0850               	movf	disp_print@number,w
  1733     03AB  00C1               	movwf	?_sprintf+2
  1734     03AC  120A  118A  2689  120A  118A  	fcall	_sprintf
  1735     03B1                     l1683:
  1736                           
  1737                           ;common_anode_display.c: 22:     for (int i = 0; i < number_of_digits; i++) {
  1738     03B1  1283               	bcf	3,5	;RP0=0, select bank0
  1739     03B2  1303               	bcf	3,6	;RP1=0, select bank0
  1740     03B3  01DC               	clrf	disp_print@i
  1741     03B4  01DD               	clrf	disp_print@i+1
  1742     03B5  2BE1               	goto	l1695
  1743     03B6                     l1685:
  1744                           
  1745                           ;common_anode_display.c: 23:         PORTC |= 0b1111;
  1746     03B6  300F               	movlw	15
  1747     03B7  0487               	iorwf	7,f	;volatile
  1748     03B8                     l1687:
  1749                           
  1750                           ;common_anode_display.c: 24:         disp_set_byte(array_digits[i]);
  1751     03B8  085C               	movf	disp_print@i,w
  1752     03B9  3E54               	addlw	(low (disp_print@array_digits| 0))& (0+255)
  1753     03BA  0084               	movwf	4
  1754     03BB  1383               	bcf	3,7	;select IRP bank0
  1755     03BC  0800               	movf	0,w
  1756     03BD  120A  118A  23EC  120A  118A  	fcall	_disp_set_byte
  1757     03C2                     l1689:
  1758                           
  1759                           ;common_anode_display.c: 25:         PORTC ^= (1 << i);
  1760     03C2  3001               	movlw	1
  1761     03C3  1283               	bcf	3,5	;RP0=0, select bank0
  1762     03C4  1303               	bcf	3,6	;RP1=0, select bank0
  1763     03C5  00D2               	movwf	??_disp_print
  1764     03C6  0A5C               	incf	disp_print@i,w
  1765     03C7  2BCA               	goto	u1404
  1766     03C8                     u1405:
  1767     03C8  1003               	clrc
  1768     03C9  0DD2               	rlf	??_disp_print,f
  1769     03CA                     u1404:
  1770     03CA  3EFF               	addlw	-1
  1771     03CB  1D03               	skipz
  1772     03CC  2BC8               	goto	u1405
  1773     03CD  0852               	movf	??_disp_print,w
  1774     03CE  0687               	xorwf	7,f	;volatile
  1775     03CF                     l1691:
  1776                           
  1777                           ;common_anode_display.c: 26:         _delay((unsigned long)((2)*(4000000/4000.0)));
  1778     03CF  3003               	movlw	3
  1779     03D0  1283               	bcf	3,5	;RP0=0, select bank0
  1780     03D1  1303               	bcf	3,6	;RP1=0, select bank0
  1781     03D2  00D3               	movwf	??_disp_print+1
  1782     03D3  3097               	movlw	151
  1783     03D4  00D2               	movwf	??_disp_print
  1784     03D5                     u1737:
  1785     03D5  0BD2               	decfsz	??_disp_print,f
  1786     03D6  2BD5               	goto	u1737
  1787     03D7  0BD3               	decfsz	??_disp_print+1,f
  1788     03D8  2BD5               	goto	u1737
  1789     03D9                     l1693:
  1790                           
  1791                           ;common_anode_display.c: 27:     }
  1792     03D9  3001               	movlw	1
  1793     03DA  1283               	bcf	3,5	;RP0=0, select bank0
  1794     03DB  1303               	bcf	3,6	;RP1=0, select bank0
  1795     03DC  07DC               	addwf	disp_print@i,f
  1796     03DD  1803               	skipnc
  1797     03DE  0ADD               	incf	disp_print@i+1,f
  1798     03DF  3000               	movlw	0
  1799     03E0  07DD               	addwf	disp_print@i+1,f
  1800     03E1                     l1695:
  1801     03E1  085B               	movf	disp_print@number_of_digits+1,w
  1802     03E2  025D               	subwf	disp_print@i+1,w
  1803     03E3  1D03               	skipz
  1804     03E4  2BE7               	goto	u1415
  1805     03E5  085A               	movf	disp_print@number_of_digits,w
  1806     03E6  025C               	subwf	disp_print@i,w
  1807     03E7                     u1415:
  1808     03E7  1C03               	skipc
  1809     03E8  2BEA               	goto	u1411
  1810     03E9  2BEB               	goto	u1410
  1811     03EA                     u1411:
  1812     03EA  2BB6               	goto	l1685
  1813     03EB                     u1410:
  1814     03EB                     l147:
  1815     03EB  0008               	return
  1816     03EC                     __end_of_disp_print:
  1817                           
  1818                           	psect	text5
  1819     0689                     __ptext5:	
  1820 ;; *************** function _sprintf *****************
  1821 ;; Defined at:
  1822 ;;		line 9 in file "C:\Program Files\Microchip\xc8\v2.50\pic\sources\c99\common\nf_sprintf.c"
  1823 ;; Parameters:    Size  Location     Type
  1824 ;;  s               1   31[BANK0 ] PTR unsigned char 
  1825 ;;		 -> disp_print@array_digits(4), 
  1826 ;;  fmt             1   32[BANK0 ] PTR const unsigned char 
  1827 ;;		 -> STR_1(3), 
  1828 ;; Auto vars:     Size  Location     Type
  1829 ;;  f              11   37[BANK0 ] struct _IO_FILE
  1830 ;;  ret             2    0        int 
  1831 ;;  ap              1   36[BANK0 ] PTR void [1]
  1832 ;;		 -> ?_sprintf(2), 
  1833 ;; Return value:  Size  Location     Type
  1834 ;;                  2   31[BANK0 ] int 
  1835 ;; Registers used:
  1836 ;;		wreg, fsr0l, fsr0h, status,2, status,0, btemp+1, pclath, cstack
  1837 ;; Tracked objects:
  1838 ;;		On entry : 0/0
  1839 ;;		On exit  : 0/0
  1840 ;;		Unchanged: 0/0
  1841 ;; Data sizes:     COMMON   BANK0   BANK1   BANK3   BANK2
  1842 ;;      Params:         0       4       0       0       0
  1843 ;;      Locals:         0      12       0       0       0
  1844 ;;      Temps:          0       1       0       0       0
  1845 ;;      Totals:         0      17       0       0       0
  1846 ;;Total ram usage:       17 bytes
  1847 ;; Hardware stack levels used: 1
  1848 ;; Hardware stack levels required when called: 6
  1849 ;; This function calls:
  1850 ;;		_vfprintf
  1851 ;; This function is called by:
  1852 ;;		_disp_print
  1853 ;; This function uses a non-reentrant model
  1854 ;;
  1855                           
  1856     0689                     _sprintf:	
  1857                           ;psect for function _sprintf
  1858                           
  1859     0689                     l1583:	
  1860                           ;incstack = 0
  1861                           ; Regs used in _sprintf: [wreg-fsr0h+status,2+status,0+btemp+1+pclath+cstack]
  1862                           
  1863     0689  3041               	movlw	(low ((?_sprintf| 0+2)))& (0+255)
  1864     068A  1283               	bcf	3,5	;RP0=0, select bank0
  1865     068B  1303               	bcf	3,6	;RP1=0, select bank0
  1866     068C  00C4               	movwf	sprintf@ap
  1867     068D                     l1585:
  1868     068D  083F               	movf	sprintf@s,w
  1869     068E  00C5               	movwf	sprintf@f
  1870     068F  3000               	movlw	0
  1871     0690  00C6               	movwf	sprintf@f+1
  1872     0691                     l1587:
  1873     0691  01C7               	clrf	sprintf@f+2
  1874     0692  01C8               	clrf	sprintf@f+3
  1875     0693                     l1589:
  1876     0693  01CE               	clrf	sprintf@f+9
  1877     0694  01CF               	clrf	sprintf@f+10
  1878     0695                     l1591:
  1879     0695  3045               	movlw	low sprintf@f
  1880     0696  00BA               	movwf	vfprintf@fp
  1881     0697  3000               	movlw	high sprintf@f
  1882     0698  00BB               	movwf	vfprintf@fp+1
  1883     0699  0840               	movf	sprintf@fmt,w
  1884     069A  00BC               	movwf	vfprintf@fmt
  1885     069B  3044               	movlw	(low (sprintf@ap| 0))& (0+255)
  1886     069C  00BD               	movwf	vfprintf@ap
  1887     069D  120A  118A  26AC  120A  118A  	fcall	_vfprintf
  1888     06A2                     l1593:
  1889     06A2  1283               	bcf	3,5	;RP0=0, select bank0
  1890     06A3  1303               	bcf	3,6	;RP1=0, select bank0
  1891     06A4  0847               	movf	sprintf@f+2,w
  1892     06A5  073F               	addwf	sprintf@s,w
  1893     06A6  00C3               	movwf	??_sprintf
  1894     06A7  0843               	movf	??_sprintf,w
  1895     06A8  0084               	movwf	4
  1896     06A9  1383               	bcf	3,7	;select IRP bank0
  1897     06AA  0180               	clrf	0
  1898     06AB                     l799:
  1899     06AB  0008               	return
  1900     06AC                     __end_of_sprintf:
  1901                           
  1902                           	psect	text6
  1903     06AC                     __ptext6:	
  1904 ;; *************** function _vfprintf *****************
  1905 ;; Defined at:
  1906 ;;		line 1817 in file "C:\Program Files\Microchip\xc8\v2.50\pic\sources\c99\common\doprnt.c"
  1907 ;; Parameters:    Size  Location     Type
  1908 ;;  fp              2   26[BANK0 ] PTR struct _IO_FILE
  1909 ;;		 -> sprintf@f(11), 
  1910 ;;  fmt             1   28[BANK0 ] PTR const unsigned char 
  1911 ;;		 -> STR_1(3), 
  1912 ;;  ap              1   29[BANK0 ] PTR PTR void 
  1913 ;;		 -> sprintf@ap(1), 
  1914 ;; Auto vars:     Size  Location     Type
  1915 ;;  cfmt            1   30[BANK0 ] PTR unsigned char 
  1916 ;;		 -> STR_1(3), 
  1917 ;; Return value:  Size  Location     Type
  1918 ;;                  2   26[BANK0 ] int 
  1919 ;; Registers used:
  1920 ;;		wreg, fsr0l, fsr0h, status,2, status,0, btemp+1, pclath, cstack
  1921 ;; Tracked objects:
  1922 ;;		On entry : 0/0
  1923 ;;		On exit  : 0/0
  1924 ;;		Unchanged: 0/0
  1925 ;; Data sizes:     COMMON   BANK0   BANK1   BANK3   BANK2
  1926 ;;      Params:         0       4       0       0       0
  1927 ;;      Locals:         0       1       0       0       0
  1928 ;;      Temps:          0       0       0       0       0
  1929 ;;      Totals:         0       5       0       0       0
  1930 ;;Total ram usage:        5 bytes
  1931 ;; Hardware stack levels used: 1
  1932 ;; Hardware stack levels required when called: 5
  1933 ;; This function calls:
  1934 ;;		_vfpfcnvrt
  1935 ;; This function is called by:
  1936 ;;		_sprintf
  1937 ;; This function uses a non-reentrant model
  1938 ;;
  1939                           
  1940     06AC                     _vfprintf:	
  1941                           ;psect for function _vfprintf
  1942                           
  1943     06AC                     l1553:	
  1944                           ;incstack = 0
  1945 ;; using string table level
  1946                           ; Regs used in _vfprintf: [wreg-fsr0h+status,2+status,0+btemp+1+pclath+cstack]
  1947                           
  1948                           
  1949                           ;C:\Program Files\Microchip\xc8\v2.50\pic\sources\c99\common\doprnt.c: 1817: int vfprint
      +                          f(FILE *fp, const char *fmt, va_list ap);C:\Program Files\Microchip\xc8\v2.50\pic\source
      +                          s\c99\common\doprnt.c: 1818: {;C:\Program Files\Microchip\xc8\v2.50\pic\sources\c99\comm
      +                          on\doprnt.c: 1820:     char *cfmt;;C:\Program Files\Microchip\xc8\v2.50\pic\sources\c99\
      +                          common\doprnt.c: 1822:     cfmt = (char *)fmt;
  1950     06AC  1283               	bcf	3,5	;RP0=0, select bank0
  1951     06AD  1303               	bcf	3,6	;RP1=0, select bank0
  1952     06AE  083C               	movf	vfprintf@fmt,w
  1953     06AF  00BE               	movwf	vfprintf@cfmt
  1954                           
  1955                           ;C:\Program Files\Microchip\xc8\v2.50\pic\sources\c99\common\doprnt.c: 1826:     while (
      +                          *cfmt) {
  1956     06B0  2EBE               	goto	l1557
  1957     06B1                     l1555:
  1958                           
  1959                           ;C:\Program Files\Microchip\xc8\v2.50\pic\sources\c99\common\doprnt.c: 1830:    vfpfcnvr
      +                          t(fp, &cfmt, ap);
  1960     06B1  083A               	movf	vfprintf@fp,w
  1961     06B2  00AD               	movwf	vfpfcnvrt@fp
  1962     06B3  083B               	movf	vfprintf@fp+1,w
  1963     06B4  00AE               	movwf	vfpfcnvrt@fp+1
  1964     06B5  303E               	movlw	(low (vfprintf@cfmt| 0))& (0+255)
  1965     06B6  00AF               	movwf	vfpfcnvrt@fmt
  1966     06B7  083D               	movf	vfprintf@ap,w
  1967     06B8  00B0               	movwf	vfpfcnvrt@ap
  1968     06B9  120A  118A  203D  120A  118A  	fcall	_vfpfcnvrt
  1969     06BE                     l1557:
  1970                           
  1971                           ;C:\Program Files\Microchip\xc8\v2.50\pic\sources\c99\common\doprnt.c: 1826:     while (
      +                          *cfmt) {
  1972     06BE  1283               	bcf	3,5	;RP0=0, select bank0
  1973     06BF  1303               	bcf	3,6	;RP1=0, select bank0
  1974     06C0  083E               	movf	vfprintf@cfmt,w
  1975     06C1  0084               	movwf	4
  1976     06C2  120A  118A  2758  120A  118A  	fcall	stringdir
  1977     06C7  3A00               	xorlw	0
  1978     06C8  1D03               	skipz
  1979     06C9  2ECB               	goto	u1221
  1980     06CA  2ECC               	goto	u1220
  1981     06CB                     u1221:
  1982     06CB  2EB1               	goto	l1555
  1983     06CC                     u1220:
  1984     06CC                     l1559:
  1985                           
  1986                           ;C:\Program Files\Microchip\xc8\v2.50\pic\sources\c99\common\doprnt.c: 1835:  return 0;
  1987     06CC  01BA               	clrf	?_vfprintf
  1988     06CD  01BB               	clrf	?_vfprintf+1
  1989     06CE                     l843:
  1990     06CE  0008               	return
  1991     06CF                     __end_of_vfprintf:
  1992                           
  1993                           	psect	text7
  1994     003D                     __ptext7:	
  1995 ;; *************** function _vfpfcnvrt *****************
  1996 ;; Defined at:
  1997 ;;		line 1177 in file "C:\Program Files\Microchip\xc8\v2.50\pic\sources\c99\common\doprnt.c"
  1998 ;; Parameters:    Size  Location     Type
  1999 ;;  fp              2   13[BANK0 ] PTR struct _IO_FILE
  2000 ;;		 -> sprintf@f(11), 
  2001 ;;  fmt             1   15[BANK0 ] PTR PTR unsigned char 
  2002 ;;		 -> vfprintf@cfmt(1), 
  2003 ;;  ap              1   16[BANK0 ] PTR PTR void 
  2004 ;;		 -> sprintf@ap(1), 
  2005 ;; Auto vars:     Size  Location     Type
  2006 ;;  convarg         4   21[BANK0 ] struct .
  2007 ;;  c               1   25[BANK0 ] unsigned char 
  2008 ;;  cp              1   20[BANK0 ] PTR unsigned char 
  2009 ;;		 -> STR_1(3), 
  2010 ;;  done            1   19[BANK0 ] _Bool 
  2011 ;; Return value:  Size  Location     Type
  2012 ;;                  1    wreg      void 
  2013 ;; Registers used:
  2014 ;;		wreg, fsr0l, fsr0h, status,2, status,0, btemp+1, pclath, cstack
  2015 ;; Tracked objects:
  2016 ;;		On entry : 0/0
  2017 ;;		On exit  : 0/0
  2018 ;;		Unchanged: 0/0
  2019 ;; Data sizes:     COMMON   BANK0   BANK1   BANK3   BANK2
  2020 ;;      Params:         0       4       0       0       0
  2021 ;;      Locals:         0       7       0       0       0
  2022 ;;      Temps:          0       2       0       0       0
  2023 ;;      Totals:         0      13       0       0       0
  2024 ;;Total ram usage:       13 bytes
  2025 ;; Hardware stack levels used: 1
  2026 ;; Hardware stack levels required when called: 4
  2027 ;; This function calls:
  2028 ;;		___awdiv
  2029 ;;		___awmod
  2030 ;;		_abs
  2031 ;;		_fputc
  2032 ;; This function is called by:
  2033 ;;		_vfprintf
  2034 ;; This function uses a non-reentrant model
  2035 ;;
  2036                           
  2037     003D                     _vfpfcnvrt:	
  2038                           ;psect for function _vfpfcnvrt
  2039                           
  2040     003D                     l1501:	
  2041                           ;incstack = 0
  2042 ;; using string table level
  2043                           ; Regs used in _vfpfcnvrt: [wreg-fsr0h+status,2+status,0+btemp+1+pclath+cstack]
  2044                           
  2045                           
  2046                           ;C:\Program Files\Microchip\xc8\v2.50\pic\sources\c99\common\doprnt.c: 1177: vfpfcnvrt(F
      +                          ILE *fp, char *fmt[], va_list ap);C:\Program Files\Microchip\xc8\v2.50\pic\sources\c99\c
      +                          ommon\doprnt.c: 1178: {;C:\Program Files\Microchip\xc8\v2.50\pic\sources\c99\common\dopr
      +                          nt.c: 1179:     char c, *cp;;C:\Program Files\Microchip\xc8\v2.50\pic\sources\c99\common
      +                          \doprnt.c: 1180:     _Bool done;;C:\Program Files\Microchip\xc8\v2.50\pic\sources\c99\co
      +                          mmon\doprnt.c: 1188:  } convarg;;C:\Program Files\Microchip\xc8\v2.50\pic\sources\c99\co
      +                          mmon\doprnt.c: 1201:     if ((*fmt)[0] == '%') {
  2047     003D  1283               	bcf	3,5	;RP0=0, select bank0
  2048     003E  1303               	bcf	3,6	;RP1=0, select bank0
  2049     003F  082F               	movf	vfpfcnvrt@fmt,w
  2050     0040  0084               	movwf	4
  2051     0041  1383               	bcf	3,7	;select IRP bank0
  2052     0042  0800               	movf	0,w
  2053     0043  0084               	movwf	4
  2054     0044  120A  118A  2758  120A  118A  	fcall	stringdir
  2055     0049  3A25               	xorlw	37
  2056     004A  1D03               	skipz
  2057     004B  284D               	goto	u1121
  2058     004C  284E               	goto	u1120
  2059     004D                     u1121:
  2060     004D  2910               	goto	l1547
  2061     004E                     u1120:
  2062     004E                     l1503:
  2063                           
  2064                           ;C:\Program Files\Microchip\xc8\v2.50\pic\sources\c99\common\doprnt.c: 1202:         ++*
      +                          fmt;
  2065     004E  082F               	movf	vfpfcnvrt@fmt,w
  2066     004F  0084               	movwf	4
  2067     0050  3001               	movlw	1
  2068     0051  0780               	addwf	0,f
  2069     0052                     l1505:
  2070                           
  2071                           ;C:\Program Files\Microchip\xc8\v2.50\pic\sources\c99\common\doprnt.c: 1204:         fla
      +                          gs = width = 0;
  2072     0052  1683               	bsf	3,5	;RP0=1, select bank1
  2073     0053  1303               	bcf	3,6	;RP1=0, select bank1
  2074     0054  01C0               	clrf	_width^(0+128)
  2075     0055  01C1               	clrf	(_width+1)^(0+128)
  2076     0056  3000               	movlw	0
  2077     0057  1283               	bcf	3,5	;RP0=0, select bank0
  2078     0058  1303               	bcf	3,6	;RP1=0, select bank0
  2079     0059  00ED               	movwf	_flags
  2080     005A                     l1507:
  2081                           
  2082                           ;C:\Program Files\Microchip\xc8\v2.50\pic\sources\c99\common\doprnt.c: 1205:         pre
      +                          c = -1;
  2083     005A  30FF               	movlw	255
  2084     005B  00EB               	movwf	_prec
  2085     005C  30FF               	movlw	255
  2086     005D  00EC               	movwf	_prec+1
  2087     005E                     l1509:
  2088                           
  2089                           ;C:\Program Files\Microchip\xc8\v2.50\pic\sources\c99\common\doprnt.c: 1291:   cp = *fmt
      +                          ;
  2090     005E  082F               	movf	vfpfcnvrt@fmt,w
  2091     005F  0084               	movwf	4
  2092     0060  0800               	movf	0,w
  2093     0061  00B4               	movwf	vfpfcnvrt@cp
  2094     0062                     l1511:
  2095                           
  2096                           ;C:\Program Files\Microchip\xc8\v2.50\pic\sources\c99\common\doprnt.c: 1361:   if (*cp =
      +                          = 'd' || *cp == 'i') {
  2097     0062  0834               	movf	vfpfcnvrt@cp,w
  2098     0063  0084               	movwf	4
  2099     0064  120A  118A  2758  120A  118A  	fcall	stringdir
  2100     0069  3A64               	xorlw	100
  2101     006A  1903               	skipnz
  2102     006B  286D               	goto	u1131
  2103     006C  286E               	goto	u1130
  2104     006D                     u1131:
  2105     006D  287A               	goto	l1515
  2106     006E                     u1130:
  2107     006E                     l1513:
  2108     006E  0834               	movf	vfpfcnvrt@cp,w
  2109     006F  0084               	movwf	4
  2110     0070  120A  118A  2758  120A  118A  	fcall	stringdir
  2111     0075  3A69               	xorlw	105
  2112     0076  1D03               	skipz
  2113     0077  2879               	goto	u1141
  2114     0078  287A               	goto	u1140
  2115     0079                     u1141:
  2116     0079  2908               	goto	l1543
  2117     007A                     u1140:
  2118     007A                     l1515:
  2119                           
  2120                           ;C:\Program Files\Microchip\xc8\v2.50\pic\sources\c99\common\doprnt.c: 1404:    convarg.
      +                          sint = (vfpf_sint_t)(int)(*(int *)__va_arg(*(int **)ap, (int)0));
  2121     007A  0830               	movf	vfpfcnvrt@ap,w
  2122     007B  0084               	movwf	4
  2123     007C  0800               	movf	0,w
  2124     007D  00FF               	movwf	btemp+1
  2125     007E  3002               	movlw	2
  2126     007F  0780               	addwf	0,f
  2127     0080  087F               	movf	btemp+1,w
  2128     0081  0084               	movwf	4
  2129     0082  0800               	movf	0,w
  2130     0083  00B5               	movwf	vfpfcnvrt@convarg
  2131     0084  0A84               	incf	4,f
  2132     0085  0800               	movf	0,w
  2133     0086  00B6               	movwf	vfpfcnvrt@convarg+1
  2134     0087                     l1517:
  2135                           
  2136                           ;C:\Program Files\Microchip\xc8\v2.50\pic\sources\c99\common\doprnt.c: 1406:    *fmt = c
      +                          p+1;
  2137     0087  082F               	movf	vfpfcnvrt@fmt,w
  2138     0088  0084               	movwf	4
  2139     0089  0834               	movf	vfpfcnvrt@cp,w
  2140     008A  3E01               	addlw	1
  2141     008B  0080               	movwf	0
  2142     008C                     l1519:
  2143                           
  2144                           ;C:\Program Files\Microchip\xc8\v2.50\pic\sources\c99\common\doprnt.c: 1408:    c = size
      +                          of(dbuf);
  2145     008C  3020               	movlw	32
  2146     008D  00B9               	movwf	vfpfcnvrt@c
  2147     008E                     l1521:
  2148                           
  2149                           ;C:\Program Files\Microchip\xc8\v2.50\pic\sources\c99\common\doprnt.c: 1409:    done = c
      +                          onvarg.sint < 0;
  2150     008E  1BB6               	btfsc	vfpfcnvrt@convarg+1,7
  2151     008F  2891               	goto	u1151
  2152     0090  2893               	goto	u1150
  2153     0091                     u1151:
  2154     0091  3001               	movlw	1
  2155     0092  2894               	goto	u1160
  2156     0093                     u1150:
  2157     0093  3000               	movlw	0
  2158     0094                     u1160:
  2159     0094  00B3               	movwf	vfpfcnvrt@done
  2160     0095                     l1523:
  2161                           
  2162                           ;C:\Program Files\Microchip\xc8\v2.50\pic\sources\c99\common\doprnt.c: 1411:     dbuf[--
      +                          c] = abs(convarg.sint % 10) + '0';
  2163     0095  3001               	movlw	1
  2164     0096  02B9               	subwf	vfpfcnvrt@c,f
  2165     0097  0839               	movf	vfpfcnvrt@c,w
  2166     0098  3EA0               	addlw	(low (_dbuf| 0))& (0+255)
  2167     0099  0084               	movwf	4
  2168     009A  300A               	movlw	10
  2169     009B  00A0               	movwf	___awmod@divisor
  2170     009C  3000               	movlw	0
  2171     009D  00A1               	movwf	___awmod@divisor+1
  2172     009E  0836               	movf	vfpfcnvrt@convarg+1,w
  2173     009F  00A3               	movwf	___awmod@dividend+1
  2174     00A0  0835               	movf	vfpfcnvrt@convarg,w
  2175     00A1  00A2               	movwf	___awmod@dividend
  2176     00A2  120A  118A  24C1  120A  118A  	fcall	___awmod
  2177     00A7  1283               	bcf	3,5	;RP0=0, select bank0
  2178     00A8  1303               	bcf	3,6	;RP1=0, select bank0
  2179     00A9  0821               	movf	?___awmod+1,w
  2180     00AA  00A7               	movwf	abs@a+1
  2181     00AB  0820               	movf	?___awmod,w
  2182     00AC  00A6               	movwf	abs@a
  2183     00AD  120A  118A  2701  120A  118A  	fcall	_abs
  2184     00B2  1283               	bcf	3,5	;RP0=0, select bank0
  2185     00B3  1303               	bcf	3,6	;RP1=0, select bank0
  2186     00B4  0826               	movf	?_abs,w
  2187     00B5  3E30               	addlw	48
  2188     00B6  1383               	bcf	3,7	;select IRP bank1
  2189     00B7  0080               	movwf	0
  2190     00B8                     l1525:
  2191                           
  2192                           ;C:\Program Files\Microchip\xc8\v2.50\pic\sources\c99\common\doprnt.c: 1412:     convarg
      +                          .sint /= 10;
  2193     00B8  300A               	movlw	10
  2194     00B9  00A0               	movwf	___awdiv@divisor
  2195     00BA  3000               	movlw	0
  2196     00BB  00A1               	movwf	___awdiv@divisor+1
  2197     00BC  0836               	movf	vfpfcnvrt@convarg+1,w
  2198     00BD  00A3               	movwf	___awdiv@dividend+1
  2199     00BE  0835               	movf	vfpfcnvrt@convarg,w
  2200     00BF  00A2               	movwf	___awdiv@dividend
  2201     00C0  120A  118A  245C  120A  118A  	fcall	___awdiv
  2202     00C5  1283               	bcf	3,5	;RP0=0, select bank0
  2203     00C6  1303               	bcf	3,6	;RP1=0, select bank0
  2204     00C7  0821               	movf	?___awdiv+1,w
  2205     00C8  00B6               	movwf	vfpfcnvrt@convarg+1
  2206     00C9  0820               	movf	?___awdiv,w
  2207     00CA  00B5               	movwf	vfpfcnvrt@convarg
  2208     00CB                     l1527:
  2209                           
  2210                           ;C:\Program Files\Microchip\xc8\v2.50\pic\sources\c99\common\doprnt.c: 1416:    } while 
      +                          (convarg.sint != 0 && c != 0);
  2211     00CB  0835               	movf	vfpfcnvrt@convarg,w
  2212     00CC  0436               	iorwf	vfpfcnvrt@convarg+1,w
  2213     00CD  1903               	btfsc	3,2
  2214     00CE  28D0               	goto	u1171
  2215     00CF  28D1               	goto	u1170
  2216     00D0                     u1171:
  2217     00D0  28D6               	goto	l1531
  2218     00D1                     u1170:
  2219     00D1                     l1529:
  2220     00D1  0839               	movf	vfpfcnvrt@c,w
  2221     00D2  1D03               	btfss	3,2
  2222     00D3  28D5               	goto	u1181
  2223     00D4  28D6               	goto	u1180
  2224     00D5                     u1181:
  2225     00D5  2895               	goto	l1523
  2226     00D6                     u1180:
  2227     00D6                     l1531:
  2228                           
  2229                           ;C:\Program Files\Microchip\xc8\v2.50\pic\sources\c99\common\doprnt.c: 1417:    if (c !=
      +                           0 && done) {
  2230     00D6  0839               	movf	vfpfcnvrt@c,w
  2231     00D7  1903               	btfsc	3,2
  2232     00D8  28DA               	goto	u1191
  2233     00D9  28DB               	goto	u1190
  2234     00DA                     u1191:
  2235     00DA  2901               	goto	l1541
  2236     00DB                     u1190:
  2237     00DB                     l1533:
  2238     00DB  0833               	movf	vfpfcnvrt@done,w
  2239     00DC  1903               	btfsc	3,2
  2240     00DD  28DF               	goto	u1201
  2241     00DE  28E0               	goto	u1200
  2242     00DF                     u1201:
  2243     00DF  2901               	goto	l1541
  2244     00E0                     u1200:
  2245     00E0                     l1535:
  2246                           
  2247                           ;C:\Program Files\Microchip\xc8\v2.50\pic\sources\c99\common\doprnt.c: 1418:     dbuf[--
      +                          c] = '-';
  2248     00E0  3001               	movlw	1
  2249     00E1  02B9               	subwf	vfpfcnvrt@c,f
  2250     00E2  0839               	movf	vfpfcnvrt@c,w
  2251     00E3  3EA0               	addlw	(low (_dbuf| 0))& (0+255)
  2252     00E4  0084               	movwf	4
  2253     00E5  302D               	movlw	45
  2254     00E6  1383               	bcf	3,7	;select IRP bank1
  2255     00E7  0080               	movwf	0
  2256     00E8  2901               	goto	l1541
  2257     00E9                     l1537:
  2258                           
  2259                           ;C:\Program Files\Microchip\xc8\v2.50\pic\sources\c99\common\doprnt.c: 1424:     fputc(d
      +                          buf[c++], fp);
  2260     00E9  0839               	movf	vfpfcnvrt@c,w
  2261     00EA  3EA0               	addlw	(low (_dbuf| 0))& (0+255)
  2262     00EB  0084               	movwf	4
  2263     00EC  1383               	bcf	3,7	;select IRP bank1
  2264     00ED  0800               	movf	0,w
  2265     00EE  00B1               	movwf	??_vfpfcnvrt
  2266     00EF  01B2               	clrf	??_vfpfcnvrt+1
  2267     00F0  0831               	movf	??_vfpfcnvrt,w
  2268     00F1  00A0               	movwf	fputc@c
  2269     00F2  0832               	movf	??_vfpfcnvrt+1,w
  2270     00F3  00A1               	movwf	fputc@c+1
  2271     00F4  082D               	movf	vfpfcnvrt@fp,w
  2272     00F5  00A2               	movwf	fputc@fp
  2273     00F6  082E               	movf	vfpfcnvrt@fp+1,w
  2274     00F7  00A3               	movwf	fputc@fp+1
  2275     00F8  120A  118A  22BB  120A  118A  	fcall	_fputc
  2276     00FD                     l1539:
  2277     00FD  3001               	movlw	1
  2278     00FE  1283               	bcf	3,5	;RP0=0, select bank0
  2279     00FF  1303               	bcf	3,6	;RP1=0, select bank0
  2280     0100  07B9               	addwf	vfpfcnvrt@c,f
  2281     0101                     l1541:
  2282                           
  2283                           ;C:\Program Files\Microchip\xc8\v2.50\pic\sources\c99\common\doprnt.c: 1423:    while (c
      +                           != sizeof(dbuf)) {
  2284     0101  3020               	movlw	32
  2285     0102  0639               	xorwf	vfpfcnvrt@c,w
  2286     0103  1D03               	btfss	3,2
  2287     0104  2906               	goto	u1211
  2288     0105  2907               	goto	u1210
  2289     0106                     u1211:
  2290     0106  28E9               	goto	l1537
  2291     0107                     u1210:
  2292     0107  2929               	goto	l837
  2293     0108                     l1543:
  2294                           
  2295                           ;C:\Program Files\Microchip\xc8\v2.50\pic\sources\c99\common\doprnt.c: 1806:         ++*
      +                          fmt;
  2296     0108  1283               	bcf	3,5	;RP0=0, select bank0
  2297     0109  1303               	bcf	3,6	;RP1=0, select bank0
  2298     010A  082F               	movf	vfpfcnvrt@fmt,w
  2299     010B  0084               	movwf	4
  2300     010C  3001               	movlw	1
  2301     010D  1383               	bcf	3,7	;select IRP bank0
  2302     010E  0780               	addwf	0,f
  2303     010F  2929               	goto	l837
  2304     0110                     l1547:
  2305                           
  2306                           ;C:\Program Files\Microchip\xc8\v2.50\pic\sources\c99\common\doprnt.c: 1811:     fputc((
      +                          int)(*fmt)[0], fp);
  2307     0110  082F               	movf	vfpfcnvrt@fmt,w
  2308     0111  0084               	movwf	4
  2309     0112  0800               	movf	0,w
  2310     0113  0084               	movwf	4
  2311     0114  120A  118A  2758  120A  118A  	fcall	stringdir
  2312     0119  00B1               	movwf	??_vfpfcnvrt
  2313     011A  01B2               	clrf	??_vfpfcnvrt+1
  2314     011B  0831               	movf	??_vfpfcnvrt,w
  2315     011C  00A0               	movwf	fputc@c
  2316     011D  0832               	movf	??_vfpfcnvrt+1,w
  2317     011E  00A1               	movwf	fputc@c+1
  2318     011F  082D               	movf	vfpfcnvrt@fp,w
  2319     0120  00A2               	movwf	fputc@fp
  2320     0121  082E               	movf	vfpfcnvrt@fp+1,w
  2321     0122  00A3               	movwf	fputc@fp+1
  2322     0123  120A  118A  22BB  120A  118A  	fcall	_fputc
  2323     0128  2908               	goto	l1543
  2324     0129                     l837:
  2325     0129  0008               	return
  2326     012A                     __end_of_vfpfcnvrt:
  2327                           
  2328                           	psect	text8
  2329     02BB                     __ptext8:	
  2330 ;; *************** function _fputc *****************
  2331 ;; Defined at:
  2332 ;;		line 8 in file "C:\Program Files\Microchip\xc8\v2.50\pic\sources\c99\common\nf_fputc.c"
  2333 ;; Parameters:    Size  Location     Type
  2334 ;;  c               2    0[BANK0 ] int 
  2335 ;;  fp              2    2[BANK0 ] PTR struct _IO_FILE
  2336 ;;		 -> sprintf@f(11), 
  2337 ;; Auto vars:     Size  Location     Type
  2338 ;;		None
  2339 ;; Return value:  Size  Location     Type
  2340 ;;                  2    0[BANK0 ] int 
  2341 ;; Registers used:
  2342 ;;		wreg, fsr0l, fsr0h, status,2, status,0, pclath, cstack
  2343 ;; Tracked objects:
  2344 ;;		On entry : 0/0
  2345 ;;		On exit  : 0/0
  2346 ;;		Unchanged: 0/0
  2347 ;; Data sizes:     COMMON   BANK0   BANK1   BANK3   BANK2
  2348 ;;      Params:         0       4       0       0       0
  2349 ;;      Locals:         0       0       0       0       0
  2350 ;;      Temps:          0       9       0       0       0
  2351 ;;      Totals:         0      13       0       0       0
  2352 ;;Total ram usage:       13 bytes
  2353 ;; Hardware stack levels used: 1
  2354 ;; Hardware stack levels required when called: 3
  2355 ;; This function calls:
  2356 ;;		_putch
  2357 ;; This function is called by:
  2358 ;;		_vfpfcnvrt
  2359 ;; This function uses a non-reentrant model
  2360 ;;
  2361                           
  2362     02BB                     _fputc:	
  2363                           ;psect for function _fputc
  2364                           
  2365     02BB                     l1479:	
  2366                           ;incstack = 0
  2367                           ; Regs used in _fputc: [wreg-fsr0h+status,2+status,0+pclath+cstack]
  2368                           
  2369     02BB  1283               	bcf	3,5	;RP0=0, select bank0
  2370     02BC  1303               	bcf	3,6	;RP1=0, select bank0
  2371     02BD  0822               	movf	fputc@fp,w
  2372     02BE  0423               	iorwf	fputc@fp+1,w
  2373     02BF  1903               	btfsc	3,2
  2374     02C0  2AC2               	goto	u1061
  2375     02C1  2AC3               	goto	u1060
  2376     02C2                     u1061:
  2377     02C2  2AC9               	goto	l1483
  2378     02C3                     u1060:
  2379     02C3                     l1481:
  2380     02C3  0822               	movf	fputc@fp,w
  2381     02C4  0423               	iorwf	fputc@fp+1,w
  2382     02C5  1D03               	btfss	3,2
  2383     02C6  2AC8               	goto	u1071
  2384     02C7  2AC9               	goto	u1070
  2385     02C8                     u1071:
  2386     02C8  2AD0               	goto	l1485
  2387     02C9                     u1070:
  2388     02C9                     l1483:
  2389     02C9  0820               	movf	fputc@c,w
  2390     02CA  120A  118A  2783  120A  118A  	fcall	_putch
  2391     02CF  2B5A               	goto	l862
  2392     02D0                     l1485:
  2393     02D0  0822               	movf	fputc@fp,w
  2394     02D1  3E09               	addlw	9
  2395     02D2  00A4               	movwf	??_fputc
  2396     02D3  0823               	movf	fputc@fp+1,w
  2397     02D4  1803               	skipnc
  2398     02D5  3E01               	addlw	1
  2399     02D6  3E00               	addlw	0
  2400     02D7  00A5               	movwf	??_fputc+1
  2401     02D8  0824               	movf	??_fputc,w
  2402     02D9  0084               	movwf	4
  2403     02DA  1783               	bsf	3,7
  2404     02DB  1C25               	btfss	??_fputc+1,0
  2405     02DC  1383               	bcf	3,7
  2406     02DD  0800               	movf	0,w
  2407     02DE  00A6               	movwf	??_fputc+2
  2408     02DF  0A84               	incf	4,f
  2409     02E0  0800               	movf	0,w
  2410     02E1  00A7               	movwf	??_fputc+3
  2411     02E2  0826               	movf	??_fputc+2,w
  2412     02E3  0427               	iorwf	??_fputc+3,w
  2413     02E4  1903               	btfsc	3,2
  2414     02E5  2AE7               	goto	u1081
  2415     02E6  2AE8               	goto	u1080
  2416     02E7                     u1081:
  2417     02E7  2B1A               	goto	l1489
  2418     02E8                     u1080:
  2419     02E8                     l1487:
  2420     02E8  0822               	movf	fputc@fp,w
  2421     02E9  3E09               	addlw	9
  2422     02EA  00A4               	movwf	??_fputc
  2423     02EB  0823               	movf	fputc@fp+1,w
  2424     02EC  1803               	skipnc
  2425     02ED  3E01               	addlw	1
  2426     02EE  3E00               	addlw	0
  2427     02EF  00A5               	movwf	??_fputc+1
  2428     02F0  0824               	movf	??_fputc,w
  2429     02F1  0084               	movwf	4
  2430     02F2  1783               	bsf	3,7
  2431     02F3  1C25               	btfss	??_fputc+1,0
  2432     02F4  1383               	bcf	3,7
  2433     02F5  0800               	movf	0,w
  2434     02F6  00A6               	movwf	??_fputc+2
  2435     02F7  0A84               	incf	4,f
  2436     02F8  0800               	movf	0,w
  2437     02F9  00A7               	movwf	??_fputc+3
  2438     02FA  0822               	movf	fputc@fp,w
  2439     02FB  3E02               	addlw	2
  2440     02FC  00A8               	movwf	??_fputc+4
  2441     02FD  0823               	movf	fputc@fp+1,w
  2442     02FE  1803               	skipnc
  2443     02FF  3E01               	addlw	1
  2444     0300  3E00               	addlw	0
  2445     0301  00A9               	movwf	??_fputc+5
  2446     0302  0828               	movf	??_fputc+4,w
  2447     0303  0084               	movwf	4
  2448     0304  1783               	bsf	3,7
  2449     0305  1C29               	btfss	??_fputc+5,0
  2450     0306  1383               	bcf	3,7
  2451     0307  0800               	movf	0,w
  2452     0308  00AA               	movwf	??_fputc+6
  2453     0309  0A84               	incf	4,f
  2454     030A  0800               	movf	0,w
  2455     030B  00AB               	movwf	??_fputc+7
  2456     030C  082B               	movf	??_fputc+7,w
  2457     030D  3A80               	xorlw	128
  2458     030E  00AC               	movwf	??_fputc+8
  2459     030F  0827               	movf	??_fputc+3,w
  2460     0310  3A80               	xorlw	128
  2461     0311  022C               	subwf	??_fputc+8,w
  2462     0312  1D03               	skipz
  2463     0313  2B16               	goto	u1095
  2464     0314  0826               	movf	??_fputc+2,w
  2465     0315  022A               	subwf	??_fputc+6,w
  2466     0316                     u1095:
  2467     0316  1803               	skipnc
  2468     0317  2B19               	goto	u1091
  2469     0318  2B1A               	goto	u1090
  2470     0319                     u1091:
  2471     0319  2B5A               	goto	l862
  2472     031A                     u1090:
  2473     031A                     l1489:
  2474     031A  1283               	bcf	3,5	;RP0=0, select bank0
  2475     031B  1303               	bcf	3,6	;RP1=0, select bank0
  2476     031C  0822               	movf	fputc@fp,w
  2477     031D  0084               	movwf	4
  2478     031E  1783               	bsf	3,7
  2479     031F  1C23               	btfss	fputc@fp+1,0
  2480     0320  1383               	bcf	3,7
  2481     0321  0800               	movf	0,w
  2482     0322  00A4               	movwf	??_fputc
  2483     0323  0A84               	incf	4,f
  2484     0324  0800               	movf	0,w
  2485     0325  00A5               	movwf	??_fputc+1
  2486     0326  0822               	movf	fputc@fp,w
  2487     0327  3E02               	addlw	2
  2488     0328  00A6               	movwf	??_fputc+2
  2489     0329  0823               	movf	fputc@fp+1,w
  2490     032A  1803               	skipnc
  2491     032B  3E01               	addlw	1
  2492     032C  3E00               	addlw	0
  2493     032D  00A7               	movwf	??_fputc+3
  2494     032E  0826               	movf	??_fputc+2,w
  2495     032F  0084               	movwf	4
  2496     0330  1783               	bsf	3,7
  2497     0331  1C27               	btfss	??_fputc+3,0
  2498     0332  1383               	bcf	3,7
  2499     0333  0800               	movf	0,w
  2500     0334  0724               	addwf	??_fputc,w
  2501     0335  00A9               	movwf	??_fputc+5
  2502     0336  0825               	movf	??_fputc+1,w
  2503     0337  00A8               	movwf	??_fputc+4
  2504     0338  1803               	skipnc
  2505     0339  0AA8               	incf	??_fputc+4,f
  2506     033A  1F80               	btfss	0,7
  2507     033B  2B3D               	goto	u1100
  2508     033C  03A8               	decf	??_fputc+4,f
  2509     033D                     u1100:
  2510     033D  1283               	bcf	3,5	;RP0=0, select bank0
  2511     033E  1303               	bcf	3,6	;RP1=0, select bank0
  2512     033F  0828               	movf	??_fputc+4,w
  2513     0340  00AA               	movwf	??_fputc+6
  2514     0341  0829               	movf	??_fputc+5,w
  2515     0342  0084               	movwf	4
  2516     0343  1783               	bsf	3,7
  2517     0344  1C2A               	btfss	??_fputc+6,0
  2518     0345  1383               	bcf	3,7
  2519     0346  0820               	movf	fputc@c,w
  2520     0347  0080               	movwf	0
  2521     0348  0822               	movf	fputc@fp,w
  2522     0349  3E02               	addlw	2
  2523     034A  00A4               	movwf	??_fputc
  2524     034B  0823               	movf	fputc@fp+1,w
  2525     034C  1803               	skipnc
  2526     034D  3E01               	addlw	1
  2527     034E  3E00               	addlw	0
  2528     034F  00A5               	movwf	??_fputc+1
  2529     0350  0824               	movf	??_fputc,w
  2530     0351  0084               	movwf	4
  2531     0352  1783               	bsf	3,7
  2532     0353  1C25               	btfss	??_fputc+1,0
  2533     0354  1383               	bcf	3,7
  2534     0355  3001               	movlw	1
  2535     0356  0780               	addwf	0,f
  2536     0357  0A84               	incf	4,f
  2537     0358  1803               	skipnc
  2538     0359  0A80               	incf	0,f
  2539     035A                     l862:
  2540     035A  0008               	return
  2541     035B                     __end_of_fputc:
  2542                           
  2543                           	psect	text9
  2544     0783                     __ptext9:	
  2545 ;; *************** function _putch *****************
  2546 ;; Defined at:
  2547 ;;		line 7 in file "C:\Program Files\Microchip\xc8\v2.50\pic\sources\c99\common\putch.c"
  2548 ;; Parameters:    Size  Location     Type
  2549 ;;  c               1    wreg     unsigned char 
  2550 ;; Auto vars:     Size  Location     Type
  2551 ;;  c               1    0[COMMON] unsigned char 
  2552 ;; Return value:  Size  Location     Type
  2553 ;;                  1    wreg      void 
  2554 ;; Registers used:
  2555 ;;		wreg
  2556 ;; Tracked objects:
  2557 ;;		On entry : 0/0
  2558 ;;		On exit  : 0/0
  2559 ;;		Unchanged: 0/0
  2560 ;; Data sizes:     COMMON   BANK0   BANK1   BANK3   BANK2
  2561 ;;      Params:         0       0       0       0       0
  2562 ;;      Locals:         0       0       0       0       0
  2563 ;;      Temps:          0       0       0       0       0
  2564 ;;      Totals:         0       0       0       0       0
  2565 ;;Total ram usage:        0 bytes
  2566 ;; Hardware stack levels used: 1
  2567 ;; Hardware stack levels required when called: 2
  2568 ;; This function calls:
  2569 ;;		Nothing
  2570 ;; This function is called by:
  2571 ;;		_fputc
  2572 ;; This function uses a non-reentrant model
  2573 ;;
  2574                           
  2575     0783                     _putch:	
  2576                           ;psect for function _putch
  2577                           
  2578     0783                     l873:	
  2579                           ;incstack = 0
  2580                           ; Regs used in _putch: [wreg]
  2581                           
  2582     0783  0008               	return
  2583     0784                     __end_of_putch:
  2584                           
  2585                           	psect	text10
  2586     0701                     __ptext10:	
  2587 ;; *************** function _abs *****************
  2588 ;; Defined at:
  2589 ;;		line 1 in file "C:\Program Files\Microchip\xc8\v2.50\pic\sources\c99\common\abs.c"
  2590 ;; Parameters:    Size  Location     Type
  2591 ;;  a               2    6[BANK0 ] int 
  2592 ;; Auto vars:     Size  Location     Type
  2593 ;;		None
  2594 ;; Return value:  Size  Location     Type
  2595 ;;                  2    6[BANK0 ] int 
  2596 ;; Registers used:
  2597 ;;		wreg, status,2, status,0
  2598 ;; Tracked objects:
  2599 ;;		On entry : 0/0
  2600 ;;		On exit  : 0/0
  2601 ;;		Unchanged: 0/0
  2602 ;; Data sizes:     COMMON   BANK0   BANK1   BANK3   BANK2
  2603 ;;      Params:         0       2       0       0       0
  2604 ;;      Locals:         0       0       0       0       0
  2605 ;;      Temps:          0       2       0       0       0
  2606 ;;      Totals:         0       4       0       0       0
  2607 ;;Total ram usage:        4 bytes
  2608 ;; Hardware stack levels used: 1
  2609 ;; Hardware stack levels required when called: 2
  2610 ;; This function calls:
  2611 ;;		Nothing
  2612 ;; This function is called by:
  2613 ;;		_vfpfcnvrt
  2614 ;; This function uses a non-reentrant model
  2615 ;;
  2616                           
  2617     0701                     _abs:	
  2618                           ;psect for function _abs
  2619                           
  2620     0701                     l1493:	
  2621                           ;incstack = 0
  2622                           ; Regs used in _abs: [wreg+status,2+status,0]
  2623                           
  2624     0701  1283               	bcf	3,5	;RP0=0, select bank0
  2625     0702  1303               	bcf	3,6	;RP1=0, select bank0
  2626     0703  1BA7               	btfsc	abs@a+1,7
  2627     0704  2F06               	goto	u1111
  2628     0705  2F07               	goto	u1110
  2629     0706                     u1111:
  2630     0706  2F08               	goto	l1497
  2631     0707                     u1110:
  2632     0707                     l1495:
  2633     0707  2F13               	goto	l850
  2634     0708                     l1497:
  2635     0708  0926               	comf	abs@a,w
  2636     0709  00A8               	movwf	??_abs
  2637     070A  0927               	comf	abs@a+1,w
  2638     070B  00A9               	movwf	??_abs+1
  2639     070C  0AA8               	incf	??_abs,f
  2640     070D  1903               	skipnz
  2641     070E  0AA9               	incf	??_abs+1,f
  2642     070F  0828               	movf	??_abs,w
  2643     0710  00A6               	movwf	?_abs
  2644     0711  0829               	movf	??_abs+1,w
  2645     0712  00A7               	movwf	?_abs+1
  2646     0713                     l850:
  2647     0713  0008               	return
  2648     0714                     __end_of_abs:
  2649                           
  2650                           	psect	text11
  2651     04C1                     __ptext11:	
  2652 ;; *************** function ___awmod *****************
  2653 ;; Defined at:
  2654 ;;		line 5 in file "C:\Program Files\Microchip\xc8\v2.50\pic\sources\c99\common\awmod.c"
  2655 ;; Parameters:    Size  Location     Type
  2656 ;;  divisor         2    0[BANK0 ] int 
  2657 ;;  dividend        2    2[BANK0 ] int 
  2658 ;; Auto vars:     Size  Location     Type
  2659 ;;  sign            1    5[BANK0 ] unsigned char 
  2660 ;;  counter         1    4[BANK0 ] unsigned char 
  2661 ;; Return value:  Size  Location     Type
  2662 ;;                  2    0[BANK0 ] int 
  2663 ;; Registers used:
  2664 ;;		wreg, status,2, status,0
  2665 ;; Tracked objects:
  2666 ;;		On entry : 0/0
  2667 ;;		On exit  : 0/0
  2668 ;;		Unchanged: 0/0
  2669 ;; Data sizes:     COMMON   BANK0   BANK1   BANK3   BANK2
  2670 ;;      Params:         0       4       0       0       0
  2671 ;;      Locals:         0       2       0       0       0
  2672 ;;      Temps:          0       0       0       0       0
  2673 ;;      Totals:         0       6       0       0       0
  2674 ;;Total ram usage:        6 bytes
  2675 ;; Hardware stack levels used: 1
  2676 ;; Hardware stack levels required when called: 2
  2677 ;; This function calls:
  2678 ;;		Nothing
  2679 ;; This function is called by:
  2680 ;;		_vfpfcnvrt
  2681 ;; This function uses a non-reentrant model
  2682 ;;
  2683                           
  2684     04C1                     ___awmod:	
  2685                           ;psect for function ___awmod
  2686                           
  2687     04C1                     l1441:	
  2688                           ;incstack = 0
  2689                           ; Regs used in ___awmod: [wreg+status,2+status,0]
  2690                           
  2691     04C1  1283               	bcf	3,5	;RP0=0, select bank0
  2692     04C2  1303               	bcf	3,6	;RP1=0, select bank0
  2693     04C3  01A5               	clrf	___awmod@sign
  2694     04C4                     l1443:
  2695     04C4  1FA3               	btfss	___awmod@dividend+1,7
  2696     04C5  2CC7               	goto	u971
  2697     04C6  2CC8               	goto	u970
  2698     04C7                     u971:
  2699     04C7  2CCF               	goto	l1449
  2700     04C8                     u970:
  2701     04C8                     l1445:
  2702     04C8  09A2               	comf	___awmod@dividend,f
  2703     04C9  09A3               	comf	___awmod@dividend+1,f
  2704     04CA  0AA2               	incf	___awmod@dividend,f
  2705     04CB  1903               	skipnz
  2706     04CC  0AA3               	incf	___awmod@dividend+1,f
  2707     04CD                     l1447:
  2708     04CD  3001               	movlw	1
  2709     04CE  00A5               	movwf	___awmod@sign
  2710     04CF                     l1449:
  2711     04CF  1FA1               	btfss	___awmod@divisor+1,7
  2712     04D0  2CD2               	goto	u981
  2713     04D1  2CD3               	goto	u980
  2714     04D2                     u981:
  2715     04D2  2CD8               	goto	l1453
  2716     04D3                     u980:
  2717     04D3                     l1451:
  2718     04D3  09A0               	comf	___awmod@divisor,f
  2719     04D4  09A1               	comf	___awmod@divisor+1,f
  2720     04D5  0AA0               	incf	___awmod@divisor,f
  2721     04D6  1903               	skipnz
  2722     04D7  0AA1               	incf	___awmod@divisor+1,f
  2723     04D8                     l1453:
  2724     04D8  0820               	movf	___awmod@divisor,w
  2725     04D9  0421               	iorwf	___awmod@divisor+1,w
  2726     04DA  1903               	btfsc	3,2
  2727     04DB  2CDD               	goto	u991
  2728     04DC  2CDE               	goto	u990
  2729     04DD                     u991:
  2730     04DD  2D0B               	goto	l1471
  2731     04DE                     u990:
  2732     04DE                     l1455:
  2733     04DE  3001               	movlw	1
  2734     04DF  00A4               	movwf	___awmod@counter
  2735     04E0  2CEA               	goto	l1461
  2736     04E1                     l1457:
  2737     04E1  3001               	movlw	1
  2738     04E2                     u1005:
  2739     04E2  1003               	clrc
  2740     04E3  0DA0               	rlf	___awmod@divisor,f
  2741     04E4  0DA1               	rlf	___awmod@divisor+1,f
  2742     04E5  3EFF               	addlw	-1
  2743     04E6  1D03               	skipz
  2744     04E7  2CE2               	goto	u1005
  2745     04E8                     l1459:
  2746     04E8  3001               	movlw	1
  2747     04E9  07A4               	addwf	___awmod@counter,f
  2748     04EA                     l1461:
  2749     04EA  1FA1               	btfss	___awmod@divisor+1,7
  2750     04EB  2CED               	goto	u1011
  2751     04EC  2CEE               	goto	u1010
  2752     04ED                     u1011:
  2753     04ED  2CE1               	goto	l1457
  2754     04EE                     u1010:
  2755     04EE                     l1463:
  2756     04EE  0821               	movf	___awmod@divisor+1,w
  2757     04EF  0223               	subwf	___awmod@dividend+1,w
  2758     04F0  1D03               	skipz
  2759     04F1  2CF4               	goto	u1025
  2760     04F2  0820               	movf	___awmod@divisor,w
  2761     04F3  0222               	subwf	___awmod@dividend,w
  2762     04F4                     u1025:
  2763     04F4  1C03               	skipc
  2764     04F5  2CF7               	goto	u1021
  2765     04F6  2CF8               	goto	u1020
  2766     04F7                     u1021:
  2767     04F7  2CFE               	goto	l1467
  2768     04F8                     u1020:
  2769     04F8                     l1465:
  2770     04F8  0820               	movf	___awmod@divisor,w
  2771     04F9  02A2               	subwf	___awmod@dividend,f
  2772     04FA  0821               	movf	___awmod@divisor+1,w
  2773     04FB  1C03               	skipc
  2774     04FC  03A3               	decf	___awmod@dividend+1,f
  2775     04FD  02A3               	subwf	___awmod@dividend+1,f
  2776     04FE                     l1467:
  2777     04FE  3001               	movlw	1
  2778     04FF                     u1035:
  2779     04FF  1003               	clrc
  2780     0500  0CA1               	rrf	___awmod@divisor+1,f
  2781     0501  0CA0               	rrf	___awmod@divisor,f
  2782     0502  3EFF               	addlw	-1
  2783     0503  1D03               	skipz
  2784     0504  2CFF               	goto	u1035
  2785     0505                     l1469:
  2786     0505  3001               	movlw	1
  2787     0506  02A4               	subwf	___awmod@counter,f
  2788     0507  1D03               	btfss	3,2
  2789     0508  2D0A               	goto	u1041
  2790     0509  2D0B               	goto	u1040
  2791     050A                     u1041:
  2792     050A  2CEE               	goto	l1463
  2793     050B                     u1040:
  2794     050B                     l1471:
  2795     050B  0825               	movf	___awmod@sign,w
  2796     050C  1903               	btfsc	3,2
  2797     050D  2D0F               	goto	u1051
  2798     050E  2D10               	goto	u1050
  2799     050F                     u1051:
  2800     050F  2D15               	goto	l1475
  2801     0510                     u1050:
  2802     0510                     l1473:
  2803     0510  09A2               	comf	___awmod@dividend,f
  2804     0511  09A3               	comf	___awmod@dividend+1,f
  2805     0512  0AA2               	incf	___awmod@dividend,f
  2806     0513  1903               	skipnz
  2807     0514  0AA3               	incf	___awmod@dividend+1,f
  2808     0515                     l1475:
  2809     0515  0823               	movf	___awmod@dividend+1,w
  2810     0516  00A1               	movwf	?___awmod+1
  2811     0517  0822               	movf	___awmod@dividend,w
  2812     0518  00A0               	movwf	?___awmod
  2813     0519                     l502:
  2814     0519  0008               	return
  2815     051A                     __end_of___awmod:
  2816                           
  2817                           	psect	text12
  2818     045C                     __ptext12:	
  2819 ;; *************** function ___awdiv *****************
  2820 ;; Defined at:
  2821 ;;		line 5 in file "C:\Program Files\Microchip\xc8\v2.50\pic\sources\c99\common\awdiv.c"
  2822 ;; Parameters:    Size  Location     Type
  2823 ;;  divisor         2    0[BANK0 ] int 
  2824 ;;  dividend        2    2[BANK0 ] int 
  2825 ;; Auto vars:     Size  Location     Type
  2826 ;;  quotient        2    6[BANK0 ] int 
  2827 ;;  sign            1    5[BANK0 ] unsigned char 
  2828 ;;  counter         1    4[BANK0 ] unsigned char 
  2829 ;; Return value:  Size  Location     Type
  2830 ;;                  2    0[BANK0 ] int 
  2831 ;; Registers used:
  2832 ;;		wreg, status,2, status,0
  2833 ;; Tracked objects:
  2834 ;;		On entry : 0/0
  2835 ;;		On exit  : 0/0
  2836 ;;		Unchanged: 0/0
  2837 ;; Data sizes:     COMMON   BANK0   BANK1   BANK3   BANK2
  2838 ;;      Params:         0       4       0       0       0
  2839 ;;      Locals:         0       4       0       0       0
  2840 ;;      Temps:          0       0       0       0       0
  2841 ;;      Totals:         0       8       0       0       0
  2842 ;;Total ram usage:        8 bytes
  2843 ;; Hardware stack levels used: 1
  2844 ;; Hardware stack levels required when called: 2
  2845 ;; This function calls:
  2846 ;;		Nothing
  2847 ;; This function is called by:
  2848 ;;		_vfpfcnvrt
  2849 ;; This function uses a non-reentrant model
  2850 ;;
  2851                           
  2852     045C                     ___awdiv:	
  2853                           ;psect for function ___awdiv
  2854                           
  2855     045C                     l1397:	
  2856                           ;incstack = 0
  2857                           ; Regs used in ___awdiv: [wreg+status,2+status,0]
  2858                           
  2859     045C  1283               	bcf	3,5	;RP0=0, select bank0
  2860     045D  1303               	bcf	3,6	;RP1=0, select bank0
  2861     045E  01A5               	clrf	___awdiv@sign
  2862     045F                     l1399:
  2863     045F  1FA1               	btfss	___awdiv@divisor+1,7
  2864     0460  2C62               	goto	u871
  2865     0461  2C63               	goto	u870
  2866     0462                     u871:
  2867     0462  2C6A               	goto	l1405
  2868     0463                     u870:
  2869     0463                     l1401:
  2870     0463  09A0               	comf	___awdiv@divisor,f
  2871     0464  09A1               	comf	___awdiv@divisor+1,f
  2872     0465  0AA0               	incf	___awdiv@divisor,f
  2873     0466  1903               	skipnz
  2874     0467  0AA1               	incf	___awdiv@divisor+1,f
  2875     0468                     l1403:
  2876     0468  3001               	movlw	1
  2877     0469  00A5               	movwf	___awdiv@sign
  2878     046A                     l1405:
  2879     046A  1FA3               	btfss	___awdiv@dividend+1,7
  2880     046B  2C6D               	goto	u881
  2881     046C  2C6E               	goto	u880
  2882     046D                     u881:
  2883     046D  2C75               	goto	l1411
  2884     046E                     u880:
  2885     046E                     l1407:
  2886     046E  09A2               	comf	___awdiv@dividend,f
  2887     046F  09A3               	comf	___awdiv@dividend+1,f
  2888     0470  0AA2               	incf	___awdiv@dividend,f
  2889     0471  1903               	skipnz
  2890     0472  0AA3               	incf	___awdiv@dividend+1,f
  2891     0473                     l1409:
  2892     0473  3001               	movlw	1
  2893     0474  06A5               	xorwf	___awdiv@sign,f
  2894     0475                     l1411:
  2895     0475  01A6               	clrf	___awdiv@quotient
  2896     0476  01A7               	clrf	___awdiv@quotient+1
  2897     0477                     l1413:
  2898     0477  0820               	movf	___awdiv@divisor,w
  2899     0478  0421               	iorwf	___awdiv@divisor+1,w
  2900     0479  1903               	btfsc	3,2
  2901     047A  2C7C               	goto	u891
  2902     047B  2C7D               	goto	u890
  2903     047C                     u891:
  2904     047C  2CB2               	goto	l1433
  2905     047D                     u890:
  2906     047D                     l1415:
  2907     047D  3001               	movlw	1
  2908     047E  00A4               	movwf	___awdiv@counter
  2909     047F  2C89               	goto	l1421
  2910     0480                     l1417:
  2911     0480  3001               	movlw	1
  2912     0481                     u905:
  2913     0481  1003               	clrc
  2914     0482  0DA0               	rlf	___awdiv@divisor,f
  2915     0483  0DA1               	rlf	___awdiv@divisor+1,f
  2916     0484  3EFF               	addlw	-1
  2917     0485  1D03               	skipz
  2918     0486  2C81               	goto	u905
  2919     0487                     l1419:
  2920     0487  3001               	movlw	1
  2921     0488  07A4               	addwf	___awdiv@counter,f
  2922     0489                     l1421:
  2923     0489  1FA1               	btfss	___awdiv@divisor+1,7
  2924     048A  2C8C               	goto	u911
  2925     048B  2C8D               	goto	u910
  2926     048C                     u911:
  2927     048C  2C80               	goto	l1417
  2928     048D                     u910:
  2929     048D                     l1423:
  2930     048D  3001               	movlw	1
  2931     048E                     u925:
  2932     048E  1003               	clrc
  2933     048F  0DA6               	rlf	___awdiv@quotient,f
  2934     0490  0DA7               	rlf	___awdiv@quotient+1,f
  2935     0491  3EFF               	addlw	-1
  2936     0492  1D03               	skipz
  2937     0493  2C8E               	goto	u925
  2938     0494  0821               	movf	___awdiv@divisor+1,w
  2939     0495  0223               	subwf	___awdiv@dividend+1,w
  2940     0496  1D03               	skipz
  2941     0497  2C9A               	goto	u935
  2942     0498  0820               	movf	___awdiv@divisor,w
  2943     0499  0222               	subwf	___awdiv@dividend,w
  2944     049A                     u935:
  2945     049A  1C03               	skipc
  2946     049B  2C9D               	goto	u931
  2947     049C  2C9E               	goto	u930
  2948     049D                     u931:
  2949     049D  2CA5               	goto	l1429
  2950     049E                     u930:
  2951     049E                     l1425:
  2952     049E  0820               	movf	___awdiv@divisor,w
  2953     049F  02A2               	subwf	___awdiv@dividend,f
  2954     04A0  0821               	movf	___awdiv@divisor+1,w
  2955     04A1  1C03               	skipc
  2956     04A2  03A3               	decf	___awdiv@dividend+1,f
  2957     04A3  02A3               	subwf	___awdiv@dividend+1,f
  2958     04A4                     l1427:
  2959     04A4  1426               	bsf	___awdiv@quotient,0
  2960     04A5                     l1429:
  2961     04A5  3001               	movlw	1
  2962     04A6                     u945:
  2963     04A6  1003               	clrc
  2964     04A7  0CA1               	rrf	___awdiv@divisor+1,f
  2965     04A8  0CA0               	rrf	___awdiv@divisor,f
  2966     04A9  3EFF               	addlw	-1
  2967     04AA  1D03               	skipz
  2968     04AB  2CA6               	goto	u945
  2969     04AC                     l1431:
  2970     04AC  3001               	movlw	1
  2971     04AD  02A4               	subwf	___awdiv@counter,f
  2972     04AE  1D03               	btfss	3,2
  2973     04AF  2CB1               	goto	u951
  2974     04B0  2CB2               	goto	u950
  2975     04B1                     u951:
  2976     04B1  2C8D               	goto	l1423
  2977     04B2                     u950:
  2978     04B2                     l1433:
  2979     04B2  0825               	movf	___awdiv@sign,w
  2980     04B3  1903               	btfsc	3,2
  2981     04B4  2CB6               	goto	u961
  2982     04B5  2CB7               	goto	u960
  2983     04B6                     u961:
  2984     04B6  2CBC               	goto	l1437
  2985     04B7                     u960:
  2986     04B7                     l1435:
  2987     04B7  09A6               	comf	___awdiv@quotient,f
  2988     04B8  09A7               	comf	___awdiv@quotient+1,f
  2989     04B9  0AA6               	incf	___awdiv@quotient,f
  2990     04BA  1903               	skipnz
  2991     04BB  0AA7               	incf	___awdiv@quotient+1,f
  2992     04BC                     l1437:
  2993     04BC  0827               	movf	___awdiv@quotient+1,w
  2994     04BD  00A1               	movwf	?___awdiv+1
  2995     04BE  0826               	movf	___awdiv@quotient,w
  2996     04BF  00A0               	movwf	?___awdiv
  2997     04C0                     l489:
  2998     04C0  0008               	return
  2999     04C1                     __end_of___awdiv:
  3000                           
  3001                           	psect	text13
  3002     05F8                     __ptext13:	
  3003 ;; *************** function ___lwmod *****************
  3004 ;; Defined at:
  3005 ;;		line 5 in file "C:\Program Files\Microchip\xc8\v2.50\pic\sources\c99\common\lwmod.c"
  3006 ;; Parameters:    Size  Location     Type
  3007 ;;  divisor         2    0[BANK0 ] unsigned int 
  3008 ;;  dividend        2    2[BANK0 ] unsigned int 
  3009 ;; Auto vars:     Size  Location     Type
  3010 ;;  counter         1    4[BANK0 ] unsigned char 
  3011 ;; Return value:  Size  Location     Type
  3012 ;;                  2    0[BANK0 ] unsigned int 
  3013 ;; Registers used:
  3014 ;;		wreg, status,2, status,0
  3015 ;; Tracked objects:
  3016 ;;		On entry : 0/0
  3017 ;;		On exit  : 0/0
  3018 ;;		Unchanged: 0/0
  3019 ;; Data sizes:     COMMON   BANK0   BANK1   BANK3   BANK2
  3020 ;;      Params:         0       4       0       0       0
  3021 ;;      Locals:         0       1       0       0       0
  3022 ;;      Temps:          0       0       0       0       0
  3023 ;;      Totals:         0       5       0       0       0
  3024 ;;Total ram usage:        5 bytes
  3025 ;; Hardware stack levels used: 1
  3026 ;; Hardware stack levels required when called: 2
  3027 ;; This function calls:
  3028 ;;		Nothing
  3029 ;; This function is called by:
  3030 ;;		_disp_print
  3031 ;; This function uses a non-reentrant model
  3032 ;;
  3033                           
  3034     05F8                     ___lwmod:	
  3035                           ;psect for function ___lwmod
  3036                           
  3037     05F8                     l1633:	
  3038                           ;incstack = 0
  3039                           ; Regs used in ___lwmod: [wreg+status,2+status,0]
  3040                           
  3041     05F8  1283               	bcf	3,5	;RP0=0, select bank0
  3042     05F9  1303               	bcf	3,6	;RP1=0, select bank0
  3043     05FA  0820               	movf	___lwmod@divisor,w
  3044     05FB  0421               	iorwf	___lwmod@divisor+1,w
  3045     05FC  1903               	btfsc	3,2
  3046     05FD  2DFF               	goto	u1311
  3047     05FE  2E00               	goto	u1310
  3048     05FF                     u1311:
  3049     05FF  2E2D               	goto	l1651
  3050     0600                     u1310:
  3051     0600                     l1635:
  3052     0600  3001               	movlw	1
  3053     0601  00A4               	movwf	___lwmod@counter
  3054     0602  2E0C               	goto	l1641
  3055     0603                     l1637:
  3056     0603  3001               	movlw	1
  3057     0604                     u1325:
  3058     0604  1003               	clrc
  3059     0605  0DA0               	rlf	___lwmod@divisor,f
  3060     0606  0DA1               	rlf	___lwmod@divisor+1,f
  3061     0607  3EFF               	addlw	-1
  3062     0608  1D03               	skipz
  3063     0609  2E04               	goto	u1325
  3064     060A                     l1639:
  3065     060A  3001               	movlw	1
  3066     060B  07A4               	addwf	___lwmod@counter,f
  3067     060C                     l1641:
  3068     060C  1FA1               	btfss	___lwmod@divisor+1,7
  3069     060D  2E0F               	goto	u1331
  3070     060E  2E10               	goto	u1330
  3071     060F                     u1331:
  3072     060F  2E03               	goto	l1637
  3073     0610                     u1330:
  3074     0610                     l1643:
  3075     0610  0821               	movf	___lwmod@divisor+1,w
  3076     0611  0223               	subwf	___lwmod@dividend+1,w
  3077     0612  1D03               	skipz
  3078     0613  2E16               	goto	u1345
  3079     0614  0820               	movf	___lwmod@divisor,w
  3080     0615  0222               	subwf	___lwmod@dividend,w
  3081     0616                     u1345:
  3082     0616  1C03               	skipc
  3083     0617  2E19               	goto	u1341
  3084     0618  2E1A               	goto	u1340
  3085     0619                     u1341:
  3086     0619  2E20               	goto	l1647
  3087     061A                     u1340:
  3088     061A                     l1645:
  3089     061A  0820               	movf	___lwmod@divisor,w
  3090     061B  02A2               	subwf	___lwmod@dividend,f
  3091     061C  0821               	movf	___lwmod@divisor+1,w
  3092     061D  1C03               	skipc
  3093     061E  03A3               	decf	___lwmod@dividend+1,f
  3094     061F  02A3               	subwf	___lwmod@dividend+1,f
  3095     0620                     l1647:
  3096     0620  3001               	movlw	1
  3097     0621                     u1355:
  3098     0621  1003               	clrc
  3099     0622  0CA1               	rrf	___lwmod@divisor+1,f
  3100     0623  0CA0               	rrf	___lwmod@divisor,f
  3101     0624  3EFF               	addlw	-1
  3102     0625  1D03               	skipz
  3103     0626  2E21               	goto	u1355
  3104     0627                     l1649:
  3105     0627  3001               	movlw	1
  3106     0628  02A4               	subwf	___lwmod@counter,f
  3107     0629  1D03               	btfss	3,2
  3108     062A  2E2C               	goto	u1361
  3109     062B  2E2D               	goto	u1360
  3110     062C                     u1361:
  3111     062C  2E10               	goto	l1643
  3112     062D                     u1360:
  3113     062D                     l1651:
  3114     062D  0823               	movf	___lwmod@dividend+1,w
  3115     062E  00A1               	movwf	?___lwmod+1
  3116     062F  0822               	movf	___lwmod@dividend,w
  3117     0630  00A0               	movwf	?___lwmod
  3118     0631                     l626:
  3119     0631  0008               	return
  3120     0632                     __end_of___lwmod:
  3121                           
  3122                           	psect	text14
  3123     05B4                     __ptext14:	
  3124 ;; *************** function ___lwdiv *****************
  3125 ;; Defined at:
  3126 ;;		line 5 in file "C:\Program Files\Microchip\xc8\v2.50\pic\sources\c99\common\lwdiv.c"
  3127 ;; Parameters:    Size  Location     Type
  3128 ;;  divisor         2    0[BANK0 ] unsigned int 
  3129 ;;  dividend        2    2[BANK0 ] unsigned int 
  3130 ;; Auto vars:     Size  Location     Type
  3131 ;;  quotient        2    4[BANK0 ] unsigned int 
  3132 ;;  counter         1    6[BANK0 ] unsigned char 
  3133 ;; Return value:  Size  Location     Type
  3134 ;;                  2    0[BANK0 ] unsigned int 
  3135 ;; Registers used:
  3136 ;;		wreg, status,2, status,0
  3137 ;; Tracked objects:
  3138 ;;		On entry : 0/0
  3139 ;;		On exit  : 0/0
  3140 ;;		Unchanged: 0/0
  3141 ;; Data sizes:     COMMON   BANK0   BANK1   BANK3   BANK2
  3142 ;;      Params:         0       4       0       0       0
  3143 ;;      Locals:         0       3       0       0       0
  3144 ;;      Temps:          0       0       0       0       0
  3145 ;;      Totals:         0       7       0       0       0
  3146 ;;Total ram usage:        7 bytes
  3147 ;; Hardware stack levels used: 1
  3148 ;; Hardware stack levels required when called: 2
  3149 ;; This function calls:
  3150 ;;		Nothing
  3151 ;; This function is called by:
  3152 ;;		_disp_print
  3153 ;; This function uses a non-reentrant model
  3154 ;;
  3155                           
  3156     05B4                     ___lwdiv:	
  3157                           ;psect for function ___lwdiv
  3158                           
  3159     05B4                     l1607:	
  3160                           ;incstack = 0
  3161                           ; Regs used in ___lwdiv: [wreg+status,2+status,0]
  3162                           
  3163     05B4  1283               	bcf	3,5	;RP0=0, select bank0
  3164     05B5  1303               	bcf	3,6	;RP1=0, select bank0
  3165     05B6  01A4               	clrf	___lwdiv@quotient
  3166     05B7  01A5               	clrf	___lwdiv@quotient+1
  3167     05B8                     l1609:
  3168     05B8  0820               	movf	___lwdiv@divisor,w
  3169     05B9  0421               	iorwf	___lwdiv@divisor+1,w
  3170     05BA  1903               	btfsc	3,2
  3171     05BB  2DBD               	goto	u1241
  3172     05BC  2DBE               	goto	u1240
  3173     05BD                     u1241:
  3174     05BD  2DF3               	goto	l1629
  3175     05BE                     u1240:
  3176     05BE                     l1611:
  3177     05BE  3001               	movlw	1
  3178     05BF  00A6               	movwf	___lwdiv@counter
  3179     05C0  2DCA               	goto	l1617
  3180     05C1                     l1613:
  3181     05C1  3001               	movlw	1
  3182     05C2                     u1255:
  3183     05C2  1003               	clrc
  3184     05C3  0DA0               	rlf	___lwdiv@divisor,f
  3185     05C4  0DA1               	rlf	___lwdiv@divisor+1,f
  3186     05C5  3EFF               	addlw	-1
  3187     05C6  1D03               	skipz
  3188     05C7  2DC2               	goto	u1255
  3189     05C8                     l1615:
  3190     05C8  3001               	movlw	1
  3191     05C9  07A6               	addwf	___lwdiv@counter,f
  3192     05CA                     l1617:
  3193     05CA  1FA1               	btfss	___lwdiv@divisor+1,7
  3194     05CB  2DCD               	goto	u1261
  3195     05CC  2DCE               	goto	u1260
  3196     05CD                     u1261:
  3197     05CD  2DC1               	goto	l1613
  3198     05CE                     u1260:
  3199     05CE                     l1619:
  3200     05CE  3001               	movlw	1
  3201     05CF                     u1275:
  3202     05CF  1003               	clrc
  3203     05D0  0DA4               	rlf	___lwdiv@quotient,f
  3204     05D1  0DA5               	rlf	___lwdiv@quotient+1,f
  3205     05D2  3EFF               	addlw	-1
  3206     05D3  1D03               	skipz
  3207     05D4  2DCF               	goto	u1275
  3208     05D5  0821               	movf	___lwdiv@divisor+1,w
  3209     05D6  0223               	subwf	___lwdiv@dividend+1,w
  3210     05D7  1D03               	skipz
  3211     05D8  2DDB               	goto	u1285
  3212     05D9  0820               	movf	___lwdiv@divisor,w
  3213     05DA  0222               	subwf	___lwdiv@dividend,w
  3214     05DB                     u1285:
  3215     05DB  1C03               	skipc
  3216     05DC  2DDE               	goto	u1281
  3217     05DD  2DDF               	goto	u1280
  3218     05DE                     u1281:
  3219     05DE  2DE6               	goto	l1625
  3220     05DF                     u1280:
  3221     05DF                     l1621:
  3222     05DF  0820               	movf	___lwdiv@divisor,w
  3223     05E0  02A2               	subwf	___lwdiv@dividend,f
  3224     05E1  0821               	movf	___lwdiv@divisor+1,w
  3225     05E2  1C03               	skipc
  3226     05E3  03A3               	decf	___lwdiv@dividend+1,f
  3227     05E4  02A3               	subwf	___lwdiv@dividend+1,f
  3228     05E5                     l1623:
  3229     05E5  1424               	bsf	___lwdiv@quotient,0
  3230     05E6                     l1625:
  3231     05E6  3001               	movlw	1
  3232     05E7                     u1295:
  3233     05E7  1003               	clrc
  3234     05E8  0CA1               	rrf	___lwdiv@divisor+1,f
  3235     05E9  0CA0               	rrf	___lwdiv@divisor,f
  3236     05EA  3EFF               	addlw	-1
  3237     05EB  1D03               	skipz
  3238     05EC  2DE7               	goto	u1295
  3239     05ED                     l1627:
  3240     05ED  3001               	movlw	1
  3241     05EE  02A6               	subwf	___lwdiv@counter,f
  3242     05EF  1D03               	btfss	3,2
  3243     05F0  2DF2               	goto	u1301
  3244     05F1  2DF3               	goto	u1300
  3245     05F2                     u1301:
  3246     05F2  2DCE               	goto	l1619
  3247     05F3                     u1300:
  3248     05F3                     l1629:
  3249     05F3  0825               	movf	___lwdiv@quotient+1,w
  3250     05F4  00A1               	movwf	?___lwdiv+1
  3251     05F5  0824               	movf	___lwdiv@quotient,w
  3252     05F6  00A0               	movwf	?___lwdiv
  3253     05F7                     l616:
  3254     05F7  0008               	return
  3255     05F8                     __end_of___lwdiv:
  3256                           
  3257                           	psect	text15
  3258     0569                     __ptext15:	
  3259 ;; *************** function _disp_config_mode *****************
  3260 ;; Defined at:
  3261 ;;		line 30 in file "common_anode_display.c"
  3262 ;; Parameters:    Size  Location     Type
  3263 ;;  config_numbe    2    1[BANK0 ] short 
  3264 ;; Auto vars:     Size  Location     Type
  3265 ;;  configs         4    5[BANK0 ] unsigned char [4]
  3266 ;; Return value:  Size  Location     Type
  3267 ;;                  1    wreg      void 
  3268 ;; Registers used:
  3269 ;;		wreg, fsr0l, fsr0h, status,2, status,0, pclath, cstack
  3270 ;; Tracked objects:
  3271 ;;		On entry : 0/0
  3272 ;;		On exit  : 0/0
  3273 ;;		Unchanged: 0/0
  3274 ;; Data sizes:     COMMON   BANK0   BANK1   BANK3   BANK2
  3275 ;;      Params:         0       2       0       0       0
  3276 ;;      Locals:         0       4       0       0       0
  3277 ;;      Temps:          0       2       0       0       0
  3278 ;;      Totals:         0       8       0       0       0
  3279 ;;Total ram usage:        8 bytes
  3280 ;; Hardware stack levels used: 1
  3281 ;; Hardware stack levels required when called: 3
  3282 ;; This function calls:
  3283 ;;		_disp_set_byte
  3284 ;; This function is called by:
  3285 ;;		_main
  3286 ;; This function uses a non-reentrant model
  3287 ;;
  3288                           
  3289     0569                     _disp_config_mode:	
  3290                           ;psect for function _disp_config_mode
  3291                           
  3292     0569                     l1725:	
  3293                           ;incstack = 0
  3294                           ; Regs used in _disp_config_mode: [wreg-fsr0h+status,2+status,0+pclath+cstack]
  3295                           
  3296                           
  3297                           ;common_anode_display.c: 32:     char configs[] = {'0', '1', '2', '3'};
  3298     0569  1683               	bsf	3,5	;RP0=1, select bank1
  3299     056A  1303               	bcf	3,6	;RP1=0, select bank1
  3300     056B  0845               	movf	(disp_config_mode@F1269+3)^(0+128),w
  3301     056C  1283               	bcf	3,5	;RP0=0, select bank0
  3302     056D  1303               	bcf	3,6	;RP1=0, select bank0
  3303     056E  00A8               	movwf	disp_config_mode@configs+3
  3304     056F  1683               	bsf	3,5	;RP0=1, select bank1
  3305     0570  1303               	bcf	3,6	;RP1=0, select bank1
  3306     0571  0844               	movf	(disp_config_mode@F1269+2)^(0+128),w
  3307     0572  1283               	bcf	3,5	;RP0=0, select bank0
  3308     0573  1303               	bcf	3,6	;RP1=0, select bank0
  3309     0574  00A7               	movwf	disp_config_mode@configs+2
  3310     0575  1683               	bsf	3,5	;RP0=1, select bank1
  3311     0576  1303               	bcf	3,6	;RP1=0, select bank1
  3312     0577  0843               	movf	(disp_config_mode@F1269+1)^(0+128),w
  3313     0578  1283               	bcf	3,5	;RP0=0, select bank0
  3314     0579  1303               	bcf	3,6	;RP1=0, select bank0
  3315     057A  00A6               	movwf	disp_config_mode@configs+1
  3316     057B  1683               	bsf	3,5	;RP0=1, select bank1
  3317     057C  1303               	bcf	3,6	;RP1=0, select bank1
  3318     057D  0842               	movf	disp_config_mode@F1269^(0+128),w
  3319     057E  1283               	bcf	3,5	;RP0=0, select bank0
  3320     057F  1303               	bcf	3,6	;RP1=0, select bank0
  3321     0580  00A5               	movwf	disp_config_mode@configs
  3322     0581                     l1727:
  3323                           
  3324                           ;common_anode_display.c: 34:     PORTC |= 0b1111;
  3325     0581  300F               	movlw	15
  3326     0582  0487               	iorwf	7,f	;volatile
  3327     0583                     l1729:
  3328                           
  3329                           ;common_anode_display.c: 35:     disp_set_byte('c');
  3330     0583  3063               	movlw	99
  3331     0584  120A  118A  23EC  120A  118A  	fcall	_disp_set_byte
  3332     0589                     l1731:
  3333                           
  3334                           ;common_anode_display.c: 36:     PORTC ^= (1 << 0);
  3335     0589  3001               	movlw	1
  3336     058A  1283               	bcf	3,5	;RP0=0, select bank0
  3337     058B  1303               	bcf	3,6	;RP1=0, select bank0
  3338     058C  0687               	xorwf	7,f	;volatile
  3339     058D                     l1733:
  3340                           
  3341                           ;common_anode_display.c: 37:     _delay((unsigned long)((2)*(4000000/4000.0)));
  3342     058D  3003               	movlw	3
  3343     058E  1283               	bcf	3,5	;RP0=0, select bank0
  3344     058F  1303               	bcf	3,6	;RP1=0, select bank0
  3345     0590  00A4               	movwf	??_disp_config_mode+1
  3346     0591  3097               	movlw	151
  3347     0592  00A3               	movwf	??_disp_config_mode
  3348     0593                     u1747:
  3349     0593  0BA3               	decfsz	??_disp_config_mode,f
  3350     0594  2D93               	goto	u1747
  3351     0595  0BA4               	decfsz	??_disp_config_mode+1,f
  3352     0596  2D93               	goto	u1747
  3353     0597                     l1735:
  3354                           
  3355                           ;common_anode_display.c: 38:     PORTC |= 0b1111;
  3356     0597  300F               	movlw	15
  3357     0598  1283               	bcf	3,5	;RP0=0, select bank0
  3358     0599  1303               	bcf	3,6	;RP1=0, select bank0
  3359     059A  0487               	iorwf	7,f	;volatile
  3360     059B                     l1737:
  3361                           
  3362                           ;common_anode_display.c: 39:     disp_set_byte(configs[config_number]);
  3363     059B  0821               	movf	disp_config_mode@config_number,w
  3364     059C  3E25               	addlw	(low (disp_config_mode@configs| 0))& (0+255)
  3365     059D  0084               	movwf	4
  3366     059E  1383               	bcf	3,7	;select IRP bank0
  3367     059F  0800               	movf	0,w
  3368     05A0  120A  118A  23EC  120A  118A  	fcall	_disp_set_byte
  3369                           
  3370                           ;common_anode_display.c: 40:     PORTC ^= (1 << 1);
  3371     05A5  3002               	movlw	2
  3372     05A6  1283               	bcf	3,5	;RP0=0, select bank0
  3373     05A7  1303               	bcf	3,6	;RP1=0, select bank0
  3374     05A8  0687               	xorwf	7,f	;volatile
  3375     05A9                     l1739:
  3376                           
  3377                           ;common_anode_display.c: 41:     _delay((unsigned long)((2)*(4000000/4000.0)));
  3378     05A9  3003               	movlw	3
  3379     05AA  1283               	bcf	3,5	;RP0=0, select bank0
  3380     05AB  1303               	bcf	3,6	;RP1=0, select bank0
  3381     05AC  00A4               	movwf	??_disp_config_mode+1
  3382     05AD  3097               	movlw	151
  3383     05AE  00A3               	movwf	??_disp_config_mode
  3384     05AF                     u1757:
  3385     05AF  0BA3               	decfsz	??_disp_config_mode,f
  3386     05B0  2DAF               	goto	u1757
  3387     05B1  0BA4               	decfsz	??_disp_config_mode+1,f
  3388     05B2  2DAF               	goto	u1757
  3389     05B3                     l152:
  3390     05B3  0008               	return
  3391     05B4                     __end_of_disp_config_mode:
  3392                           
  3393                           	psect	text16
  3394     03EC                     __ptext16:	
  3395 ;; *************** function _disp_set_byte *****************
  3396 ;; Defined at:
  3397 ;;		line 44 in file "common_anode_display.c"
  3398 ;; Parameters:    Size  Location     Type
  3399 ;;  byte            1    wreg     unsigned char 
  3400 ;; Auto vars:     Size  Location     Type
  3401 ;;  byte            1    0[BANK0 ] unsigned char 
  3402 ;; Return value:  Size  Location     Type
  3403 ;;                  1    wreg      void 
  3404 ;; Registers used:
  3405 ;;		wreg, fsr0l, fsr0h, status,2, status,0
  3406 ;; Tracked objects:
  3407 ;;		On entry : 0/0
  3408 ;;		On exit  : 0/0
  3409 ;;		Unchanged: 0/0
  3410 ;; Data sizes:     COMMON   BANK0   BANK1   BANK3   BANK2
  3411 ;;      Params:         0       0       0       0       0
  3412 ;;      Locals:         0       1       0       0       0
  3413 ;;      Temps:          0       0       0       0       0
  3414 ;;      Totals:         0       1       0       0       0
  3415 ;;Total ram usage:        1 bytes
  3416 ;; Hardware stack levels used: 1
  3417 ;; Hardware stack levels required when called: 2
  3418 ;; This function calls:
  3419 ;;		Nothing
  3420 ;; This function is called by:
  3421 ;;		_disp_print
  3422 ;;		_disp_config_mode
  3423 ;;		_disp_show_end
  3424 ;; This function uses a non-reentrant model
  3425 ;;
  3426                           
  3427     03EC                     _disp_set_byte:	
  3428                           ;psect for function _disp_set_byte
  3429                           
  3430                           
  3431                           ;incstack = 0
  3432                           ; Regs used in _disp_set_byte: [wreg-fsr0h+status,2+status,0]
  3433                           ;disp_set_byte@byte stored from wreg
  3434     03EC  1283               	bcf	3,5	;RP0=0, select bank0
  3435     03ED  1303               	bcf	3,6	;RP1=0, select bank0
  3436     03EE  00A0               	movwf	disp_set_byte@byte
  3437     03EF                     l1597:
  3438                           
  3439                           ;common_anode_display.c: 45:     switch (byte) {
  3440     03EF  2C26               	goto	l1601
  3441     03F0                     l156:	
  3442                           ;common_anode_display.c: 46:         case '0':
  3443                           
  3444                           
  3445                           ;common_anode_display.c: 47:             PORTB = 0x3F;
  3446     03F0  303F               	movlw	63
  3447     03F1  0086               	movwf	6	;volatile
  3448                           
  3449                           ;common_anode_display.c: 48:             break;
  3450     03F2  2C5B               	goto	l175
  3451     03F3                     l158:	
  3452                           ;common_anode_display.c: 49:         case '1':
  3453                           
  3454                           
  3455                           ;common_anode_display.c: 50:             PORTB = 0x06;
  3456     03F3  3006               	movlw	6
  3457     03F4  0086               	movwf	6	;volatile
  3458                           
  3459                           ;common_anode_display.c: 51:             break;
  3460     03F5  2C5B               	goto	l175
  3461     03F6                     l159:	
  3462                           ;common_anode_display.c: 52:         case '2':
  3463                           
  3464                           
  3465                           ;common_anode_display.c: 53:             PORTB = 0x5B;
  3466     03F6  305B               	movlw	91
  3467     03F7  0086               	movwf	6	;volatile
  3468                           
  3469                           ;common_anode_display.c: 54:             break;
  3470     03F8  2C5B               	goto	l175
  3471     03F9                     l160:	
  3472                           ;common_anode_display.c: 55:         case '3':
  3473                           
  3474                           
  3475                           ;common_anode_display.c: 56:             PORTB = 0x4F;
  3476     03F9  304F               	movlw	79
  3477     03FA  0086               	movwf	6	;volatile
  3478                           
  3479                           ;common_anode_display.c: 57:             break;
  3480     03FB  2C5B               	goto	l175
  3481     03FC                     l161:	
  3482                           ;common_anode_display.c: 58:         case '4':
  3483                           
  3484                           
  3485                           ;common_anode_display.c: 59:             PORTB = 0x66;
  3486     03FC  3066               	movlw	102
  3487     03FD  0086               	movwf	6	;volatile
  3488                           
  3489                           ;common_anode_display.c: 60:             break;
  3490     03FE  2C5B               	goto	l175
  3491     03FF                     l162:	
  3492                           ;common_anode_display.c: 61:         case '5':
  3493                           
  3494                           
  3495                           ;common_anode_display.c: 62:             PORTB = 0x6D;
  3496     03FF  306D               	movlw	109
  3497     0400  0086               	movwf	6	;volatile
  3498                           
  3499                           ;common_anode_display.c: 63:             break;
  3500     0401  2C5B               	goto	l175
  3501     0402                     l163:	
  3502                           ;common_anode_display.c: 64:         case '6':
  3503                           
  3504                           
  3505                           ;common_anode_display.c: 65:             PORTB = 0x7D;
  3506     0402  307D               	movlw	125
  3507     0403  0086               	movwf	6	;volatile
  3508                           
  3509                           ;common_anode_display.c: 66:             break;
  3510     0404  2C5B               	goto	l175
  3511     0405                     l164:	
  3512                           ;common_anode_display.c: 67:         case '7':
  3513                           
  3514                           
  3515                           ;common_anode_display.c: 68:             PORTB = 0x07;
  3516     0405  3007               	movlw	7
  3517     0406  0086               	movwf	6	;volatile
  3518                           
  3519                           ;common_anode_display.c: 69:             break;
  3520     0407  2C5B               	goto	l175
  3521     0408                     l165:	
  3522                           ;common_anode_display.c: 70:         case '8':
  3523                           
  3524                           
  3525                           ;common_anode_display.c: 71:             PORTB = 0x7F;
  3526     0408  307F               	movlw	127
  3527     0409  0086               	movwf	6	;volatile
  3528                           
  3529                           ;common_anode_display.c: 72:             break;
  3530     040A  2C5B               	goto	l175
  3531     040B                     l166:	
  3532                           ;common_anode_display.c: 73:         case '9':
  3533                           
  3534                           
  3535                           ;common_anode_display.c: 74:             PORTB = 0x6F;
  3536     040B  306F               	movlw	111
  3537     040C  0086               	movwf	6	;volatile
  3538                           
  3539                           ;common_anode_display.c: 75:             break;
  3540     040D  2C5B               	goto	l175
  3541     040E                     l167:	
  3542                           ;common_anode_display.c: 76:         case 'a':
  3543                           
  3544                           
  3545                           ;common_anode_display.c: 77:             PORTB = 0x77;
  3546     040E  3077               	movlw	119
  3547     040F  0086               	movwf	6	;volatile
  3548                           
  3549                           ;common_anode_display.c: 78:             break;
  3550     0410  2C5B               	goto	l175
  3551     0411                     l168:	
  3552                           ;common_anode_display.c: 79:         case 'b':
  3553                           
  3554                           
  3555                           ;common_anode_display.c: 80:             PORTB = 0x7C;
  3556     0411  307C               	movlw	124
  3557     0412  0086               	movwf	6	;volatile
  3558                           
  3559                           ;common_anode_display.c: 81:             break;
  3560     0413  2C5B               	goto	l175
  3561     0414                     l169:	
  3562                           ;common_anode_display.c: 82:         case 'c':
  3563                           
  3564                           
  3565                           ;common_anode_display.c: 83:             PORTB = 0x39;
  3566     0414  3039               	movlw	57
  3567     0415  0086               	movwf	6	;volatile
  3568                           
  3569                           ;common_anode_display.c: 84:             break;
  3570     0416  2C5B               	goto	l175
  3571     0417                     l170:	
  3572                           ;common_anode_display.c: 85:         case 'd':
  3573                           
  3574                           
  3575                           ;common_anode_display.c: 86:             PORTB = 0x5E;
  3576     0417  305E               	movlw	94
  3577     0418  0086               	movwf	6	;volatile
  3578                           
  3579                           ;common_anode_display.c: 87:             break;
  3580     0419  2C5B               	goto	l175
  3581     041A                     l171:	
  3582                           ;common_anode_display.c: 88:         case 'e':
  3583                           
  3584                           
  3585                           ;common_anode_display.c: 89:             PORTB = 0x79;
  3586     041A  3079               	movlw	121
  3587     041B  0086               	movwf	6	;volatile
  3588                           
  3589                           ;common_anode_display.c: 90:             break;
  3590     041C  2C5B               	goto	l175
  3591     041D                     l172:	
  3592                           ;common_anode_display.c: 91:         case 'f':
  3593                           
  3594                           
  3595                           ;common_anode_display.c: 92:             PORTB = 0x71;
  3596     041D  3071               	movlw	113
  3597     041E  0086               	movwf	6	;volatile
  3598                           
  3599                           ;common_anode_display.c: 93:             break;
  3600     041F  2C5B               	goto	l175
  3601     0420                     l173:	
  3602                           ;common_anode_display.c: 94:         case 'n':
  3603                           
  3604                           
  3605                           ;common_anode_display.c: 95:             PORTB = 0b1010100;
  3606     0420  3054               	movlw	84
  3607     0421  0086               	movwf	6	;volatile
  3608                           
  3609                           ;common_anode_display.c: 96:             break;
  3610     0422  2C5B               	goto	l175
  3611     0423                     l174:	
  3612                           ;common_anode_display.c: 97:         default:
  3613                           
  3614                           
  3615                           ;common_anode_display.c: 98:             PORTB = 0xFF;
  3616     0423  30FF               	movlw	255
  3617     0424  0086               	movwf	6	;volatile
  3618                           
  3619                           ;common_anode_display.c: 99:             break;
  3620     0425  2C5B               	goto	l175
  3621     0426                     l1601:
  3622     0426  0820               	movf	disp_set_byte@byte,w
  3623                           
  3624                           ; Switch size 1, requested type "simple"
  3625                           ; Number of cases is 17, Range of values is 48 to 110
  3626                           ; switch strategies available:
  3627                           ; Name         Instructions Cycles
  3628                           ; simple_byte           52    27 (average)
  3629                           ; direct_byte          200    11 (fixed)
  3630                           ; jumptable            263     9 (fixed)
  3631                           ;	Chosen strategy is simple_byte
  3632     0427  3A30               	xorlw	48	; case 48
  3633     0428  1903               	skipnz
  3634     0429  2BF0               	goto	l156
  3635     042A  3A01               	xorlw	1	; case 49
  3636     042B  1903               	skipnz
  3637     042C  2BF3               	goto	l158
  3638     042D  3A03               	xorlw	3	; case 50
  3639     042E  1903               	skipnz
  3640     042F  2BF6               	goto	l159
  3641     0430  3A01               	xorlw	1	; case 51
  3642     0431  1903               	skipnz
  3643     0432  2BF9               	goto	l160
  3644     0433  3A07               	xorlw	7	; case 52
  3645     0434  1903               	skipnz
  3646     0435  2BFC               	goto	l161
  3647     0436  3A01               	xorlw	1	; case 53
  3648     0437  1903               	skipnz
  3649     0438  2BFF               	goto	l162
  3650     0439  3A03               	xorlw	3	; case 54
  3651     043A  1903               	skipnz
  3652     043B  2C02               	goto	l163
  3653     043C  3A01               	xorlw	1	; case 55
  3654     043D  1903               	skipnz
  3655     043E  2C05               	goto	l164
  3656     043F  3A0F               	xorlw	15	; case 56
  3657     0440  1903               	skipnz
  3658     0441  2C08               	goto	l165
  3659     0442  3A01               	xorlw	1	; case 57
  3660     0443  1903               	skipnz
  3661     0444  2C0B               	goto	l166
  3662     0445  3A58               	xorlw	88	; case 97
  3663     0446  1903               	skipnz
  3664     0447  2C0E               	goto	l167
  3665     0448  3A03               	xorlw	3	; case 98
  3666     0449  1903               	skipnz
  3667     044A  2C11               	goto	l168
  3668     044B  3A01               	xorlw	1	; case 99
  3669     044C  1903               	skipnz
  3670     044D  2C14               	goto	l169
  3671     044E  3A07               	xorlw	7	; case 100
  3672     044F  1903               	skipnz
  3673     0450  2C17               	goto	l170
  3674     0451  3A01               	xorlw	1	; case 101
  3675     0452  1903               	skipnz
  3676     0453  2C1A               	goto	l171
  3677     0454  3A03               	xorlw	3	; case 102
  3678     0455  1903               	skipnz
  3679     0456  2C1D               	goto	l172
  3680     0457  3A08               	xorlw	8	; case 110
  3681     0458  1903               	skipnz
  3682     0459  2C20               	goto	l173
  3683     045A  2C23               	goto	l174
  3684     045B                     l175:
  3685     045B  0008               	return
  3686     045C                     __end_of_disp_set_byte:
  3687                           
  3688                           	psect	text17
  3689     0735                     __ptext17:	
  3690 ;; *************** function _config_global_interruptions *****************
  3691 ;; Defined at:
  3692 ;;		line 3 in file "interruptions.c"
  3693 ;; Parameters:    Size  Location     Type
  3694 ;;		None
  3695 ;; Auto vars:     Size  Location     Type
  3696 ;;		None
  3697 ;; Return value:  Size  Location     Type
  3698 ;;                  1    wreg      void 
  3699 ;; Registers used:
  3700 ;;		status,2, status,0, pclath, cstack
  3701 ;; Tracked objects:
  3702 ;;		On entry : 0/0
  3703 ;;		On exit  : 0/0
  3704 ;;		Unchanged: 0/0
  3705 ;; Data sizes:     COMMON   BANK0   BANK1   BANK3   BANK2
  3706 ;;      Params:         0       0       0       0       0
  3707 ;;      Locals:         0       0       0       0       0
  3708 ;;      Temps:          0       0       0       0       0
  3709 ;;      Totals:         0       0       0       0       0
  3710 ;;Total ram usage:        0 bytes
  3711 ;; Hardware stack levels used: 1
  3712 ;; Hardware stack levels required when called: 3
  3713 ;; This function calls:
  3714 ;;		_config_timer_interruption
  3715 ;;		_config_uart_interruption
  3716 ;; This function is called by:
  3717 ;;		_main
  3718 ;; This function uses a non-reentrant model
  3719 ;;
  3720                           
  3721     0735                     _config_global_interruptions:	
  3722                           ;psect for function _config_global_interruptions
  3723                           
  3724     0735                     l1655:	
  3725                           ;incstack = 0
  3726                           ; Regs used in _config_global_interruptions: [status,2+status,0+pclath+cstack]
  3727                           
  3728                           
  3729                           ;interruptions.c: 4:     INTCONbits.GIE = 1;
  3730     0735  178B               	bsf	11,7	;volatile
  3731                           
  3732                           ;interruptions.c: 5:     INTCONbits.PEIE = 1;
  3733     0736  170B               	bsf	11,6	;volatile
  3734     0737                     l1657:
  3735                           
  3736                           ;interruptions.c: 6:     config_uart_interruption();
  3737     0737  120A  118A  276A  120A  118A  	fcall	_config_uart_interruption
  3738                           
  3739                           ;interruptions.c: 7:     config_timer_interruption();
  3740     073C  120A  118A  274D  120A  118A  	fcall	_config_timer_interruption
  3741     0741                     l244:
  3742     0741  0008               	return
  3743     0742                     __end_of_config_global_interruptions:
  3744                           
  3745                           	psect	text18
  3746     076A                     __ptext18:	
  3747 ;; *************** function _config_uart_interruption *****************
  3748 ;; Defined at:
  3749 ;;		line 10 in file "interruptions.c"
  3750 ;; Parameters:    Size  Location     Type
  3751 ;;		None
  3752 ;; Auto vars:     Size  Location     Type
  3753 ;;		None
  3754 ;; Return value:  Size  Location     Type
  3755 ;;                  1    wreg      void 
  3756 ;; Registers used:
  3757 ;;		None
  3758 ;; Tracked objects:
  3759 ;;		On entry : 0/0
  3760 ;;		On exit  : 0/0
  3761 ;;		Unchanged: 0/0
  3762 ;; Data sizes:     COMMON   BANK0   BANK1   BANK3   BANK2
  3763 ;;      Params:         0       0       0       0       0
  3764 ;;      Locals:         0       0       0       0       0
  3765 ;;      Temps:          0       0       0       0       0
  3766 ;;      Totals:         0       0       0       0       0
  3767 ;;Total ram usage:        0 bytes
  3768 ;; Hardware stack levels used: 1
  3769 ;; Hardware stack levels required when called: 2
  3770 ;; This function calls:
  3771 ;;		Nothing
  3772 ;; This function is called by:
  3773 ;;		_config_global_interruptions
  3774 ;; This function uses a non-reentrant model
  3775 ;;
  3776                           
  3777     076A                     _config_uart_interruption:	
  3778                           ;psect for function _config_uart_interruption
  3779                           
  3780     076A                     l1603:	
  3781                           ;incstack = 0
  3782                           ; Regs used in _config_uart_interruption: []
  3783                           
  3784                           
  3785                           ;interruptions.c: 11:     PIE1bits.TXIE = 0;
  3786     076A  1683               	bsf	3,5	;RP0=1, select bank1
  3787     076B  1303               	bcf	3,6	;RP1=0, select bank1
  3788     076C  120C               	bcf	12,4	;volatile
  3789                           
  3790                           ;interruptions.c: 12:     PIE1bits.RCIE = 1;
  3791     076D  168C               	bsf	12,5	;volatile
  3792                           
  3793                           ;interruptions.c: 13:     TXIF = 1;
  3794     076E  1283               	bcf	3,5	;RP0=0, select bank0
  3795     076F  1303               	bcf	3,6	;RP1=0, select bank0
  3796     0770  160C               	bsf	12,4	;volatile
  3797                           
  3798                           ;interruptions.c: 14:     RCIF = 1;
  3799     0771  168C               	bsf	12,5	;volatile
  3800     0772                     l247:
  3801     0772  0008               	return
  3802     0773                     __end_of_config_uart_interruption:
  3803                           
  3804                           	psect	text19
  3805     074D                     __ptext19:	
  3806 ;; *************** function _config_timer_interruption *****************
  3807 ;; Defined at:
  3808 ;;		line 17 in file "interruptions.c"
  3809 ;; Parameters:    Size  Location     Type
  3810 ;;		None
  3811 ;; Auto vars:     Size  Location     Type
  3812 ;;		None
  3813 ;; Return value:  Size  Location     Type
  3814 ;;                  1    wreg      void 
  3815 ;; Registers used:
  3816 ;;		None
  3817 ;; Tracked objects:
  3818 ;;		On entry : 0/0
  3819 ;;		On exit  : 0/0
  3820 ;;		Unchanged: 0/0
  3821 ;; Data sizes:     COMMON   BANK0   BANK1   BANK3   BANK2
  3822 ;;      Params:         0       0       0       0       0
  3823 ;;      Locals:         0       0       0       0       0
  3824 ;;      Temps:          0       0       0       0       0
  3825 ;;      Totals:         0       0       0       0       0
  3826 ;;Total ram usage:        0 bytes
  3827 ;; Hardware stack levels used: 1
  3828 ;; Hardware stack levels required when called: 2
  3829 ;; This function calls:
  3830 ;;		Nothing
  3831 ;; This function is called by:
  3832 ;;		_config_global_interruptions
  3833 ;; This function uses a non-reentrant model
  3834 ;;
  3835                           
  3836     074D                     _config_timer_interruption:	
  3837                           ;psect for function _config_timer_interruption
  3838                           
  3839     074D                     l1605:	
  3840                           ;incstack = 0
  3841                           ; Regs used in _config_timer_interruption: []
  3842                           
  3843                           
  3844                           ;interruptions.c: 18:     INTCONbits.T0IE = 1;
  3845     074D  168B               	bsf	11,5	;volatile
  3846                           
  3847                           ;interruptions.c: 19:     INTCONbits.T0IF = 0;
  3848     074E  110B               	bcf	11,2	;volatile
  3849                           
  3850                           ;interruptions.c: 20:     OPTION_REG = 0b00000001;
  3851     074F  3001               	movlw	1
  3852     0750  1683               	bsf	3,5	;RP0=1, select bank1
  3853     0751  1303               	bcf	3,6	;RP1=0, select bank1
  3854     0752  0081               	movwf	1	;volatile
  3855                           
  3856                           ;interruptions.c: 21:     TMR0 = 6;
  3857     0753  3006               	movlw	6
  3858     0754  1283               	bcf	3,5	;RP0=0, select bank0
  3859     0755  1303               	bcf	3,6	;RP1=0, select bank0
  3860     0756  0081               	movwf	1	;volatile
  3861     0757                     l250:
  3862     0757  0008               	return
  3863     0758                     __end_of_config_timer_interruption:
  3864                           
  3865                           	psect	text20
  3866     06CF                     __ptext20:	
  3867 ;; *************** function _change_multiplier *****************
  3868 ;; Defined at:
  3869 ;;		line 195 in file "main.c"
  3870 ;; Parameters:    Size  Location     Type
  3871 ;;		None
  3872 ;; Auto vars:     Size  Location     Type
  3873 ;;		None
  3874 ;; Return value:  Size  Location     Type
  3875 ;;                  1    wreg      void 
  3876 ;; Registers used:
  3877 ;;		wreg, status,2, status,0, pclath, cstack
  3878 ;; Tracked objects:
  3879 ;;		On entry : 0/0
  3880 ;;		On exit  : 0/0
  3881 ;;		Unchanged: 0/0
  3882 ;; Data sizes:     COMMON   BANK0   BANK1   BANK3   BANK2
  3883 ;;      Params:         0       0       0       0       0
  3884 ;;      Locals:         0       0       0       0       0
  3885 ;;      Temps:          0       0       0       0       0
  3886 ;;      Totals:         0       0       0       0       0
  3887 ;;Total ram usage:        0 bytes
  3888 ;; Hardware stack levels used: 1
  3889 ;; Hardware stack levels required when called: 3
  3890 ;; This function calls:
  3891 ;;		_beep
  3892 ;;		_counters_reset
  3893 ;; This function is called by:
  3894 ;;		_main
  3895 ;; This function uses a non-reentrant model
  3896 ;;
  3897                           
  3898     06CF                     _change_multiplier:	
  3899                           ;psect for function _change_multiplier
  3900                           
  3901     06CF                     l1717:	
  3902                           ;incstack = 0
  3903                           ; Regs used in _change_multiplier: [wreg+status,2+status,0+pclath+cstack]
  3904                           
  3905                           
  3906                           ;main.c: 196:     if (last_decrement_wait_time_multiplier ==
  3907     06CF  1283               	bcf	3,5	;RP0=0, select bank0
  3908     06D0  1303               	bcf	3,6	;RP1=0, select bank0
  3909     06D1  0866               	movf	_decrement_wait_time_multiplier+1,w
  3910     06D2  0664               	xorwf	_last_decrement_wait_time_multiplier+1,w
  3911     06D3  1D03               	skipz
  3912     06D4  2ED7               	goto	u1445
  3913     06D5  0865               	movf	_decrement_wait_time_multiplier,w
  3914     06D6  0663               	xorwf	_last_decrement_wait_time_multiplier,w
  3915     06D7                     u1445:
  3916     06D7  1D03               	skipz
  3917     06D8  2EDA               	goto	u1441
  3918     06D9  2EDB               	goto	u1440
  3919     06DA                     u1441:
  3920     06DA  2EDC               	goto	l122
  3921     06DB                     u1440:
  3922     06DB  2EED               	goto	l123
  3923     06DC                     l122:
  3924                           
  3925                           ;main.c: 199:     PORTCbits.RC4 = 0;
  3926     06DC  1207               	bcf	7,4	;volatile
  3927     06DD                     l1721:
  3928                           
  3929                           ;main.c: 200:     beep();
  3930     06DD  120A  118A  2632  120A  118A  	fcall	_beep
  3931                           
  3932                           ;main.c: 201:     counters_reset();
  3933     06E2  120A  118A  2714  120A  118A  	fcall	_counters_reset
  3934     06E7                     l1723:
  3935                           
  3936                           ;main.c: 203:     last_decrement_wait_time_multiplier =
  3937     06E7  1283               	bcf	3,5	;RP0=0, select bank0
  3938     06E8  1303               	bcf	3,6	;RP1=0, select bank0
  3939     06E9  0866               	movf	_decrement_wait_time_multiplier+1,w
  3940     06EA  00E4               	movwf	_last_decrement_wait_time_multiplier+1
  3941     06EB  0865               	movf	_decrement_wait_time_multiplier,w
  3942     06EC  00E3               	movwf	_last_decrement_wait_time_multiplier
  3943     06ED                     l123:
  3944     06ED  0008               	return
  3945     06EE                     __end_of_change_multiplier:
  3946                           
  3947                           	psect	text21
  3948     0714                     __ptext21:	
  3949 ;; *************** function _counters_reset *****************
  3950 ;; Defined at:
  3951 ;;		line 207 in file "main.c"
  3952 ;; Parameters:    Size  Location     Type
  3953 ;;		None
  3954 ;; Auto vars:     Size  Location     Type
  3955 ;;		None
  3956 ;; Return value:  Size  Location     Type
  3957 ;;                  1    wreg      void 
  3958 ;; Registers used:
  3959 ;;		wreg, status,2
  3960 ;; Tracked objects:
  3961 ;;		On entry : 0/0
  3962 ;;		On exit  : 0/0
  3963 ;;		Unchanged: 0/0
  3964 ;; Data sizes:     COMMON   BANK0   BANK1   BANK3   BANK2
  3965 ;;      Params:         0       0       0       0       0
  3966 ;;      Locals:         0       0       0       0       0
  3967 ;;      Temps:          0       0       0       0       0
  3968 ;;      Totals:         0       0       0       0       0
  3969 ;;Total ram usage:        0 bytes
  3970 ;; Hardware stack levels used: 1
  3971 ;; Hardware stack levels required when called: 2
  3972 ;; This function calls:
  3973 ;;		Nothing
  3974 ;; This function is called by:
  3975 ;;		_main
  3976 ;;		_change_multiplier
  3977 ;; This function uses a non-reentrant model
  3978 ;;
  3979                           
  3980     0714                     _counters_reset:	
  3981                           ;psect for function _counters_reset
  3982                           
  3983     0714                     l1577:	
  3984                           ;incstack = 0
  3985                           ; Regs used in _counters_reset: [wreg+status,2]
  3986                           
  3987                           
  3988                           ;main.c: 208:     tick_timer_count = 1;
  3989     0714  3000               	movlw	0
  3990     0715  1683               	bsf	3,5	;RP0=1, select bank1
  3991     0716  1303               	bcf	3,6	;RP1=0, select bank1
  3992     0717  00C9               	movwf	(_tick_timer_count+3)^(0+128)
  3993     0718  3000               	movlw	0
  3994     0719  00C8               	movwf	(_tick_timer_count+2)^(0+128)
  3995     071A  3000               	movlw	0
  3996     071B  00C7               	movwf	(_tick_timer_count+1)^(0+128)
  3997     071C  3001               	movlw	1
  3998     071D  00C6               	movwf	_tick_timer_count^(0+128)
  3999     071E                     l1579:
  4000                           
  4001                           ;main.c: 209:     display_value = 0;
  4002     071E  01FC               	clrf	_display_value
  4003     071F  01FD               	clrf	_display_value+1
  4004     0720                     l1581:
  4005                           
  4006                           ;main.c: 210:     TMR0 = 6;
  4007     0720  3006               	movlw	6
  4008     0721  1283               	bcf	3,5	;RP0=0, select bank0
  4009     0722  1303               	bcf	3,6	;RP1=0, select bank0
  4010     0723  0081               	movwf	1	;volatile
  4011     0724                     l126:
  4012     0724  0008               	return
  4013     0725                     __end_of_counters_reset:
  4014                           
  4015                           	psect	text22
  4016     0632                     __ptext22:	
  4017 ;; *************** function _beep *****************
  4018 ;; Defined at:
  4019 ;;		line 175 in file "main.c"
  4020 ;; Parameters:    Size  Location     Type
  4021 ;;		None
  4022 ;; Auto vars:     Size  Location     Type
  4023 ;;		None
  4024 ;; Return value:  Size  Location     Type
  4025 ;;                  1    wreg      void 
  4026 ;; Registers used:
  4027 ;;		wreg, status,2, status,0
  4028 ;; Tracked objects:
  4029 ;;		On entry : 0/0
  4030 ;;		On exit  : 0/0
  4031 ;;		Unchanged: 0/0
  4032 ;; Data sizes:     COMMON   BANK0   BANK1   BANK3   BANK2
  4033 ;;      Params:         0       0       0       0       0
  4034 ;;      Locals:         0       0       0       0       0
  4035 ;;      Temps:          0       2       0       0       0
  4036 ;;      Totals:         0       2       0       0       0
  4037 ;;Total ram usage:        2 bytes
  4038 ;; Hardware stack levels used: 1
  4039 ;; Hardware stack levels required when called: 2
  4040 ;; This function calls:
  4041 ;;		Nothing
  4042 ;; This function is called by:
  4043 ;;		_main
  4044 ;;		_change_multiplier
  4045 ;; This function uses a non-reentrant model
  4046 ;;
  4047                           
  4048     0632                     _beep:	
  4049                           ;psect for function _beep
  4050                           
  4051     0632                     l1563:	
  4052                           ;incstack = 0
  4053                           ; Regs used in _beep: [wreg+status,2+status,0]
  4054                           
  4055                           
  4056                           ;main.c: 177:     if (!is_enabled_bip) return;
  4057     0632  1283               	bcf	3,5	;RP0=0, select bank0
  4058     0633  1303               	bcf	3,6	;RP1=0, select bank0
  4059     0634  086F               	movf	_is_enabled_bip,w
  4060     0635  1D03               	btfss	3,2
  4061     0636  2E38               	goto	u1231
  4062     0637  2E39               	goto	u1230
  4063     0638                     u1231:
  4064     0638  2E3A               	goto	l114
  4065     0639                     u1230:
  4066     0639  2E63               	goto	l115
  4067     063A                     l114:
  4068                           
  4069                           ;main.c: 179:     PORTAbits.RA3 = 1;
  4070     063A  1585               	bsf	5,3	;volatile
  4071     063B                     l1567:
  4072                           
  4073                           ;main.c: 180:     _delay((unsigned long)((100)*(4000000/4000.0)));
  4074     063B  3082               	movlw	130
  4075     063C  1283               	bcf	3,5	;RP0=0, select bank0
  4076     063D  1303               	bcf	3,6	;RP1=0, select bank0
  4077     063E  00A1               	movwf	??_beep+1
  4078     063F  30DD               	movlw	221
  4079     0640  00A0               	movwf	??_beep
  4080     0641                     u1767:
  4081     0641  0BA0               	decfsz	??_beep,f
  4082     0642  2E41               	goto	u1767
  4083     0643  0BA1               	decfsz	??_beep+1,f
  4084     0644  2E41               	goto	u1767
  4085     0645                     l1569:
  4086                           
  4087                           ;main.c: 181:     PORTAbits.RA3 = 0;
  4088     0645  1283               	bcf	3,5	;RP0=0, select bank0
  4089     0646  1303               	bcf	3,6	;RP1=0, select bank0
  4090     0647  1185               	bcf	5,3	;volatile
  4091                           
  4092                           ;main.c: 182:     _delay((unsigned long)((100)*(4000000/4000.0)));
  4093     0648  3082               	movlw	130
  4094     0649  1283               	bcf	3,5	;RP0=0, select bank0
  4095     064A  1303               	bcf	3,6	;RP1=0, select bank0
  4096     064B  00A1               	movwf	??_beep+1
  4097     064C  30DD               	movlw	221
  4098     064D  00A0               	movwf	??_beep
  4099     064E                     u1777:
  4100     064E  0BA0               	decfsz	??_beep,f
  4101     064F  2E4E               	goto	u1777
  4102     0650  0BA1               	decfsz	??_beep+1,f
  4103     0651  2E4E               	goto	u1777
  4104     0652                     l1571:
  4105                           
  4106                           ;main.c: 183:     PORTAbits.RA3 = 1;
  4107     0652  1283               	bcf	3,5	;RP0=0, select bank0
  4108     0653  1303               	bcf	3,6	;RP1=0, select bank0
  4109     0654  1585               	bsf	5,3	;volatile
  4110                           
  4111                           ;main.c: 184:     _delay((unsigned long)((100)*(4000000/4000.0)));
  4112     0655  3082               	movlw	130
  4113     0656  1283               	bcf	3,5	;RP0=0, select bank0
  4114     0657  1303               	bcf	3,6	;RP1=0, select bank0
  4115     0658  00A1               	movwf	??_beep+1
  4116     0659  30DD               	movlw	221
  4117     065A  00A0               	movwf	??_beep
  4118     065B                     u1787:
  4119     065B  0BA0               	decfsz	??_beep,f
  4120     065C  2E5B               	goto	u1787
  4121     065D  0BA1               	decfsz	??_beep+1,f
  4122     065E  2E5B               	goto	u1787
  4123     065F                     l1573:
  4124                           
  4125                           ;main.c: 185:     PORTAbits.RA3 = 0;
  4126     065F  1283               	bcf	3,5	;RP0=0, select bank0
  4127     0660  1303               	bcf	3,6	;RP1=0, select bank0
  4128     0661  1185               	bcf	5,3	;volatile
  4129     0662                     l1575:
  4130                           
  4131                           ;main.c: 187:     is_enabled_bip = 0;
  4132     0662  01EF               	clrf	_is_enabled_bip
  4133     0663                     l115:
  4134     0663  0008               	return
  4135     0664                     __end_of_beep:
  4136                           
  4137                           	psect	text23
  4138     0209                     __ptext23:	
  4139 ;; *************** function _my_interruptions *****************
  4140 ;; Defined at:
  4141 ;;		line 115 in file "main.c"
  4142 ;; Parameters:    Size  Location     Type
  4143 ;;		None
  4144 ;; Auto vars:     Size  Location     Type
  4145 ;;  byte            1    0        unsigned char 
  4146 ;; Return value:  Size  Location     Type
  4147 ;;                  1    wreg      void 
  4148 ;; Registers used:
  4149 ;;		wreg, status,2, status,0, pclath, cstack
  4150 ;; Tracked objects:
  4151 ;;		On entry : 0/0
  4152 ;;		On exit  : 0/0
  4153 ;;		Unchanged: 0/0
  4154 ;; Data sizes:     COMMON   BANK0   BANK1   BANK3   BANK2
  4155 ;;      Params:         0       0       0       0       0
  4156 ;;      Locals:         0       0       0       0       0
  4157 ;;      Temps:          6       0       0       0       0
  4158 ;;      Totals:         6       0       0       0       0
  4159 ;;Total ram usage:        6 bytes
  4160 ;; Hardware stack levels used: 1
  4161 ;; Hardware stack levels required when called: 1
  4162 ;; This function calls:
  4163 ;;		___wmul
  4164 ;; This function is called by:
  4165 ;;		Interrupt level 1
  4166 ;; This function uses a non-reentrant model
  4167 ;;
  4168                           
  4169     0209                     _my_interruptions:	
  4170                           ;psect for function _my_interruptions
  4171                           
  4172     0209                     i1l1829:
  4173                           
  4174                           ;main.c: 116:     if (RCIF == 1) {
  4175     0209  1283               	bcf	3,5	;RP0=0, select bank0
  4176     020A  1303               	bcf	3,6	;RP1=0, select bank0
  4177     020B  1E8C               	btfss	12,5	;volatile
  4178     020C  2A0E               	goto	u156_21
  4179     020D  2A0F               	goto	u156_20
  4180     020E                     u156_21:
  4181     020E  2A1E               	goto	i1l98
  4182     020F                     u156_20:
  4183     020F                     i1l1831:
  4184                           
  4185                           ;main.c: 117:         if (RCSTAbits.OERR || RCSTAbits.FERR) {
  4186     020F  1898               	btfsc	24,1	;volatile
  4187     0210  2A12               	goto	u157_21
  4188     0211  2A13               	goto	u157_20
  4189     0212                     u157_21:
  4190     0212  2A17               	goto	i1l101
  4191     0213                     u157_20:
  4192     0213                     i1l1833:
  4193     0213  1D18               	btfss	24,2	;volatile
  4194     0214  2A16               	goto	u158_21
  4195     0215  2A17               	goto	u158_20
  4196     0216                     u158_21:
  4197     0216  2A1C               	goto	i1l1835
  4198     0217                     u158_20:
  4199     0217                     i1l101:
  4200                           
  4201                           ;main.c: 118:             CREN = 0;
  4202     0217  1218               	bcf	24,4	;volatile
  4203                           
  4204                           ;main.c: 119:             __nop();
  4205     0218  0000               	nop
  4206                           
  4207                           ;main.c: 120:             CREN = 1;
  4208     0219  1283               	bcf	3,5	;RP0=0, select bank0
  4209     021A  1303               	bcf	3,6	;RP1=0, select bank0
  4210     021B  1618               	bsf	24,4	;volatile
  4211     021C                     i1l1835:
  4212     021C  081A               	movf	26,w	;volatile
  4213     021D                     i1l102:	
  4214                           ;main.c: 125:         }
  4215                           
  4216                           
  4217                           ;main.c: 126:         RCIF = 0;
  4218     021D  128C               	bcf	12,5	;volatile
  4219     021E                     i1l98:	
  4220                           ;main.c: 127:     }
  4221                           
  4222                           
  4223                           ;main.c: 129:     if (T0IF) {
  4224     021E  1D0B               	btfss	11,2	;volatile
  4225     021F  2A21               	goto	u159_21
  4226     0220  2A22               	goto	u159_20
  4227     0221                     u159_21:
  4228     0221  2AB4               	goto	i1l111
  4229     0222                     u159_20:
  4230     0222                     i1l1839:
  4231                           
  4232                           ;main.c: 138:         if (tick_timer_count ==
  4233     0222  0866               	movf	_decrement_wait_time_multiplier+1,w
  4234     0223  00F1               	movwf	___wmul@multiplier+1
  4235     0224  0865               	movf	_decrement_wait_time_multiplier,w
  4236     0225  00F0               	movwf	___wmul@multiplier
  4237     0226  30E8               	movlw	232
  4238     0227  00F2               	movwf	___wmul@multiplicand
  4239     0228  3003               	movlw	3
  4240     0229  00F3               	movwf	___wmul@multiplicand+1
  4241     022A  120A  118A  2664  120A  118A  	fcall	___wmul
  4242     022F  0870               	movf	?___wmul,w
  4243     0230  00F6               	movwf	??_my_interruptions
  4244     0231  0871               	movf	?___wmul+1,w
  4245     0232  00F7               	movwf	??_my_interruptions+1
  4246     0233  01F8               	clrf	??_my_interruptions+2
  4247     0234  01F9               	clrf	??_my_interruptions+3
  4248     0235  1683               	bsf	3,5	;RP0=1, select bank1
  4249     0236  1303               	bcf	3,6	;RP1=0, select bank1
  4250     0237  0849               	movf	(_tick_timer_count+3)^(0+128),w
  4251     0238  0679               	xorwf	??_my_interruptions+3,w
  4252     0239  1D03               	skipz
  4253     023A  2A45               	goto	u160_25
  4254     023B  0848               	movf	(_tick_timer_count+2)^(0+128),w
  4255     023C  0678               	xorwf	??_my_interruptions+2,w
  4256     023D  1D03               	skipz
  4257     023E  2A45               	goto	u160_25
  4258     023F  0847               	movf	(_tick_timer_count+1)^(0+128),w
  4259     0240  0677               	xorwf	??_my_interruptions+1,w
  4260     0241  1D03               	skipz
  4261     0242  2A45               	goto	u160_25
  4262     0243  0846               	movf	_tick_timer_count^(0+128),w
  4263     0244  0676               	xorwf	??_my_interruptions,w
  4264     0245                     u160_25:
  4265     0245  1D03               	skipz
  4266     0246  2A48               	goto	u160_21
  4267     0247  2A49               	goto	u160_20
  4268     0248                     u160_21:
  4269     0248  2A6B               	goto	i1l104
  4270     0249                     u160_20:
  4271     0249                     i1l1841:
  4272                           
  4273                           ;main.c: 140:                 ) {;main.c: 142:             if (!PORTAbits.RA2 && !PORTAb
      +                          its.RA1) {
  4274     0249  1283               	bcf	3,5	;RP0=0, select bank0
  4275     024A  1303               	bcf	3,6	;RP1=0, select bank0
  4276     024B  1905               	btfsc	5,2	;volatile
  4277     024C  2A4E               	goto	u161_21
  4278     024D  2A4F               	goto	u161_20
  4279     024E                     u161_21:
  4280     024E  2A5F               	goto	i1l1849
  4281     024F                     u161_20:
  4282     024F                     i1l1843:
  4283     024F  1885               	btfsc	5,1	;volatile
  4284     0250  2A52               	goto	u162_21
  4285     0251  2A53               	goto	u162_20
  4286     0252                     u162_21:
  4287     0252  2A5F               	goto	i1l1849
  4288     0253                     u162_20:
  4289     0253                     i1l1845:
  4290                           
  4291                           ;main.c: 143:                 if (display_value > 0) {
  4292     0253  087C               	movf	_display_value,w
  4293     0254  047D               	iorwf	_display_value+1,w
  4294     0255  1903               	btfsc	3,2
  4295     0256  2A58               	goto	u163_21
  4296     0257  2A59               	goto	u163_20
  4297     0258                     u163_21:
  4298     0258  2A5F               	goto	i1l1849
  4299     0259                     u163_20:
  4300     0259                     i1l1847:
  4301                           
  4302                           ;main.c: 144:                     --display_value;
  4303     0259  3001               	movlw	1
  4304     025A  02FC               	subwf	_display_value,f
  4305     025B  3000               	movlw	0
  4306     025C  1C03               	skipc
  4307     025D  03FD               	decf	_display_value+1,f
  4308     025E  02FD               	subwf	_display_value+1,f
  4309     025F                     i1l1849:
  4310                           
  4311                           ;main.c: 147:             TMR0 = 6;
  4312     025F  3006               	movlw	6
  4313     0260  0081               	movwf	1	;volatile
  4314                           
  4315                           ;main.c: 148:             tick_timer_count = 1;
  4316     0261  3000               	movlw	0
  4317     0262  1683               	bsf	3,5	;RP0=1, select bank1
  4318     0263  1303               	bcf	3,6	;RP1=0, select bank1
  4319     0264  00C9               	movwf	(_tick_timer_count+3)^(0+128)
  4320     0265  3000               	movlw	0
  4321     0266  00C8               	movwf	(_tick_timer_count+2)^(0+128)
  4322     0267  3000               	movlw	0
  4323     0268  00C7               	movwf	(_tick_timer_count+1)^(0+128)
  4324     0269  3001               	movlw	1
  4325     026A  00C6               	movwf	_tick_timer_count^(0+128)
  4326     026B                     i1l104:	
  4327                           ;main.c: 149:         }
  4328                           
  4329                           
  4330                           ;main.c: 150:         tick_timer_count++;
  4331     026B  3001               	movlw	1
  4332     026C  07C6               	addwf	_tick_timer_count^(0+128),f
  4333     026D  3000               	movlw	0
  4334     026E  1803               	skipnc
  4335     026F  3001               	movlw	1
  4336     0270  07C7               	addwf	(_tick_timer_count+1)^(0+128),f
  4337     0271  3000               	movlw	0
  4338     0272  1803               	skipnc
  4339     0273  3001               	movlw	1
  4340     0274  07C8               	addwf	(_tick_timer_count+2)^(0+128),f
  4341     0275  3000               	movlw	0
  4342     0276  1803               	skipnc
  4343     0277  3001               	movlw	1
  4344     0278  07C9               	addwf	(_tick_timer_count+3)^(0+128),f
  4345     0279                     i1l1851:
  4346                           
  4347                           ;main.c: 159:         if (button_timer_count == 200) {
  4348     0279  30C8               	movlw	200
  4349     027A  1283               	bcf	3,5	;RP0=0, select bank0
  4350     027B  1303               	bcf	3,6	;RP1=0, select bank0
  4351     027C  0669               	xorwf	_button_timer_count,w
  4352     027D  046A               	iorwf	_button_timer_count+1,w
  4353     027E  1D03               	btfss	3,2
  4354     027F  2A81               	goto	u164_21
  4355     0280  2A82               	goto	u164_20
  4356     0281                     u164_21:
  4357     0281  2AAD               	goto	i1l107
  4358     0282                     u164_20:
  4359     0282                     i1l1853:
  4360                           
  4361                           ;main.c: 160:             if (!PORTAbits.RA0) {
  4362     0282  1805               	btfsc	5,0	;volatile
  4363     0283  2A85               	goto	u165_21
  4364     0284  2A86               	goto	u165_20
  4365     0285                     u165_21:
  4366     0285  2AA9               	goto	i1l108
  4367     0286                     u165_20:
  4368     0286                     i1l1855:
  4369                           
  4370                           ;main.c: 161:                 if (PORTAbits.RA2 && display_value != 9999)
  4371     0286  1D05               	btfss	5,2	;volatile
  4372     0287  2A89               	goto	u166_21
  4373     0288  2A8A               	goto	u166_20
  4374     0289                     u166_21:
  4375     0289  2A99               	goto	i1l1861
  4376     028A                     u166_20:
  4377     028A                     i1l1857:
  4378     028A  300F               	movlw	15
  4379     028B  067C               	xorwf	_display_value,w
  4380     028C  3027               	movlw	39
  4381     028D  1903               	skipnz
  4382     028E  067D               	xorwf	_display_value+1,w
  4383     028F  1903               	btfsc	3,2
  4384     0290  2A92               	goto	u167_21
  4385     0291  2A93               	goto	u167_20
  4386     0292                     u167_21:
  4387     0292  2A99               	goto	i1l1861
  4388     0293                     u167_20:
  4389     0293                     i1l1859:
  4390                           
  4391                           ;main.c: 162:                     ++display_value;
  4392     0293  3001               	movlw	1
  4393     0294  07FC               	addwf	_display_value,f
  4394     0295  1803               	skipnc
  4395     0296  0AFD               	incf	_display_value+1,f
  4396     0297  3000               	movlw	0
  4397     0298  07FD               	addwf	_display_value+1,f
  4398     0299                     i1l1861:
  4399                           
  4400                           ;main.c: 163:                 if (PORTAbits.RA1 && display_value != 0)
  4401     0299  1C85               	btfss	5,1	;volatile
  4402     029A  2A9C               	goto	u168_21
  4403     029B  2A9D               	goto	u168_20
  4404     029C                     u168_21:
  4405     029C  2AA9               	goto	i1l108
  4406     029D                     u168_20:
  4407     029D                     i1l1863:
  4408     029D  087C               	movf	_display_value,w
  4409     029E  047D               	iorwf	_display_value+1,w
  4410     029F  1903               	btfsc	3,2
  4411     02A0  2AA2               	goto	u169_21
  4412     02A1  2AA3               	goto	u169_20
  4413     02A2                     u169_21:
  4414     02A2  2AA9               	goto	i1l108
  4415     02A3                     u169_20:
  4416     02A3                     i1l1865:
  4417                           
  4418                           ;main.c: 164:                     --display_value;
  4419     02A3  3001               	movlw	1
  4420     02A4  02FC               	subwf	_display_value,f
  4421     02A5  3000               	movlw	0
  4422     02A6  1C03               	skipc
  4423     02A7  03FD               	decf	_display_value+1,f
  4424     02A8  02FD               	subwf	_display_value+1,f
  4425     02A9                     i1l108:	
  4426                           ;main.c: 165:             }
  4427                           
  4428                           
  4429                           ;main.c: 166:             button_timer_count = 1;
  4430     02A9  3001               	movlw	1
  4431     02AA  00E9               	movwf	_button_timer_count
  4432     02AB  3000               	movlw	0
  4433     02AC  00EA               	movwf	_button_timer_count+1
  4434     02AD                     i1l107:	
  4435                           ;main.c: 167:         }
  4436                           
  4437                           
  4438                           ;main.c: 168:         button_timer_count++;
  4439     02AD  3001               	movlw	1
  4440     02AE  07E9               	addwf	_button_timer_count,f
  4441     02AF  1803               	skipnc
  4442     02B0  0AEA               	incf	_button_timer_count+1,f
  4443     02B1  3000               	movlw	0
  4444     02B2  07EA               	addwf	_button_timer_count+1,f
  4445     02B3                     i1l1867:
  4446                           
  4447                           ;main.c: 171:         T0IF = 0;
  4448     02B3  110B               	bcf	11,2	;volatile
  4449     02B4                     i1l111:
  4450     02B4  087B               	movf	??_my_interruptions+5,w
  4451     02B5  008A               	movwf	10
  4452     02B6  0E7A               	swapf	??_my_interruptions+4,w
  4453     02B7  0083               	movwf	3
  4454     02B8  0EFE               	swapf	btemp,f
  4455     02B9  0E7E               	swapf	btemp,w
  4456     02BA  0009               	retfie
  4457     02BB                     __end_of_my_interruptions:
  4458                           
  4459                           	psect	intentry
  4460     0004                     __pintentry:	
  4461                           ;incstack = 0
  4462                           ; Regs used in _my_interruptions: [wreg+status,2+status,0+pclath+cstack]
  4463                           
  4464     0004                     interrupt_function:
  4465     007E                     saved_w         set	btemp
  4466     0004  00FE               	movwf	btemp
  4467     0005  0E03               	swapf	3,w
  4468     0006  00FA               	movwf	??_my_interruptions+4
  4469     0007  080A               	movf	10,w
  4470     0008  00FB               	movwf	??_my_interruptions+5
  4471     0009  120A  118A  2A09   	ljmp	_my_interruptions
  4472                           
  4473                           	psect	text24
  4474     0664                     __ptext24:	
  4475 ;; *************** function ___wmul *****************
  4476 ;; Defined at:
  4477 ;;		line 15 in file "C:\Program Files\Microchip\xc8\v2.50\pic\sources\c99\common\Umul16.c"
  4478 ;; Parameters:    Size  Location     Type
  4479 ;;  multiplier      2    0[COMMON] unsigned int 
  4480 ;;  multiplicand    2    2[COMMON] unsigned int 
  4481 ;; Auto vars:     Size  Location     Type
  4482 ;;  product         2    4[COMMON] unsigned int 
  4483 ;; Return value:  Size  Location     Type
  4484 ;;                  2    0[COMMON] unsigned int 
  4485 ;; Registers used:
  4486 ;;		wreg, status,2, status,0
  4487 ;; Tracked objects:
  4488 ;;		On entry : 0/0
  4489 ;;		On exit  : 0/0
  4490 ;;		Unchanged: 0/0
  4491 ;; Data sizes:     COMMON   BANK0   BANK1   BANK3   BANK2
  4492 ;;      Params:         4       0       0       0       0
  4493 ;;      Locals:         2       0       0       0       0
  4494 ;;      Temps:          0       0       0       0       0
  4495 ;;      Totals:         6       0       0       0       0
  4496 ;;Total ram usage:        6 bytes
  4497 ;; Hardware stack levels used: 1
  4498 ;; This function calls:
  4499 ;;		Nothing
  4500 ;; This function is called by:
  4501 ;;		_my_interruptions
  4502 ;; This function uses a non-reentrant model
  4503 ;;
  4504                           
  4505     0664                     ___wmul:	
  4506                           ;psect for function ___wmul
  4507                           
  4508     0664                     i1l1741:	
  4509                           ;incstack = 0
  4510                           ; Regs used in ___wmul: [wreg+status,2+status,0]
  4511                           
  4512     0664  01F4               	clrf	___wmul@product
  4513     0665  01F5               	clrf	___wmul@product+1
  4514     0666                     i1l1743:
  4515     0666  1C70               	btfss	___wmul@multiplier,0
  4516     0667  2E69               	goto	u145_21
  4517     0668  2E6A               	goto	u145_20
  4518     0669                     u145_21:
  4519     0669  2E70               	goto	i1l336
  4520     066A                     u145_20:
  4521     066A                     i1l1745:
  4522     066A  0872               	movf	___wmul@multiplicand,w
  4523     066B  07F4               	addwf	___wmul@product,f
  4524     066C  1803               	skipnc
  4525     066D  0AF5               	incf	___wmul@product+1,f
  4526     066E  0873               	movf	___wmul@multiplicand+1,w
  4527     066F  07F5               	addwf	___wmul@product+1,f
  4528     0670                     i1l336:
  4529     0670  3001               	movlw	1
  4530     0671                     u146_25:
  4531     0671  1003               	clrc
  4532     0672  0DF2               	rlf	___wmul@multiplicand,f
  4533     0673  0DF3               	rlf	___wmul@multiplicand+1,f
  4534     0674  3EFF               	addlw	-1
  4535     0675  1D03               	skipz
  4536     0676  2E71               	goto	u146_25
  4537     0677                     i1l1747:
  4538     0677  3001               	movlw	1
  4539     0678                     u147_25:
  4540     0678  1003               	clrc
  4541     0679  0CF1               	rrf	___wmul@multiplier+1,f
  4542     067A  0CF0               	rrf	___wmul@multiplier,f
  4543     067B  3EFF               	addlw	-1
  4544     067C  1D03               	skipz
  4545     067D  2E78               	goto	u147_25
  4546     067E                     i1l1749:
  4547     067E  0870               	movf	___wmul@multiplier,w
  4548     067F  0471               	iorwf	___wmul@multiplier+1,w
  4549     0680  1D03               	btfss	3,2
  4550     0681  2E83               	goto	u148_21
  4551     0682  2E84               	goto	u148_20
  4552     0683                     u148_21:
  4553     0683  2E66               	goto	i1l1743
  4554     0684                     u148_20:
  4555     0684                     i1l1751:
  4556     0684  0875               	movf	___wmul@product+1,w
  4557     0685  00F1               	movwf	?___wmul+1
  4558     0686  0874               	movf	___wmul@product,w
  4559     0687  00F0               	movwf	?___wmul
  4560     0688                     i1l338:
  4561     0688  0008               	return
  4562     0689                     __end_of___wmul:
  4563     0002                     ___latbits      equ	2
  4564     007E                     btemp           set	126	;btemp
  4565     007E                     wtemp0          set	126
  4566                           
  4567                           	psect	config
  4568                           
  4569                           ;Config register CONFIG @ 0x2007
  4570                           ;	Oscillator Selection bits
  4571                           ;	FOSC = HS, HS oscillator
  4572                           ;	Watchdog Timer Enable bit
  4573                           ;	WDTE = OFF, WDT disabled
  4574                           ;	Power-up Timer Enable bit
  4575                           ;	PWRTE = OFF, PWRT disabled
  4576                           ;	Brown-out Reset Enable bit
  4577                           ;	BOREN = OFF, BOR disabled
  4578                           ;	Low-Voltage (Single-Supply) In-Circuit Serial Programming Enable bit
  4579                           ;	LVP = OFF, RB3 is digital I/O, HV on MCLR must be used for programming
  4580                           ;	Data EEPROM Memory Code Protection bit
  4581                           ;	CPD = OFF, Data EEPROM code protection off
  4582                           ;	Flash Program Memory Write Enable bits
  4583                           ;	WRT = OFF, Write protection off; all program memory may be written to by EECON control
  4584                           ;	In-Circuit Debugger Mode bit
  4585                           ;	DEBUG = 0x1, unprogrammed default
  4586                           ;	Flash Program Memory Code Protection bit
  4587                           ;	CP = OFF, Code protection off
  4588     2007                     	org	8199
  4589     2007  3F3A               	dw	16186

Data Sizes:
    Strings     3
    Constant    0
    Data        19
    BSS         41
    Persistent  0
    Stack       0

Auto Spaces:
    Space          Size  Autos    Used
    COMMON           14     12      14
    BANK0            80     67      80
    BANK1            80      0      45
    BANK3            96      0       0
    BANK2            96      0       0

Pointer List with Targets:

    f$.$buffer	PTR unsigned char  size(2) Largest target is 4
		 -> disp_print@array_digits(BANK0[4]), 

    f$.$source	PTR const unsigned char  size(1) Largest target is 0

    fputc@fp	PTR struct _IO_FILE size(2) Largest target is 11
		 -> sprintf@f(BANK0[11]), 

    fputc@fp$.$buffer	PTR unsigned char  size(2) Largest target is 4
		 -> disp_print@array_digits(BANK0[4]), 

    fputc@fp$.$source	PTR const unsigned char  size(1) Largest target is 0

    S877$buffer	PTR unsigned char  size(2) Largest target is 4
		 -> disp_print@array_digits(BANK0[4]), 

    S877$source	PTR const unsigned char  size(1) Largest target is 0

    sprintf@ap	PTR void [1] size(1) Largest target is 2
		 -> ?_sprintf(BANK0[2]), 

    sprintf@fmt	PTR const unsigned char  size(1) Largest target is 3
		 -> STR_1(CODE[3]), 

    sprintf@s	PTR unsigned char  size(1) Largest target is 4
		 -> disp_print@array_digits(BANK0[4]), 

    vfpfcnvrt@ap	PTR PTR void  size(1) Largest target is 1
		 -> sprintf@ap(BANK0[1]), 

    vfpfcnvrt@cp	PTR unsigned char  size(1) Largest target is 3
		 -> STR_1(CODE[3]), 

    vfpfcnvrt@fmt	PTR PTR unsigned char  size(1) Largest target is 1
		 -> vfprintf@cfmt(BANK0[1]), 

    vfpfcnvrt@fp	PTR struct _IO_FILE size(2) Largest target is 11
		 -> sprintf@f(BANK0[11]), 

    vfprintf@ap	PTR PTR void  size(1) Largest target is 1
		 -> sprintf@ap(BANK0[1]), 

    vfprintf@cfmt	PTR unsigned char  size(1) Largest target is 3
		 -> STR_1(CODE[3]), 

    vfprintf@fmt	PTR const unsigned char  size(1) Largest target is 3
		 -> STR_1(CODE[3]), 

    vfprintf@fp	PTR struct _IO_FILE size(2) Largest target is 11
		 -> sprintf@f(BANK0[11]), 


Critical Paths under _main in COMMON

    None.

Critical Paths under _my_interruptions in COMMON

    _my_interruptions->___wmul

Critical Paths under _main in BANK0

    _main->_disp_print
    _disp_show_end->_disp_set_byte
    _disp_print->_sprintf
    _sprintf->_vfprintf
    _vfprintf->_vfpfcnvrt
    _vfpfcnvrt->_fputc
    _abs->___awmod
    _disp_config_mode->_disp_set_byte
    _change_multiplier->_beep

Critical Paths under _my_interruptions in BANK0

    None.

Critical Paths under _main in BANK1

    None.

Critical Paths under _my_interruptions in BANK1

    None.

Critical Paths under _main in BANK3

    None.

Critical Paths under _my_interruptions in BANK3

    None.

Critical Paths under _main in BANK2

    None.

Critical Paths under _my_interruptions in BANK2

    None.

Call Graph Tables:

 ---------------------------------------------------------------------------------
 (Depth) Function   	        Calls       Base Space   Used Autos Params    Refs
 ---------------------------------------------------------------------------------
 (0) _main                                                 3     3      0    2639
                                             64 BANK0      3     3      0
                               _beep
                  _change_multiplier
        _config_global_interruptions
                     _counters_reset
                   _disp_config_mode
                         _disp_print
                      _disp_show_end
                      _trigger_relay
                          _uart_init
 ---------------------------------------------------------------------------------
 (1) _uart_init                                            0     0      0       0
 ---------------------------------------------------------------------------------
 (1) _trigger_relay                                        0     0      0       0
 ---------------------------------------------------------------------------------
 (1) _disp_show_end                                        7     7      0     143
                                              1 BANK0      7     7      0
                      _disp_set_byte
 ---------------------------------------------------------------------------------
 (1) _disp_print                                          16    14      2    2420
                                             48 BANK0     16    14      2
                            ___lwdiv
                            ___lwmod
                      _disp_set_byte
                            _sprintf
 ---------------------------------------------------------------------------------
 (2) _sprintf                                             19    15      4    1764
                                             31 BANK0     17    13      4
                           _vfprintf
 ---------------------------------------------------------------------------------
 (3) _vfprintf                                             5     1      4    1559
                                             26 BANK0      5     1      4
                          _vfpfcnvrt
 ---------------------------------------------------------------------------------
 (4) _vfpfcnvrt                                           13     9      4    1434
                                             13 BANK0     13     9      4
                            ___awdiv
                            ___awmod
                                _abs
                              _fputc
 ---------------------------------------------------------------------------------
 (5) _fputc                                               13     9      4     230
                                              0 BANK0     13     9      4
                              _putch
 ---------------------------------------------------------------------------------
 (6) _putch                                                1     1      0       0
 ---------------------------------------------------------------------------------
 (5) _abs                                                  4     2      2      67
                                              6 BANK0      4     2      2
                            ___awmod (ARG)
 ---------------------------------------------------------------------------------
 (5) ___awmod                                              6     2      4     298
                                              0 BANK0      6     2      4
 ---------------------------------------------------------------------------------
 (5) ___awdiv                                              8     4      4     302
                                              0 BANK0      8     4      4
 ---------------------------------------------------------------------------------
 (2) ___lwmod                                              5     1      4     161
                                              0 BANK0      5     1      4
 ---------------------------------------------------------------------------------
 (2) ___lwdiv                                              7     3      4     164
                                              0 BANK0      7     3      4
 ---------------------------------------------------------------------------------
 (1) _disp_config_mode                                     8     6      2      76
                                              1 BANK0      8     6      2
                      _disp_set_byte
 ---------------------------------------------------------------------------------
 (2) _disp_set_byte                                        1     1      0      29
                                              0 BANK0      1     1      0
 ---------------------------------------------------------------------------------
 (1) _config_global_interruptions                          0     0      0       0
          _config_timer_interruption
           _config_uart_interruption
 ---------------------------------------------------------------------------------
 (2) _config_uart_interruption                             0     0      0       0
 ---------------------------------------------------------------------------------
 (2) _config_timer_interruption                            0     0      0       0
 ---------------------------------------------------------------------------------
 (1) _change_multiplier                                    0     0      0       0
                               _beep
                     _counters_reset
 ---------------------------------------------------------------------------------
 (1) _counters_reset                                       0     0      0       0
 ---------------------------------------------------------------------------------
 (2) _beep                                                 2     2      0       0
                                              0 BANK0      2     2      0
 ---------------------------------------------------------------------------------
 Estimated maximum stack depth 6
 ---------------------------------------------------------------------------------
 (Depth) Function   	        Calls       Base Space   Used Autos Params    Refs
 ---------------------------------------------------------------------------------
 (7) _my_interruptions                                     7     7      0     117
                                              6 COMMON     6     6      0
                             ___wmul
 ---------------------------------------------------------------------------------
 (8) ___wmul                                               6     2      4      94
                                              0 COMMON     6     2      4
 ---------------------------------------------------------------------------------
 Estimated maximum stack depth 8
 ---------------------------------------------------------------------------------

 Call Graph Graphs:

 _main (ROOT)
   _beep
   _change_multiplier
     _beep
     _counters_reset
   _config_global_interruptions
     _config_timer_interruption
     _config_uart_interruption
   _counters_reset
   _disp_config_mode
     _disp_set_byte
   _disp_print
     ___lwdiv
     ___lwmod
     _disp_set_byte
     _sprintf
       _vfprintf
         _vfpfcnvrt
           ___awdiv
           ___awmod
           _abs
             ___awmod (ARG)
           _fputc
             _putch
   _disp_show_end
     _disp_set_byte
   _trigger_relay
   _uart_init

 _my_interruptions (ROOT)
   ___wmul

Address spaces:
Name               Size   Autos  Total    Usage
BANK3               96      0       0      0.0%
BITBANK3            96      0       0      0.0%
BANK2               96      0       0      0.0%
BITBANK2            96      0       0      0.0%
BANK1               80      0      45     56.2%
BITBANK1            80      0       0      0.0%
BANK0               80     67      80    100.0%
BITBANK0            80      0       0      0.0%
COMMON              14     12      14    100.0%
BITCOMMON           14      0       0      0.0%
DATA                 0      0     139      0.0%
STACK                0      0       0      0.0%


Microchip Technology PIC Macro Assembler V2.50 build 20240725155939 
Symbol Table                                                                                   Sat Sep 07 14:48:35 2024

                                  pc 0002            ?_config_uart_interruption 0070  
                                 l82 0189                         ___awdiv@sign 0025  
                                 fsr 0004                  ___wmul@multiplicand 0072  
                     ?_disp_set_byte 0070                       ?_disp_show_end 0070  
                                l114 063A                                  l122 06DC  
                                l115 0663                                  l123 06ED  
                                l126 0724                                  l118 0768  
                                l119 0769                                  l207 0734  
                                l160 03F9                                  l152 05B3  
                                l161 03FC                                  l250 0757  
                                l170 0417                                  l162 03FF  
                                l171 041A                                  l163 0402  
                                l147 03EB                                  l244 0741  
                                l172 041D                                  l164 0405  
                                l156 03F0                                  l173 0420  
                                l165 0408                                  l174 0423  
                                l166 040B                                  l158 03F3  
                                l502 0519                                  l182 0568  
                                l247 0772                                  l167 040E  
                                l159 03F6                                  l175 045B  
                                l168 0411                                  l169 0414  
                                l616 05F7                                  l626 0631  
                                l489 04C0                                  l850 0713  
                                l843 06CE                                  l837 0129  
                                l862 035A                                  l873 0783  
                                l799 06AB                                  u910 048D  
                                u911 048C                                  u905 0481  
                                u930 049E                                  u931 049D  
                                u925 048E                                  u950 04B2  
                                u870 0463                                  u951 04B1  
                                u935 049A                                  u871 0462  
                                u960 04B7                                  u880 046E  
                                u961 04B6                                  u945 04A6  
                                u881 046D                                  u890 047D  
                                u970 04C8                                  u891 047C  
                                u971 04C7                                  u980 04D3  
                                u981 04D2                                  u990 04DE  
                                u991 04DD                                  _abs 0701  
                                fsr0 0004                                  indf 0000  
                       ___awmod@sign 0025                                 ?_abs 0026  
                               l1401 0463                                 l1411 0475  
                               l1403 0468                                 l1421 0489  
                               l1413 0477                                 l1405 046A  
                               l1501 003D                                 l1431 04AC  
                               l1423 048D                                 l1415 047D  
                               l1407 046E                                 l1511 0062  
                               l1503 004E                                 l1601 0426  
                               l1425 049E                                 l1417 0480  
                               l1433 04B2                                 l1409 0473  
                               l1441 04C1                                 l1521 008E  
                               l1513 006E                                 l1505 0052  
                               l1603 076A                                 l1611 05BE  
                               l1435 04B7                                 l1427 04A4  
                               l1419 0487                                 l1451 04D3  
                               l1443 04C4                                 l1531 00D6  
                               l1523 0095                                 l1515 007A  
                               l1507 005A                                 l1605 074D  
                               l1621 05DF                                 l1613 05C1  
                               l1437 04BC                                 l1429 04A5  
                               l1461 04EA                                 l1453 04D8  
                               l1445 04C8                                 l1533 00DB  
                               l1541 0101                                 l1525 00B8  
                               l1517 0087                                 l1509 005E  
                               l1623 05E5                                 l1615 05C8  
                               l1607 05B4                                 l1463 04EE  
                               l1455 04DE                                 l1471 050B  
                               l1447 04CD                                 l1535 00E0  
                               l1527 00CB                                 l1519 008C  
                               l1543 0108                                 l1711 0549  
                               l1721 06DD                                 l1625 05E6  
                               l1617 05CA                                 l1609 05B8  
                               l1641 060C                                 l1633 05F8  
                               l1473 0510                                 l1465 04F8  
                               l1457 04E1                                 l1449 04CF  
                               l1481 02C3                                 l1537 00E9  
                               l1529 00D1                                 l1553 06AC  
                               l1713 0553                                 l1705 052E  
                               l1801 01B9                                 l1571 0652  
                               l1563 0632                                 l1723 06E7  
                               l1731 0589                                 l1627 05ED  
                               l1619 05CE                                 l1643 0610  
                               l1635 0600                                 l1651 062D  
                               l1475 0515                                 l1467 04FE  
                               l1459 04E8                                 l1483 02C9  
                               l1539 00FD                                 l1547 0110  
                               l1555 06B1                                 l1715 055B  
                               l1707 0532                                 l1811 01DD  
                               l1803 01CE                                 l1573 065F  
                               l1581 0720                                 l1717 06CF  
                               l1733 058D                                 l1725 0569  
                               l1629 05F3                                 l1645 061A  
                               l1637 0603                                 l1397 045C  
                               l1469 0505                                 l1493 0701  
                               l1485 02D0                                 l1557 06BE  
                               l1709 053C                                 l1661 0761  
                               l1805 01D2                                 l1821 01FF  
                               l1575 0662                                 l1567 063B  
                               l1655 0735                                 l1735 0597  
                               l1727 0581                                 l1647 0620  
                               l1639 060A                                 l1399 045F  
                               l1495 0707                                 l1487 02E8  
                               l1479 02BB                                 l1559 06CC  
                               l1591 0695                                 l1583 0689  
                               l1671 036D                                 l1807 01D8  
                               l1569 0645                                 l1577 0714  
                               l1657 0737                                 l1737 059B  
                               l1729 0583                                 l1649 0627  
                               l1497 0708                                 l1489 031A  
                               l1593 06A2                                 l1585 068D  
                               l1673 0372                                 l1681 03A4  
                               l1665 035B                                 l1817 01E2  
                               l1761 013E                                 l1579 071E  
                               l1739 05A9                                 l1587 0691  
                               l1691 03CF                                 l1683 03B1  
                               l1675 0394                                 l1667 0365  
                               l1659 0725                                 l1819 01F4  
                               l1771 014F                                 l1763 0140  
                               l1755 012A                                 l1597 03EF  
                               l1589 0693                                 l1693 03D9  
                               l1685 03B6                                 l1677 0398  
                               l1669 0367                                 l1773 0155  
                               l1781 016E                                 l1765 0142  
                               l1757 012D                                 l1687 03B8  
                               l1695 03E1                                 l1679 039E  
                               l1783 0175                                 l1791 0183  
                               l1775 0159                                 l1767 0145  
                               l1759 013A                                 l1689 03C2  
                               l1697 051A                                 l1793 018D  
                               l1785 0176                                 l1777 015E  
                               l1769 014A                                 l1699 052C  
                               l1795 0196                                 l1787 017B  
                               l1779 0169                                 l1797 01AA  
                               l1789 017E                                 l1799 01B0  
                               l1899 01E9                                 STR_1 075E  
                               _CREN 00C4                                 _T0IF 005A  
                               u1010 04EE                                 u1011 04ED  
                               u1020 04F8                                 u1100 033D  
                               u1021 04F7                                 u1005 04E2  
                               u1110 0707                                 u1111 0706  
                               u1040 050B                                 u1200 00E0  
                               u1120 004E                                 u1041 050A  
                               u1025 04F4                                 u1201 00DF  
                               u1121 004D                                 u1050 0510  
                               u1210 0107                                 u1130 006E  
                               u1051 050F                                 u1035 04FF  
                               u1211 0106                                 u1131 006D  
                               u1300 05F3                                 u1060 02C3  
                               u1140 007A                                 u1220 06CC  
                               u1301 05F2                                 u1061 02C2  
                               u1141 0079                                 u1221 06CB  
                               u1230 0639                                 u1310 0600  
                               u1070 02C9                                 u1150 0093  
                               u1231 0638                                 u1311 05FF  
                               u1071 02C8                                 u1151 0091  
                               u1240 05BE                                 u1080 02E8  
                               u1160 0094                                 u1241 05BD  
                               u1081 02E7                                 u1330 0610  
                               u1090 031A                                 u1170 00D1  
                               u1410 03EB                                 u1331 060F  
                               u1091 0319                                 u1171 00D0  
                               u1411 03EA                                 u1260 05CE  
                               u1340 061A                                 u1180 00D6  
                               u1404 03CA                                 u1500 0175  
                               u1261 05CD                                 u1341 0619  
                               u1325 0604                                 u1181 00D5  
                               u1405 03C8                                 u1501 0174  
                               u1190 00DB                                 u1430 0568  
                               u1510 018D                                 u1255 05C2  
                               u1095 0316                                 u1191 00DA  
                               u1415 03E7                                 u1431 0567  
                               u1511 018C                                 u1440 06DB  
                               u1280 05DF                                 u1360 062D  
                               u1424 0544                                 u1520 0196  
                               u1441 06DA                                 u1281 05DE  
                               u1361 062C                                 u1345 0616  
                               u1425 0542                                 u1521 0195  
                               u1370 0767                                 u1530 01B0  
                               u1275 05CF                                 u1355 0621  
                               u1435 0564                                 u1371 0766  
                               u1531 01AF                                 u1380 036D  
                               u1540 01B9                                 u1445 06D7  
                               u1285 05DB                                 u1381 036C  
                               u1541 01B8                                 u1390 03A4  
                               u1550 0205                                 u1295 05E7  
                               u1391 03A3                                 u1551 0204  
                               u1490 0155                                 u1707 01A4  
                               u1491 0154                                 u1717 01C7  
                               u1727 054F                                 u1737 03D5  
                               u1747 0593                                 u1757 05AF  
                               u1767 0641                                 u1777 064E  
                               u1787 065B                          disp_print@i 005C  
                               _RCIF 0065                                 i1l98 021E  
                               _TMR0 0001                                 _TXIF 0064  
                               abs@a 0026                                 _beep 0632  
                               _dbuf 00A0                                 _main 012A  
                               _prec 006B                                 btemp 007E  
                               start 000C                                ??_abs 0028  
                              ?_beep 0070                                ?_main 0070  
                    __end_of___awdiv 04C1                      __end_of___awmod 051A  
                              _CMCON 009C                      ___awdiv@divisor 0020  
                    __end_of___lwdiv 05F8                                i1l101 0217  
                              i1l102 021D                                i1l111 02B4  
                              i1l104 026B                                i1l107 02AD  
                              i1l108 02A9                                i1l336 0670  
                    __end_of___lwmod 0632                                i1l338 0688  
                    ___awdiv@counter 0024                                _RCREG 001A  
                              _RCSTA 0018                         vfpfcnvrt@fmt 002F  
                              _SPBRG 0099                                _PORTA 0005  
                              _PORTB 0006                                _PORTC 0007  
                              _TRISA 0085                                _TRISB 0086  
                              _TRISC 0087                                _TXREG 0019  
                              _TXSTA 0098    __end_of_config_timer_interruption 0758  
                              _flags 006D                        _trigger_relay 0761  
                              _fputc 02BB                                _width 00C0  
                              _putch 0783                                pclath 000A  
                              status 0003                                wtemp0 007E  
                    __end_of_sprintf 06AC                      __initialization 000F  
                       __end_of_beep 0664                         __end_of_main 0209  
                    ??_disp_set_byte 0020                      ??_disp_show_end 0021  
                             ??_beep 0020                               ??_main 0060  
                     ?_trigger_relay 0070                               _ADCON1 009F  
                             ?_fputc 0020                     ___awdiv@dividend 0022  
                             ?_putch 0070                               i1l1741 0664  
                             i1l1751 0684                               i1l1743 0666  
                             i1l1831 020F                               i1l1745 066A  
                             i1l1841 0249                               i1l1833 0213  
                             i1l1747 0677                               i1l1851 0279  
                             i1l1843 024F                               i1l1835 021C  
                             i1l1749 067E                               i1l1861 0299  
                             i1l1853 0282                               i1l1845 0253  
                             i1l1829 0209                               i1l1863 029D  
                             i1l1855 0286                               i1l1847 0259  
                             i1l1839 0222                               i1l1865 02A3  
                             i1l1857 028A                               i1l1849 025F  
                             i1l1867 02B3                               i1l1859 0293  
                             u160_20 0249                               u160_21 0248  
                             u160_25 0245                               u145_20 066A  
                             u161_20 024F                               u145_21 0669  
                             u161_21 024E                               u162_20 0253  
                             u162_21 0252                               u146_25 0671  
                             u163_20 0259                               u163_21 0258  
                             u147_25 0678                               u148_20 0684  
                             u164_20 0282                               u156_20 020F  
                             u148_21 0683                               u164_21 0281  
                             u156_21 020E                               u165_20 0286  
                             u157_20 0213                               u165_21 0285  
                             u157_21 0212                               u166_20 028A  
                             u158_20 0217                               u166_21 0289  
                             u158_21 0216                               u167_20 0293  
                             u159_20 0222                               u167_21 0292  
                             u159_21 0221                               u168_20 029D  
                             u168_21 029C                               u169_20 02A3  
                             u169_21 02A2                        vfpfcnvrt@done 0033  
                             _TRISC6 043E                               _TRISC7 043F  
                       vfprintf@cfmt 003E                               ___wmul 0664  
                          ??___awdiv 0024                            ??___awmod 0024  
                          ??___lwdiv 0024                            ??___lwmod 0024  
                   ___awdiv@quotient 0026                      ___awmod@divisor 0020  
                   _my_interruptions 0209                      ___awmod@counter 0024  
                             fputc@c 0020                               saved_w 007E  
                             putch@c 0070           disp_print@number_of_digits 005A  
                   __end_of_vfprintf 06CF                            ??_sprintf 0043  
            __end_of__initialization 0039                       __pcstackCOMMON 0070  
                       __pidataBANK0 0773                         __pidataBANK1 0742  
                      __end_of_fputc 035B                        __end_of_putch 0784  
                    ??_trigger_relay 0020                              ??_fputc 0024  
                            ??_putch 0020                           __pbssBANK0 006B  
                         __pbssBANK1 00A0        disp_config_mode@config_number 0021  
                         __pmaintext 012A                              ?___wmul 0070  
                         __pintentry 0004               disp_print@array_digits 0054  
                     _counters_reset 0714                 disp_print@aux_number 005E  
                     disp_show_end@i 0026                           _disp_print 035B  
                         __stringtab 0758  __end_of_config_global_interruptions 0742  
        _config_global_interruptions 0735             _config_uart_interruption 076A  
                            ___awdiv 045C                              ___awmod 04C1  
                            ___lwdiv 05B4                              ___lwmod 05F8  
                          ?_vfprintf 003A               __end_of_counters_reset 0725  
                   _disp_config_mode 0569                              __ptext1 0725  
                            __ptext2 0761                              __ptext3 051A  
                            __ptext4 035B                              __ptext5 0689  
                            __ptext6 06AC                              __ptext7 003D  
                            __ptext8 02BB                              __ptext9 0783  
                          _T1CONbits 0010                     ___awmod@dividend 0022  
                     _is_enabled_bip 006F                              _sprintf 0689  
                            clrloop0 077C           ?_config_timer_interruption 0070  
               end_of_initialization 0039                              fputc@fp 0022  
           __end_of_my_interruptions 02BB                    __end_of_uart_init 0735  
                   disp_print@number 0050                    __end_of_vfpfcnvrt 012A  
                          _RCSTAbits 0018                     vfpfcnvrt@convarg 0035  
                 _button_timer_count 0069                           ??_vfprintf 003E  
                  _change_multiplier 06CF                __end_of_disp_set_byte 045C  
                    ?_counters_reset 0070                            _PORTAbits 0005  
                          _PORTBbits 0006                            _PORTCbits 0007  
              __end_of_disp_show_end 0569                   ?_change_multiplier 0070  
                        ?_disp_print 0050                  ??_change_multiplier 0022  
                          _TXSTAbits 0098            __end_of_change_multiplier 06EE  
                        vfpfcnvrt@ap 0030                          vfpfcnvrt@cp 0034  
                        vfpfcnvrt@fp 002D                       __end_of___wmul 0689  
                start_initialization 000F                          __end_of_abs 0714  
                        vfprintf@fmt 003C                             ??___wmul 0074  
                         init_fetch0 06EE                          __pdataBANK0 0063  
                        __pdataBANK1 00C2                          __pbssCOMMON 007C  
                          ___latbits 0002                        __pcstackBANK0 0020  
              __end_of_trigger_relay 076A           ??_config_uart_interruption 0020  
           __end_of_disp_config_mode 05B4                     ___lwdiv@dividend 0022  
              disp_config_mode@F1269 00C2                             ?___awdiv 0020  
                           ?___awmod 0020                             ?___lwdiv 0020  
                           ?___lwmod 0020       _decrement_wait_time_multiplier 0065  
_last_decrement_wait_time_multiplier 0063                            __pstrings 0758  
                   ___lwdiv@quotient 0024                             ?_sprintf 003F  
        ??_config_timer_interruption 0020                    interrupt_function 0004  
                     ___wmul@product 0074                    ?_my_interruptions 0070  
                          clear_ram0 077B                             _PIE1bits 008C  
                 ??_my_interruptions 0076                      disp_print@count 0058  
                   ??_counters_reset 0020                            _uart_init 0725  
                          _vfpfcnvrt 003D                      _is_active_count 006E  
                        __stringbase 075D                    ___wmul@multiplier 0070  
                       ??_disp_print 0052                           vfpfcnvrt@c 0039  
            disp_config_mode@configs 0025                    disp_set_byte@byte 0020  
                         vfprintf@ap 003D                           vfprintf@fp 003A  
                         ?_uart_init 0070            _config_timer_interruption 074D  
                 __end_of_disp_print 03EC                           ?_vfpfcnvrt 002D  
                   _tick_timer_count 00C6                   __end_of__stringtab 075E  
                         sprintf@fmt 0040                      ___lwdiv@divisor 0020  
                    ___lwdiv@counter 0026                             __ptext10 0701  
                           __ptext11 04C1                             __ptext20 06CF  
                           __ptext12 045C                             __ptext21 0714  
                           __ptext13 05F8                             __ptext22 0632  
                           __ptext14 05B4                             __ptext23 0209  
                           __ptext15 0569                             __ptext24 0664  
                           __ptext16 03EC                             __ptext17 0735  
                           __ptext18 076A                             __ptext19 074D  
   __end_of_config_uart_interruption 0773                    _config_mode_value 0067  
                 disp_show_end@F1274 00CA                             _vfprintf 06AC  
                 disp_show_end@bytes 0023                           _INTCONbits 000B  
                           init_ram0 06F2                             intlevel1 0000  
                          sprintf@ap 0044                     ___lwmod@dividend 0022  
                  ?_disp_config_mode 0021         ?_config_global_interruptions 0070  
                 ??_disp_config_mode 0023                            stringcode 0758  
                        ??_uart_init 0020                          ??_vfpfcnvrt 0031  
                      _disp_set_byte 03EC                           _OPTION_REG 0081  
                           sprintf@f 0045                             sprintf@s 003F  
                      _disp_show_end 051A                      ___lwmod@divisor 0020  
                    ___lwmod@counter 0024                             stringdir 0758  
                           stringtab 0758                        _display_value 007C  
      ??_config_global_interruptions 0020  
